"routing_rule_id","instrument_id","rule_type","rule_label","combine_clauses","false_value_kind","false_value","review_state","reviewed_by","review_date","evidence_locator","note","capture_status"
"route_005978f872a8ef0935a53311","react1.r01.individual","gate","F2F4B is asked when F2F4A matches the stated condition","any","database_missing","","approved","mathzero","2026-08-17","PDF page 14: IF F2F4a=1+","Machine-extracted candidate; requires direct human comparison with the displayed questionnaire page. Approved by mathzero in the checksum-fixed synthetic-routing-v1 review.","existing_question_gate_missing_codes_rejected"
"route_06a3333d1e450b98260394d8","react1.r01.individual","gate","SWABDATE is asked when SWAATTEMPT matches the stated condition","any","database_missing","","approved","mathzero","2026-08-17","PDF page 15: IF SWAATTEMPT = 1","Machine-extracted candidate; requires direct human comparison with the displayed questionnaire page. Approved by mathzero in the checksum-fixed synthetic-routing-v1 review.","existing_question_gate_missing_codes_rejected"
"route_101f59549f235ee0223b6d0d","react1.r01.individual","gate","COVIDB is asked when COVIDA matches the stated condition","any","database_missing","","approved","mathzero","2026-08-17","PDF page 8: IF COVIDA = 1, 2 or 3","Machine-extracted candidate; requires direct human comparison with the displayed questionnaire page. Approved by mathzero in the checksum-fixed synthetic-routing-v1 review.","existing_question_gate_missing_codes_rejected"
"route_13b554c8a2ac4fad8fb7dae9","react1.r01.individual","gate","SYMPTWHEN01 … SYMPTWHEN08 (8 fields) is asked when SYMPTANY01 … SYMPTANY27 (27 fields) matches the stated condition","any","database_missing","","approved","mathzero","2026-08-17","PDF page 5: IF SYMPTANY = ANY OF 1-26 ","Machine-extracted in the group-aware second pass. The displayed evidence may contain additional administrative or eligibility conditions that require human interpretation. Approved by mathzero in the checksum-fixed synthetic-routing-v1 review.","existing_question_gate_missing_codes_rejected"
"route_195aa456dd14ca0a606fb58a","react1.r01.individual","gate","KINDMED01 … KINDMED07 (7 fields) is asked when SEEKMED matches the stated condition","any","database_missing","","approved","mathzero","2026-08-17","PDF page 7: IF SEEKMED = 1","Machine-extracted in the group-aware second pass. The displayed evidence may contain additional administrative or eligibility conditions that require human interpretation. Approved by mathzero in the checksum-fixed synthetic-routing-v1 review.","existing_question_gate_missing_codes_rejected"
"route_306c72393780d2d84cd16242","react1.r01.individual","gate","PEOPA101 … PEOPA104 (4 fields) is asked when PEOPA matches the stated condition","any","database_missing","","approved","mathzero","2026-08-17","PDF page 11: IF PEOPA = 1+ ","Machine-extracted in the group-aware second pass. The displayed evidence may contain additional administrative or eligibility conditions that require human interpretation. Approved by mathzero in the checksum-fixed synthetic-routing-v1 review.","existing_question_gate_missing_codes_rejected"
"route_309f93ae3a3c29888e62ecfd","react1.r01.individual","gate","SWACOUR is asked when SWACOMP matches the stated condition","any","database_missing","","approved","mathzero","2026-08-17","PDF page 16: IF SWACOMP = 1","Machine-extracted candidate; requires direct human comparison with the displayed questionnaire page. Approved by mathzero in the checksum-fixed synthetic-routing-v1 review.","existing_question_gate_missing_codes_rejected"
"route_32080596386ff36a9de5d2d8","react1.r01.individual","gate","FRIDG is asked when SWACOUR matches the stated condition","any","database_missing","","approved","mathzero","2026-08-17","PDF page 16: IF SWACOUR = 1, 2 or 3 and Lab_ID=5","Machine-extracted candidate; requires direct human comparison with the displayed questionnaire page. Approved by mathzero in the checksum-fixed synthetic-routing-v1 review.","existing_question_gate_missing_codes_rejected"
"route_55da711e168e1bfc81993898","react1.r01.individual","gate","SWAWHYN01 … SWAWHYN11 (11 fields) is asked when SWAATTEMPT matches the stated condition","any","database_missing","","approved","mathzero","2026-08-17","PDF page 14: ASK IF SWAATTEMPT = 2","Machine-extracted in the group-aware second pass. The displayed evidence may contain additional administrative or eligibility conditions that require human interpretation. Approved by mathzero in the checksum-fixed synthetic-routing-v1 review.","existing_question_gate_missing_codes_rejected"
"route_6bc7aac2431afd721e3a039d","react1.r01.individual","gate","SEEKMED is asked when SYMPTNOWA matches the stated condition","any","database_missing","","approved","mathzero","2026-08-17","PDF page 7: IF SYMPTNOWA = 1","Machine-extracted candidate; requires direct human comparison with the displayed questionnaire page. Approved by mathzero in the checksum-fixed synthetic-routing-v1 review.","existing_question_gate_missing_codes_rejected"
"route_77ee731c8ad3a8445a58fbcf","react1.r01.individual","gate","TEMPB01, TEMPB02, TEMPB03 is asked when TEMPA matches the stated condition","any","database_missing","","approved","mathzero","2026-08-17","PDF page 7: IF TEMPA = 1 ","Machine-extracted in the group-aware second pass. The displayed evidence may contain additional administrative or eligibility conditions that require human interpretation. Approved by mathzero in the checksum-fixed synthetic-routing-v1 review.","existing_question_gate_missing_codes_rejected"
"route_985c382771c9ef95aea28cd3","react1.r01.individual","gate","BREDIFF is asked when SYMPTNOWA matches the stated condition","any","database_missing","","approved","mathzero","2026-08-17","PDF page 6: IF SYMPTNOWA = 1","Machine-extracted candidate; requires direct human comparison with the displayed questionnaire page. Approved by mathzero in the checksum-fixed synthetic-routing-v1 review.","existing_question_gate_missing_codes_rejected"
"route_9b6af6232aa5d207ec380339","react1.r01.individual","gate","CARETYPE is asked when CAREHOME matches the stated condition","any","database_missing","","approved","mathzero","2026-08-17","PDF page 19: IF CAREHOME=1","Machine-extracted candidate; requires direct human comparison with the displayed questionnaire page. Approved by mathzero in the checksum-fixed synthetic-routing-v1 review.","existing_question_gate_missing_codes_rejected"
"route_a34bea3cd426324abf1eaacf","react1.r01.individual","gate","SWAWHYN01 … SWAWHYN11 (11 fields) is asked when SWACOMP matches the stated condition","any","database_missing","","approved","mathzero","2026-08-17","PDF page 15: ASK IF SWACOMP = 2","Machine-extracted in the group-aware second pass. The displayed evidence may contain additional administrative or eligibility conditions that require human interpretation. Approved by mathzero in the checksum-fixed synthetic-routing-v1 review.","existing_question_gate_missing_codes_rejected"
"route_a3a9a73a1bd6ebe2d3205fa7","react1.r01.individual","gate","LFTEASE is asked when SWAATTEMPT matches the stated condition","any","database_missing","","approved","mathzero","2026-08-17","PDF page 17: IF SWAATTEMPT = 1","Machine-extracted candidate; requires direct human comparison with the displayed questionnaire page. Approved by mathzero in the checksum-fixed synthetic-routing-v1 review.","existing_question_gate_missing_codes_rejected"
"route_b584beb2cb479d2e7f9dc752","react1.r01.individual","gate","WORKTYP01 … WORKTYP05 (5 fields) is asked when EMPL matches the stated condition","any","database_missing","","approved","mathzero","2026-08-17","PDF page 18: IF EMPL = 1, 2 or 3 ","Machine-extracted in the group-aware second pass. The displayed evidence may contain additional administrative or eligibility conditions that require human interpretation. Approved by mathzero in the checksum-fixed synthetic-routing-v1 review.","existing_question_gate_missing_codes_rejected"
"route_bacbab61c797f5928e789bd7","react1.r01.individual","gate","PERSCARE is asked when CAREHOME matches the stated condition","any","database_missing","","approved","mathzero","2026-08-17","PDF page 19: IF CAREHOME=2","Machine-extracted candidate; requires direct human comparison with the displayed questionnaire page. Approved by mathzero in the checksum-fixed synthetic-routing-v1 review.","existing_question_gate_missing_codes_rejected"
"route_cf0264caa56673b264979989","react1.r01.individual","gate","F2F3B is asked when F2F3A matches the stated condition","any","database_missing","","approved","mathzero","2026-08-17","PDF page 13: IF F2F3a=1+","Machine-extracted candidate; requires direct human comparison with the displayed questionnaire page. Approved by mathzero in the checksum-fixed synthetic-routing-v1 review.","existing_question_gate_missing_codes_rejected"
"route_d076922e21d84aa2b0e63073","react1.r01.individual","gate","TEMPC is asked when TEMPA matches the stated condition","any","database_missing","","approved","mathzero","2026-08-17","PDF page 8: IF TEMPA = 1","Machine-extracted candidate; requires direct human comparison with the displayed questionnaire page. Approved by mathzero in the checksum-fixed synthetic-routing-v1 review.","existing_question_gate_missing_codes_rejected"
"route_d67ae66e1bec034495cc3825","react1.r01.individual","gate","SYMPTFN is asked when SYMPTNOWA matches the stated condition","any","database_missing","","approved","mathzero","2026-08-17","PDF page 6: IF SYMPTNOWA = 1","Machine-extracted candidate; requires direct human comparison with the displayed questionnaire page. Approved by mathzero in the checksum-fixed synthetic-routing-v1 review.","existing_question_gate_missing_codes_rejected"
"route_e97768bf34a1c6eb41278ae9","react1.r01.individual","gate","SYMPTNOWA is asked when SYMPTANY01 … SYMPTANY27 (27 fields) matches the stated condition","any","database_missing","","approved","mathzero","2026-08-17","PDF page 5: IF SYMPTANY = ANY OF 1-26 ","Machine-extracted in the group-aware second pass. The displayed evidence may contain additional administrative or eligibility conditions that require human interpretation. Approved by mathzero in the checksum-fixed synthetic-routing-v1 review.","existing_question_gate_missing_codes_rejected"
"route_f15078b377fde2ae4082e62a","react1.r01.individual","gate","F2F2B is asked when F2F2A matches the stated condition","any","database_missing","","approved","mathzero","2026-08-17","PDF page 13: IF F2F2a=1+","Machine-extracted candidate; requires direct human comparison with the displayed questionnaire page. Approved by mathzero in the checksum-fixed synthetic-routing-v1 review.","existing_question_gate_missing_codes_rejected"
"route_f684f392d3d8f8b411f7b41a","react1.r01.individual","gate","SYMPTST is asked when SYMPTNOWA matches the stated condition","any","database_missing","","approved","mathzero","2026-08-17","PDF page 6: IF SYMPTNOWA = 1","Machine-extracted candidate; requires direct human comparison with the displayed questionnaire page. Approved by mathzero in the checksum-fixed synthetic-routing-v1 review.","existing_question_gate_missing_codes_rejected"
"route_fb154e32861ed5dd70f96b29","react1.r01.individual","gate","SWACOMP is asked when SWAATTEMPT matches the stated condition","any","database_missing","","approved","mathzero","2026-08-17","PDF page 15: ASK IF SWAATTEMPT = 1","Machine-extracted candidate; requires direct human comparison with the displayed questionnaire page. Approved by mathzero in the checksum-fixed synthetic-routing-v1 review.","existing_question_gate_missing_codes_rejected"
"route_2d0968a2b12db3642b834824","react1.r01.registration","gate","ADULTAGE_1 … ADULTAGE1_NA (20 fields) is asked when NADULTS matches the stated condition","any","database_missing","","approved","mathzero","2026-08-17","PDF page 6: IF NADULTS = 2+ ","Machine-extracted in the group-aware second pass. The displayed evidence may contain additional administrative or eligibility conditions that require human interpretation. Approved by mathzero in the checksum-fixed synthetic-routing-v1 review.","existing_question_gate_missing_codes_rejected"
"route_37bee285046254f964af68ea","react1.r01.registration","gate","ADULTAGE1_1 … ADULTAGE1_NA (10 fields) is asked when NADULTS1 matches the stated condition","any","database_missing","","approved","mathzero","2026-08-17","PDF page 6: IF NADULTS1 = 1+","Machine-extracted in the group-aware second pass. The displayed evidence may contain additional administrative or eligibility conditions that require human interpretation. Approved by mathzero in the checksum-fixed synthetic-routing-v1 review.","existing_question_gate_missing_codes_rejected"
"route_98dfe5d864ac0232c0f1a8ab","react1.r01.registration","gate","CHILDAGE_1 … CHILDAGE1_NA (31 fields) is asked when NCHILD matches the stated condition","any","database_missing","","approved","mathzero","2026-08-17","PDF page 7: IF NCHILD = 1+","Machine-extracted in the group-aware second pass. The displayed evidence may contain additional administrative or eligibility conditions that require human interpretation. Approved by mathzero in the checksum-fixed synthetic-routing-v1 review.","existing_question_gate_missing_codes_rejected"
"route_a31c0cf99885e5faa713c095","react1.r01.registration","gate","SMOKECIG is asked when SMOKENOW matches the stated condition","any","database_missing","","approved","mathzero","2026-08-17","PDF page 10: IF SMOKENOW = 2 or 3","Machine-extracted candidate; requires direct human comparison with the displayed questionnaire page. Approved by mathzero in the checksum-fixed synthetic-routing-v1 review.","existing_question_gate_missing_codes_rejected"
"route_e016a6fd51f44356acad6e9d","react1.r01.registration","gate","CHILDAGE1_1 … CHILDAGE1_NA (15 fields) is asked when NCHILD1 matches the stated condition","any","database_missing","","approved","mathzero","2026-08-17","PDF page 8: IF NCHILD1 = 2+","Machine-extracted in the group-aware second pass. The displayed evidence may contain additional administrative or eligibility conditions that require human interpretation. Approved by mathzero in the checksum-fixed synthetic-routing-v1 review.","existing_question_gate_missing_codes_rejected"
"route_01e9a815b1b160717142d5e9","react1.r02.individual","gate","INDCONFPARENT is asked when INDCONF matches the stated condition","any","database_missing","","approved","mathzero","2026-08-17","PDF page 4: IF INDCONF = 2","Machine-extracted candidate; requires direct human comparison with the displayed questionnaire page. Approved by mathzero in the checksum-fixed synthetic-routing-v1 review.","existing_question_gate_missing_codes_rejected"
"route_13e43d69394576f79a11f791","react1.r02.individual","gate","COVIDCONHH is asked when COVIDCONPL_1 matches the stated condition","any","database_missing","","approved","mathzero","2026-08-17","PDF page 11: ASK IF COVIDCONPL=1","Machine-extracted in the group-aware second pass. The displayed evidence may contain additional administrative or eligibility conditions that require human interpretation. Approved by mathzero in the checksum-fixed synthetic-routing-v1 review.","existing_question_gate_missing_codes_rejected"
"route_15604786f49cb56b173bb88f","react1.r02.individual","gate","PERSCARE is asked when CAREHOME matches the stated condition","any","database_missing","","approved","mathzero","2026-08-17","PDF page 23: IF CAREHOME=2","Machine-extracted candidate; requires direct human comparison with the displayed questionnaire page. Approved by mathzero in the checksum-fixed synthetic-routing-v1 review.","existing_question_gate_missing_codes_rejected"
"route_184be85d8d398cc4ef7756ca","react1.r02.individual","gate","CONTACT5 is asked when CONTACT1 matches the stated condition","any","database_missing","","approved","mathzero","2026-08-17","PDF page 17: IF CONTACT1 = 1+ AND LEAVE2 =1","Machine-extracted candidate; requires direct human comparison with the displayed questionnaire page. Approved by mathzero in the checksum-fixed synthetic-routing-v1 review.","existing_question_gate_missing_codes_rejected"
"route_296d2fe4726ae3f7471e5ec3","react1.r02.individual","gate","SWABDATE is asked when SWAATTEMPT matches the stated condition","any","database_missing","","approved","mathzero","2026-08-17","PDF page 19: IF SWAATTEMPT = 1","Machine-extracted candidate; requires direct human comparison with the displayed questionnaire page. Approved by mathzero in the checksum-fixed synthetic-routing-v1 review.","existing_question_gate_missing_codes_rejected"
"route_2db8a6004267f177b2721a15","react1.r02.individual","gate","SEEKMED is asked when SYMPTNOWA matches the stated condition","any","database_missing","","approved","mathzero","2026-08-17","PDF page 9: IF SYMPTNOWA = 1","Machine-extracted candidate; requires direct human comparison with the displayed questionnaire page. Approved by mathzero in the checksum-fixed synthetic-routing-v1 review.","existing_question_gate_missing_codes_rejected"
"route_31a46b03b2d1109abdd97a33","react1.r02.individual","gate","COVIDCONPL_1 … COVIDCONPL_5 (5 fields) is asked when COVIDCON matches the stated condition","any","database_missing","","approved","mathzero","2026-08-17","PDF page 11: ASK IF COVIDCON=1 AND COVIDCONNUM = 1-3","Machine-extracted in the group-aware second pass. The displayed evidence may contain additional administrative or eligibility conditions that require human interpretation. Approved by mathzero in the checksum-fixed synthetic-routing-v1 review.","existing_question_gate_missing_codes_rejected"
"route_33f0c6a322b37e31f87ac702","react1.r02.individual","gate","CONTACT4_1 … CONTACT4_5 (5 fields) is asked when CONTACT1 matches the stated condition","any","database_missing","","approved","mathzero","2026-08-17","PDF page 16: IF CONTACT1=1+ ","Machine-extracted in the group-aware second pass. The displayed evidence may contain additional administrative or eligibility conditions that require human interpretation. Approved by mathzero in the checksum-fixed synthetic-routing-v1 review.","existing_question_gate_missing_codes_rejected"
"route_3404e838323d27af301c96f0","react1.r02.individual","gate","COVIDCONNUM is asked when COVIDCON matches the stated condition","any","database_missing","","approved","mathzero","2026-08-17","PDF page 11: ASK COVIDCON=1","Machine-extracted candidate; requires direct human comparison with the displayed questionnaire page. Approved by mathzero in the checksum-fixed synthetic-routing-v1 review.","existing_question_gate_missing_codes_rejected"
"route_4daeefd6e0a54525c21f1b27","react1.r02.individual","gate","LFTEASE is asked when SWAATTEMPT matches the stated condition","any","database_missing","","approved","mathzero","2026-08-17","PDF page 21: IF SWAATTEMPT = 1","Machine-extracted candidate; requires direct human comparison with the displayed questionnaire page. Approved by mathzero in the checksum-fixed synthetic-routing-v1 review.","existing_question_gate_missing_codes_rejected"
"route_5d9ba684867838eb7e59ca97","react1.r02.individual","gate","SYMPTNOWA is asked when SYMPTANY1_1 … SYMPTANY3_10 (29 fields) matches the stated condition","any","database_missing","","approved","mathzero","2026-08-17","PDF page 7: IF ANY SELECTED AT SYMPTANY1, SYMPTANY2, SYMPTANY3 NE NONE OF THESE ","Machine-extracted in the group-aware second pass. The displayed evidence may contain additional administrative or eligibility conditions that require human interpretation. Approved by mathzero in the checksum-fixed synthetic-routing-v1 review.","existing_question_gate_missing_codes_rejected"
"route_5fff4e947c77f6885138d8a1","react1.r02.individual","gate","SWAWHYN2_17 … SWAWHYN2_16 (20 fields) is asked when SWASTATUSNO matches the stated condition","any","database_missing","","approved","mathzero","2026-08-17","PDF page 20: ASK IF SWASTATUSNO = 2 OR 3","Machine-extracted in the group-aware second pass. The displayed evidence may contain additional administrative or eligibility conditions that require human interpretation. Approved by mathzero in the checksum-fixed synthetic-routing-v1 review.","existing_question_gate_missing_codes_rejected"
"route_65cf22a2bd9b37c92ab030f2","react1.r02.individual","gate","SWACOUR is asked when SWASTATUS matches the stated condition","any","database_missing","","approved","mathzero","2026-08-17","PDF page 18: IF SWASTATUS = 1 OR SWASTATUSNO = 1","Machine-extracted in the group-aware second pass. The displayed evidence may contain additional administrative or eligibility conditions that require human interpretation. Approved by mathzero in the checksum-fixed synthetic-routing-v1 review.","existing_question_gate_missing_codes_rejected"
"route_8b33c2c0c99c7b7de2c96541","react1.r02.individual","gate","SWACOURSUIT_1 … SWACOURSUIT_5_OTH (6 fields) is asked when SWACOUR matches the stated condition","any","database_missing","","approved","mathzero","2026-08-17","PDF page 18: IF SWACOUR =4","Machine-extracted in the group-aware second pass. The displayed evidence may contain additional administrative or eligibility conditions that require human interpretation. Approved by mathzero in the checksum-fixed synthetic-routing-v1 review.","existing_question_gate_missing_codes_rejected"
"route_8d83a29200cd1bcec31a9766","react1.r02.individual","gate","CURSYMPT is asked when SYMPTNOWA matches the stated condition","any","database_missing","","approved","mathzero","2026-08-17","PDF page 9: IF ONE SYMPTOM ONLY GIVEN AT SYMPTANY1, 2 AND 3, AND SYMPTNOWAW = 1","Machine-extracted in the group-aware second pass. The displayed evidence may contain additional administrative or eligibility conditions that require human interpretation. Approved by mathzero in the checksum-fixed synthetic-routing-v1 review.","existing_question_gate_missing_codes_rejected"
"route_9307924157b1247c217fa43f","react1.r02.individual","gate","SWASTATUSNO is asked when SWAATTEMPT matches the stated condition","any","database_missing","","approved","mathzero","2026-08-17","PDF page 17: IF SWAATTEMPT=2 OR SWASTATUS = 3","Machine-extracted in the group-aware second pass. The displayed evidence may contain additional administrative or eligibility conditions that require human interpretation. Approved by mathzero in the checksum-fixed synthetic-routing-v1 review.","existing_question_gate_missing_codes_rejected"
"route_93bb9b1c135d384130523cc7","react1.r02.individual","gate","SYMPTANY1_1 … SYMPTANY1_5 (5 fields) is asked when FEELUN matches the stated condition","any","database_missing","","approved","mathzero","2026-08-17","PDF page 5: IF FEELUN =1 ","Machine-extracted in the group-aware second pass. The displayed evidence may contain additional administrative or eligibility conditions that require human interpretation. Approved by mathzero in the checksum-fixed synthetic-routing-v1 review.","existing_question_gate_missing_codes_rejected"
"route_97118491022780f36616ed3d","react1.r02.individual","gate","SWASTATUS is asked when SWAATTEMPT matches the stated condition","any","database_missing","","approved","mathzero","2026-08-17","PDF page 17: IF SWAATTEMPT=1","Machine-extracted candidate; requires direct human comparison with the displayed questionnaire page. Approved by mathzero in the checksum-fixed synthetic-routing-v1 review.","existing_question_gate_missing_codes_rejected"
"route_a33886792a444a7f0b38ac62","react1.r02.individual","gate","SWACOMPLETEWHYN_1 … SWACOMPLETEWHYN_13 (13 fields) is asked when SWASTATUS matches the stated condition","any","database_missing","","approved","mathzero","2026-08-17","PDF page 20: IF SWASTATUS = 2 (TRIED BUT NOT COMPLETED)","Machine-extracted in the group-aware second pass. The displayed evidence may contain additional administrative or eligibility conditions that require human interpretation. Approved by mathzero in the checksum-fixed synthetic-routing-v1 review.","existing_question_gate_missing_codes_rejected"
"route_a42b45b7958dc9ab319a14d8","react1.r02.individual","gate","CARETYPE is asked when CAREHOME matches the stated condition","any","database_missing","","approved","mathzero","2026-08-17","PDF page 23: IF CAREHOME=1","Machine-extracted candidate; requires direct human comparison with the displayed questionnaire page. Approved by mathzero in the checksum-fixed synthetic-routing-v1 review.","existing_question_gate_missing_codes_rejected"
"route_a8c0293f91e8bc56fe3461da","react1.r02.individual","gate","TEMPC is asked when TEMPA matches the stated condition","any","database_missing","","approved","mathzero","2026-08-17","PDF page 10: IF TEMPA = 1","Machine-extracted candidate; requires direct human comparison with the displayed questionnaire page. Approved by mathzero in the checksum-fixed synthetic-routing-v1 review.","existing_question_gate_missing_codes_rejected"
"route_aae472bb33a4897eaa3f13d2","react1.r02.individual","gate","SWAHELP is asked when SWAATTEMPT matches the stated condition","any","database_missing","","approved","mathzero","2026-08-17","PDF page 19: IF SWAATTEMPT = 1 (ATTEMPTED SWAB TEST)","Machine-extracted candidate; requires direct human comparison with the displayed questionnaire page. Approved by mathzero in the checksum-fixed synthetic-routing-v1 review.","existing_question_gate_missing_codes_rejected"
"route_b2ab9cc3e4560ba471718e92","react1.r02.individual","gate","BEHAVA1 … BEHAVA18 (18 fields) is asked when INDCONF matches the stated condition","any","database_missing","","approved","mathzero","2026-08-17","PDF page 15: ASK AGED 18+ OR (AGED 13-17 AND INDCONF=1)","Machine-extracted in the group-aware second pass. The displayed evidence may contain additional administrative or eligibility conditions that require human interpretation. Approved by mathzero in the checksum-fixed synthetic-routing-v1 review.","existing_question_gate_missing_codes_rejected"
"route_b578974111313f2cd5c49231","react1.r02.individual","gate","COVIDB is asked when COVIDA matches the stated condition","any","database_missing","","approved","mathzero","2026-08-17","PDF page 13: IF COVIDA = 1, 2 or 3","Machine-extracted candidate; requires direct human comparison with the displayed questionnaire page. Approved by mathzero in the checksum-fixed synthetic-routing-v1 review.","existing_question_gate_missing_codes_rejected"
"route_bf2a6f1dc0af57a841dc71f9","react1.r02.individual","gate","SWAWHYN2_17 … SWAWHYN2_16 (33 fields) is asked when SWAATTEMPT matches the stated condition","any","database_missing","","approved","mathzero","2026-08-17","PDF page 18: ASK IF SWAATTEMPT = 2","Machine-extracted in the group-aware second pass. The displayed evidence may contain additional administrative or eligibility conditions that require human interpretation. Approved by mathzero in the checksum-fixed synthetic-routing-v1 review.","existing_question_gate_missing_codes_rejected"
"route_c6c665e790fcadccd4e3336b","react1.r02.individual","gate","KINDMED_1 … KINDMED_TXT (8 fields) is asked when SEEKMED matches the stated condition","any","database_missing","","approved","mathzero","2026-08-17","PDF page 9: IF SEEKMED = 1","Machine-extracted in the group-aware second pass. The displayed evidence may contain additional administrative or eligibility conditions that require human interpretation. Approved by mathzero in the checksum-fixed synthetic-routing-v1 review.","existing_question_gate_missing_codes_rejected"
"route_c9c2a7aca14f951a7442ad07","react1.r02.individual","gate","COVIDPWP is asked when COVIDCON matches the stated condition","any","database_missing","","approved","mathzero","2026-08-17","PDF page 12: ASK IF COVIDCON=1","Machine-extracted candidate; requires direct human comparison with the displayed questionnaire page. Approved by mathzero in the checksum-fixed synthetic-routing-v1 review.","existing_question_gate_missing_codes_rejected"
"route_d1af4c8c1cfa1e898c678bad","react1.r02.individual","gate","TEMPB01, TEMPB02, TEMPB03 is asked when TEMPA matches the stated condition","any","database_missing","","approved","mathzero","2026-08-17","PDF page 10: IF TEMPA = 1 ","Machine-extracted in the group-aware second pass. The displayed evidence may contain additional administrative or eligibility conditions that require human interpretation. Approved by mathzero in the checksum-fixed synthetic-routing-v1 review.","existing_question_gate_missing_codes_rejected"
"route_d26e0e9d2708ce10d322e2a3","react1.r02.individual","gate","COVIDCONSS_1 … COVIDCONSS_5 (5 fields) is asked when COVIDCONPL_4 matches the stated condition","any","database_missing","","approved","mathzero","2026-08-17","PDF page 12: ASK IF COVIDCONPL=4","Machine-extracted in the group-aware second pass. The displayed evidence may contain additional administrative or eligibility conditions that require human interpretation. Approved by mathzero in the checksum-fixed synthetic-routing-v1 review.","existing_question_gate_missing_codes_rejected"
"route_d512f980f79741ea6737993f","react1.r02.individual","gate","FRIDG is asked when SWASTATUS matches the stated condition","any","database_missing","","approved","mathzero","2026-08-17","PDF page 19: IF SWASTATUS = 1 (COMPLETED SWAB TEST)","Machine-extracted candidate; requires direct human comparison with the displayed questionnaire page. Approved by mathzero in the checksum-fixed synthetic-routing-v1 review.","existing_question_gate_missing_codes_rejected"
"route_d653adbbe0e40223e6fd8c8b","react1.r02.individual","gate","SYMPTANY3_1 … SYMPTANY3_10 (10 fields) is asked when FEELUN matches the stated condition","any","database_missing","","approved","mathzero","2026-08-17","PDF page 6: IF FEELUN =1 ","Machine-extracted in the group-aware second pass. The displayed evidence may contain additional administrative or eligibility conditions that require human interpretation. Approved by mathzero in the checksum-fixed synthetic-routing-v1 review.","existing_question_gate_missing_codes_rejected"
"route_f72455b610d2c2817878d068","react1.r02.individual","gate","SYMPTANY2_1 … SYMPTANY2_14 (14 fields) is asked when FEELUN matches the stated condition","any","database_missing","","approved","mathzero","2026-08-17","PDF page 5: IF FEELUN =1 ","Machine-extracted in the group-aware second pass. The displayed evidence may contain additional administrative or eligibility conditions that require human interpretation. Approved by mathzero in the checksum-fixed synthetic-routing-v1 review.","existing_question_gate_missing_codes_rejected"
"route_f884b2aefd0f1f94ecaab9f6","react1.r02.individual","gate","COVIDCONWP is asked when COVIDCONPL_2 matches the stated condition","any","database_missing","","approved","mathzero","2026-08-17","PDF page 12: ASK IF COVIDCONPL=2 AND MAIL_GRP1 OR MAIL_GRP2 AND INDONF-=1","Machine-extracted in the group-aware second pass. The displayed evidence may contain additional administrative or eligibility conditions that require human interpretation. Approved by mathzero in the checksum-fixed synthetic-routing-v1 review.","incomplete_context_do_not_claim_eligible"
"route_fcec0f9dab0c1f367d351593","react1.r02.individual","gate","SYMPTLAST_1 … SYMPTLAST_28 (28 fields) is asked when SYMPTNOWA matches the stated condition","any","database_missing","","approved","mathzero","2026-08-17","PDF page 8: IF SYMPTNOWA=1 AND 3+ ANSWERS GIVEN AT SYMPTNOWAW ","Machine-extracted in the group-aware second pass. The displayed evidence may contain additional administrative or eligibility conditions that require human interpretation. Approved by mathzero in the checksum-fixed synthetic-routing-v1 review.","existing_question_gate_missing_codes_rejected"
"route_021182e4d40469ea1d6d7ea6","react1.r02.registration","gate","ADULTAGE_1 … ADULTAGE1_NA (20 fields) is asked when NADULTS matches the stated condition","any","database_missing","","approved","mathzero","2026-08-17","PDF page 6: IF NADULTS = 2+","Machine-extracted in the group-aware second pass. The displayed evidence may contain additional administrative or eligibility conditions that require human interpretation. Approved by mathzero in the checksum-fixed synthetic-routing-v1 review.","existing_question_gate_missing_codes_rejected"
"route_039fdeee2c7a24bd8cf95049","react1.r02.registration","gate","SMOKECIG is asked when SMOKENOW matches the stated condition","any","database_missing","","approved","mathzero","2026-08-17","PDF page 12: IF SMOKENOW = 2 or 3","Machine-extracted candidate; requires direct human comparison with the displayed questionnaire page. Approved by mathzero in the checksum-fixed synthetic-routing-v1 review.","existing_question_gate_missing_codes_rejected"
"route_1a7b85f083909e8eec4b5a32","react1.r02.registration","gate","ADULTAGE1_1 … ADULTAGE1_NA (10 fields) is asked when NADULTS1 matches the stated condition","any","database_missing","","approved","mathzero","2026-08-17","PDF page 7: IF NADULTS1 = 1+","Machine-extracted in the group-aware second pass. The displayed evidence may contain additional administrative or eligibility conditions that require human interpretation. Approved by mathzero in the checksum-fixed synthetic-routing-v1 review.","existing_question_gate_missing_codes_rejected"
"route_392f3248f2264ae4f0ee2f81","react1.r02.registration","gate","NADULTS is asked when INDCONFPARENT matches the stated condition","any","database_missing","","approved","mathzero","2026-08-17","PDF page 6: IF AGED 18+ OR 5-12 OR (13-17 INDCONFPARENT =1)","Machine-extracted candidate; requires direct human comparison with the displayed questionnaire page. Approved by mathzero in the checksum-fixed synthetic-routing-v1 review.","existing_question_gate_missing_codes_rejected"
"route_461b959821bd4b9ae2557993","react1.r02.registration","gate","NADULTS1 is asked when INDCONF matches the stated condition","any","database_missing","","approved","mathzero","2026-08-17","PDF page 7: IF AGED 13-17 (INDCONF = 1)","Machine-extracted candidate; requires direct human comparison with the displayed questionnaire page. Approved by mathzero in the checksum-fixed synthetic-routing-v1 review.","existing_question_gate_missing_codes_rejected"
"route_4f16cd7eddbd116b5bc200ff","react1.r02.registration","gate","CHILDAGE1_1 … CHILDAGE1_NA (15 fields) is asked when NCHILD1 matches the stated condition","any","database_missing","","approved","mathzero","2026-08-17","PDF page 8: IF NCHILD1 = 2+","Machine-extracted in the group-aware second pass. The displayed evidence may contain additional administrative or eligibility conditions that require human interpretation. Approved by mathzero in the checksum-fixed synthetic-routing-v1 review.","existing_question_gate_missing_codes_rejected"
"route_887280451124ebb604a772dc","react1.r02.registration","gate","PARNAME is asked when PARCONS matches the stated condition","any","database_missing","","approved","mathzero","2026-08-17","PDF page 6: IF PARCONS = 1","Machine-extracted candidate; requires direct human comparison with the displayed questionnaire page. Approved by mathzero in the checksum-fixed synthetic-routing-v1 review.","existing_question_gate_missing_codes_rejected"
"route_88f9531285c174149db7a403","react1.r02.registration","gate","AGE is asked when DOB matches the stated condition","any","database_missing","","approved","mathzero","2026-08-17","PDF page 5: ASK IF DOB = 1","Machine-extracted candidate; requires direct human comparison with the displayed questionnaire page. Approved by mathzero in the checksum-fixed synthetic-routing-v1 review.","existing_question_gate_missing_codes_rejected"
"route_9437fb8dcacb781a22c85677","react1.r02.registration","gate","DOB is asked when DOBCONF matches the stated condition","any","database_missing","","approved","mathzero","2026-08-17","PDF page 5: ASK IF DOBCONF = 2","Machine-extracted candidate; requires direct human comparison with the displayed questionnaire page. Approved by mathzero in the checksum-fixed synthetic-routing-v1 review.","existing_question_gate_missing_codes_rejected"
"route_97e26fd81f871f6bfdc574f6","react1.r02.registration","gate","NCHILD is asked when INDCONFPARENT matches the stated condition","any","database_missing","","approved","mathzero","2026-08-17","PDF page 7: IF AGED 18+ or 5-12 (13-17 INDCONFPARENT =1)","Machine-extracted candidate; requires direct human comparison with the displayed questionnaire page. Approved by mathzero in the checksum-fixed synthetic-routing-v1 review.","existing_question_gate_missing_codes_rejected"
"route_a100e08cd2721bcbb68d078a","react1.r02.registration","gate","NCHILD1 is asked when INDCONF matches the stated condition","any","database_missing","","approved","mathzero","2026-08-17","PDF page 8: IF AGED 13-17 (INDCONF = 1)","Machine-extracted candidate; requires direct human comparison with the displayed questionnaire page. Approved by mathzero in the checksum-fixed synthetic-routing-v1 review.","existing_question_gate_missing_codes_rejected"
"route_d4b0560b7182d73d70249997","react1.r02.registration","gate","CHILDAGE_1 … CHILDAGE1_NA (31 fields) is asked when NCHILD matches the stated condition","any","database_missing","","approved","mathzero","2026-08-17","PDF page 8: IF NCHILD = 1+","Machine-extracted in the group-aware second pass. The displayed evidence may contain additional administrative or eligibility conditions that require human interpretation. Approved by mathzero in the checksum-fixed synthetic-routing-v1 review.","existing_question_gate_missing_codes_rejected"
"route_d5acc1d111bed22e90bf34ee","react1.r02.registration","gate","INDCONFPARENT is asked when INDCONF matches the stated condition","any","database_missing","","approved","mathzero","2026-08-17","PDF page 4: IF INDCONF = 2 AND AGE 13-17","Machine-extracted in the group-aware second pass. The displayed evidence may contain additional administrative or eligibility conditions that require human interpretation. Approved by mathzero in the checksum-fixed synthetic-routing-v1 review.","existing_question_gate_missing_codes_rejected"
"route_f38a6bd445d2a7a8e50d7c1b","react1.r02.registration","gate","WORKTYP2_1 … WORKTYP2_9 (10 fields) is asked when WORKTYP1_5, WORKTYP1_6, WORKTYP1_7 matches the stated condition","any","database_missing","","approved","mathzero","2026-08-17","PDF page 9: IF WORKTYP1= 5, 6, 7","Machine-extracted in the group-aware second pass. The displayed evidence may contain additional administrative or eligibility conditions that require human interpretation. Approved by mathzero in the checksum-fixed synthetic-routing-v1 review.","existing_question_gate_missing_codes_rejected"
"route_f5f8f5b8d1fec24e1d2209bd","react1.r02.registration","gate","CONTACT1 … CONTACT5 (7 fields) is asked when RESPCHK matches the stated condition","any","database_missing","","approved","mathzero","2026-08-17","PDF page 13: ASK IF RESPCHK=1","Machine-extracted in the group-aware second pass. The displayed evidence may contain additional administrative or eligibility conditions that require human interpretation. Approved by mathzero in the checksum-fixed synthetic-routing-v1 review.","existing_question_gate_missing_codes_rejected"
"route_0a528a0f6b7b59106b670b48","react1.r03.individual","gate","ABPREV3 is asked when ABPREV1 matches the stated condition","any","database_missing","","approved","mathzero","2026-08-17","PDF page 25: IF ABPREV1 = 1 or 2","Machine-extracted candidate; requires direct human comparison with the displayed questionnaire page. Approved by mathzero in the checksum-fixed synthetic-routing-v1 review.","existing_question_gate_missing_codes_rejected"
"route_1218a473b1ba486205f0fa11","react1.r03.individual","gate","COVIDCONNUM is asked when COVIDCON_1 matches the stated condition","any","database_missing","","approved","mathzero","2026-08-17","PDF page 12: ASK IF COVIDCON=1 ","Machine-extracted in the group-aware second pass. The displayed evidence may contain additional administrative or eligibility conditions that require human interpretation. Approved by mathzero in the checksum-fixed synthetic-routing-v1 review.","existing_question_gate_missing_codes_rejected"
"route_17e6f931f298ae9a3ac5e3d7","react1.r03.individual","gate","FRIDG is asked when SWASTATUS matches the stated condition","any","database_missing","","approved","mathzero","2026-08-17","PDF page 21: IF SWASTATUS = 1 (COMPLETED SWAB TEST)","Machine-extracted candidate; requires direct human comparison with the displayed questionnaire page. Approved by mathzero in the checksum-fixed synthetic-routing-v1 review.","existing_question_gate_missing_codes_rejected"
"route_24fa3f90300963d1a92d2aff","react1.r03.individual","gate","SWASTATUSNO is asked when SWAATTEMPT matches the stated condition","any","database_missing","","approved","mathzero","2026-08-17","PDF page 20: IF SWAATTEMPT=2 OR SWASTATUS = 3","Machine-extracted in the group-aware second pass. The displayed evidence may contain additional administrative or eligibility conditions that require human interpretation. Approved by mathzero in the checksum-fixed synthetic-routing-v1 review.","existing_question_gate_missing_codes_rejected"
"route_2590c45b7eb51cc1e143c699","react1.r03.individual","gate","ABPREV4 is asked when ABPREV1 matches the stated condition","any","database_missing","","approved","mathzero","2026-08-17","PDF page 25: IF ABPREV1= 2 AND ABPREV3 = 2, 3 or 4 ","Machine-extracted in the group-aware second pass. The displayed evidence may contain additional administrative or eligibility conditions that require human interpretation. Approved by mathzero in the checksum-fixed synthetic-routing-v1 review.","existing_question_gate_missing_codes_rejected"
"route_3238ebab0112290610700596","react1.r03.individual","gate","SYMPTNOWA is asked when SYMPTANY1_1 … SYMPTANY3_10 (29 fields) matches the stated condition","any","database_missing","","approved","mathzero","2026-08-17","PDF page 8: IF ANY SELECTED AT SYMPTANY1, SYMPTANY2, SYMPTANY3 NE NONE OF THESE ","Machine-extracted in the group-aware second pass. The displayed evidence may contain additional administrative or eligibility conditions that require human interpretation. Approved by mathzero in the checksum-fixed synthetic-routing-v1 review.","existing_question_gate_missing_codes_rejected"
"route_32a68d8eea7c43ad5f41f625","react1.r03.individual","gate","KINDMED_1 … KINDMED_TXT (8 fields) is asked when SEEKMED matches the stated condition","any","database_missing","","approved","mathzero","2026-08-17","PDF page 10: IF SEEKMED = 1","Machine-extracted in the group-aware second pass. The displayed evidence may contain additional administrative or eligibility conditions that require human interpretation. Approved by mathzero in the checksum-fixed synthetic-routing-v1 review.","existing_question_gate_missing_codes_rejected"
"route_332c5a2513528eda54006654","react1.r03.individual","gate","COVIDCONSS_1 … COVIDCONSS_6 (6 fields) is asked when COVIDCONPL_4 matches the stated condition","any","database_missing","","approved","mathzero","2026-08-17","PDF page 13: ASK IF COVIDCONPL=4","Machine-extracted in the group-aware second pass. The displayed evidence may contain additional administrative or eligibility conditions that require human interpretation. Approved by mathzero in the checksum-fixed synthetic-routing-v1 review.","existing_question_gate_missing_codes_rejected"
"route_345ace53ad56c074daf0fb1b","react1.r03.individual","gate","SYMPTANY2_1 … SYMPTANY2_14 (14 fields) is asked when FEELUN matches the stated condition","any","database_missing","","approved","mathzero","2026-08-17","PDF page 6: IF FEELUN =1 ","Machine-extracted in the group-aware second pass. The displayed evidence may contain additional administrative or eligibility conditions that require human interpretation. Approved by mathzero in the checksum-fixed synthetic-routing-v1 review.","existing_question_gate_missing_codes_rejected"
"route_372efc0135b27959a8c4440a","react1.r03.individual","gate","SWABDATE is asked when SWAATTEMPT matches the stated condition","any","database_missing","","approved","mathzero","2026-08-17","PDF page 21: IF SWAATTEMPT = 1","Machine-extracted candidate; requires direct human comparison with the displayed questionnaire page. Approved by mathzero in the checksum-fixed synthetic-routing-v1 review.","existing_question_gate_missing_codes_rejected"
"route_3dd27e79f51303807068c810","react1.r03.individual","gate","COVIDCONPL_1 … COVIDCONPL_5 (6 fields) is asked when COVIDCON_1 matches the stated condition","any","database_missing","","approved","mathzero","2026-08-17","PDF page 12: ASK IF COVIDCON=1 AND COVIDCONNUM = 1-3","Machine-extracted in the group-aware second pass. The displayed evidence may contain additional administrative or eligibility conditions that require human interpretation. Approved by mathzero in the checksum-fixed synthetic-routing-v1 review.","existing_question_gate_missing_codes_rejected"
"route_47318944abfa370e099d2e53","react1.r03.individual","gate","CONTACT5 is asked when CONTACT1 matches the stated condition","any","database_missing","","approved","mathzero","2026-08-17","PDF page 19: IF CONTACT1 = 1+ AND LEAVE2 =1","Machine-extracted candidate; requires direct human comparison with the displayed questionnaire page. Approved by mathzero in the checksum-fixed synthetic-routing-v1 review.","existing_question_gate_missing_codes_rejected"
"route_4aea5407fee55961fd6df907","react1.r03.individual","gate","SWACOURSUIT_1 … SWACOURSUIT_5_OTH (6 fields) is asked when SWACOUR matches the stated condition","any","database_missing","","approved","mathzero","2026-08-17","PDF page 20: IF SWACOUR =4","Machine-extracted in the group-aware second pass. The displayed evidence may contain additional administrative or eligibility conditions that require human interpretation. Approved by mathzero in the checksum-fixed synthetic-routing-v1 review.","existing_question_gate_missing_codes_rejected"
"route_531d70d510803f2008823cac","react1.r03.individual","gate","CARETYPE is asked when CAREHOME matches the stated condition","any","database_missing","","approved","mathzero","2026-08-17","PDF page 29: IF CAREHOME=1","Machine-extracted candidate; requires direct human comparison with the displayed questionnaire page. Approved by mathzero in the checksum-fixed synthetic-routing-v1 review.","existing_question_gate_missing_codes_rejected"
"route_5427364bc09e598c1ea07d0a","react1.r03.individual","gate","CONTACT4_1 … CONTACT4_5 (5 fields) is asked when CONTACT1 matches the stated condition","any","database_missing","","approved","mathzero","2026-08-17","PDF page 19: IF CONTACT1=1+ ","Machine-extracted in the group-aware second pass. The displayed evidence may contain additional administrative or eligibility conditions that require human interpretation. Approved by mathzero in the checksum-fixed synthetic-routing-v1 review.","existing_question_gate_missing_codes_rejected"
"route_5f46753da294a2fd1aae4820","react1.r03.individual","gate","PERSCARE is asked when CAREHOME matches the stated condition","any","database_missing","","approved","mathzero","2026-08-17","PDF page 29: IF CAREHOME = 2 OR CAREHOME = 3","Machine-extracted candidate; requires direct human comparison with the displayed questionnaire page. Approved by mathzero in the checksum-fixed synthetic-routing-v1 review.","existing_question_gate_missing_codes_rejected"
"route_641a2d6e504bea502bc9605d","react1.r03.individual","gate","TEMPC is asked when TEMPA matches the stated condition","any","database_missing","","approved","mathzero","2026-08-17","PDF page 11: IF TEMPA = 1","Machine-extracted candidate; requires direct human comparison with the displayed questionnaire page. Approved by mathzero in the checksum-fixed synthetic-routing-v1 review.","existing_question_gate_missing_codes_rejected"
"route_6493d22ce84b692a18d1f61e","react1.r03.individual","gate","SEEKMED is asked when SYMPTNOWA matches the stated condition","any","database_missing","","approved","mathzero","2026-08-17","PDF page 10: IF SYMPTNOWA = 1","Machine-extracted candidate; requires direct human comparison with the displayed questionnaire page. Approved by mathzero in the checksum-fixed synthetic-routing-v1 review.","existing_question_gate_missing_codes_rejected"
"route_69856ee728babbb83e3d9032","react1.r03.individual","gate","COVIDB is asked when COVIDA matches the stated condition","any","database_missing","","approved","mathzero","2026-08-17","PDF page 14: IF COVIDA = 1, 2 or 3","Machine-extracted candidate; requires direct human comparison with the displayed questionnaire page. Approved by mathzero in the checksum-fixed synthetic-routing-v1 review.","existing_question_gate_missing_codes_rejected"
"route_6cdea06398d0f9be41574163","react1.r03.individual","gate","COVIDCONWP is asked when COVIDCONPL_2 matches the stated condition","any","database_missing","","approved","mathzero","2026-08-17","PDF page 13: ASK IF COVIDCONPL=2 AND MAIL_GRP1 OR MAIL_GRP2 AND INDONF-=1","Machine-extracted in the group-aware second pass. The displayed evidence may contain additional administrative or eligibility conditions that require human interpretation. Approved by mathzero in the checksum-fixed synthetic-routing-v1 review.","incomplete_context_do_not_claim_eligible"
"route_6f0b916b7a6782b8718ddfcb","react1.r03.individual","gate","ABPREV5 is asked when ABPREV4 matches the stated condition","any","database_missing","","approved","mathzero","2026-08-17","PDF page 26: IF ABPREV4=1","Machine-extracted candidate; requires direct human comparison with the displayed questionnaire page. Approved by mathzero in the checksum-fixed synthetic-routing-v1 review.","existing_question_gate_missing_codes_rejected"
"route_6fffb99015b3f225da58e9cd","react1.r03.individual","gate","SYMPTLAST_1 … SYMPTLAST_28 (28 fields) is asked when SYMPTNOWA matches the stated condition","any","database_missing","","approved","mathzero","2026-08-17","PDF page 9: IF SYMPTNOWA=1 AND 3+ ANSWERS GIVEN AT SYMPTNOWAW ","Machine-extracted in the group-aware second pass. The displayed evidence may contain additional administrative or eligibility conditions that require human interpretation. Approved by mathzero in the checksum-fixed synthetic-routing-v1 review.","existing_question_gate_missing_codes_rejected"
"route_788112c244a34e71b8853994","react1.r03.individual","gate","SYMPTANY3_1 … SYMPTANY3_10 (10 fields) is asked when FEELUN matches the stated condition","any","database_missing","","approved","mathzero","2026-08-17","PDF page 7: IF FEELUN =1 ","Machine-extracted in the group-aware second pass. The displayed evidence may contain additional administrative or eligibility conditions that require human interpretation. Approved by mathzero in the checksum-fixed synthetic-routing-v1 review.","existing_question_gate_missing_codes_rejected"
"route_7b7372d6f2d357ee5cd7af53","react1.r03.individual","gate","SYMPTANY1_1 … SYMPTANY1_5 (5 fields) is asked when FEELUN matches the stated condition","any","database_missing","","approved","mathzero","2026-08-17","PDF page 5: IF FEELUN =1 ","Machine-extracted in the group-aware second pass. The displayed evidence may contain additional administrative or eligibility conditions that require human interpretation. Approved by mathzero in the checksum-fixed synthetic-routing-v1 review.","existing_question_gate_missing_codes_rejected"
"route_805d879b36ed247c7b933a41","react1.r03.individual","gate","INDCONFPARENT is asked when INDCONF matches the stated condition","any","database_missing","","approved","mathzero","2026-08-17","PDF page 4: IF INDCONF = 2 AND Mail_Grp 2","Machine-extracted candidate; requires direct human comparison with the displayed questionnaire page. Approved by mathzero in the checksum-fixed synthetic-routing-v1 review.","incomplete_context_do_not_claim_eligible"
"route_86449f5d2249df11fb5e0396","react1.r03.individual","gate","PCRPREV5 is asked when PCRPREV4 matches the stated condition","any","database_missing","","approved","mathzero","2026-08-17","PDF page 24: IF PCRPREV4=1","Machine-extracted candidate; requires direct human comparison with the displayed questionnaire page. Approved by mathzero in the checksum-fixed synthetic-routing-v1 review.","existing_question_gate_missing_codes_rejected"
"route_8afd055043ab540e067ea2ca","react1.r03.individual","gate","COVIDTETW is asked when COVIDTETR matches the stated condition","any","database_missing","","approved","mathzero","2026-08-17","PDF page 26: ASK IF COVIDTETR = 1","Machine-extracted candidate; requires direct human comparison with the displayed questionnaire page. Approved by mathzero in the checksum-fixed synthetic-routing-v1 review.","existing_question_gate_missing_codes_rejected"
"route_8b3b00ae2ce384bc0783b123","react1.r03.individual","gate","HOUSTYP is asked when DWELLTYP matches the stated condition","any","database_missing","","approved","mathzero","2026-08-17","PDF page 27: IF DWELLTYP = 1","Machine-extracted candidate; requires direct human comparison with the displayed questionnaire page. Approved by mathzero in the checksum-fixed synthetic-routing-v1 review.","existing_question_gate_missing_codes_rejected"
"route_9446def69587eb9a7ac5a68d","react1.r03.individual","gate","SWAHELP is asked when SWAATTEMPT matches the stated condition","any","database_missing","","approved","mathzero","2026-08-17","PDF page 21: IF SWAATTEMPT = 1 (ATTEMPTED SWAB TEST)","Machine-extracted candidate; requires direct human comparison with the displayed questionnaire page. Approved by mathzero in the checksum-fixed synthetic-routing-v1 review.","existing_question_gate_missing_codes_rejected"
"route_9897546844a11a1c75f7724d","react1.r03.individual","gate","SWAWHYN2_1 … SWAWHYN2_19 (20 fields) is asked when SWASTATUSNO matches the stated condition","any","database_missing","","approved","mathzero","2026-08-17","PDF page 22: ASK IF SWASTATUSNO = 2 OR 3","Machine-extracted in the group-aware second pass. The displayed evidence may contain additional administrative or eligibility conditions that require human interpretation. Approved by mathzero in the checksum-fixed synthetic-routing-v1 review.","existing_question_gate_missing_codes_rejected"
"route_9948fc1dc54e4560fbc8e8ab","react1.r03.individual","gate","FLATTYP is asked when DWELLTYP matches the stated condition","any","database_missing","","approved","mathzero","2026-08-17","PDF page 27: IF DWELLTYP = 2","Machine-extracted candidate; requires direct human comparison with the displayed questionnaire page. Approved by mathzero in the checksum-fixed synthetic-routing-v1 review.","existing_question_gate_missing_codes_rejected"
"route_a23246739cae0431529ffade","react1.r03.individual","gate","SWACOMPLETEWHYN_1 … SWACOMPLETEWHYN_13 (13 fields) is asked when SWASTATUS matches the stated condition","any","database_missing","","approved","mathzero","2026-08-17","PDF page 22: IF SWASTATUS = 2 (TRIED BUT NOT COMPLETED)","Machine-extracted in the group-aware second pass. The displayed evidence may contain additional administrative or eligibility conditions that require human interpretation. Approved by mathzero in the checksum-fixed synthetic-routing-v1 review.","existing_question_gate_missing_codes_rejected"
"route_a7d05ee700f7e88a7c99ec98","react1.r03.individual","gate","PCRPREV4 is asked when PCRPREV1 matches the stated condition","any","database_missing","","approved","mathzero","2026-08-17","PDF page 24: IF PCRPREV1= 2 AND PCPREV3 = 2, 3 or 4","Machine-extracted candidate; requires direct human comparison with the displayed questionnaire page. Approved by mathzero in the checksum-fixed synthetic-routing-v1 review.","existing_question_gate_missing_codes_rejected"
"route_c203d35805e76bbe5fd433fc","react1.r03.individual","gate","INDCONFCARER is asked when INDCONF matches the stated condition","any","database_missing","","approved","mathzero","2026-08-17","PDF page 4: IF INDCONF =2 AND Mail_Grp 1","Machine-extracted candidate; requires direct human comparison with the displayed questionnaire page. Approved by mathzero in the checksum-fixed synthetic-routing-v1 review.","incomplete_context_do_not_claim_eligible"
"route_c230240b02efc301343e90f4","react1.r03.individual","gate","SWACOUR is asked when SWASTATUS matches the stated condition","any","database_missing","","approved","mathzero","2026-08-17","PDF page 20: IF SWASTATUS = 1 OR SWASTATUSNO = 1","Machine-extracted in the group-aware second pass. The displayed evidence may contain additional administrative or eligibility conditions that require human interpretation. Approved by mathzero in the checksum-fixed synthetic-routing-v1 review.","existing_question_gate_missing_codes_rejected"
"route_c2409df8131d9ecf8b67efa3","react1.r03.individual","gate","COVIDCONHH is asked when COVIDCONPL_1 matches the stated condition","any","database_missing","","approved","mathzero","2026-08-17","PDF page 12: ASK IF COVIDCONPL=1","Machine-extracted in the group-aware second pass. The displayed evidence may contain additional administrative or eligibility conditions that require human interpretation. Approved by mathzero in the checksum-fixed synthetic-routing-v1 review.","existing_question_gate_missing_codes_rejected"
"route_c54947bfd273afe5ac5c3488","react1.r03.individual","gate","INSTREASE1 is asked when SWAATTEMPT matches the stated condition","any","database_missing","","approved","mathzero","2026-08-17","PDF page 23: IF SWATTEMPT=1 or 2 ","Machine-extracted in the group-aware second pass. The displayed evidence may contain additional administrative or eligibility conditions that require human interpretation. Approved by mathzero in the checksum-fixed synthetic-routing-v1 review.","existing_question_gate_missing_codes_rejected"
"route_ccaf0b9dc96c1a69bddd01d5","react1.r03.individual","gate","ABPREV2 is asked when ABPREV1 matches the stated condition","any","database_missing","","approved","mathzero","2026-08-17","PDF page 25: IF ABPREV1 = 1 or 2","Machine-extracted candidate; requires direct human comparison with the displayed questionnaire page. Approved by mathzero in the checksum-fixed synthetic-routing-v1 review.","existing_question_gate_missing_codes_rejected"
"route_cea884ea2103ff82efffff02","react1.r03.individual","gate","CURSYMPT is asked when SYMPTNOWA matches the stated condition","any","database_missing","","approved","mathzero","2026-08-17","PDF page 10: IF ONE SYMPTOM ONLY GIVEN AT SYMPTANY1, 2 AND 3, AND SYMPTNOWAW = 1","Machine-extracted in the group-aware second pass. The displayed evidence may contain additional administrative or eligibility conditions that require human interpretation. Approved by mathzero in the checksum-fixed synthetic-routing-v1 review.","existing_question_gate_missing_codes_rejected"
"route_d0b5d1e058852146a9e07e72","react1.r03.individual","gate","PCRPREV3 is asked when PCRPREV1 matches the stated condition","any","database_missing","","approved","mathzero","2026-08-17","PDF page 24: IF PCRPREV1 = 1 or 2","Machine-extracted candidate; requires direct human comparison with the displayed questionnaire page. Approved by mathzero in the checksum-fixed synthetic-routing-v1 review.","existing_question_gate_missing_codes_rejected"
"route_d3c98e5cb7e7e63e8405aa48","react1.r03.individual","gate","TEMPB01, TEMPB02, TEMPB03 is asked when TEMPA matches the stated condition","any","database_missing","","approved","mathzero","2026-08-17","PDF page 11: IF TEMPA = 1 ","Machine-extracted in the group-aware second pass. The displayed evidence may contain additional administrative or eligibility conditions that require human interpretation. Approved by mathzero in the checksum-fixed synthetic-routing-v1 review.","existing_question_gate_missing_codes_rejected"
"route_e09794e3ecd3df9030a3f72b","react1.r03.individual","gate","SWASTATUS is asked when SWAATTEMPT matches the stated condition","any","database_missing","","approved","mathzero","2026-08-17","PDF page 20: IF SWAATTEMPT=1","Machine-extracted candidate; requires direct human comparison with the displayed questionnaire page. Approved by mathzero in the checksum-fixed synthetic-routing-v1 review.","existing_question_gate_missing_codes_rejected"
"route_f1d24fe26cdd43ffeb9e80bf","react1.r03.individual","gate","COVIDPWP is asked when COVIDCON_1 matches the stated condition","any","database_missing","","approved","mathzero","2026-08-17","PDF page 13: ASK IF COVIDCON=1","Machine-extracted in the group-aware second pass. The displayed evidence may contain additional administrative or eligibility conditions that require human interpretation. Approved by mathzero in the checksum-fixed synthetic-routing-v1 review.","existing_question_gate_missing_codes_rejected"
"route_f469d5f66584d55f9ea3b402","react1.r03.individual","gate","COVIDTETA is asked when COVIDTETR matches the stated condition","any","database_missing","","approved","mathzero","2026-08-17","PDF page 26: ASK IF COVIDTETR = 1","Machine-extracted candidate; requires direct human comparison with the displayed questionnaire page. Approved by mathzero in the checksum-fixed synthetic-routing-v1 review.","existing_question_gate_missing_codes_rejected"
"route_f5c06ab069568734c69a1b5c","react1.r03.individual","gate","LFTEASE is asked when SWAATTEMPT matches the stated condition","any","database_missing","","approved","mathzero","2026-08-17","PDF page 23: IF SWAATTEMPT = 1","Machine-extracted candidate; requires direct human comparison with the displayed questionnaire page. Approved by mathzero in the checksum-fixed synthetic-routing-v1 review.","existing_question_gate_missing_codes_rejected"
"route_347ee7547e0b451a6765c3d1","react1.r03.registration","gate","DOB is asked when DOBCONF matches the stated condition","any","database_missing","","approved","mathzero","2026-08-17","PDF page 5: ASK IF DOBCONF = 2","Machine-extracted candidate; requires direct human comparison with the displayed questionnaire page. Approved by mathzero in the checksum-fixed synthetic-routing-v1 review.","existing_question_gate_missing_codes_rejected"
"route_3a4d52390b29bd499a058ab1","react1.r03.registration","gate","SMOKECIGDATE_MONTH, SMOKECIGDATE_YEAR is asked when SMOKECIG matches the stated condition","any","database_missing","","approved","mathzero","2026-08-17","PDF page 12: IF SMOKECIG= 1 AND SMOKENOW=2 ","Machine-extracted in the group-aware second pass. The displayed evidence may contain additional administrative or eligibility conditions that require human interpretation. Approved by mathzero in the checksum-fixed synthetic-routing-v1 review.","existing_question_gate_missing_codes_rejected"
"route_43ab48e8e12c42388586e901","react1.r03.registration","gate","ADULTAGE1_1 … ADULTAGE1_NA (11 fields) is asked when NADULTS1 matches the stated condition","any","database_missing","","approved","mathzero","2026-08-17","PDF page 7: IF NADULTS1 = 1+","Machine-extracted in the group-aware second pass. The displayed evidence may contain additional administrative or eligibility conditions that require human interpretation. Approved by mathzero in the checksum-fixed synthetic-routing-v1 review.","existing_question_gate_missing_codes_rejected"
"route_54a7bf96a5df1332c39d626e","react1.r03.registration","gate","SMOKECIG is asked when SMOKENOW matches the stated condition","any","database_missing","","approved","mathzero","2026-08-17","PDF page 12: IF SMOKENOW = 2 or 3","Machine-extracted candidate; requires direct human comparison with the displayed questionnaire page. Approved by mathzero in the checksum-fixed synthetic-routing-v1 review.","existing_question_gate_missing_codes_rejected"
"route_5ffb64949a24742c78faf9e9","react1.r03.registration","gate","INDCONFCARER is asked when INDCONF matches the stated condition","any","database_missing","","approved","mathzero","2026-08-17","PDF page 4: IF INDCONF =2 AND AGE =18+ (Mail_Grp=1)","Machine-extracted in the group-aware second pass. The displayed evidence may contain additional administrative or eligibility conditions that require human interpretation. Approved by mathzero in the checksum-fixed synthetic-routing-v1 review.","incomplete_context_do_not_claim_eligible"
"route_85b94e25602b6592ada87874","react1.r03.registration","gate","CHILDAGE1_1 … CHILDAGE1_NA (15 fields) is asked when NCHILD1 matches the stated condition","any","database_missing","","approved","mathzero","2026-08-17","PDF page 9: IF NCHILD1 = 2+","Machine-extracted in the group-aware second pass. The displayed evidence may contain additional administrative or eligibility conditions that require human interpretation. Approved by mathzero in the checksum-fixed synthetic-routing-v1 review.","existing_question_gate_missing_codes_rejected"
"route_8f4587b138008763b372741c","react1.r03.registration","gate","WORKTYP2_1 … WORKTYP2_9 (10 fields) is asked when WORKTYP1_5, WORKTYP1_6, WORKTYP1_7 matches the stated condition","any","database_missing","","approved","mathzero","2026-08-17","PDF page 9: IF WORKTYP1= 5, 6, 7","Machine-extracted in the group-aware second pass. The displayed evidence may contain additional administrative or eligibility conditions that require human interpretation. Approved by mathzero in the checksum-fixed synthetic-routing-v1 review.","existing_question_gate_missing_codes_rejected"
"route_98ee08d54c627f8fddb30512","react1.r03.registration","gate","ADULTAGE_1 … ADULTAGE1_NA (22 fields) is asked when NADULTS matches the stated condition","any","database_missing","","approved","mathzero","2026-08-17","PDF page 6: IF NADULTS = 2+","Machine-extracted in the group-aware second pass. The displayed evidence may contain additional administrative or eligibility conditions that require human interpretation. Approved by mathzero in the checksum-fixed synthetic-routing-v1 review.","existing_question_gate_missing_codes_rejected"
"route_9afcda6fdd7b9600cb8266b0","react1.r03.registration","gate","INDCONFPARENT is asked when INDCONF matches the stated condition","any","database_missing","","approved","mathzero","2026-08-17","PDF page 4: IF INDCONF = 2 AND AGE Mail_Grp=2","Machine-extracted in the group-aware second pass. The displayed evidence may contain additional administrative or eligibility conditions that require human interpretation. Approved by mathzero in the checksum-fixed synthetic-routing-v1 review.","incomplete_context_do_not_claim_eligible"
"route_a178b470e7002cfb9bf75557","react1.r03.registration","gate","NCHILD is asked when INDCONFPARENT matches the stated condition","any","database_missing","","approved","mathzero","2026-08-17","PDF page 8: IF AGED Mail_Grp=1 or Mail_Grp=3 (Mail_Grp=2 INDCONFPARENT =1)","Machine-extracted candidate; requires direct human comparison with the displayed questionnaire page. Approved by mathzero in the checksum-fixed synthetic-routing-v1 review.","incomplete_context_do_not_claim_eligible"
"route_a3748bc8e535bedb51d8b980","react1.r03.registration","gate","AGE is asked when DOB matches the stated condition","any","database_missing","","approved","mathzero","2026-08-17","PDF page 5: ASK IF DOB = 1","Machine-extracted candidate; requires direct human comparison with the displayed questionnaire page. Approved by mathzero in the checksum-fixed synthetic-routing-v1 review.","existing_question_gate_missing_codes_rejected"
"route_b7086e822dbe0d5e39b755c7","react1.r03.registration","gate","NADULTS1 is asked when INDCONF matches the stated condition","any","database_missing","","approved","mathzero","2026-08-17","PDF page 7: IF AGED Mail_Grp=2 (INDCONF = 1)","Machine-extracted candidate; requires direct human comparison with the displayed questionnaire page. Approved by mathzero in the checksum-fixed synthetic-routing-v1 review.","incomplete_context_do_not_claim_eligible"
"route_d2ddd091a9638a70d4491ebb","react1.r03.registration","gate","NCHILD1 is asked when INDCONF matches the stated condition","any","database_missing","","approved","mathzero","2026-08-17","PDF page 8: IF AGED Mail_Grp=2 (INDCONF = 1)","Machine-extracted candidate; requires direct human comparison with the displayed questionnaire page. Approved by mathzero in the checksum-fixed synthetic-routing-v1 review.","incomplete_context_do_not_claim_eligible"
"route_d489d2348c3f04f93e82c236","react1.r03.registration","gate","PARNAME is asked when PARCONS matches the stated condition","any","database_missing","","approved","mathzero","2026-08-17","PDF page 6: IF PARCONS = 1","Machine-extracted candidate; requires direct human comparison with the displayed questionnaire page. Approved by mathzero in the checksum-fixed synthetic-routing-v1 review.","existing_question_gate_missing_codes_rejected"
"route_ec6e4a5d450b7296d8098078","react1.r03.registration","gate","CONTACT1 … CONTACT5 (7 fields) is asked when RESPCHK matches the stated condition","any","database_missing","","approved","mathzero","2026-08-17","PDF page 13: ASK IF RESPCHK=1","Machine-extracted in the group-aware second pass. The displayed evidence may contain additional administrative or eligibility conditions that require human interpretation. Approved by mathzero in the checksum-fixed synthetic-routing-v1 review.","existing_question_gate_missing_codes_rejected"
"route_f255531ab56e9529a2c066ac","react1.r03.registration","gate","NADULTS is asked when INDCONFPARENT matches the stated condition","any","database_missing","","approved","mathzero","2026-08-17","PDF page 6: IF AGED Mail_Grp=1 OR Mail_Grp=3 OR (Mail_Grp=2 INDCONFPARENT =1)","Machine-extracted candidate; requires direct human comparison with the displayed questionnaire page. Approved by mathzero in the checksum-fixed synthetic-routing-v1 review.","incomplete_context_do_not_claim_eligible"
"route_ffd4833b81320b8dbe6d42a2","react1.r03.registration","gate","CHILDAGE_1 … CHILDAGE1_NA (31 fields) is asked when NCHILD matches the stated condition","any","database_missing","","approved","mathzero","2026-08-17","PDF page 8: IF NCHILD = 1+","Machine-extracted in the group-aware second pass. The displayed evidence may contain additional administrative or eligibility conditions that require human interpretation. Approved by mathzero in the checksum-fixed synthetic-routing-v1 review.","existing_question_gate_missing_codes_rejected"
"route_03fdb50170312673228089bb","react1.r04.individual","gate","PCRPREV2 is asked when PCRPREV1 matches the stated condition","any","database_missing","","approved","mathzero","2026-08-17","PDF page 24: IF PCRPREV1 = 1 or 2","Machine-extracted candidate; requires direct human comparison with the displayed questionnaire page. Approved by mathzero in the checksum-fixed synthetic-routing-v1 review.","existing_question_gate_missing_codes_rejected"
"route_06368e70bd4b4f3d8e501663","react1.r04.individual","gate","ABPREV3 is asked when ABPREV1 matches the stated condition","any","database_missing","","approved","mathzero","2026-08-17","PDF page 26: IF ABPREV1 = 1 or 2","Machine-extracted candidate; requires direct human comparison with the displayed questionnaire page. Approved by mathzero in the checksum-fixed synthetic-routing-v1 review.","existing_question_gate_missing_codes_rejected"
"route_095c531684d364f2a495f337","react1.r04.individual","gate","INSTREASE1 is asked when SWAATTEMPT matches the stated condition","any","database_missing","","approved","mathzero","2026-08-17","PDF page 23: IF SWATTEMPT=1 or 2 ","Machine-extracted in the group-aware second pass. The displayed evidence may contain additional administrative or eligibility conditions that require human interpretation. Approved by mathzero in the checksum-fixed synthetic-routing-v1 review.","existing_question_gate_missing_codes_rejected"
"route_0a2786ef94e18d64d4ed4bea","react1.r04.individual","gate","PCRPREV4 is asked when PCRPREV1 matches the stated condition","any","database_missing","","approved","mathzero","2026-08-17","PDF page 25: IF PCRPREV1= 2 AND PCPREV3 = 2, 3 or 4","Machine-extracted candidate; requires direct human comparison with the displayed questionnaire page. Approved by mathzero in the checksum-fixed synthetic-routing-v1 review.","existing_question_gate_missing_codes_rejected"
"route_18a72568539ada55e1414a25","react1.r04.individual","gate","CARETYPE is asked when CAREHOME matches the stated condition","any","database_missing","","approved","mathzero","2026-08-17","PDF page 31: IF CAREHOME=1","Machine-extracted candidate; requires direct human comparison with the displayed questionnaire page. Approved by mathzero in the checksum-fixed synthetic-routing-v1 review.","existing_question_gate_missing_codes_rejected"
"route_196b184f9881814effad38b8","react1.r04.individual","gate","CONTACT5 is asked when CONTACT1 matches the stated condition","any","database_missing","","approved","mathzero","2026-08-17","PDF page 20: IF CONTACT1 = 1+ AND LEAVE2 =1","Machine-extracted candidate; requires direct human comparison with the displayed questionnaire page. Approved by mathzero in the checksum-fixed synthetic-routing-v1 review.","existing_question_gate_missing_codes_rejected"
"route_1c5d46052bc970789b40e7bf","react1.r04.individual","gate","INDCONFPARENT is asked when INDCONF matches the stated condition","any","database_missing","","approved","mathzero","2026-08-17","PDF page 4: IF INDCONF = 2 AND Mail_Grp 2","Machine-extracted candidate; requires direct human comparison with the displayed questionnaire page. Approved by mathzero in the checksum-fixed synthetic-routing-v1 review.","incomplete_context_do_not_claim_eligible"
"route_1fa040600712f19d8ce1c2ea","react1.r04.individual","gate","EDTYPE is asked when EMPL matches the stated condition","any","database_missing","","approved","mathzero","2026-08-17","PDF page 30: IF MAIL_GRP1 AND EMPL = 7","Machine-extracted candidate; requires direct human comparison with the displayed questionnaire page. Approved by mathzero in the checksum-fixed synthetic-routing-v1 review.","incomplete_context_do_not_claim_eligible"
"route_1fbfb4f7ac53bbfef183d389","react1.r04.individual","gate","SWAHELP is asked when SWAATTEMPT matches the stated condition","any","database_missing","","approved","mathzero","2026-08-17","PDF page 22: IF SWAATTEMPT = 1 (ATTEMPTED SWAB TEST)","Machine-extracted candidate; requires direct human comparison with the displayed questionnaire page. Approved by mathzero in the checksum-fixed synthetic-routing-v1 review.","existing_question_gate_missing_codes_rejected"
"route_224f971551e6c567b4a0dec0","react1.r04.individual","gate","SWACOMPLETEWHYN_1 … SWACOMPLETEWHYN_13 (13 fields) is asked when SWASTATUS matches the stated condition","any","database_missing","","approved","mathzero","2026-08-17","PDF page 22: IF SWASTATUS = 2 (TRIED BUT NOT COMPLETED)","Machine-extracted in the group-aware second pass. The displayed evidence may contain additional administrative or eligibility conditions that require human interpretation. Approved by mathzero in the checksum-fixed synthetic-routing-v1 review.","existing_question_gate_missing_codes_rejected"
"route_2498d20891a2250a8a20994b","react1.r04.individual","gate","COVIDCONHH is asked when COVIDCONPL_1 matches the stated condition","any","database_missing","","approved","mathzero","2026-08-17","PDF page 12: ASK IF COVIDCONPL=1","Machine-extracted in the group-aware second pass. The displayed evidence may contain additional administrative or eligibility conditions that require human interpretation. Approved by mathzero in the checksum-fixed synthetic-routing-v1 review.","existing_question_gate_missing_codes_rejected"
"route_2a81c4018b68fd0e57f9d087","react1.r04.individual","gate","HOUSTYP is asked when DWELLTYP matches the stated condition","any","database_missing","","approved","mathzero","2026-08-17","PDF page 28: IF DWELLTYP = 1","Machine-extracted candidate; requires direct human comparison with the displayed questionnaire page. Approved by mathzero in the checksum-fixed synthetic-routing-v1 review.","existing_question_gate_missing_codes_rejected"
"route_2ddf580e433cfd80379490e9","react1.r04.individual","gate","FLATTYP is asked when DWELLTYP matches the stated condition","any","database_missing","","approved","mathzero","2026-08-17","PDF page 28: IF DWELLTYP = 2","Machine-extracted candidate; requires direct human comparison with the displayed questionnaire page. Approved by mathzero in the checksum-fixed synthetic-routing-v1 review.","existing_question_gate_missing_codes_rejected"
"route_45dbb2110725f334dfe93080","react1.r04.individual","gate","TEMPC is asked when TEMPA matches the stated condition","any","database_missing","","approved","mathzero","2026-08-17","PDF page 11: IF TEMPA = 1","Machine-extracted candidate; requires direct human comparison with the displayed questionnaire page. Approved by mathzero in the checksum-fixed synthetic-routing-v1 review.","existing_question_gate_missing_codes_rejected"
"route_47b4a1132cfb5bb5bf666767","react1.r04.individual","gate","COVIDCONNUM is asked when COVIDCON_1 matches the stated condition","any","database_missing","","approved","mathzero","2026-08-17","PDF page 11: ASK IF COVIDCON=1 ","Machine-extracted in the group-aware second pass. The displayed evidence may contain additional administrative or eligibility conditions that require human interpretation. Approved by mathzero in the checksum-fixed synthetic-routing-v1 review.","existing_question_gate_missing_codes_rejected"
"route_569422c9920b861842733be1","react1.r04.individual","gate","COVIDB is asked when COVIDA matches the stated condition","any","database_missing","","approved","mathzero","2026-08-17","PDF page 14: IF COVIDA = 1, 2 or 3","Machine-extracted candidate; requires direct human comparison with the displayed questionnaire page. Approved by mathzero in the checksum-fixed synthetic-routing-v1 review.","existing_question_gate_missing_codes_rejected"
"route_59e25697bf3377d72a6ae9ab","react1.r04.individual","gate","SWASTATUS is asked when SWAATTEMPT matches the stated condition","any","database_missing","","approved","mathzero","2026-08-17","PDF page 20: IF SWAATTEMPT=1","Machine-extracted candidate; requires direct human comparison with the displayed questionnaire page. Approved by mathzero in the checksum-fixed synthetic-routing-v1 review.","existing_question_gate_missing_codes_rejected"
"route_5a2ffc78ba5dfd2cf4d73868","react1.r04.individual","gate","COVIDCONPL_1 … COVIDCONPL_5 (6 fields) is asked when COVIDCON_1 matches the stated condition","any","database_missing","","approved","mathzero","2026-08-17","PDF page 12: ASK IF COVIDCON=1 AND COVIDCONNUM = 1-3","Machine-extracted in the group-aware second pass. The displayed evidence may contain additional administrative or eligibility conditions that require human interpretation. Approved by mathzero in the checksum-fixed synthetic-routing-v1 review.","existing_question_gate_missing_codes_rejected"
"route_6ef2c4eee149e515fc487036","react1.r04.individual","gate","SWABDATE is asked when SWASTATUS matches the stated condition","any","database_missing","","approved","mathzero","2026-08-17","PDF page 21: IF SWASTATUS = 1 (COMPLETED SWAB TEST)","Machine-extracted candidate; requires direct human comparison with the displayed questionnaire page. Approved by mathzero in the checksum-fixed synthetic-routing-v1 review.","existing_question_gate_missing_codes_rejected"
"route_7be62551551e94cce2e78e57","react1.r04.individual","gate","COVIDCONWP is asked when COVIDCONPL_2 matches the stated condition","any","database_missing","","approved","mathzero","2026-08-17","PDF page 12: ASK IF COVIDCONPL=2 AND MAIL_GRP1 OR MAIL_GRP2 AND INDONF-=1","Machine-extracted in the group-aware second pass. The displayed evidence may contain additional administrative or eligibility conditions that require human interpretation. Approved by mathzero in the checksum-fixed synthetic-routing-v1 review.","incomplete_context_do_not_claim_eligible"
"route_8f427865c8ab2e065307e769","react1.r04.individual","gate","BEHAVA1 … BEHAVA18 (18 fields) is asked when INDCONF matches the stated condition","any","database_missing","","approved","mathzero","2026-08-17","PDF page 16: ASK AGED Mail_Grp 1 OR (AGED Mail_Grp 2 AND INDCONF=1)","Machine-extracted in the group-aware second pass. The displayed evidence may contain additional administrative or eligibility conditions that require human interpretation. Approved by mathzero in the checksum-fixed synthetic-routing-v1 review.","incomplete_context_do_not_claim_eligible"
"route_9211025aad2cfa123389a1b7","react1.r04.individual","gate","KINDMED_1 … KINDMED_TXT (8 fields) is asked when SEEKMED matches the stated condition","any","database_missing","","approved","mathzero","2026-08-17","PDF page 10: IF SEEKMED = 1","Machine-extracted in the group-aware second pass. The displayed evidence may contain additional administrative or eligibility conditions that require human interpretation. Approved by mathzero in the checksum-fixed synthetic-routing-v1 review.","existing_question_gate_missing_codes_rejected"
"route_94c81a764fccddf260b8c9ff","react1.r04.individual","gate","CAMPUS2 is asked when UNIMOVE matches the stated condition","any","database_missing","","approved","mathzero","2026-08-17","PDF page 31: IF UNIMOVE=2","Machine-extracted candidate; requires direct human comparison with the displayed questionnaire page. Approved by mathzero in the checksum-fixed synthetic-routing-v1 review.","existing_question_gate_missing_codes_rejected"
"route_98960d31c25e3ab110ad4e80","react1.r04.individual","gate","SYMPTANY3_1 … SYMPTANY3_10 (10 fields) is asked when FEELUN matches the stated condition","any","database_missing","","approved","mathzero","2026-08-17","PDF page 7: IF FEELUN =1 ","Machine-extracted in the group-aware second pass. The displayed evidence may contain additional administrative or eligibility conditions that require human interpretation. Approved by mathzero in the checksum-fixed synthetic-routing-v1 review.","existing_question_gate_missing_codes_rejected"
"route_9a61f90f72f39927d16d3615","react1.r04.individual","gate","UNIMOVE is asked when EMPL matches the stated condition","any","database_missing","","approved","mathzero","2026-08-17","PDF page 30: IF MAIL_GRP1 AND EMPL = 7","Machine-extracted candidate; requires direct human comparison with the displayed questionnaire page. Approved by mathzero in the checksum-fixed synthetic-routing-v1 review.","incomplete_context_do_not_claim_eligible"
"route_9f1ae6c7361b7f8cb8f62852","react1.r04.individual","gate","PCRPREV3 is asked when PCRPREV1 matches the stated condition","any","database_missing","","approved","mathzero","2026-08-17","PDF page 25: IF PCRPREV1 = 1 or 2","Machine-extracted candidate; requires direct human comparison with the displayed questionnaire page. Approved by mathzero in the checksum-fixed synthetic-routing-v1 review.","existing_question_gate_missing_codes_rejected"
"route_a093c263cee7a7767b8f0075","react1.r04.individual","gate","COVIDPWP is asked when COVIDCON_1 matches the stated condition","any","database_missing","","approved","mathzero","2026-08-17","PDF page 13: ASK IF COVIDCON=1","Machine-extracted in the group-aware second pass. The displayed evidence may contain additional administrative or eligibility conditions that require human interpretation. Approved by mathzero in the checksum-fixed synthetic-routing-v1 review.","existing_question_gate_missing_codes_rejected"
"route_a10beb24589edc2d5c861e90","react1.r04.individual","gate","CAMPUS1 is asked when UNIMOVE matches the stated condition","any","database_missing","","approved","mathzero","2026-08-17","PDF page 30: IF UNIMOVE=1","Machine-extracted candidate; requires direct human comparison with the displayed questionnaire page. Approved by mathzero in the checksum-fixed synthetic-routing-v1 review.","existing_question_gate_missing_codes_rejected"
"route_a1502de092270a6d4b69d29f","react1.r04.individual","gate","PERSCARE is asked when CAREHOME matches the stated condition","any","database_missing","","approved","mathzero","2026-08-17","PDF page 31: IF CAREHOME = 2 OR CAREHOME = 3PERSCARE","Machine-extracted in the group-aware second pass. The displayed evidence may contain additional administrative or eligibility conditions that require human interpretation. Approved by mathzero in the checksum-fixed synthetic-routing-v1 review.","existing_question_gate_missing_codes_rejected"
"route_a3173fa5edcd17c8dfe046b4","react1.r04.individual","gate","ABPREV5 is asked when ABPREV4 matches the stated condition","any","database_missing","","approved","mathzero","2026-08-17","PDF page 26: IF ABPREV4=1","Machine-extracted candidate; requires direct human comparison with the displayed questionnaire page. Approved by mathzero in the checksum-fixed synthetic-routing-v1 review.","existing_question_gate_missing_codes_rejected"
"route_a6c42109f8d5b4e256b5529d","react1.r04.individual","gate","INDCONFCARER is asked when INDCONF matches the stated condition","any","database_missing","","approved","mathzero","2026-08-17","PDF page 4: IF INDCONF =2 AND Mail_Grp 1","Machine-extracted candidate; requires direct human comparison with the displayed questionnaire page. Approved by mathzero in the checksum-fixed synthetic-routing-v1 review.","incomplete_context_do_not_claim_eligible"
"route_a858f814405eb47fdb8ec0e2","react1.r04.individual","gate","COVIDCONSS_1 … COVIDCONSS_6 (6 fields) is asked when COVIDCONPL_4 matches the stated condition","any","database_missing","","approved","mathzero","2026-08-17","PDF page 13: ASK IF COVIDCONPL=4","Machine-extracted in the group-aware second pass. The displayed evidence may contain additional administrative or eligibility conditions that require human interpretation. Approved by mathzero in the checksum-fixed synthetic-routing-v1 review.","existing_question_gate_missing_codes_rejected"
"route_a9a3a597ed6a03c6d3995f3f","react1.r04.individual","gate","ABPREV2 is asked when ABPREV1 matches the stated condition","any","database_missing","","approved","mathzero","2026-08-17","PDF page 26: IF ABPREV1 = 1 or 2","Machine-extracted candidate; requires direct human comparison with the displayed questionnaire page. Approved by mathzero in the checksum-fixed synthetic-routing-v1 review.","existing_question_gate_missing_codes_rejected"
"route_b0d5ea4eedefe36ae45b98dd","react1.r04.individual","gate","COVIDTETA is asked when COVIDTETR matches the stated condition","any","database_missing","","approved","mathzero","2026-08-17","PDF page 27: ASK IF COVIDTETR = 1","Machine-extracted candidate; requires direct human comparison with the displayed questionnaire page. Approved by mathzero in the checksum-fixed synthetic-routing-v1 review.","existing_question_gate_missing_codes_rejected"
"route_b0e8c5c4911632f12f870dc2","react1.r04.individual","gate","COVIDTETW is asked when COVIDTETR matches the stated condition","any","database_missing","","approved","mathzero","2026-08-17","PDF page 27: ASK IF COVIDTETR = 1","Machine-extracted candidate; requires direct human comparison with the displayed questionnaire page. Approved by mathzero in the checksum-fixed synthetic-routing-v1 review.","existing_question_gate_missing_codes_rejected"
"route_b5dda10db8ce493c666ba0d5","react1.r04.individual","gate","CONTACT4_1 … CONTACT4_5 (5 fields) is asked when CONTACT1 matches the stated condition","any","database_missing","","approved","mathzero","2026-08-17","PDF page 19: IF CONTACT1=1+ ","Machine-extracted in the group-aware second pass. The displayed evidence may contain additional administrative or eligibility conditions that require human interpretation. Approved by mathzero in the checksum-fixed synthetic-routing-v1 review.","existing_question_gate_missing_codes_rejected"
"route_c61273db4a40f6ba5eab7dcd","react1.r04.individual","gate","PCRPREV5 is asked when PCRPREV4 matches the stated condition","any","database_missing","","approved","mathzero","2026-08-17","PDF page 25: IF PCRPREV4=1","Machine-extracted candidate; requires direct human comparison with the displayed questionnaire page. Approved by mathzero in the checksum-fixed synthetic-routing-v1 review.","existing_question_gate_missing_codes_rejected"
"route_d46993993852e26216c20b05","react1.r04.individual","gate","ABPREV4 is asked when ABPREV1 matches the stated condition","any","database_missing","","approved","mathzero","2026-08-17","PDF page 26: IF ABPREV1= 2 AND ABPREV3 = 2, 3 or 4 ","Machine-extracted in the group-aware second pass. The displayed evidence may contain additional administrative or eligibility conditions that require human interpretation. Approved by mathzero in the checksum-fixed synthetic-routing-v1 review.","existing_question_gate_missing_codes_rejected"
"route_d69a5737e6d4b534eaaec1c8","react1.r04.individual","gate","FRIDG is asked when SWASTATUS matches the stated condition","any","database_missing","","approved","mathzero","2026-08-17","PDF page 22: IF SWASTATUS = 1 (COMPLETED SWAB TEST)","Machine-extracted candidate; requires direct human comparison with the displayed questionnaire page. Approved by mathzero in the checksum-fixed synthetic-routing-v1 review.","existing_question_gate_missing_codes_rejected"
"route_d77246b3b07403172708ac4d","react1.r04.individual","gate","TEMPB01, TEMPB02, TEMPB03 is asked when TEMPA matches the stated condition","any","database_missing","","approved","mathzero","2026-08-17","PDF page 10: IF TEMPA = 1 ","Machine-extracted in the group-aware second pass. The displayed evidence may contain additional administrative or eligibility conditions that require human interpretation. Approved by mathzero in the checksum-fixed synthetic-routing-v1 review.","existing_question_gate_missing_codes_rejected"
"route_dd644a40cdec27ba5434a510","react1.r04.individual","gate","SWAWHYN2_1 … SWAWHYN2_19 (20 fields) is asked when SWASTATUSNO matches the stated condition","any","database_missing","","approved","mathzero","2026-08-17","PDF page 23: ASK IF SWASTATUSNO = 2 OR 3","Machine-extracted in the group-aware second pass. The displayed evidence may contain additional administrative or eligibility conditions that require human interpretation. Approved by mathzero in the checksum-fixed synthetic-routing-v1 review.","existing_question_gate_missing_codes_rejected"
"route_e05afef47dcc281b7283ef1f","react1.r04.individual","gate","SWACOURSUIT_1 … SWACOURSUIT_5_OTH (6 fields) is asked when SWACOUR matches the stated condition","any","database_missing","","approved","mathzero","2026-08-17","PDF page 21: IF SWACOUR =4","Machine-extracted in the group-aware second pass. The displayed evidence may contain additional administrative or eligibility conditions that require human interpretation. Approved by mathzero in the checksum-fixed synthetic-routing-v1 review.","existing_question_gate_missing_codes_rejected"
"route_e6c78f05c938faceddda830b","react1.r04.individual","gate","LFTEASE is asked when SWAATTEMPT matches the stated condition","any","database_missing","","approved","mathzero","2026-08-17","PDF page 24: IF SWAATTEMPT = 1","Machine-extracted candidate; requires direct human comparison with the displayed questionnaire page. Approved by mathzero in the checksum-fixed synthetic-routing-v1 review.","existing_question_gate_missing_codes_rejected"
"route_eb1fb524518742716d7e092e","react1.r04.individual","gate","SYMPTNOWAW_1 … SYMPTNOWAW_28 (28 fields) is asked when SYMPTANY1_1 … SYMPTANY3_10 (29 fields) matches the stated condition","any","database_missing","","approved","mathzero","2026-08-17","PDF page 8: IF ANY SELECTED AT SYMPTANY1, SYMPTANY2, SYMPTANY3 ","Machine-extracted in the group-aware second pass. The displayed evidence may contain additional administrative or eligibility conditions that require human interpretation. Approved by mathzero in the checksum-fixed synthetic-routing-v1 review.","existing_question_gate_missing_codes_rejected"
"route_ed360e10f1c0d9e1b3347fff","react1.r04.individual","gate","SYMPTANY1_1 … SYMPTANY1_5 (5 fields) is asked when FEELUN matches the stated condition","any","database_missing","","approved","mathzero","2026-08-17","PDF page 5: IF FEELUN =1 ","Machine-extracted in the group-aware second pass. The displayed evidence may contain additional administrative or eligibility conditions that require human interpretation. Approved by mathzero in the checksum-fixed synthetic-routing-v1 review.","existing_question_gate_missing_codes_rejected"
"route_efa96a2d00c45e4cea184396","react1.r04.individual","gate","SWASTATUSNO is asked when SWAATTEMPT matches the stated condition","any","database_missing","","approved","mathzero","2026-08-17","PDF page 20: IF SWAATTEMPT=2 OR SWASTATUS = 3","Machine-extracted in the group-aware second pass. The displayed evidence may contain additional administrative or eligibility conditions that require human interpretation. Approved by mathzero in the checksum-fixed synthetic-routing-v1 review.","existing_question_gate_missing_codes_rejected"
"route_f0c8e348e8b30acaebf9b72c","react1.r04.individual","gate","SWACOUR is asked when SWASTATUS matches the stated condition","any","database_missing","","approved","mathzero","2026-08-17","PDF page 21: IF SWASTATUS = 1 OR SWASTATUSNO = 1","Machine-extracted in the group-aware second pass. The displayed evidence may contain additional administrative or eligibility conditions that require human interpretation. Approved by mathzero in the checksum-fixed synthetic-routing-v1 review.","existing_question_gate_missing_codes_rejected"
"route_ffba717ed22941f69a97e6f8","react1.r04.individual","gate","SYMPTANY2_1 … SYMPTANY2_14 (14 fields) is asked when FEELUN matches the stated condition","any","database_missing","","approved","mathzero","2026-08-17","PDF page 6: IF FEELUN =1 ","Machine-extracted in the group-aware second pass. The displayed evidence may contain additional administrative or eligibility conditions that require human interpretation. Approved by mathzero in the checksum-fixed synthetic-routing-v1 review.","existing_question_gate_missing_codes_rejected"
"route_53f9e70fbf192e12c7c24b7b","react1.r04.registration","gate","INDCONFPARENT is asked when INDCONF matches the stated condition","any","database_missing","","approved","mathzero","2026-08-17","PDF page 4: IF INDCONF = 2 AND Mail_Grp=2","Machine-extracted candidate; requires direct human comparison with the displayed questionnaire page. Approved by mathzero in the checksum-fixed synthetic-routing-v1 review.","incomplete_context_do_not_claim_eligible"
"route_5a97ea8a87d92c3208fc0a12","react1.r04.registration","gate","ADULTAGE1_1 … ADULTAGE1_NA (11 fields) is asked when NADULTS1 matches the stated condition","any","database_missing","","approved","mathzero","2026-08-17","PDF page 7: IF NADULTS1 = 1+","Machine-extracted in the group-aware second pass. The displayed evidence may contain additional administrative or eligibility conditions that require human interpretation. Approved by mathzero in the checksum-fixed synthetic-routing-v1 review.","existing_question_gate_missing_codes_rejected"
"route_5bf17a009817f58fa72477ae","react1.r04.registration","gate","SMOKECIG is asked when SMOKENOW matches the stated condition","any","database_missing","","approved","mathzero","2026-08-17","PDF page 13: IF SMOKENOW = 2 or 3","Machine-extracted candidate; requires direct human comparison with the displayed questionnaire page. Approved by mathzero in the checksum-fixed synthetic-routing-v1 review.","existing_question_gate_missing_codes_rejected"
"route_6233968b6257f302fa19930f","react1.r04.registration","gate","INDCONFCARER is asked when INDCONF matches the stated condition","any","database_missing","","approved","mathzero","2026-08-17","PDF page 4: IF INDCONF =2 AND Mail_Grp=1","Machine-extracted candidate; requires direct human comparison with the displayed questionnaire page. Approved by mathzero in the checksum-fixed synthetic-routing-v1 review.","incomplete_context_do_not_claim_eligible"
"route_72fa5bece3c0866ae5735c5a","react1.r04.registration","gate","ADULTAGE_1 … ADULTAGE1_NA (22 fields) is asked when NADULTS matches the stated condition","any","database_missing","","approved","mathzero","2026-08-17","PDF page 7: IF NADULTS = 2+","Machine-extracted in the group-aware second pass. The displayed evidence may contain additional administrative or eligibility conditions that require human interpretation. Approved by mathzero in the checksum-fixed synthetic-routing-v1 review.","existing_question_gate_missing_codes_rejected"
"route_7943885ef73079a8e731b9cf","react1.r04.registration","gate","CHILDAGE1_1 … CHILDAGE1_NA (15 fields) is asked when NCHILD1 matches the stated condition","any","database_missing","","approved","mathzero","2026-08-17","PDF page 9: IF NCHILD1 = 2+","Machine-extracted in the group-aware second pass. The displayed evidence may contain additional administrative or eligibility conditions that require human interpretation. Approved by mathzero in the checksum-fixed synthetic-routing-v1 review.","existing_question_gate_missing_codes_rejected"
"route_a5c35d4882c50bdbab100914","react1.r04.registration","gate","SMOKECIGDATE_MONTH, SMOKECIGDATE_YEAR is asked when SMOKECIG matches the stated condition","any","database_missing","","approved","mathzero","2026-08-17","PDF page 13: IF SMOKECIG= 1 AND SMOKENOW=2 ","Machine-extracted in the group-aware second pass. The displayed evidence may contain additional administrative or eligibility conditions that require human interpretation. Approved by mathzero in the checksum-fixed synthetic-routing-v1 review.","existing_question_gate_missing_codes_rejected"
"route_abbd00737ff7426eedef557b","react1.r04.registration","gate","WORKTYP2_6 … WORKTYP2_5 (12 fields) is asked when WORKTYP1_5, WORKTYP1_6, WORKTYP1_7 matches the stated condition","any","database_missing","","approved","mathzero","2026-08-17","PDF page 10: IF WORKTYP1= 5, 6, 7","Machine-extracted in the group-aware second pass. The displayed evidence may contain additional administrative or eligibility conditions that require human interpretation. Approved by mathzero in the checksum-fixed synthetic-routing-v1 review.","existing_question_gate_missing_codes_rejected"
"route_e3329c42b7460c3152b074cb","react1.r04.registration","gate","CHILDAGE_1 … CHILDAGE1_NA (31 fields) is asked when NCHILD matches the stated condition","any","database_missing","","approved","mathzero","2026-08-17","PDF page 8: ASK IF MAIL_GRP1 OR MAIL_GRP3 AND NCHILD=2+ OR MAIL_GRP2 AND","Machine-extracted in the group-aware second pass. The displayed evidence may contain additional administrative or eligibility conditions that require human interpretation. Approved by mathzero in the checksum-fixed synthetic-routing-v1 review.","incomplete_context_do_not_claim_eligible"
"route_ee39bf3035821563fd4436a0","react1.r04.registration","gate","PARNAME is asked when PARCONS matches the stated condition","any","database_missing","","approved","mathzero","2026-08-17","PDF page 6: IF PARCONS = 1","Machine-extracted candidate; requires direct human comparison with the displayed questionnaire page. Approved by mathzero in the checksum-fixed synthetic-routing-v1 review.","existing_question_gate_missing_codes_rejected"
"route_efeb53f83153a6f216025abe","react1.r04.registration","gate","NADULTS is asked when INDCONFPARENT matches the stated condition","any","database_missing","","approved","mathzero","2026-08-17","PDF page 6: IF AGED Mail_Grp=1 OR Mail_Grp=3 OR (Mail_Grp=2 INDCONFPARENT =1)","Machine-extracted candidate; requires direct human comparison with the displayed questionnaire page. Approved by mathzero in the checksum-fixed synthetic-routing-v1 review.","incomplete_context_do_not_claim_eligible"
"route_026f488a05bcc391d914c63b","react1.r05.individual","gate","COVIDCONNUM is asked when COVIDCON_1 matches the stated condition","any","database_missing","","approved","mathzero","2026-08-17","PDF page 12: ASK IF COVIDCON=1 ","Machine-extracted in the group-aware second pass. The displayed evidence may contain additional administrative or eligibility conditions that require human interpretation. Approved by mathzero in the checksum-fixed synthetic-routing-v1 review.","existing_question_gate_missing_codes_rejected"
"route_06eaa935047a6cba32dd6fd0","react1.r05.individual","gate","PERSCARE is asked when CAREHOME matches the stated condition","any","database_missing","","approved","mathzero","2026-08-17","PDF page 31: IF CAREHOME = 2 OR CAREHOME = 3PERSCARE","Machine-extracted in the group-aware second pass. The displayed evidence may contain additional administrative or eligibility conditions that require human interpretation. Approved by mathzero in the checksum-fixed synthetic-routing-v1 review.","existing_question_gate_missing_codes_rejected"
"route_12eb6ffa6b0655a5e581718d","react1.r05.individual","gate","SWASTATUS is asked when SWAATTEMPT matches the stated condition","any","database_missing","","approved","mathzero","2026-08-17","PDF page 20: IF SWAATTEMPT=1","Machine-extracted candidate; requires direct human comparison with the displayed questionnaire page. Approved by mathzero in the checksum-fixed synthetic-routing-v1 review.","existing_question_gate_missing_codes_rejected"
"route_14e21e8f041a58b13afbccf1","react1.r05.individual","gate","COVIDCONSS_1 … COVIDCONSS_6 (6 fields) is asked when COVIDCONPL_4 matches the stated condition","any","database_missing","","approved","mathzero","2026-08-17","PDF page 13: ASK IF COVIDCONPL=4","Machine-extracted in the group-aware second pass. The displayed evidence may contain additional administrative or eligibility conditions that require human interpretation. Approved by mathzero in the checksum-fixed synthetic-routing-v1 review.","existing_question_gate_missing_codes_rejected"
"route_23ce7b1d73daca7d89b0904f","react1.r05.individual","gate","COVIDB is asked when COVIDA matches the stated condition","any","database_missing","","approved","mathzero","2026-08-17","PDF page 14: IF COVIDA = 1, 2 or 3","Machine-extracted candidate; requires direct human comparison with the displayed questionnaire page. Approved by mathzero in the checksum-fixed synthetic-routing-v1 review.","existing_question_gate_missing_codes_rejected"
"route_2baf26141b3da3af6680d4be","react1.r05.individual","gate","COVIDCONPL_1 … COVIDCONPL_5 (6 fields) is asked when COVIDCON_1 matches the stated condition","any","database_missing","","approved","mathzero","2026-08-17","PDF page 12: ASK IF COVIDCON=1 AND COVIDCONNUM = 1-3","Machine-extracted in the group-aware second pass. The displayed evidence may contain additional administrative or eligibility conditions that require human interpretation. Approved by mathzero in the checksum-fixed synthetic-routing-v1 review.","existing_question_gate_missing_codes_rejected"
"route_410fdfaa99ca092f3521c922","react1.r05.individual","gate","ABPREV5 is asked when ABPREV4 matches the stated condition","any","database_missing","","approved","mathzero","2026-08-17","PDF page 26: IF ABPREV4=1","Machine-extracted candidate; requires direct human comparison with the displayed questionnaire page. Approved by mathzero in the checksum-fixed synthetic-routing-v1 review.","existing_question_gate_missing_codes_rejected"
"route_426ff067b40f20822f32d663","react1.r05.individual","gate","LFTEASE is asked when SWAATTEMPT matches the stated condition","any","database_missing","","approved","mathzero","2026-08-17","PDF page 24: IF SWAATTEMPT = 1","Machine-extracted candidate; requires direct human comparison with the displayed questionnaire page. Approved by mathzero in the checksum-fixed synthetic-routing-v1 review.","existing_question_gate_missing_codes_rejected"
"route_448dd5440963737e8aa5f246","react1.r05.individual","gate","LASTABROAD is asked when NUMVISIT matches the stated condition","any","database_missing","","approved","mathzero","2026-08-17","PDF page 33: IF NUMVISIT =3+","Machine-extracted candidate; requires direct human comparison with the displayed questionnaire page. Approved by mathzero in the checksum-fixed synthetic-routing-v1 review.","existing_question_gate_missing_codes_rejected"
"route_4767a126c69e5228d7ee2f15","react1.r05.individual","gate","PCRPREV4 is asked when PCRPREV1 matches the stated condition","any","database_missing","","approved","mathzero","2026-08-17","PDF page 25: IF PCRPREV1= 2 AND PCPREV3 = 2, 3 or 4","Machine-extracted candidate; requires direct human comparison with the displayed questionnaire page. Approved by mathzero in the checksum-fixed synthetic-routing-v1 review.","existing_question_gate_missing_codes_rejected"
"route_4d1e1d34ff9e9b1d391cd432","react1.r05.individual","gate","PCRPREV2 is asked when PCRPREV1 matches the stated condition","any","database_missing","","approved","mathzero","2026-08-17","PDF page 24: IF PCRPREV1 = 1 or 2","Machine-extracted candidate; requires direct human comparison with the displayed questionnaire page. Approved by mathzero in the checksum-fixed synthetic-routing-v1 review.","existing_question_gate_missing_codes_rejected"
"route_4d6f0134c2ea6bd543308d2a","react1.r05.individual","gate","SWACOMPLETEWHYN_1 … SWACOMPLETEWHYN_13 (13 fields) is asked when SWASTATUS matches the stated condition","any","database_missing","","approved","mathzero","2026-08-17","PDF page 22: IF SWASTATUS = 2 (TRIED BUT NOT COMPLETED)","Machine-extracted in the group-aware second pass. The displayed evidence may contain additional administrative or eligibility conditions that require human interpretation. Approved by mathzero in the checksum-fixed synthetic-routing-v1 review.","existing_question_gate_missing_codes_rejected"
"route_57fcfd149619424f69a51eb4","react1.r05.individual","gate","SYMPTANY3_1 … SYMPTANY3_10 (10 fields) is asked when FEELUN matches the stated condition","any","database_missing","","approved","mathzero","2026-08-17","PDF page 7: IF FEELUN =1 ","Machine-extracted in the group-aware second pass. The displayed evidence may contain additional administrative or eligibility conditions that require human interpretation. Approved by mathzero in the checksum-fixed synthetic-routing-v1 review.","existing_question_gate_missing_codes_rejected"
"route_6a717c398dd4ae4b69960839","react1.r05.individual","gate","CARETYPE is asked when CAREHOME matches the stated condition","any","database_missing","","approved","mathzero","2026-08-17","PDF page 31: IF CAREHOME=1","Machine-extracted candidate; requires direct human comparison with the displayed questionnaire page. Approved by mathzero in the checksum-fixed synthetic-routing-v1 review.","existing_question_gate_missing_codes_rejected"
"route_714d588d80cae95c86af68fd","react1.r05.individual","gate","TEMPB01, TEMPB02, TEMPB03 is asked when TEMPA matches the stated condition","any","database_missing","","approved","mathzero","2026-08-17","PDF page 11: IF TEMPA = 1 ","Machine-extracted in the group-aware second pass. The displayed evidence may contain additional administrative or eligibility conditions that require human interpretation. Approved by mathzero in the checksum-fixed synthetic-routing-v1 review.","existing_question_gate_missing_codes_rejected"
"route_7874c4a1c7d283562a1f9f26","react1.r05.individual","gate","COVIDTETW is asked when COVIDTETR matches the stated condition","any","database_missing","","approved","mathzero","2026-08-17","PDF page 27: ASK IF COVIDTETR = 1","Machine-extracted candidate; requires direct human comparison with the displayed questionnaire page. Approved by mathzero in the checksum-fixed synthetic-routing-v1 review.","existing_question_gate_missing_codes_rejected"
"route_7a87d6826a57a398f43b87f8","react1.r05.individual","gate","KINDMED_1 … KINDMED_TXT (8 fields) is asked when SEEKMED matches the stated condition","any","database_missing","","approved","mathzero","2026-08-17","PDF page 10: IF SEEKMED = 1","Machine-extracted in the group-aware second pass. The displayed evidence may contain additional administrative or eligibility conditions that require human interpretation. Approved by mathzero in the checksum-fixed synthetic-routing-v1 review.","existing_question_gate_missing_codes_rejected"
"route_7b75495b2516a5d2851c5a2d","react1.r05.individual","gate","SYMPTANY1_1 … SYMPTANY1_5 (5 fields) is asked when FEELUN matches the stated condition","any","database_missing","","approved","mathzero","2026-08-17","PDF page 5: IF FEELUN =1 ","Machine-extracted in the group-aware second pass. The displayed evidence may contain additional administrative or eligibility conditions that require human interpretation. Approved by mathzero in the checksum-fixed synthetic-routing-v1 review.","existing_question_gate_missing_codes_rejected"
"route_7bac7bb8b84835413c8e36d0","react1.r05.individual","gate","COVIDCONHH is asked when COVIDCONPL_1 matches the stated condition","any","database_missing","","approved","mathzero","2026-08-17","PDF page 12: ASK IF COVIDCONPL=1","Machine-extracted in the group-aware second pass. The displayed evidence may contain additional administrative or eligibility conditions that require human interpretation. Approved by mathzero in the checksum-fixed synthetic-routing-v1 review.","existing_question_gate_missing_codes_rejected"
"route_8b617bc42bccc6fc1fda087c","react1.r05.individual","gate","SWASTATUSNO is asked when SWAATTEMPT matches the stated condition","any","database_missing","","approved","mathzero","2026-08-17","PDF page 20: IF SWAATTEMPT=2 OR SWASTATUS = 3","Machine-extracted in the group-aware second pass. The displayed evidence may contain additional administrative or eligibility conditions that require human interpretation. Approved by mathzero in the checksum-fixed synthetic-routing-v1 review.","existing_question_gate_missing_codes_rejected"
"route_8c54f33cfcd3d8a3c3663836","react1.r05.individual","gate","INDCONFCARER is asked when INDCONF matches the stated condition","any","database_missing","","approved","mathzero","2026-08-17","PDF page 4: IF INDCONF =2 AND Mail_Grp 1","Machine-extracted candidate; requires direct human comparison with the displayed questionnaire page. Approved by mathzero in the checksum-fixed synthetic-routing-v1 review.","incomplete_context_do_not_claim_eligible"
"route_9240211c71344fc6e82f3724","react1.r05.individual","gate","ABPREV2 is asked when ABPREV1 matches the stated condition","any","database_missing","","approved","mathzero","2026-08-17","PDF page 26: IF ABPREV1 = 1 or 2","Machine-extracted candidate; requires direct human comparison with the displayed questionnaire page. Approved by mathzero in the checksum-fixed synthetic-routing-v1 review.","existing_question_gate_missing_codes_rejected"
"route_95a917cb9d87e0d178bbd585","react1.r05.individual","gate","SYMPTNOWAW_1 … SYMPTNOWAW_27 (28 fields) is asked when SYMPTANY1_1 … SYMPTANY3_10 (29 fields) matches the stated condition","any","database_missing","","approved","mathzero","2026-08-17","PDF page 8: IF ANY SELECTED AT SYMPTANY1, SYMPTANY2, SYMPTANY3 ","Machine-extracted in the group-aware second pass. The displayed evidence may contain additional administrative or eligibility conditions that require human interpretation. Approved by mathzero in the checksum-fixed synthetic-routing-v1 review.","existing_question_gate_missing_codes_rejected"
"route_95f80f333c7031f17d85ccf7","react1.r05.individual","gate","CAMPUS1 is asked when EMPL matches the stated condition","any","database_missing","","approved","mathzero","2026-08-17","PDF page 30: IF MAIL_GRP1 AND EMPL = 7","Machine-extracted candidate; requires direct human comparison with the displayed questionnaire page. Approved by mathzero in the checksum-fixed synthetic-routing-v1 review.","incomplete_context_do_not_claim_eligible"
"route_987cdd38ddd1a0bea37d585b","react1.r05.individual","gate","PCRPREV3 is asked when PCRPREV1 matches the stated condition","any","database_missing","","approved","mathzero","2026-08-17","PDF page 25: IF PCRPREV1 = 1 or 2","Machine-extracted candidate; requires direct human comparison with the displayed questionnaire page. Approved by mathzero in the checksum-fixed synthetic-routing-v1 review.","existing_question_gate_missing_codes_rejected"
"route_9a981b7482b324e9cb52f34a","react1.r05.individual","gate","COUNTRYVISIT1, COUNTRYVISIT2 is asked when ABROAD matches the stated condition","any","database_missing","","approved","mathzero","2026-08-17","PDF page 32: IF ABROAD = 1","Machine-extracted in the group-aware second pass. The displayed evidence may contain additional administrative or eligibility conditions that require human interpretation. Approved by mathzero in the checksum-fixed synthetic-routing-v1 review.","existing_question_gate_missing_codes_rejected"
"route_9f3dc4e2901172c2342765f4","react1.r05.individual","gate","EDTYPE is asked when EMPL matches the stated condition","any","database_missing","","approved","mathzero","2026-08-17","PDF page 30: IF MAIL_GRP1 AND EMPL = 7","Machine-extracted candidate; requires direct human comparison with the displayed questionnaire page. Approved by mathzero in the checksum-fixed synthetic-routing-v1 review.","incomplete_context_do_not_claim_eligible"
"route_a021a379239381b2e3860181","react1.r05.individual","gate","COVIDTETA is asked when COVIDTETR matches the stated condition","any","database_missing","","approved","mathzero","2026-08-17","PDF page 27: ASK IF COVIDTETR = 1","Machine-extracted candidate; requires direct human comparison with the displayed questionnaire page. Approved by mathzero in the checksum-fixed synthetic-routing-v1 review.","existing_question_gate_missing_codes_rejected"
"route_aa5ba75700c084eec2cc03fe","react1.r05.individual","gate","COVIDPWP is asked when COVIDCON_1 matches the stated condition","any","database_missing","","approved","mathzero","2026-08-17","PDF page 13: ASK IF COVIDCON=1","Machine-extracted in the group-aware second pass. The displayed evidence may contain additional administrative or eligibility conditions that require human interpretation. Approved by mathzero in the checksum-fixed synthetic-routing-v1 review.","existing_question_gate_missing_codes_rejected"
"route_abcd3a82f03489ddfc38af4d","react1.r05.individual","gate","ABPREV3 is asked when ABPREV1 matches the stated condition","any","database_missing","","approved","mathzero","2026-08-17","PDF page 26: IF ABPREV1 = 1 or 2","Machine-extracted candidate; requires direct human comparison with the displayed questionnaire page. Approved by mathzero in the checksum-fixed synthetic-routing-v1 review.","existing_question_gate_missing_codes_rejected"
"route_bfb6b2195ed07081ce96a2fd","react1.r05.individual","gate","SWAWHYN2_1 … SWAWHYN2_19 (20 fields) is asked when SWASTATUSNO matches the stated condition","any","database_missing","","approved","mathzero","2026-08-17","PDF page 23: ASK IF SWASTATUSNO = 2 OR 3","Machine-extracted in the group-aware second pass. The displayed evidence may contain additional administrative or eligibility conditions that require human interpretation. Approved by mathzero in the checksum-fixed synthetic-routing-v1 review.","existing_question_gate_missing_codes_rejected"
"route_c00f46412245d6f12ad01cd2","react1.r05.individual","gate","SWAHELP is asked when SWAATTEMPT matches the stated condition","any","database_missing","","approved","mathzero","2026-08-17","PDF page 22: IF SWAATTEMPT = 1 (ATTEMPTED SWAB TEST)","Machine-extracted candidate; requires direct human comparison with the displayed questionnaire page. Approved by mathzero in the checksum-fixed synthetic-routing-v1 review.","existing_question_gate_missing_codes_rejected"
"route_c41b2b99e0fdfff1b7b4b5dc","react1.r05.individual","gate","INSTREASE1 is asked when SWAATTEMPT matches the stated condition","any","database_missing","","approved","mathzero","2026-08-17","PDF page 23: IF SWATTEMPT=1 or 2 ","Machine-extracted in the group-aware second pass. The displayed evidence may contain additional administrative or eligibility conditions that require human interpretation. Approved by mathzero in the checksum-fixed synthetic-routing-v1 review.","existing_question_gate_missing_codes_rejected"
"route_c4d55ab01a4032eb90c2a6b9","react1.r05.individual","gate","ABPREV4 is asked when ABPREV1 matches the stated condition","any","database_missing","","approved","mathzero","2026-08-17","PDF page 26: IF ABPREV1= 2 AND ABPREV3 = 2, 3 or 4","Machine-extracted in the group-aware second pass. The displayed evidence may contain additional administrative or eligibility conditions that require human interpretation. Approved by mathzero in the checksum-fixed synthetic-routing-v1 review.","existing_question_gate_missing_codes_rejected"
"route_c7a998dea4f3b156acfaf9e9","react1.r05.individual","gate","COVIDCONWP is asked when COVIDCONPL_2 matches the stated condition","any","database_missing","","approved","mathzero","2026-08-17","PDF page 13: ASK IF COVIDCONPL=2 AND MAIL_GRP1 OR MAIL_GRP2 AND INDONF-=1","Machine-extracted in the group-aware second pass. The displayed evidence may contain additional administrative or eligibility conditions that require human interpretation. Approved by mathzero in the checksum-fixed synthetic-routing-v1 review.","incomplete_context_do_not_claim_eligible"
"route_c82dca07350074dc1ea01735","react1.r05.individual","gate","INDCONFPARENT is asked when INDCONF matches the stated condition","any","database_missing","","approved","mathzero","2026-08-17","PDF page 4: IF INDCONF = 2 AND Mail_Grp 2","Machine-extracted candidate; requires direct human comparison with the displayed questionnaire page. Approved by mathzero in the checksum-fixed synthetic-routing-v1 review.","incomplete_context_do_not_claim_eligible"
"route_c860040f26566e93acdd985d","react1.r05.individual","gate","PCRPREV5 is asked when PCRPREV4 matches the stated condition","any","database_missing","","approved","mathzero","2026-08-17","PDF page 25: IF PCRPREV4=1","Machine-extracted candidate; requires direct human comparison with the displayed questionnaire page. Approved by mathzero in the checksum-fixed synthetic-routing-v1 review.","existing_question_gate_missing_codes_rejected"
"route_ca3643520f39d79113c9a1ee","react1.r05.individual","gate","SWACOUR is asked when SWASTATUS matches the stated condition","any","database_missing","","approved","mathzero","2026-08-17","PDF page 21: IF SWASTATUS = 1 OR SWASTATUSNO = 1","Machine-extracted in the group-aware second pass. The displayed evidence may contain additional administrative or eligibility conditions that require human interpretation. Approved by mathzero in the checksum-fixed synthetic-routing-v1 review.","existing_question_gate_missing_codes_rejected"
"route_cb7ed780ea810b41ed63643e","react1.r05.individual","gate","FRIDG is asked when SWASTATUS matches the stated condition","any","database_missing","","approved","mathzero","2026-08-17","PDF page 22: IF SWASTATUS = 1 (COMPLETED SWAB TEST)","Machine-extracted candidate; requires direct human comparison with the displayed questionnaire page. Approved by mathzero in the checksum-fixed synthetic-routing-v1 review.","existing_question_gate_missing_codes_rejected"
"route_d27d2f647c42d39a000e3bb7","react1.r05.individual","gate","FLATTYP is asked when DWELLTYP matches the stated condition","any","database_missing","","approved","mathzero","2026-08-17","PDF page 28: IF DWELLTYP = 2","Machine-extracted candidate; requires direct human comparison with the displayed questionnaire page. Approved by mathzero in the checksum-fixed synthetic-routing-v1 review.","existing_question_gate_missing_codes_rejected"
"route_d540aaf5e9490715f033b27f","react1.r05.individual","gate","CONTACT4_1 … CONTACT4_5 (5 fields) is asked when CONTACT1 matches the stated condition","any","database_missing","","approved","mathzero","2026-08-17","PDF page 19: IF CONTACT1=1+ ","Machine-extracted in the group-aware second pass. The displayed evidence may contain additional administrative or eligibility conditions that require human interpretation. Approved by mathzero in the checksum-fixed synthetic-routing-v1 review.","existing_question_gate_missing_codes_rejected"
"route_d8d826a4e4fbff2d365f020a","react1.r05.individual","gate","TEMPC is asked when TEMPA matches the stated condition","any","database_missing","","approved","mathzero","2026-08-17","PDF page 11: IF TEMPA = 1","Machine-extracted candidate; requires direct human comparison with the displayed questionnaire page. Approved by mathzero in the checksum-fixed synthetic-routing-v1 review.","existing_question_gate_missing_codes_rejected"
"route_df0b3ee94caccf3490ba1a87","react1.r05.individual","gate","CONTACT5 is asked when CONTACT1 matches the stated condition","any","database_missing","","approved","mathzero","2026-08-17","PDF page 20: IF CONTACT1 = 1+ AND LEAVE2 =1","Machine-extracted candidate; requires direct human comparison with the displayed questionnaire page. Approved by mathzero in the checksum-fixed synthetic-routing-v1 review.","existing_question_gate_missing_codes_rejected"
"route_e68279227a551a92e41b1049","react1.r05.individual","gate","SWACOURSUIT_1 … SWACOURSUIT_5_OTH (6 fields) is asked when SWACOUR matches the stated condition","any","database_missing","","approved","mathzero","2026-08-17","PDF page 21: IF SWACOUR =4","Machine-extracted in the group-aware second pass. The displayed evidence may contain additional administrative or eligibility conditions that require human interpretation. Approved by mathzero in the checksum-fixed synthetic-routing-v1 review.","existing_question_gate_missing_codes_rejected"
"route_ebdb0187fab6bb338b8ee795","react1.r05.individual","gate","SWABDATE is asked when SWASTATUS matches the stated condition","any","database_missing","","approved","mathzero","2026-08-17","PDF page 21: IF SWASTATUS = 1 (COMPLETED SWAB TEST)","Machine-extracted candidate; requires direct human comparison with the displayed questionnaire page. Approved by mathzero in the checksum-fixed synthetic-routing-v1 review.","existing_question_gate_missing_codes_rejected"
"route_f04981fd634201cc84c054a4","react1.r05.individual","gate","HOUSTYP is asked when DWELLTYP matches the stated condition","any","database_missing","","approved","mathzero","2026-08-17","PDF page 28: IF DWELLTYP = 1","Machine-extracted candidate; requires direct human comparison with the displayed questionnaire page. Approved by mathzero in the checksum-fixed synthetic-routing-v1 review.","existing_question_gate_missing_codes_rejected"
"route_fe7aab3a4dbc708d55124afc","react1.r05.individual","gate","SYMPTANY2_1 … SYMPTANY2_14 (14 fields) is asked when FEELUN matches the stated condition","any","database_missing","","approved","mathzero","2026-08-17","PDF page 6: IF FEELUN =1 ","Machine-extracted in the group-aware second pass. The displayed evidence may contain additional administrative or eligibility conditions that require human interpretation. Approved by mathzero in the checksum-fixed synthetic-routing-v1 review.","existing_question_gate_missing_codes_rejected"
"route_27c6f4c331cd7ad21cfb4ddd","react1.r05.registration","gate","PARNAME is asked when PARCONS matches the stated condition","any","database_missing","","approved","mathzero","2026-08-17","PDF page 6: IF PARCONS = 1","Machine-extracted candidate; requires direct human comparison with the displayed questionnaire page. Approved by mathzero in the checksum-fixed synthetic-routing-v1 review.","existing_question_gate_missing_codes_rejected"
"route_4162780e792a59a0769160eb","react1.r05.registration","gate","INDCONFPARENT is asked when INDCONF matches the stated condition","any","database_missing","","approved","mathzero","2026-08-17","PDF page 4: IF INDCONF = 2 AND Mail_Grp=2","Machine-extracted candidate; requires direct human comparison with the displayed questionnaire page. Approved by mathzero in the checksum-fixed synthetic-routing-v1 review.","incomplete_context_do_not_claim_eligible"
"route_5988b1139d046560e3cf96ed","react1.r05.registration","gate","NADULTS is asked when INDCONFPARENT matches the stated condition","any","database_missing","","approved","mathzero","2026-08-17","PDF page 6: IF AGED Mail_Grp=1 OR Mail_Grp=3 OR (Mail_Grp=2 INDCONFPARENT =1)","Machine-extracted candidate; requires direct human comparison with the displayed questionnaire page. Approved by mathzero in the checksum-fixed synthetic-routing-v1 review.","incomplete_context_do_not_claim_eligible"
"route_5fc8135366598c70782d63e1","react1.r05.registration","gate","WORKTYP2_1 … WORKTYP2_11 (12 fields) is asked when WORKTYP1_5, WORKTYP1_6, WORKTYP1_7 matches the stated condition","any","database_missing","","approved","mathzero","2026-08-17","PDF page 10: IF WORKTYP1= 5, 6, 7","Machine-extracted in the group-aware second pass. The displayed evidence may contain additional administrative or eligibility conditions that require human interpretation. Approved by mathzero in the checksum-fixed synthetic-routing-v1 review.","existing_question_gate_missing_codes_rejected"
"route_950b9353ce98cf575df0e4f8","react1.r05.registration","gate","ADULTAGE_1 … ADULTAGE1_NA (22 fields) is asked when NADULTS matches the stated condition","any","database_missing","","approved","mathzero","2026-08-17","PDF page 7: IF NADULTS = 2+","Machine-extracted in the group-aware second pass. The displayed evidence may contain additional administrative or eligibility conditions that require human interpretation. Approved by mathzero in the checksum-fixed synthetic-routing-v1 review.","existing_question_gate_missing_codes_rejected"
"route_9c14907a85c3b61970e3b746","react1.r05.registration","gate","SMOKECIGDATE_MONTH, SMOKECIGDATE_YEAR is asked when SMOKECIG matches the stated condition","any","database_missing","","approved","mathzero","2026-08-17","PDF page 13: IF SMOKECIG= 1 AND SMOKENOW=2 ","Machine-extracted in the group-aware second pass. The displayed evidence may contain additional administrative or eligibility conditions that require human interpretation. Approved by mathzero in the checksum-fixed synthetic-routing-v1 review.","existing_question_gate_missing_codes_rejected"
"route_a079554032c3e2ffac66b305","react1.r05.registration","gate","INDCONFCARER is asked when INDCONF matches the stated condition","any","database_missing","","approved","mathzero","2026-08-17","PDF page 4: IF INDCONF =2 AND Mail_Grp=1","Machine-extracted candidate; requires direct human comparison with the displayed questionnaire page. Approved by mathzero in the checksum-fixed synthetic-routing-v1 review.","incomplete_context_do_not_claim_eligible"
"route_a0bd7f1cbc8b84b2b0e4bc38","react1.r05.registration","gate","SMOKECIG is asked when SMOKENOW matches the stated condition","any","database_missing","","approved","mathzero","2026-08-17","PDF page 13: IF SMOKENOW = 2 or 3","Machine-extracted candidate; requires direct human comparison with the displayed questionnaire page. Approved by mathzero in the checksum-fixed synthetic-routing-v1 review.","existing_question_gate_missing_codes_rejected"
"route_adcc1d108be2f8002879dd16","react1.r05.registration","gate","ADULTAGE1_1 … ADULTAGE1_NA (11 fields) is asked when NADULTS1 matches the stated condition","any","database_missing","","approved","mathzero","2026-08-17","PDF page 7: IF NADULTS1 = 1+","Machine-extracted in the group-aware second pass. The displayed evidence may contain additional administrative or eligibility conditions that require human interpretation. Approved by mathzero in the checksum-fixed synthetic-routing-v1 review.","existing_question_gate_missing_codes_rejected"
"route_cd2a1177a7315b1d0c4f4086","react1.r05.registration","gate","CHILDAGE_1 … CHILDAGE1_NA (31 fields) is asked when NCHILD matches the stated condition","any","database_missing","","approved","mathzero","2026-08-17","PDF page 8: ASK IF MAIL_GRP1 OR MAIL_GRP3 AND NCHILD=2+ OR MAIL_GRP2 AND","Machine-extracted in the group-aware second pass. The displayed evidence may contain additional administrative or eligibility conditions that require human interpretation. Approved by mathzero in the checksum-fixed synthetic-routing-v1 review.","incomplete_context_do_not_claim_eligible"
"route_dea46e4b881dbb12e3bf4ed7","react1.r05.registration","gate","CHILDAGE1_1 … CHILDAGE1_NA (15 fields) is asked when NCHILD1 matches the stated condition","any","database_missing","","approved","mathzero","2026-08-17","PDF page 9: IF NCHILD1 = 2+","Machine-extracted in the group-aware second pass. The displayed evidence may contain additional administrative or eligibility conditions that require human interpretation. Approved by mathzero in the checksum-fixed synthetic-routing-v1 review.","existing_question_gate_missing_codes_rejected"
"route_0551ff49111180503423e3a4","react1.r06.individual","gate","EDTYPE is asked when EMPL matches the stated condition","any","database_missing","","approved","mathzero","2026-08-17","PDF page 33: IF MAIL_GRP1 AND EMPL = 7","Machine-extracted candidate; requires direct human comparison with the displayed questionnaire page. Approved by mathzero in the checksum-fixed synthetic-routing-v1 review.","incomplete_context_do_not_claim_eligible"
"route_092399349f10fbdebf44ef42","react1.r06.individual","gate","ABPREV4 is asked when ABPREV1 matches the stated condition","any","database_missing","","approved","mathzero","2026-08-17","PDF page 29: IF ABPREV1= 2 AND ABPREV3 = 2, 3 or 4 ","Machine-extracted in the group-aware second pass. The displayed evidence may contain additional administrative or eligibility conditions that require human interpretation. Approved by mathzero in the checksum-fixed synthetic-routing-v1 review.","existing_question_gate_missing_codes_rejected"
"route_0f10340597f9fb3b7e76d8f1","react1.r06.individual","gate","TEMPC is asked when TEMPA matches the stated condition","any","database_missing","","approved","mathzero","2026-08-17","PDF page 11: IF TEMPA = 1","Machine-extracted candidate; requires direct human comparison with the displayed questionnaire page. Approved by mathzero in the checksum-fixed synthetic-routing-v1 review.","existing_question_gate_missing_codes_rejected"
"route_12b4acd6b7c45c44a1f7f2ec","react1.r06.individual","gate","INDOORNUM_1 … INDOORNUM_7 (7 fields) is asked when INDOOR_1 matches the stated condition","any","database_missing","","approved","mathzero","2026-08-17","PDF page 22: IF INDOOR = 1-7","Machine-extracted in the group-aware second pass. The displayed evidence may contain additional administrative or eligibility conditions that require human interpretation. Approved by mathzero in the checksum-fixed synthetic-routing-v1 review.","existing_question_gate_missing_codes_rejected"
"route_12bd7a409525f840b4ce38a7","react1.r06.individual","gate","PCRPREV2 is asked when PCRPREV1 matches the stated condition","any","database_missing","","approved","mathzero","2026-08-17","PDF page 27: IF PCRPREV1 = 1 or 2","Machine-extracted candidate; requires direct human comparison with the displayed questionnaire page. Approved by mathzero in the checksum-fixed synthetic-routing-v1 review.","existing_question_gate_missing_codes_rejected"
"route_1a0414430128feebb9ed9faf","react1.r06.individual","gate","ABPREV3 is asked when ABPREV1 matches the stated condition","any","database_missing","","approved","mathzero","2026-08-17","PDF page 29: IF ABPREV1 = 1 or 2","Machine-extracted candidate; requires direct human comparison with the displayed questionnaire page. Approved by mathzero in the checksum-fixed synthetic-routing-v1 review.","existing_question_gate_missing_codes_rejected"
"route_27c5d87d61345aadf8f2203b","react1.r06.individual","gate","INDCONFPARENT is asked when INDCONF matches the stated condition","any","database_missing","","approved","mathzero","2026-08-17","PDF page 4: IF INDCONF = 2 AND Mail_Grp 2","Machine-extracted candidate; requires direct human comparison with the displayed questionnaire page. Approved by mathzero in the checksum-fixed synthetic-routing-v1 review.","incomplete_context_do_not_claim_eligible"
"route_2a9b961addb96cee6245f0b3","react1.r06.individual","gate","COVIDCONNUM is asked when COVIDCON_1 matches the stated condition","any","database_missing","","approved","mathzero","2026-08-17","PDF page 11: ASK IF COVIDCON=1 ","Machine-extracted in the group-aware second pass. The displayed evidence may contain additional administrative or eligibility conditions that require human interpretation. Approved by mathzero in the checksum-fixed synthetic-routing-v1 review.","existing_question_gate_missing_codes_rejected"
"route_2c45daee297cdafcd02ed628","react1.r06.individual","gate","COVIDCONSS_1 … COVIDCONSS_6 (6 fields) is asked when COVIDCONPL_4 matches the stated condition","any","database_missing","","approved","mathzero","2026-08-17","PDF page 13: ASK IF COVIDCONPL=4","Machine-extracted in the group-aware second pass. The displayed evidence may contain additional administrative or eligibility conditions that require human interpretation. Approved by mathzero in the checksum-fixed synthetic-routing-v1 review.","existing_question_gate_missing_codes_rejected"
"route_2e2016a4ee4f2a970103cbb7","react1.r06.individual","gate","SWASTATUSNO is asked when SWAATTEMPT matches the stated condition","any","database_missing","","approved","mathzero","2026-08-17","PDF page 25: IF SWAATTEMPT=2 OR SWASTATUS = 3","Machine-extracted in the group-aware second pass. The displayed evidence may contain additional administrative or eligibility conditions that require human interpretation. Approved by mathzero in the checksum-fixed synthetic-routing-v1 review.","existing_question_gate_missing_codes_rejected"
"route_36568d5c8584079204b97b3a","react1.r06.individual","gate","TEMPB01, TEMPB02, TEMPB03 is asked when TEMPA matches the stated condition","any","database_missing","","approved","mathzero","2026-08-17","PDF page 10: IF TEMPA = 1 ","Machine-extracted in the group-aware second pass. The displayed evidence may contain additional administrative or eligibility conditions that require human interpretation. Approved by mathzero in the checksum-fixed synthetic-routing-v1 review.","existing_question_gate_missing_codes_rejected"
"route_370327ebbdbde58dac6fed61","react1.r06.individual","gate","CROWDED is asked when INDOOR_3 matches the stated condition","any","database_missing","","approved","mathzero","2026-08-17","PDF page 22: IF INDOOR = 3","Machine-extracted in the group-aware second pass. The displayed evidence may contain additional administrative or eligibility conditions that require human interpretation. Approved by mathzero in the checksum-fixed synthetic-routing-v1 review.","existing_question_gate_missing_codes_rejected"
"route_3cdda0086fc03ab973051df0","react1.r06.individual","gate","SWABDATE is asked when SWASTATUS matches the stated condition","any","database_missing","","approved","mathzero","2026-08-17","PDF page 26: IF SWASTATUS = 1 (COMPLETED SWAB TEST)","Machine-extracted candidate; requires direct human comparison with the displayed questionnaire page. Approved by mathzero in the checksum-fixed synthetic-routing-v1 review.","existing_question_gate_missing_codes_rejected"
"route_3d9ea96f4c6a403ae1e457e1","react1.r06.individual","gate","SYMPTNOWAW_1 … SYMPTNOWAW_27 (28 fields) is asked when SYMPTANY1_1 … SYMPTANY3_10 (29 fields) matches the stated condition","any","database_missing","","approved","mathzero","2026-08-17","PDF page 8: IF ANY SELECTED AT SYMPTANY1, SYMPTANY2, SYMPTANY3 ","Machine-extracted in the group-aware second pass. The displayed evidence may contain additional administrative or eligibility conditions that require human interpretation. Approved by mathzero in the checksum-fixed synthetic-routing-v1 review.","existing_question_gate_missing_codes_rejected"
"route_4f1d4db07d823fda08c62be3","react1.r06.individual","gate","PCRPREV5 is asked when PCRPREV4 matches the stated condition","any","database_missing","","approved","mathzero","2026-08-17","PDF page 28: IF PCRPREV4=1","Machine-extracted candidate; requires direct human comparison with the displayed questionnaire page. Approved by mathzero in the checksum-fixed synthetic-routing-v1 review.","existing_question_gate_missing_codes_rejected"
"route_5305b0d3cd0fe2f2a6957727","react1.r06.individual","gate","COVIDTETW is asked when COVIDTETR matches the stated condition","any","database_missing","","approved","mathzero","2026-08-17","PDF page 30: ASK IF COVIDTETR = 1","Machine-extracted candidate; requires direct human comparison with the displayed questionnaire page. Approved by mathzero in the checksum-fixed synthetic-routing-v1 review.","existing_question_gate_missing_codes_rejected"
"route_5a3039fbb79fc7087785a412","react1.r06.individual","gate","COVIDTETA is asked when COVIDTETR matches the stated condition","any","database_missing","","approved","mathzero","2026-08-17","PDF page 30: ASK IF COVIDTETR = 1","Machine-extracted candidate; requires direct human comparison with the displayed questionnaire page. Approved by mathzero in the checksum-fixed synthetic-routing-v1 review.","existing_question_gate_missing_codes_rejected"
"route_5b98c7e2f9b60af1fed23738","react1.r06.individual","gate","SYMPTANY1_1 … SYMPTANY1_5 (5 fields) is asked when FEELUN matches the stated condition","any","database_missing","","approved","mathzero","2026-08-17","PDF page 5: IF FEELUN =1 ","Machine-extracted in the group-aware second pass. The displayed evidence may contain additional administrative or eligibility conditions that require human interpretation. Approved by mathzero in the checksum-fixed synthetic-routing-v1 review.","existing_question_gate_missing_codes_rejected"
"route_5d09d71272328840bd71182c","react1.r06.individual","gate","CARETYPE is asked when CAREHOME matches the stated condition","any","database_missing","","approved","mathzero","2026-08-17","PDF page 33: IF CAREHOME=1","Machine-extracted candidate; requires direct human comparison with the displayed questionnaire page. Approved by mathzero in the checksum-fixed synthetic-routing-v1 review.","existing_question_gate_missing_codes_rejected"
"route_60ae07bc305487e468182115","react1.r06.individual","gate","SWAHELP is asked when SWAATTEMPT matches the stated condition","any","database_missing","","approved","mathzero","2026-08-17","PDF page 27: IF SWAATTEMPT = 1 (ATTEMPTED SWAB TEST)","Machine-extracted candidate; requires direct human comparison with the displayed questionnaire page. Approved by mathzero in the checksum-fixed synthetic-routing-v1 review.","existing_question_gate_missing_codes_rejected"
"route_654caf716fe10de5bd178e62","react1.r06.individual","gate","CONTACT4_1 … CONTACT4_5 (5 fields) is asked when CONTACT1 matches the stated condition","any","database_missing","","approved","mathzero","2026-08-17","PDF page 24: IF CONTACT1=1+ ","Machine-extracted in the group-aware second pass. The displayed evidence may contain additional administrative or eligibility conditions that require human interpretation. Approved by mathzero in the checksum-fixed synthetic-routing-v1 review.","existing_question_gate_missing_codes_rejected"
"route_6683f0876f5d676ed21cdc21","react1.r06.individual","gate","CONTACT5 is asked when CONTACT1 matches the stated condition","any","database_missing","","approved","mathzero","2026-08-17","PDF page 25: IF CONTACT1 = 1+ AND LEAVE2 =1","Machine-extracted candidate; requires direct human comparison with the displayed questionnaire page. Approved by mathzero in the checksum-fixed synthetic-routing-v1 review.","existing_question_gate_missing_codes_rejected"
"route_66d0669f55419e3dd21f3710","react1.r06.individual","gate","SWASTATUS is asked when SWAATTEMPT matches the stated condition","any","database_missing","","approved","mathzero","2026-08-17","PDF page 25: IF SWAATTEMPT=1","Machine-extracted candidate; requires direct human comparison with the displayed questionnaire page. Approved by mathzero in the checksum-fixed synthetic-routing-v1 review.","existing_question_gate_missing_codes_rejected"
"route_6e1fea3fae3a05c731164288","react1.r06.individual","gate","LONGCOVID3_D, LONGCOVID3_W, LONGCOVID3_M is asked when LONGCOVID1 matches the stated condition","any","database_missing","","approved","mathzero","2026-08-17","PDF page 15: IF LONGCOVID1=1, 2 ","Machine-extracted in the group-aware second pass. The displayed evidence may contain additional administrative or eligibility conditions that require human interpretation. Approved by mathzero in the checksum-fixed synthetic-routing-v1 review.","existing_question_gate_missing_codes_rejected"
"route_70e3b14ea77fc68c971f8ffc","react1.r06.individual","gate","INDCONFCARER is asked when INDCONF matches the stated condition","any","database_missing","","approved","mathzero","2026-08-17","PDF page 4: IF INDCONF =2 AND Mail_Grp 1","Machine-extracted candidate; requires direct human comparison with the displayed questionnaire page. Approved by mathzero in the checksum-fixed synthetic-routing-v1 review.","incomplete_context_do_not_claim_eligible"
"route_726804631f324fc6833969bd","react1.r06.individual","gate","PERSCARE is asked when CAREHOME matches the stated condition","any","database_missing","","approved","mathzero","2026-08-17","PDF page 34: IF CAREHOME = 2 OR CAREHOME = 3","Machine-extracted candidate; requires direct human comparison with the displayed questionnaire page. Approved by mathzero in the checksum-fixed synthetic-routing-v1 review.","existing_question_gate_missing_codes_rejected"
"route_7c30a7e57cbcc93394f819d2","react1.r06.individual","gate","COVIDCONHH is asked when COVIDCONPL_1 matches the stated condition","any","database_missing","","approved","mathzero","2026-08-17","PDF page 12: ASK IF COVIDCONPL=1","Machine-extracted in the group-aware second pass. The displayed evidence may contain additional administrative or eligibility conditions that require human interpretation. Approved by mathzero in the checksum-fixed synthetic-routing-v1 review.","existing_question_gate_missing_codes_rejected"
"route_80ee3edfc69a682915a58bfa","react1.r06.individual","gate","HOUSTYP is asked when DWELLTYP matches the stated condition","any","database_missing","","approved","mathzero","2026-08-17","PDF page 31: IF DWELLTYP = 1","Machine-extracted candidate; requires direct human comparison with the displayed questionnaire page. Approved by mathzero in the checksum-fixed synthetic-routing-v1 review.","existing_question_gate_missing_codes_rejected"
"route_82139d7218fc6716843e388b","react1.r06.individual","gate","FLATTYP is asked when DWELLTYP matches the stated condition","any","database_missing","","approved","mathzero","2026-08-17","PDF page 31: IF DWELLTYP = 2","Machine-extracted candidate; requires direct human comparison with the displayed questionnaire page. Approved by mathzero in the checksum-fixed synthetic-routing-v1 review.","existing_question_gate_missing_codes_rejected"
"route_8417bffe1681e9fed72472ae","react1.r06.individual","gate","ABPREV2 is asked when ABPREV1 matches the stated condition","any","database_missing","","approved","mathzero","2026-08-17","PDF page 29: IF ABPREV1 = 1 or 2","Machine-extracted candidate; requires direct human comparison with the displayed questionnaire page. Approved by mathzero in the checksum-fixed synthetic-routing-v1 review.","existing_question_gate_missing_codes_rejected"
"route_88dd6d01b33e439fbe41ab37","react1.r06.individual","gate","COVIDPWP is asked when COVIDCON_1 matches the stated condition","any","database_missing","","approved","mathzero","2026-08-17","PDF page 13: ASK IF COVIDCON=1","Machine-extracted in the group-aware second pass. The displayed evidence may contain additional administrative or eligibility conditions that require human interpretation. Approved by mathzero in the checksum-fixed synthetic-routing-v1 review.","existing_question_gate_missing_codes_rejected"
"route_90fa72d744fcf41014708ac2","react1.r06.individual","gate","COUNTRYVISIT1, COUNTRYVISIT2 is asked when ABROAD matches the stated condition","any","database_missing","","approved","mathzero","2026-08-17","PDF page 35: IF ABROAD = 1","Machine-extracted in the group-aware second pass. The displayed evidence may contain additional administrative or eligibility conditions that require human interpretation. Approved by mathzero in the checksum-fixed synthetic-routing-v1 review.","existing_question_gate_missing_codes_rejected"
"route_9a0777fd343fdeb919a4f6e0","react1.r06.individual","gate","OUTDOORNUM_1 … OUTDOORNUM_6 (6 fields) is asked when OUTDOOR_1 matches the stated condition","any","database_missing","","approved","mathzero","2026-08-17","PDF page 23: IF OUTDOOR = 1-7","Machine-extracted in the group-aware second pass. The displayed evidence may contain additional administrative or eligibility conditions that require human interpretation. Approved by mathzero in the checksum-fixed synthetic-routing-v1 review.","existing_question_gate_missing_codes_rejected"
"route_9af5345c879f2c9336fa889a","react1.r06.individual","gate","FRIDG is asked when SWASTATUS matches the stated condition","any","database_missing","","approved","mathzero","2026-08-17","PDF page 27: IF SWASTATUS = 1 (COMPLETED SWAB TEST)","Machine-extracted candidate; requires direct human comparison with the displayed questionnaire page. Approved by mathzero in the checksum-fixed synthetic-routing-v1 review.","existing_question_gate_missing_codes_rejected"
"route_a5001ceac20ba3c1f38e8056","react1.r06.individual","gate","COVIDCONWP is asked when COVIDCONPL_2 matches the stated condition","any","database_missing","","approved","mathzero","2026-08-17","PDF page 12: ASK IF COVIDCONPL=2 AND MAIL_GRP1 OR MAIL_GRP2 AND INDONF-=1","Machine-extracted in the group-aware second pass. The displayed evidence may contain additional administrative or eligibility conditions that require human interpretation. Approved by mathzero in the checksum-fixed synthetic-routing-v1 review.","incomplete_context_do_not_claim_eligible"
"route_a7afeeec55145b15b036465b","react1.r06.individual","gate","SYMPTANY3_1 … SYMPTANY3_10 (10 fields) is asked when FEELUN matches the stated condition","any","database_missing","","approved","mathzero","2026-08-17","PDF page 7: IF FEELUN =1 ","Machine-extracted in the group-aware second pass. The displayed evidence may contain additional administrative or eligibility conditions that require human interpretation. Approved by mathzero in the checksum-fixed synthetic-routing-v1 review.","existing_question_gate_missing_codes_rejected"
"route_b37f13bd45ca2e19aca8a8dc","react1.r06.individual","gate","LONGCOVID2_1 … LONGCOVID2_20_OTHER (21 fields) is asked when LONGCOVID1 matches the stated condition","any","database_missing","","approved","mathzero","2026-08-17","PDF page 15: IF LONGCOVID1=1, 2 ","Machine-extracted in the group-aware second pass. The displayed evidence may contain additional administrative or eligibility conditions that require human interpretation. Approved by mathzero in the checksum-fixed synthetic-routing-v1 review.","existing_question_gate_missing_codes_rejected"
"route_b7886708f74b14f7ce728ae7","react1.r06.individual","gate","LONGCOVID1 is asked when COVIDA matches the stated condition","any","database_missing","","approved","mathzero","2026-08-17","PDF page 14: IF COVIDA=1, 2, 3","Machine-extracted candidate; requires direct human comparison with the displayed questionnaire page. Approved by mathzero in the checksum-fixed synthetic-routing-v1 review.","existing_question_gate_missing_codes_rejected"
"route_b7deb93b7ff5f87f048a79ef","react1.r06.individual","gate","SWACOUR is asked when SWASTATUS matches the stated condition","any","database_missing","","approved","mathzero","2026-08-17","PDF page 26: IF SWASTATUS = 1 OR SWASTATUSNO = 1","Machine-extracted in the group-aware second pass. The displayed evidence may contain additional administrative or eligibility conditions that require human interpretation. Approved by mathzero in the checksum-fixed synthetic-routing-v1 review.","existing_question_gate_missing_codes_rejected"
"route_bf085f92b622cb7ce8a8c202","react1.r06.individual","gate","KINDMED_1 … KINDMED_TXT (8 fields) is asked when SEEKMED matches the stated condition","any","database_missing","","approved","mathzero","2026-08-17","PDF page 10: IF SEEKMED = 1","Machine-extracted in the group-aware second pass. The displayed evidence may contain additional administrative or eligibility conditions that require human interpretation. Approved by mathzero in the checksum-fixed synthetic-routing-v1 review.","existing_question_gate_missing_codes_rejected"
"route_c9f3267c103afed6e9a8f112","react1.r06.individual","gate","PCRPREV3 is asked when PCRPREV1 matches the stated condition","any","database_missing","","approved","mathzero","2026-08-17","PDF page 28: IF PCRPREV1 = 1 or 2","Machine-extracted candidate; requires direct human comparison with the displayed questionnaire page. Approved by mathzero in the checksum-fixed synthetic-routing-v1 review.","existing_question_gate_missing_codes_rejected"
"route_cdb56f7027ec04f12dca1c39","react1.r06.individual","gate","COVIDCONPL_1 … COVIDCONPL_5 (6 fields) is asked when COVIDCON_1 matches the stated condition","any","database_missing","","approved","mathzero","2026-08-17","PDF page 12: ASK IF COVIDCON=1 AND COVIDCONNUM = 1-3","Machine-extracted in the group-aware second pass. The displayed evidence may contain additional administrative or eligibility conditions that require human interpretation. Approved by mathzero in the checksum-fixed synthetic-routing-v1 review.","existing_question_gate_missing_codes_rejected"
"route_d0b458449f87f2c9400fab35","react1.r06.individual","gate","SYMPTANY2_1 … SYMPTANY2_14 (14 fields) is asked when FEELUN matches the stated condition","any","database_missing","","approved","mathzero","2026-08-17","PDF page 6: IF FEELUN =1 ","Machine-extracted in the group-aware second pass. The displayed evidence may contain additional administrative or eligibility conditions that require human interpretation. Approved by mathzero in the checksum-fixed synthetic-routing-v1 review.","existing_question_gate_missing_codes_rejected"
"route_d45a9d3cfde6a27623fa222a","react1.r06.individual","gate","PCRPREV4 is asked when PCRPREV1 matches the stated condition","any","database_missing","","approved","mathzero","2026-08-17","PDF page 28: IF PCRPREV1= 2 AND PCPREV3 = 2, 3 or 4","Machine-extracted candidate; requires direct human comparison with the displayed questionnaire page. Approved by mathzero in the checksum-fixed synthetic-routing-v1 review.","existing_question_gate_missing_codes_rejected"
"route_dba8649d472fb6b457f15889","react1.r06.individual","gate","COVIDB is asked when COVIDA matches the stated condition","any","database_missing","","approved","mathzero","2026-08-17","PDF page 14: IF COVIDA = 1, 2 or 3","Machine-extracted candidate; requires direct human comparison with the displayed questionnaire page. Approved by mathzero in the checksum-fixed synthetic-routing-v1 review.","existing_question_gate_missing_codes_rejected"
"route_df89ee0687aa1811db746df2","react1.r06.individual","gate","LASTABROAD is asked when NUMVISIT matches the stated condition","any","database_missing","","approved","mathzero","2026-08-17","PDF page 36: IF NUMVISIT =3+","Machine-extracted candidate; requires direct human comparison with the displayed questionnaire page. Approved by mathzero in the checksum-fixed synthetic-routing-v1 review.","existing_question_gate_missing_codes_rejected"
"route_dfd11e24da2075e08439ce5c","react1.r06.individual","gate","ABPREV5 is asked when ABPREV4 matches the stated condition","any","database_missing","","approved","mathzero","2026-08-17","PDF page 29: IF ABPREV4=1","Machine-extracted candidate; requires direct human comparison with the displayed questionnaire page. Approved by mathzero in the checksum-fixed synthetic-routing-v1 review.","existing_question_gate_missing_codes_rejected"
"route_fef479d99c6597d69759280f","react1.r06.individual","gate","SWACOURSUIT_1 … SWACOURSUIT_5_OTH (6 fields) is asked when SWACOUR matches the stated condition","any","database_missing","","approved","mathzero","2026-08-17","PDF page 26: IF SWACOUR =4","Machine-extracted in the group-aware second pass. The displayed evidence may contain additional administrative or eligibility conditions that require human interpretation. Approved by mathzero in the checksum-fixed synthetic-routing-v1 review.","existing_question_gate_missing_codes_rejected"
"route_190db170f5faacf88db4285f","react1.r06.registration","gate","SMOKECIG is asked when SMOKENOW matches the stated condition","any","database_missing","","approved","mathzero","2026-08-17","PDF page 14: IF SMOKENOW = 2 or 3","Machine-extracted candidate; requires direct human comparison with the displayed questionnaire page. Approved by mathzero in the checksum-fixed synthetic-routing-v1 review.","existing_question_gate_missing_codes_rejected"
"route_2dacc69151805fbe6eec39d3","react1.r06.registration","gate","SMOKEVAPDATE_MONTH, SMOKEVAPDATE_YEAR is asked when SMOKEVAP matches the stated condition","any","database_missing","","approved","mathzero","2026-08-17","PDF page 15: IF SMOKEVAP= 1 ","Machine-extracted in the group-aware second pass. The displayed evidence may contain additional administrative or eligibility conditions that require human interpretation. Approved by mathzero in the checksum-fixed synthetic-routing-v1 review.","existing_question_gate_missing_codes_rejected"
"route_401d89e76b640d1b5f04813a","react1.r06.registration","gate","CHILDAGE1_1 … CHILDAGE1_NA (15 fields) is asked when NCHILD1 matches the stated condition","any","database_missing","","approved","mathzero","2026-08-17","PDF page 10: IF NCHILD1 = 2+","Machine-extracted in the group-aware second pass. The displayed evidence may contain additional administrative or eligibility conditions that require human interpretation. Approved by mathzero in the checksum-fixed synthetic-routing-v1 review.","existing_question_gate_missing_codes_rejected"
"route_59e2c230c6247d2db9d99c02","react1.r06.registration","gate","SMOKEFIVEYEAR is asked when SMOKENOW matches the stated condition","any","database_missing","","approved","mathzero","2026-08-17","PDF page 15: IF SMOKENOW =1","Machine-extracted candidate; requires direct human comparison with the displayed questionnaire page. Approved by mathzero in the checksum-fixed synthetic-routing-v1 review.","existing_question_gate_missing_codes_rejected"
"route_885b3d8532017604ed0a7052","react1.r06.registration","gate","CHILDAGE_1 … CHILDAGE1_NA (31 fields) is asked when NCHILD matches the stated condition","any","database_missing","","approved","mathzero","2026-08-17","PDF page 9: ASK IF MAIL_GRP1 OR MAIL_GRP3 AND NCHILD=2+ OR MAIL_GRP2 AND","Machine-extracted in the group-aware second pass. The displayed evidence may contain additional administrative or eligibility conditions that require human interpretation. Approved by mathzero in the checksum-fixed synthetic-routing-v1 review.","incomplete_context_do_not_claim_eligible"
"route_8c5029c8cf1a76301a010d44","react1.r06.registration","gate","INDCONFCARER is asked when INDCONF matches the stated condition","any","database_missing","","approved","mathzero","2026-08-17","PDF page 4: IF INDCONF =2 AND Mail_Grp=1","Machine-extracted candidate; requires direct human comparison with the displayed questionnaire page. Approved by mathzero in the checksum-fixed synthetic-routing-v1 review.","incomplete_context_do_not_claim_eligible"
"route_98382ff9306172c8254962ee","react1.r06.registration","gate","NADULTS is asked when INDCONFPARENT matches the stated condition","any","database_missing","","approved","mathzero","2026-08-17","PDF page 6: IF AGED Mail_Grp=1 OR Mail_Grp=3 OR (Mail_Grp=2 INDCONFPARENT =1)","Machine-extracted candidate; requires direct human comparison with the displayed questionnaire page. Approved by mathzero in the checksum-fixed synthetic-routing-v1 review.","incomplete_context_do_not_claim_eligible"
"route_a89ff7c4f7598ef1131b938a","react1.r06.registration","gate","SMOKEVAP is asked when VAPNOW matches the stated condition","any","database_missing","","approved","mathzero","2026-08-17","PDF page 15: IF VAPNOW = 2 or 3","Machine-extracted candidate; requires direct human comparison with the displayed questionnaire page. Approved by mathzero in the checksum-fixed synthetic-routing-v1 review.","existing_question_gate_missing_codes_rejected"
"route_b2038d51522ca2c41864daa4","react1.r06.registration","gate","SMOKECIGDATE_MONTH, SMOKECIGDATE_YEAR is asked when SMOKECIG matches the stated condition","any","database_missing","","approved","mathzero","2026-08-17","PDF page 14: IF SMOKECIG= 1 AND SMOKENOW=2 ","Machine-extracted in the group-aware second pass. The displayed evidence may contain additional administrative or eligibility conditions that require human interpretation. Approved by mathzero in the checksum-fixed synthetic-routing-v1 review.","existing_question_gate_missing_codes_rejected"
"route_b9d2ab8242beb332c338af52","react1.r06.registration","gate","ADULTAGE1_1 … ADULTAGE1_NA (11 fields) is asked when NADULTS1 matches the stated condition","any","database_missing","","approved","mathzero","2026-08-17","PDF page 8: IF NADULTS1 = 1+","Machine-extracted in the group-aware second pass. The displayed evidence may contain additional administrative or eligibility conditions that require human interpretation. Approved by mathzero in the checksum-fixed synthetic-routing-v1 review.","existing_question_gate_missing_codes_rejected"
"route_ba0dcb80ecd9e5104a04219b","react1.r06.registration","gate","ADULTAGE_1 … ADULTAGE1_NA (22 fields) is asked when NADULTS matches the stated condition","any","database_missing","","approved","mathzero","2026-08-17","PDF page 7: IF NADULTS = 2+","Machine-extracted in the group-aware second pass. The displayed evidence may contain additional administrative or eligibility conditions that require human interpretation. Approved by mathzero in the checksum-fixed synthetic-routing-v1 review.","existing_question_gate_missing_codes_rejected"
"route_c38bfa7675ad22048b555b3e","react1.r06.registration","gate","WORKTYP2_1 … WORKTYP2_9 (12 fields) is asked when WORKTYP1_5, WORKTYP1_6, WORKTYP1_7 matches the stated condition","any","database_missing","","approved","mathzero","2026-08-17","PDF page 11: IF WORKTYP1= 5, 6, 7","Machine-extracted in the group-aware second pass. The displayed evidence may contain additional administrative or eligibility conditions that require human interpretation. Approved by mathzero in the checksum-fixed synthetic-routing-v1 review.","existing_question_gate_missing_codes_rejected"
"route_e801bacf46df3f7c2e0c3b53","react1.r06.registration","gate","INDCONFPARENT is asked when INDCONF matches the stated condition","any","database_missing","","approved","mathzero","2026-08-17","PDF page 4: IF INDCONF = 2 AND Mail_Grp=2","Machine-extracted candidate; requires direct human comparison with the displayed questionnaire page. Approved by mathzero in the checksum-fixed synthetic-routing-v1 review.","incomplete_context_do_not_claim_eligible"
"route_0942bea4bd1c91896e2d54ca","react1.r07.individual","gate","COVIDTETW is asked when COVIDTETR matches the stated condition","any","database_missing","","approved","mathzero","2026-08-17","PDF page 28: ASK IF COVIDTETR = 1","Machine-extracted candidate; requires direct human comparison with the displayed questionnaire page. Approved by mathzero in the checksum-fixed synthetic-routing-v1 review.","existing_question_gate_missing_codes_rejected"
"route_0c4765c16b8ac44aaa08b86f","react1.r07.individual","gate","ABPREV2 is asked when ABPREV1 matches the stated condition","any","database_missing","","approved","mathzero","2026-08-17","PDF page 27: IF ABPREV1 = 1 or 2","Machine-extracted candidate; requires direct human comparison with the displayed questionnaire page. Approved by mathzero in the checksum-fixed synthetic-routing-v1 review.","existing_question_gate_missing_codes_rejected"
"route_0f73083fa93ec59be07e1a66","react1.r07.individual","gate","OUTDOORSPACE_1 … OUTDOORSPACE_8 (9 fields) is asked when LEAVELOCK matches the stated condition","any","database_missing","","approved","mathzero","2026-08-17","PDF page 20: IF LEAVELOCK = 1","Machine-extracted in the group-aware second pass. The displayed evidence may contain additional administrative or eligibility conditions that require human interpretation. Approved by mathzero in the checksum-fixed synthetic-routing-v1 review.","existing_question_gate_missing_codes_rejected"
"route_173656b16de5083d1b8fd9b7","react1.r07.individual","gate","PERSCARE is asked when CAREHOME matches the stated condition","any","database_missing","","approved","mathzero","2026-08-17","PDF page 33: IF CAREHOME = 2 OR CAREHOME = 3","Machine-extracted candidate; requires direct human comparison with the displayed questionnaire page. Approved by mathzero in the checksum-fixed synthetic-routing-v1 review.","existing_question_gate_missing_codes_rejected"
"route_1d0536b587574e1ea5228437","react1.r07.individual","gate","FLATTYP is asked when DWELLTYP matches the stated condition","any","database_missing","","approved","mathzero","2026-08-17","PDF page 30: IF DWELLTYP = 2","Machine-extracted candidate; requires direct human comparison with the displayed questionnaire page. Approved by mathzero in the checksum-fixed synthetic-routing-v1 review.","existing_question_gate_missing_codes_rejected"
"route_2222c3cf431e5b26e91a22c9","react1.r07.individual","gate","CONTACT6_1 … CONTACT6_4 (4 fields) is asked when CONTACT1 matches the stated condition","any","database_missing","","approved","mathzero","2026-08-17","PDF page 23: IF CONTACT1 = 1+","Machine-extracted in the group-aware second pass. The displayed evidence may contain additional administrative or eligibility conditions that require human interpretation. Approved by mathzero in the checksum-fixed synthetic-routing-v1 review.","existing_question_gate_missing_codes_rejected"
"route_2a58c948540297a444e925cc","react1.r07.individual","gate","PCRPREV5 is asked when PCRPREV4 matches the stated condition","any","database_missing","","approved","mathzero","2026-08-17","PDF page 26: IF PCRPREV4=1","Machine-extracted candidate; requires direct human comparison with the displayed questionnaire page. Approved by mathzero in the checksum-fixed synthetic-routing-v1 review.","existing_question_gate_missing_codes_rejected"
"route_2c0eb3895fc48440f10e313d","react1.r07.individual","gate","COUNTRYVISIT1, COUNTRYVISIT2 is asked when ABROAD matches the stated condition","any","database_missing","","approved","mathzero","2026-08-17","PDF page 34: IF ABROAD = 1","Machine-extracted in the group-aware second pass. The displayed evidence may contain additional administrative or eligibility conditions that require human interpretation. Approved by mathzero in the checksum-fixed synthetic-routing-v1 review.","existing_question_gate_missing_codes_rejected"
"route_359d241977359aa7df069526","react1.r07.individual","gate","CARETYPE is asked when CAREHOME matches the stated condition","any","database_missing","","approved","mathzero","2026-08-17","PDF page 32: IF CAREHOME=1","Machine-extracted candidate; requires direct human comparison with the displayed questionnaire page. Approved by mathzero in the checksum-fixed synthetic-routing-v1 review.","existing_question_gate_missing_codes_rejected"
"route_37248cfaf695efd65edec646","react1.r07.individual","gate","SWACOURSUIT_1 … SWACOURSUIT_5_OTH (6 fields) is asked when SWACOUR matches the stated condition","any","database_missing","","approved","mathzero","2026-08-17","PDF page 24: IF SWACOUR =4","Machine-extracted in the group-aware second pass. The displayed evidence may contain additional administrative or eligibility conditions that require human interpretation. Approved by mathzero in the checksum-fixed synthetic-routing-v1 review.","existing_question_gate_missing_codes_rejected"
"route_3806e2763c27fff02620d895","react1.r07.individual","gate","COVIDCONHH is asked when COVIDCONPL_1 matches the stated condition","any","database_missing","","approved","mathzero","2026-08-17","PDF page 12: ASK IF COVIDCONPL=1","Machine-extracted in the group-aware second pass. The displayed evidence may contain additional administrative or eligibility conditions that require human interpretation. Approved by mathzero in the checksum-fixed synthetic-routing-v1 review.","existing_question_gate_missing_codes_rejected"
"route_440f5f07d6414e36e9222cde","react1.r07.individual","gate","PCRPREV3 is asked when PCRPREV1 matches the stated condition","any","database_missing","","approved","mathzero","2026-08-17","PDF page 26: IF PCRPREV1 = 1 or 2","Machine-extracted candidate; requires direct human comparison with the displayed questionnaire page. Approved by mathzero in the checksum-fixed synthetic-routing-v1 review.","existing_question_gate_missing_codes_rejected"
"route_441c224d9c9bbf515dcfdf1e","react1.r07.individual","gate","LONGCOVID1 is asked when COVIDA matches the stated condition","any","database_missing","","approved","mathzero","2026-08-17","PDF page 14: IF COVIDA=1, 2, 3","Machine-extracted candidate; requires direct human comparison with the displayed questionnaire page. Approved by mathzero in the checksum-fixed synthetic-routing-v1 review.","existing_question_gate_missing_codes_rejected"
"route_46952c6f1287bf39937940bb","react1.r07.individual","gate","EDTYPE is asked when EMPL matches the stated condition","any","database_missing","","approved","mathzero","2026-08-17","PDF page 32: IF MAIL_GRP1 AND EMPL = 7","Machine-extracted candidate; requires direct human comparison with the displayed questionnaire page. Approved by mathzero in the checksum-fixed synthetic-routing-v1 review.","incomplete_context_do_not_claim_eligible"
"route_4a02e3c7975106719d292654","react1.r07.individual","gate","ABPREV4 is asked when ABPREV1 matches the stated condition","any","database_missing","","approved","mathzero","2026-08-17","PDF page 27: IF ABPREV1= 2 AND ABPREV3 = 2, 3 or 4","Machine-extracted in the group-aware second pass. The displayed evidence may contain additional administrative or eligibility conditions that require human interpretation. Approved by mathzero in the checksum-fixed synthetic-routing-v1 review.","existing_question_gate_missing_codes_rejected"
"route_4b4915301fc1ac85fd2a7e60","react1.r07.individual","gate","COVIDB is asked when COVIDA matches the stated condition","any","database_missing","","approved","mathzero","2026-08-17","PDF page 14: IF COVIDA = 1, 2 or 3","Machine-extracted candidate; requires direct human comparison with the displayed questionnaire page. Approved by mathzero in the checksum-fixed synthetic-routing-v1 review.","existing_question_gate_missing_codes_rejected"
"route_4beb89d1f7d0cf0807518975","react1.r07.individual","gate","SWABDATE is asked when SWASTATUS matches the stated condition","any","database_missing","","approved","mathzero","2026-08-17","PDF page 24: IF SWASTATUS = 1 (COMPLETED SWAB TEST)","Machine-extracted candidate; requires direct human comparison with the displayed questionnaire page. Approved by mathzero in the checksum-fixed synthetic-routing-v1 review.","existing_question_gate_missing_codes_rejected"
"route_4e8fdb48384b4ff6a789b004","react1.r07.individual","gate","PCRPREV2 is asked when PCRPREV1 matches the stated condition","any","database_missing","","approved","mathzero","2026-08-17","PDF page 26: IF PCRPREV1 = 1 or 2","Machine-extracted candidate; requires direct human comparison with the displayed questionnaire page. Approved by mathzero in the checksum-fixed synthetic-routing-v1 review.","existing_question_gate_missing_codes_rejected"
"route_573959a3c2fd5d81f23896ed","react1.r07.individual","gate","SYMPTANY2_1 … SYMPTANY2_14 (14 fields) is asked when FEELUN matches the stated condition","any","database_missing","","approved","mathzero","2026-08-17","PDF page 6: IF FEELUN =1 ","Machine-extracted in the group-aware second pass. The displayed evidence may contain additional administrative or eligibility conditions that require human interpretation. Approved by mathzero in the checksum-fixed synthetic-routing-v1 review.","existing_question_gate_missing_codes_rejected"
"route_5828a47c78d16a5532a40a7b","react1.r07.individual","gate","COVIDCONSS_1 … COVIDCONSS_6 (6 fields) is asked when COVIDCONPL_4 matches the stated condition","any","database_missing","","approved","mathzero","2026-08-17","PDF page 13: ASK IF COVIDCONPL=4","Machine-extracted in the group-aware second pass. The displayed evidence may contain additional administrative or eligibility conditions that require human interpretation. Approved by mathzero in the checksum-fixed synthetic-routing-v1 review.","existing_question_gate_missing_codes_rejected"
"route_5fc32a404f1bc6b997dc1be0","react1.r07.individual","gate","LONGCOVID3_D, LONGCOVID3_W, LONGCOVID3_M is asked when LONGCOVID1 matches the stated condition","any","database_missing","","approved","mathzero","2026-08-17","PDF page 16: IF LONGCOVID1=1, 2","Machine-extracted in the group-aware second pass. The displayed evidence may contain additional administrative or eligibility conditions that require human interpretation. Approved by mathzero in the checksum-fixed synthetic-routing-v1 review.","existing_question_gate_missing_codes_rejected"
"route_603956a5f2ea6e1b01ec18bc","react1.r07.individual","gate","TEMPC is asked when TEMPA matches the stated condition","any","database_missing","","approved","mathzero","2026-08-17","PDF page 11: IF TEMPA = 1","Machine-extracted candidate; requires direct human comparison with the displayed questionnaire page. Approved by mathzero in the checksum-fixed synthetic-routing-v1 review.","existing_question_gate_missing_codes_rejected"
"route_603b9d01bac1c9b9979966ee","react1.r07.individual","gate","HOUSTYP is asked when DWELLTYP matches the stated condition","any","database_missing","","approved","mathzero","2026-08-17","PDF page 30: IF DWELLTYP = 1","Machine-extracted candidate; requires direct human comparison with the displayed questionnaire page. Approved by mathzero in the checksum-fixed synthetic-routing-v1 review.","existing_question_gate_missing_codes_rejected"
"route_6aee7846aeca740cbfc47f39","react1.r07.individual","gate","SWASTATUS is asked when SWAATTEMPT matches the stated condition","any","database_missing","","approved","mathzero","2026-08-17","PDF page 23: IF SWAATTEMPT=1","Machine-extracted candidate; requires direct human comparison with the displayed questionnaire page. Approved by mathzero in the checksum-fixed synthetic-routing-v1 review.","existing_question_gate_missing_codes_rejected"
"route_6d7b1fafce43d60f4e7b5130","react1.r07.individual","gate","COVIDTETA is asked when COVIDTETR matches the stated condition","any","database_missing","","approved","mathzero","2026-08-17","PDF page 28: ASK IF COVIDTETR = 1","Machine-extracted candidate; requires direct human comparison with the displayed questionnaire page. Approved by mathzero in the checksum-fixed synthetic-routing-v1 review.","existing_question_gate_missing_codes_rejected"
"route_79f3001f4745429ebcd8762a","react1.r07.individual","gate","SYMPTNOWAW_1 … SYMPTNOWAW_27 (28 fields) is asked when SYMPTANY1_1 … SYMPTANY3_10 (29 fields) matches the stated condition","any","database_missing","","approved","mathzero","2026-08-17","PDF page 8: IF ANY SELECTED AT SYMPTANY1, SYMPTANY2, SYMPTANY3 ","Machine-extracted in the group-aware second pass. The displayed evidence may contain additional administrative or eligibility conditions that require human interpretation. Approved by mathzero in the checksum-fixed synthetic-routing-v1 review.","existing_question_gate_missing_codes_rejected"
"route_8b886fcd3ce478b01dafebb0","react1.r07.individual","gate","KINDMED_1 … KINDMED_TXT (8 fields) is asked when SEEKMED matches the stated condition","any","database_missing","","approved","mathzero","2026-08-17","PDF page 10: IF SEEKMED = 1","Machine-extracted in the group-aware second pass. The displayed evidence may contain additional administrative or eligibility conditions that require human interpretation. Approved by mathzero in the checksum-fixed synthetic-routing-v1 review.","existing_question_gate_missing_codes_rejected"
"route_8cfc01d9cae2679e3d71926a","react1.r07.individual","gate","LEAVEREASON_1 … LEAVEREASON_10_OTHER (11 fields) is asked when LEAVELOCK matches the stated condition","any","database_missing","","approved","mathzero","2026-08-17","PDF page 19: IF LEAVELOCK = 1","Machine-extracted in the group-aware second pass. The displayed evidence may contain additional administrative or eligibility conditions that require human interpretation. Approved by mathzero in the checksum-fixed synthetic-routing-v1 review.","existing_question_gate_missing_codes_rejected"
"route_95e0cb89c99e8732b87ea540","react1.r07.individual","gate","PCRPREV4 is asked when PCRPREV1 matches the stated condition","any","database_missing","","approved","mathzero","2026-08-17","PDF page 26: IF PCRPREV1= 2 AND PCPREV3 = 2, 3 or 4","Machine-extracted candidate; requires direct human comparison with the displayed questionnaire page. Approved by mathzero in the checksum-fixed synthetic-routing-v1 review.","existing_question_gate_missing_codes_rejected"
"route_96f991aac172054a44d2c644","react1.r07.individual","gate","SYMPTANY3_1 … SYMPTANY3_10 (10 fields) is asked when FEELUN matches the stated condition","any","database_missing","","approved","mathzero","2026-08-17","PDF page 7: IF FEELUN =1 ","Machine-extracted in the group-aware second pass. The displayed evidence may contain additional administrative or eligibility conditions that require human interpretation. Approved by mathzero in the checksum-fixed synthetic-routing-v1 review.","existing_question_gate_missing_codes_rejected"
"route_a0454c612eb9627569da89c4","react1.r07.individual","gate","COVIDPWP is asked when COVIDCON_1 matches the stated condition","any","database_missing","","approved","mathzero","2026-08-17","PDF page 13: ASK IF COVIDCON=1","Machine-extracted in the group-aware second pass. The displayed evidence may contain additional administrative or eligibility conditions that require human interpretation. Approved by mathzero in the checksum-fixed synthetic-routing-v1 review.","existing_question_gate_missing_codes_rejected"
"route_ad59688490595dc23a91cff5","react1.r07.individual","gate","SWASTATUSNO is asked when SWAATTEMPT matches the stated condition","any","database_missing","","approved","mathzero","2026-08-17","PDF page 24: IF SWAATTEMPT=2 OR SWASTATUS = 3","Machine-extracted in the group-aware second pass. The displayed evidence may contain additional administrative or eligibility conditions that require human interpretation. Approved by mathzero in the checksum-fixed synthetic-routing-v1 review.","existing_question_gate_missing_codes_rejected"
"route_af329080da45d98aa2816389","react1.r07.individual","gate","SWACOUR is asked when SWASTATUS matches the stated condition","any","database_missing","","approved","mathzero","2026-08-17","PDF page 24: IF SWASTATUS = 1 OR SWASTATUSNO = 1","Machine-extracted in the group-aware second pass. The displayed evidence may contain additional administrative or eligibility conditions that require human interpretation. Approved by mathzero in the checksum-fixed synthetic-routing-v1 review.","existing_question_gate_missing_codes_rejected"
"route_b02f0ac8e23139cd5ced92b2","react1.r07.individual","gate","COVIDCONWP is asked when COVIDCONPL_2 matches the stated condition","any","database_missing","","approved","mathzero","2026-08-17","PDF page 12: ASK IF COVIDCONPL=2 AND MAIL_GRP1 OR MAIL_GRP2 AND INDONF-=1","Machine-extracted in the group-aware second pass. The displayed evidence may contain additional administrative or eligibility conditions that require human interpretation. Approved by mathzero in the checksum-fixed synthetic-routing-v1 review.","incomplete_context_do_not_claim_eligible"
"route_b0db4ca319afffb8c448f7bd","react1.r07.individual","gate","VACCINE1 is asked when INDCONF matches the stated condition","any","database_missing","","approved","mathzero","2026-08-17","PDF page 29: ASK IF INDCONF =1 AND MAIL_GRP1","Machine-extracted candidate; requires direct human comparison with the displayed questionnaire page. Approved by mathzero in the checksum-fixed synthetic-routing-v1 review.","incomplete_context_do_not_claim_eligible"
"route_b1970268960c577d502a6c5c","react1.r07.individual","gate","INDCONFCARER is asked when INDCONF matches the stated condition","any","database_missing","","approved","mathzero","2026-08-17","PDF page 4: IF INDCONF =2 AND Mail_Grp 1","Machine-extracted candidate; requires direct human comparison with the displayed questionnaire page. Approved by mathzero in the checksum-fixed synthetic-routing-v1 review.","incomplete_context_do_not_claim_eligible"
"route_b19e455bba5135f1a51562e8","react1.r07.individual","gate","COVIDSYM3_1 … COVIDSYM3_11 (12 fields) is asked when LONGCOVID1 matches the stated condition","any","database_missing","","approved","mathzero","2026-08-17","PDF page 15: ASK IF LONGCOVID1=1, 2,","Machine-extracted in the group-aware second pass. The displayed evidence may contain additional administrative or eligibility conditions that require human interpretation. Approved by mathzero in the checksum-fixed synthetic-routing-v1 review.","existing_question_gate_missing_codes_rejected"
"route_b457b98b5d4c29602a3737e4","react1.r07.individual","gate","SYMPTANY1_1 … SYMPTANY1_5 (5 fields) is asked when FEELUN matches the stated condition","any","database_missing","","approved","mathzero","2026-08-17","PDF page 6: IF FEELUN =1 ","Machine-extracted in the group-aware second pass. The displayed evidence may contain additional administrative or eligibility conditions that require human interpretation. Approved by mathzero in the checksum-fixed synthetic-routing-v1 review.","existing_question_gate_missing_codes_rejected"
"route_b791f60253f19b0c46847f05","react1.r07.individual","gate","SWAHELP is asked when SWAATTEMPT matches the stated condition","any","database_missing","","approved","mathzero","2026-08-17","PDF page 25: IF SWAATTEMPT = 1 (ATTEMPTED SWAB TEST)","Machine-extracted candidate; requires direct human comparison with the displayed questionnaire page. Approved by mathzero in the checksum-fixed synthetic-routing-v1 review.","existing_question_gate_missing_codes_rejected"
"route_b9758400652dc2f167926f4a","react1.r07.individual","gate","FRIDG is asked when SWASTATUS matches the stated condition","any","database_missing","","approved","mathzero","2026-08-17","PDF page 25: IF SWASTATUS = 1 (COMPLETED SWAB TEST)","Machine-extracted candidate; requires direct human comparison with the displayed questionnaire page. Approved by mathzero in the checksum-fixed synthetic-routing-v1 review.","existing_question_gate_missing_codes_rejected"
"route_c1cf6c93335ccdca5871e786","react1.r07.individual","gate","INDCONFPARENT is asked when INDCONF matches the stated condition","any","database_missing","","approved","mathzero","2026-08-17","PDF page 4: IF INDCONF = 2 AND Mail_Grp 2","Machine-extracted candidate; requires direct human comparison with the displayed questionnaire page. Approved by mathzero in the checksum-fixed synthetic-routing-v1 review.","incomplete_context_do_not_claim_eligible"
"route_c354ef7d9fdbd4fd1ba38a3d","react1.r07.individual","gate","ABPREV5 is asked when ABPREV4 matches the stated condition","any","database_missing","","approved","mathzero","2026-08-17","PDF page 28: IF ABPREV4=1","Machine-extracted candidate; requires direct human comparison with the displayed questionnaire page. Approved by mathzero in the checksum-fixed synthetic-routing-v1 review.","existing_question_gate_missing_codes_rejected"
"route_c5de4192b39e1aa16efa4e72","react1.r07.individual","gate","COVIDCONNUM is asked when COVIDCON_1 matches the stated condition","any","database_missing","","approved","mathzero","2026-08-17","PDF page 11: ASK IF COVIDCON=1 ","Machine-extracted in the group-aware second pass. The displayed evidence may contain additional administrative or eligibility conditions that require human interpretation. Approved by mathzero in the checksum-fixed synthetic-routing-v1 review.","existing_question_gate_missing_codes_rejected"
"route_ca22491c4980b9e59b09de16","react1.r07.individual","gate","COVIDCONPL_1 … COVIDCONPL_5 (6 fields) is asked when COVIDCON_1 matches the stated condition","any","database_missing","","approved","mathzero","2026-08-17","PDF page 12: ASK IF COVIDCON=1 AND COVIDCONNUM = 1-3","Machine-extracted in the group-aware second pass. The displayed evidence may contain additional administrative or eligibility conditions that require human interpretation. Approved by mathzero in the checksum-fixed synthetic-routing-v1 review.","existing_question_gate_missing_codes_rejected"
"route_dfb8024e1755992c6c479b75","react1.r07.individual","gate","COVIDSYM2_1 … COVIDSYM2_12 (12 fields) is asked when LONGCOVID1 matches the stated condition","any","database_missing","","approved","mathzero","2026-08-17","PDF page 15: ASK IF LONGCOVID1=1, 2,","Machine-extracted in the group-aware second pass. The displayed evidence may contain additional administrative or eligibility conditions that require human interpretation. Approved by mathzero in the checksum-fixed synthetic-routing-v1 review.","existing_question_gate_missing_codes_rejected"
"route_e2dd1a282396863631e3670f","react1.r07.individual","gate","VACCINE2 is asked when VACCINE1 matches the stated condition","any","database_missing","","approved","mathzero","2026-08-17","PDF page 29: IF VACCINE1 =1 or 2","Machine-extracted candidate; requires direct human comparison with the displayed questionnaire page. Approved by mathzero in the checksum-fixed synthetic-routing-v1 review.","existing_question_gate_missing_codes_rejected"
"route_e3cf586b07737cdfb4b90cc6","react1.r07.individual","gate","LONGCOVID2_2 … LONGCOVID2_25 (12 fields) is asked when LONGCOVID1 matches the stated condition","any","database_missing","","approved","mathzero","2026-08-17","PDF page 14: IF LONGCOVID1=1, 2,","Machine-extracted in the group-aware second pass. The displayed evidence may contain additional administrative or eligibility conditions that require human interpretation. Approved by mathzero in the checksum-fixed synthetic-routing-v1 review.","existing_question_gate_missing_codes_rejected"
"route_ef1818aae6f1ac88ef5038a7","react1.r07.individual","gate","ABPREV3 is asked when ABPREV1 matches the stated condition","any","database_missing","","approved","mathzero","2026-08-17","PDF page 27: IF ABPREV1 = 1 or 2","Machine-extracted candidate; requires direct human comparison with the displayed questionnaire page. Approved by mathzero in the checksum-fixed synthetic-routing-v1 review.","existing_question_gate_missing_codes_rejected"
"route_f0ceed52475daba30585c100","react1.r07.individual","gate","TRANSP_1 … TRANSP_13_OTHER (14 fields) is asked when LEAVELOCK matches the stated condition","any","database_missing","","approved","mathzero","2026-08-17","PDF page 20: IF LEAVELOCK = 1","Machine-extracted in the group-aware second pass. The displayed evidence may contain additional administrative or eligibility conditions that require human interpretation. Approved by mathzero in the checksum-fixed synthetic-routing-v1 review.","existing_question_gate_missing_codes_rejected"
"route_f511e6162ed7d8c31c8704ce","react1.r07.individual","gate","TEMPB01, TEMPB02, TEMPB03 is asked when TEMPA matches the stated condition","any","database_missing","","approved","mathzero","2026-08-17","PDF page 10: IF TEMPA = 1 ","Machine-extracted in the group-aware second pass. The displayed evidence may contain additional administrative or eligibility conditions that require human interpretation. Approved by mathzero in the checksum-fixed synthetic-routing-v1 review.","existing_question_gate_missing_codes_rejected"
"route_fa4eca6338b89b1ef82fd9a7","react1.r07.individual","gate","CONTACT5 is asked when CONTACT1 matches the stated condition","any","database_missing","","approved","mathzero","2026-08-17","PDF page 23: IF CONTACT1 = 1+ AND LEAVEREASON=2 AND MAIL_GRP1","Machine-extracted candidate; requires direct human comparison with the displayed questionnaire page. Approved by mathzero in the checksum-fixed synthetic-routing-v1 review.","incomplete_context_do_not_claim_eligible"
"route_0d91abd5c8c9335d03c868d1","react1.r07.registration","gate","SMOKEFIVEYEAR is asked when SMOKENOW matches the stated condition","any","database_missing","","approved","mathzero","2026-08-17","PDF page 13: IF SMOKENOW =1","Machine-extracted candidate; requires direct human comparison with the displayed questionnaire page. Approved by mathzero in the checksum-fixed synthetic-routing-v1 review.","existing_question_gate_missing_codes_rejected"
"route_19cadee203f6d1d7f613e520","react1.r07.registration","gate","SMOKEVAP is asked when VAPNOW matches the stated condition","any","database_missing","","approved","mathzero","2026-08-17","PDF page 14: IF VAPNOW = 2 or 3","Machine-extracted candidate; requires direct human comparison with the displayed questionnaire page. Approved by mathzero in the checksum-fixed synthetic-routing-v1 review.","existing_question_gate_missing_codes_rejected"
"route_46aca8650d28c6ed575cef1e","react1.r07.registration","gate","SMOKECIG is asked when SMOKENOW matches the stated condition","any","database_missing","","approved","mathzero","2026-08-17","PDF page 13: IF SMOKENOW = 2 or 3","Machine-extracted candidate; requires direct human comparison with the displayed questionnaire page. Approved by mathzero in the checksum-fixed synthetic-routing-v1 review.","existing_question_gate_missing_codes_rejected"
"route_595656cc2daebc695c23dc01","react1.r07.registration","gate","CHILDAGE_1 … CHILDAGE1_NA (31 fields) is asked when NCHILD matches the stated condition","any","database_missing","","approved","mathzero","2026-08-17","PDF page 8: IF NCHILD = 1+   ","Machine-extracted in the group-aware second pass. The displayed evidence may contain additional administrative or eligibility conditions that require human interpretation. Approved by mathzero in the checksum-fixed synthetic-routing-v1 review.","existing_question_gate_missing_codes_rejected"
"route_64fba27d11487d20a432a09f","react1.r07.registration","gate","INDCONFPARENT is asked when INDCONF matches the stated condition","any","database_missing","","approved","mathzero","2026-08-17","PDF page 4: IF INDCONF = 2 AND Mail_Grp=2","Machine-extracted candidate; requires direct human comparison with the displayed questionnaire page. Approved by mathzero in the checksum-fixed synthetic-routing-v1 review.","incomplete_context_do_not_claim_eligible"
"route_6b98a68ce2a6e6dda86da733","react1.r07.registration","gate","SMOKECIGDATE_MONTH, SMOKECIGDATE_YEAR is asked when SMOKECIG matches the stated condition","any","database_missing","","approved","mathzero","2026-08-17","PDF page 13: IF SMOKECIG= 1 AND SMOKENOW=2 ","Machine-extracted in the group-aware second pass. The displayed evidence may contain additional administrative or eligibility conditions that require human interpretation. Approved by mathzero in the checksum-fixed synthetic-routing-v1 review.","existing_question_gate_missing_codes_rejected"
"route_868f95fc2fb08be807f1c4aa","react1.r07.registration","gate","WORKTYP2_1 … WORKTYP2_9 (12 fields) is asked when WORKTYP1_5, WORKTYP1_6, WORKTYP1_7 matches the stated condition","any","database_missing","","approved","mathzero","2026-08-17","PDF page 10: IF WORKTYP1= 5, 6, 7","Machine-extracted in the group-aware second pass. The displayed evidence may contain additional administrative or eligibility conditions that require human interpretation. Approved by mathzero in the checksum-fixed synthetic-routing-v1 review.","existing_question_gate_missing_codes_rejected"
"route_993eaad1b456fe1b6e537c0e","react1.r07.registration","gate","ADULTAGE_1 … ADULTAGE1_NA (22 fields) is asked when NADULTS matches the stated condition","any","database_missing","","approved","mathzero","2026-08-17","PDF page 6: IF NADULTS = 2+","Machine-extracted in the group-aware second pass. The displayed evidence may contain additional administrative or eligibility conditions that require human interpretation. Approved by mathzero in the checksum-fixed synthetic-routing-v1 review.","existing_question_gate_missing_codes_rejected"
"route_a271998f1ab3a807784b2fd9","react1.r07.registration","gate","ADULTAGE1_1 … ADULTAGE1_NA (11 fields) is asked when NADULTS1 matches the stated condition","any","database_missing","","approved","mathzero","2026-08-17","PDF page 8: IF NADULTS1 = 1+","Machine-extracted in the group-aware second pass. The displayed evidence may contain additional administrative or eligibility conditions that require human interpretation. Approved by mathzero in the checksum-fixed synthetic-routing-v1 review.","existing_question_gate_missing_codes_rejected"
"route_a53d06c122234384c2c427b9","react1.r07.registration","gate","CHILDAGE1_1 … CHILDAGE1_NA (15 fields) is asked when NCHILD1 matches the stated condition","any","database_missing","","approved","mathzero","2026-08-17","PDF page 10: IF NCHILD1 = 2+","Machine-extracted in the group-aware second pass. The displayed evidence may contain additional administrative or eligibility conditions that require human interpretation. Approved by mathzero in the checksum-fixed synthetic-routing-v1 review.","existing_question_gate_missing_codes_rejected"
"route_adb8ddb074c29ef68232f5ac","react1.r07.registration","gate","SMOKEVAPDATE_MONTH, SMOKEVAPDATE_YEAR is asked when SMOKEVAP matches the stated condition","any","database_missing","","approved","mathzero","2026-08-17","PDF page 14: IF SMOKEVAP= 1","Machine-extracted in the group-aware second pass. The displayed evidence may contain additional administrative or eligibility conditions that require human interpretation. Approved by mathzero in the checksum-fixed synthetic-routing-v1 review.","existing_question_gate_missing_codes_rejected"
"route_f89ceb38326a2f2b56087ded","react1.r07.registration","gate","INDCONFCARER is asked when INDCONF matches the stated condition","any","database_missing","","approved","mathzero","2026-08-17","PDF page 4: IF INDCONF =2 AND Mail_Grp=1","Machine-extracted candidate; requires direct human comparison with the displayed questionnaire page. Approved by mathzero in the checksum-fixed synthetic-routing-v1 review.","incomplete_context_do_not_claim_eligible"
"route_fa876d0d83221a5b24675847","react1.r07.registration","gate","NADULTS is asked when INDCONFPARENT matches the stated condition","any","database_missing","","approved","mathzero","2026-08-17","PDF page 6: IF AGED Mail_Grp=1 OR Mail_Grp=3 OR (Mail_Grp=2 INDCONFPARENT =1)","Machine-extracted candidate; requires direct human comparison with the displayed questionnaire page. Approved by mathzero in the checksum-fixed synthetic-routing-v1 review.","incomplete_context_do_not_claim_eligible"
"route_0514c53ce27697b81957b365","react1.r08.individual","gate","AGPREVTYPE_1, AGPREVTYPE_2, AGPREVTYPE_3 is asked when AGPREV1 matches the stated condition","any","database_missing","","approved","mathzero","2026-08-17","PDF page 33: ASK IF AGPREV1=1 ","Machine-extracted in the group-aware second pass. The displayed evidence may contain additional administrative or eligibility conditions that require human interpretation. Approved by mathzero in the checksum-fixed synthetic-routing-v1 review.","existing_question_gate_missing_codes_rejected"
"route_06803b596ab9448c244baa59","react1.r08.individual","gate","VACCINETYPE is asked when VACCINE3 matches the stated condition","any","database_missing","","approved","mathzero","2026-08-17","PDF page 38: IF VACCINE3 =1","Machine-extracted candidate; requires direct human comparison with the displayed questionnaire page. Approved by mathzero in the checksum-fixed synthetic-routing-v1 review.","existing_question_gate_missing_codes_rejected"
"route_07c1a264ad5f1b7d7295792c","react1.r08.individual","gate","SYMPTANY1_1 … SYMPTANY1_2_SHED1 (15 fields) is asked when FEELUN matches the stated condition","any","database_missing","","approved","mathzero","2026-08-17","PDF page 5: IF FEELUN =1 ","Machine-extracted in the group-aware second pass. The displayed evidence may contain additional administrative or eligibility conditions that require human interpretation. Approved by mathzero in the checksum-fixed synthetic-routing-v1 review.","existing_question_gate_missing_codes_rejected"
"route_0f1d256c599288a5a8e94e81","react1.r08.individual","gate","COVIDCONWP is asked when COVIDCONPL_2 matches the stated condition","any","database_missing","","approved","mathzero","2026-08-17","PDF page 12: ASK IF COVIDCONPL=2 AND MAIL_GRP1 OR MAIL_GRP2 AND INDONF-=1","Machine-extracted in the group-aware second pass. The displayed evidence may contain additional administrative or eligibility conditions that require human interpretation. Approved by mathzero in the checksum-fixed synthetic-routing-v1 review.","incomplete_context_do_not_claim_eligible"
"route_10624dc08fb5ff2f08c41aed","react1.r08.individual","gate","BACKTOUNI is asked when CAMPUS2 matches the stated condition","any","database_missing","","approved","mathzero","2026-08-17","PDF page 42: IF CAMPUS2=4, 5, 6, 7","Machine-extracted candidate; requires direct human comparison with the displayed questionnaire page. Approved by mathzero in the checksum-fixed synthetic-routing-v1 review.","existing_question_gate_missing_codes_rejected"
"route_10c6d9d85cd8fad3dc9dec65","react1.r08.individual","gate","SWAHELP is asked when SWAATTEMPT matches the stated condition","any","database_missing","","approved","mathzero","2026-08-17","PDF page 33: IF SWAATTEMPT = 1 (ATTEMPTED SWAB TEST)","Machine-extracted candidate; requires direct human comparison with the displayed questionnaire page. Approved by mathzero in the checksum-fixed synthetic-routing-v1 review.","existing_question_gate_missing_codes_rejected"
"route_1386472a3a581ac0f8a22abb","react1.r08.individual","gate","CONTACT5 is asked when CONTACT1 matches the stated condition","any","database_missing","","approved","mathzero","2026-08-17","PDF page 25: IF CONTACT1 = 1+ AND LEAVEREASON=2 AND MAIL_GRP1","Machine-extracted candidate; requires direct human comparison with the displayed questionnaire page. Approved by mathzero in the checksum-fixed synthetic-routing-v1 review.","incomplete_context_do_not_claim_eligible"
"route_151ee238c4b439e57a9916da","react1.r08.individual","gate","AGPREVNUM is asked when AGPREVTYPE_1 matches the stated condition","any","database_missing","","approved","mathzero","2026-08-17","PDF page 34: ASK IF AGPREVTYPE =1 ONLY OR 2 ONLY ","Machine-extracted in the group-aware second pass. The displayed evidence may contain additional administrative or eligibility conditions that require human interpretation. Approved by mathzero in the checksum-fixed synthetic-routing-v1 review.","existing_question_gate_missing_codes_rejected"
"route_174b98f61ddd7b4f33e46dc7","react1.r08.individual","gate","CHRISTMASTEST_1, CHRISTMASTEST_2, CHRISTMASTEST_3 is asked when CHRISTMASINDOOR matches the stated condition","any","database_missing","","approved","mathzero","2026-08-17","PDF page 28: IF CHRISTMASINDOOR =1","Machine-extracted in the group-aware second pass. The displayed evidence may contain additional administrative or eligibility conditions that require human interpretation. Approved by mathzero in the checksum-fixed synthetic-routing-v1 review.","existing_question_gate_missing_codes_rejected"
"route_1e77a2a7a568e6ef1954497f","react1.r08.individual","gate","CHRISTMASELSE is asked when CAMPUS2 matches the stated condition","any","database_missing","","approved","mathzero","2026-08-17","PDF page 42: IF CAMPUS2=1, 2, 3, 4","Machine-extracted candidate; requires direct human comparison with the displayed questionnaire page. Approved by mathzero in the checksum-fixed synthetic-routing-v1 review.","existing_question_gate_missing_codes_rejected"
"route_21c4e1e849f43653eb586890","react1.r08.individual","gate","INDCONFPARENT is asked when INDCONF matches the stated condition","any","database_missing","","approved","mathzero","2026-08-17","PDF page 4: IF INDCONF = 2 AND Mail_Grp 2","Machine-extracted candidate; requires direct human comparison with the displayed questionnaire page. Approved by mathzero in the checksum-fixed synthetic-routing-v1 review.","incomplete_context_do_not_claim_eligible"
"route_249f5511d1f46bd103c07d31","react1.r08.individual","gate","SWABDATE is asked when SWASTATUS matches the stated condition","any","database_missing","","approved","mathzero","2026-08-17","PDF page 32: IF SWASTATUS = 1 (COMPLETED SWAB TEST)","Machine-extracted candidate; requires direct human comparison with the displayed questionnaire page. Approved by mathzero in the checksum-fixed synthetic-routing-v1 review.","existing_question_gate_missing_codes_rejected"
"route_28bc527602a6f9e2aff154ce","react1.r08.individual","gate","CAMPUS2 is asked when EMPL matches the stated condition","any","database_missing","","approved","mathzero","2026-08-17","PDF page 41: IF MAIL_GRP1 AND EMPL = 7","Machine-extracted candidate; requires direct human comparison with the displayed questionnaire page. Approved by mathzero in the checksum-fixed synthetic-routing-v1 review.","incomplete_context_do_not_claim_eligible"
"route_28e62f6f2172ab7bd06ebba3","react1.r08.individual","gate","VACCDOSE is asked when VACCINE3 matches the stated condition","any","database_missing","","approved","mathzero","2026-08-17","PDF page 37: IF VACCINE3 = 1","Machine-extracted candidate; requires direct human comparison with the displayed questionnaire page. Approved by mathzero in the checksum-fixed synthetic-routing-v1 review.","existing_question_gate_missing_codes_rejected"
"route_2e3c7f249b9451ec21e23563","react1.r08.individual","gate","ABPREV2 is asked when ABPREV1 matches the stated condition","any","database_missing","","approved","mathzero","2026-08-17","PDF page 35: IF ABPREV1 = 1 or 2","Machine-extracted candidate; requires direct human comparison with the displayed questionnaire page. Approved by mathzero in the checksum-fixed synthetic-routing-v1 review.","existing_question_gate_missing_codes_rejected"
"route_381c84d747b75dea414e157b","react1.r08.individual","gate","LONGCOVID1 is asked when COVIDA matches the stated condition","any","database_missing","","approved","mathzero","2026-08-17","PDF page 14: IF COVIDA=1, 2, 3","Machine-extracted candidate; requires direct human comparison with the displayed questionnaire page. Approved by mathzero in the checksum-fixed synthetic-routing-v1 review.","existing_question_gate_missing_codes_rejected"
"route_3a82a272dcdc9ab9eb3b5753","react1.r08.individual","gate","SWACOUR is asked when SWASTATUS matches the stated condition","any","database_missing","","approved","mathzero","2026-08-17","PDF page 31: IF SWASTATUS = 1 OR SWASTATUSNO = 1","Machine-extracted in the group-aware second pass. The displayed evidence may contain additional administrative or eligibility conditions that require human interpretation. Approved by mathzero in the checksum-fixed synthetic-routing-v1 review.","existing_question_gate_missing_codes_rejected"
"route_3a9c94db6a9cf63279432ee6","react1.r08.individual","gate","CHRISTMASBUBBLE is asked when CHRISTMASINDOOR matches the stated condition","any","database_missing","","approved","mathzero","2026-08-17","PDF page 27: IF CHRISTMASINDOOR =1","Machine-extracted candidate; requires direct human comparison with the displayed questionnaire page. Approved by mathzero in the checksum-fixed synthetic-routing-v1 review.","existing_question_gate_missing_codes_rejected"
"route_3bbd0fe7ab6650be0138e803","react1.r08.individual","gate","SYMPTANY3_1 … SYMPTANY3_10_SHED2 (30 fields) is asked when FEELUN matches the stated condition","any","database_missing","","approved","mathzero","2026-08-17","PDF page 7: IF FEELUN =1 ","Machine-extracted in the group-aware second pass. The displayed evidence may contain additional administrative or eligibility conditions that require human interpretation. Approved by mathzero in the checksum-fixed synthetic-routing-v1 review.","existing_question_gate_missing_codes_rejected"
"route_3c96a3fdce58a1fab77896fb","react1.r08.individual","gate","SYMPTNOWAW_1 … SYMPTNOWAW_27 (28 fields) is asked when SYMPTANY1_1 … SYMPTANY3_10_SHED2 (87 fields) matches the stated condition","any","database_missing","","approved","mathzero","2026-08-17","PDF page 8: IF ANY SELECTED AT SYMPTANY1, SYMPTANY2, SYMPTANY3 ","Machine-extracted in the group-aware second pass. The displayed evidence may contain additional administrative or eligibility conditions that require human interpretation. Approved by mathzero in the checksum-fixed synthetic-routing-v1 review.","existing_question_gate_missing_codes_rejected"
"route_3d59eb89bf3988842e0c41e2","react1.r08.individual","gate","COVIDCONSS_1 … COVIDCONSS_6 (6 fields) is asked when COVIDCONPL_4 matches the stated condition","any","database_missing","","approved","mathzero","2026-08-17","PDF page 13: ASK IF COVIDCONPL=4","Machine-extracted in the group-aware second pass. The displayed evidence may contain additional administrative or eligibility conditions that require human interpretation. Approved by mathzero in the checksum-fixed synthetic-routing-v1 review.","existing_question_gate_missing_codes_rejected"
"route_403d8c1c0ec8877db8079776","react1.r08.individual","gate","ABPREV3 is asked when ABPREV1 matches the stated condition","any","database_missing","","approved","mathzero","2026-08-17","PDF page 35: IF ABPREV1 = 1 or 2","Machine-extracted candidate; requires direct human comparison with the displayed questionnaire page. Approved by mathzero in the checksum-fixed synthetic-routing-v1 review.","existing_question_gate_missing_codes_rejected"
"route_42ce70b6b7ccc6c3849a0e0d","react1.r08.individual","gate","LONGCOVID2_2 … LONGCOVID2_25 (12 fields) is asked when LONGCOVID1 matches the stated condition","any","database_missing","","approved","mathzero","2026-08-17","PDF page 14: IF LONGCOVID1=1, 2,","Machine-extracted in the group-aware second pass. The displayed evidence may contain additional administrative or eligibility conditions that require human interpretation. Approved by mathzero in the checksum-fixed synthetic-routing-v1 review.","existing_question_gate_missing_codes_rejected"
"route_43682d59e943be6d7a47da28","react1.r08.individual","gate","COUNTRYVISIT1, COUNTRYVISIT2 is asked when ABROAD matches the stated condition","any","database_missing","","approved","mathzero","2026-08-17","PDF page 44: IF ABROAD = 1","Machine-extracted in the group-aware second pass. The displayed evidence may contain additional administrative or eligibility conditions that require human interpretation. Approved by mathzero in the checksum-fixed synthetic-routing-v1 review.","existing_question_gate_missing_codes_rejected"
"route_498c62be2e013aad295464ec","react1.r08.individual","gate","HOUSTYP is asked when DWELLTYP matches the stated condition","any","database_missing","","approved","mathzero","2026-08-17","PDF page 39: IF DWELLTYP = 1","Machine-extracted candidate; requires direct human comparison with the displayed questionnaire page. Approved by mathzero in the checksum-fixed synthetic-routing-v1 review.","existing_question_gate_missing_codes_rejected"
"route_4d0945094bf9060d5a1823a6","react1.r08.individual","gate","TEMPB03, TEMPB01, TEMPB02 is asked when TEMPA matches the stated condition","any","database_missing","","approved","mathzero","2026-08-17","PDF page 11: IF TEMPA = 1 ","Machine-extracted in the group-aware second pass. The displayed evidence may contain additional administrative or eligibility conditions that require human interpretation. Approved by mathzero in the checksum-fixed synthetic-routing-v1 review.","existing_question_gate_missing_codes_rejected"
"route_4d772f7f094be83ecd4ee8a9","react1.r08.individual","gate","COVIDSYM3_1 … COVIDSYM3_11 (12 fields) is asked when LONGCOVID1 matches the stated condition","any","database_missing","","approved","mathzero","2026-08-17","PDF page 15: ASK IF LONGCOVID1=1, 2,","Machine-extracted in the group-aware second pass. The displayed evidence may contain additional administrative or eligibility conditions that require human interpretation. Approved by mathzero in the checksum-fixed synthetic-routing-v1 review.","existing_question_gate_missing_codes_rejected"
"route_589ea6c29d3d9651ff271d62","react1.r08.individual","gate","CHRISTMASBEHAVA_1 … CHRISTMASBEHAVA_5 (5 fields) is asked when CHRISTMASINDOOR matches the stated condition","any","database_missing","","approved","mathzero","2026-08-17","PDF page 27: IF CHRISTMASINDOOR =1","Machine-extracted in the group-aware second pass. The displayed evidence may contain additional administrative or eligibility conditions that require human interpretation. Approved by mathzero in the checksum-fixed synthetic-routing-v1 review.","existing_question_gate_missing_codes_rejected"
"route_5a13c9a83bc93bef0168274d","react1.r08.individual","gate","AGPREV2 is asked when AGPREV1 matches the stated condition","any","database_missing","","approved","mathzero","2026-08-17","PDF page 34: IF AGPREV1 = 1","Machine-extracted candidate; requires direct human comparison with the displayed questionnaire page. Approved by mathzero in the checksum-fixed synthetic-routing-v1 review.","existing_question_gate_missing_codes_rejected"
"route_5c6720451d0fae9849ef9493","react1.r08.individual","gate","EDTYPE is asked when EMPL matches the stated condition","any","database_missing","","approved","mathzero","2026-08-17","PDF page 41: IF MAIL_GRP1 AND EMPL = 7","Machine-extracted candidate; requires direct human comparison with the displayed questionnaire page. Approved by mathzero in the checksum-fixed synthetic-routing-v1 review.","incomplete_context_do_not_claim_eligible"
"route_5cad3affabb74bb3360ad393","react1.r08.individual","gate","AGPREV3 is asked when AGPREV1 matches the stated condition","any","database_missing","","approved","mathzero","2026-08-17","PDF page 34: IF AGPREV1 = 1","Machine-extracted candidate; requires direct human comparison with the displayed questionnaire page. Approved by mathzero in the checksum-fixed synthetic-routing-v1 review.","existing_question_gate_missing_codes_rejected"
"route_5cefceb0adcb50b61bc08140","react1.r08.individual","gate","TEMPC is asked when TEMPA matches the stated condition","any","database_missing","","approved","mathzero","2026-08-17","PDF page 11: IF TEMPA = 1","Machine-extracted candidate; requires direct human comparison with the displayed questionnaire page. Approved by mathzero in the checksum-fixed synthetic-routing-v1 review.","existing_question_gate_missing_codes_rejected"
"route_5fb07d2c1458e680d68b8bea","react1.r08.individual","gate","CONTACT4_1 … CONTACT4_5 (5 fields) is asked when CONTACT1 matches the stated condition","any","database_missing","","approved","mathzero","2026-08-17","PDF page 25: IF CONTACT1 = 1+","Machine-extracted in the group-aware second pass. The displayed evidence may contain additional administrative or eligibility conditions that require human interpretation. Approved by mathzero in the checksum-fixed synthetic-routing-v1 review.","existing_question_gate_missing_codes_rejected"
"route_620f9994aff86a765dc14738","react1.r08.individual","gate","FRIDG is asked when SWASTATUS matches the stated condition","any","database_missing","","approved","mathzero","2026-08-17","PDF page 32: IF SWASTATUS = 1 (COMPLETED SWAB TEST)","Machine-extracted candidate; requires direct human comparison with the displayed questionnaire page. Approved by mathzero in the checksum-fixed synthetic-routing-v1 review.","existing_question_gate_missing_codes_rejected"
"route_66a3c4939c46883a5822e2f0","react1.r08.individual","gate","COVIDB is asked when COVIDA matches the stated condition","any","database_missing","","approved","mathzero","2026-08-17","PDF page 14: IF COVIDA = 1, 2 or 3","Machine-extracted candidate; requires direct human comparison with the displayed questionnaire page. Approved by mathzero in the checksum-fixed synthetic-routing-v1 review.","existing_question_gate_missing_codes_rejected"
"route_66b9b0b144392ed1446bb233","react1.r08.individual","gate","INDOORNUM_1 … INDOORNUM_7 (7 fields) is asked when INDOOR_1 matches the stated condition","any","database_missing","","approved","mathzero","2026-08-17","PDF page 21: IF INDOOR = 1-7","Machine-extracted in the group-aware second pass. The displayed evidence may contain additional administrative or eligibility conditions that require human interpretation. Approved by mathzero in the checksum-fixed synthetic-routing-v1 review.","existing_question_gate_missing_codes_rejected"
"route_6820734e7633ae174cb56e01","react1.r08.individual","gate","SWASTATUSNO is asked when SWAATTEMPT matches the stated condition","any","database_missing","","approved","mathzero","2026-08-17","PDF page 31: IF SWAATTEMPT=2 OR SWASTATUS = 3","Machine-extracted in the group-aware second pass. The displayed evidence may contain additional administrative or eligibility conditions that require human interpretation. Approved by mathzero in the checksum-fixed synthetic-routing-v1 review.","existing_question_gate_missing_codes_rejected"
"route_684e08406685ae22f479b792","react1.r08.individual","gate","COVIDTETA is asked when COVIDTETR matches the stated condition","any","database_missing","","approved","mathzero","2026-08-17","PDF page 37: ASK IF COVIDTETR = 1","Machine-extracted candidate; requires direct human comparison with the displayed questionnaire page. Approved by mathzero in the checksum-fixed synthetic-routing-v1 review.","existing_question_gate_missing_codes_rejected"
"route_6a18c45bd681d44a5851b66f","react1.r08.individual","gate","COVIDTETW is asked when COVIDTETR matches the stated condition","any","database_missing","","approved","mathzero","2026-08-17","PDF page 36: ASK IF COVIDTETR = 1","Machine-extracted candidate; requires direct human comparison with the displayed questionnaire page. Approved by mathzero in the checksum-fixed synthetic-routing-v1 review.","existing_question_gate_missing_codes_rejected"
"route_6a66719097859db3913513c3","react1.r08.individual","gate","ABPREV4 is asked when ABPREV1 matches the stated condition","any","database_missing","","approved","mathzero","2026-08-17","PDF page 36: IF ABPREV1= 2 AND ABPREV3 = 2, 3 or 4 ","Machine-extracted in the group-aware second pass. The displayed evidence may contain additional administrative or eligibility conditions that require human interpretation. Approved by mathzero in the checksum-fixed synthetic-routing-v1 review.","existing_question_gate_missing_codes_rejected"
"route_6efabe25ebf4cd099a47cc05","react1.r08.individual","gate","CONTACT6BUB_1 … CONTACT6BUB_DK (4 fields) is asked when CONTACTBUB matches the stated condition","any","database_missing","","approved","mathzero","2026-08-17","PDF page 24: IF CONTACTBUB = 1+","Machine-extracted in the group-aware second pass. The displayed evidence may contain additional administrative or eligibility conditions that require human interpretation. Approved by mathzero in the checksum-fixed synthetic-routing-v1 review.","existing_question_gate_missing_codes_rejected"
"route_7044e59c7cb9edb3fe88ed40","react1.r08.individual","gate","COVIDCONPL_1 … COVIDCONPL_5 (6 fields) is asked when COVIDCON_1 matches the stated condition","any","database_missing","","approved","mathzero","2026-08-17","PDF page 12: ASK IF COVIDCON=1 AND COVIDCONNUM = 1-3","Machine-extracted in the group-aware second pass. The displayed evidence may contain additional administrative or eligibility conditions that require human interpretation. Approved by mathzero in the checksum-fixed synthetic-routing-v1 review.","existing_question_gate_missing_codes_rejected"
"route_744603347e714c196427ec87","react1.r08.individual","gate","INDCONFCARER is asked when INDCONF matches the stated condition","any","database_missing","","approved","mathzero","2026-08-17","PDF page 4: IF INDCONF =2 AND Mail_Grp 1","Machine-extracted candidate; requires direct human comparison with the displayed questionnaire page. Approved by mathzero in the checksum-fixed synthetic-routing-v1 review.","incomplete_context_do_not_claim_eligible"
"route_7dbc68e87be256104924c42e","react1.r08.individual","gate","ABPREV5 is asked when ABPREV4 matches the stated condition","any","database_missing","","approved","mathzero","2026-08-17","PDF page 36: IF ABPREV4=1","Machine-extracted candidate; requires direct human comparison with the displayed questionnaire page. Approved by mathzero in the checksum-fixed synthetic-routing-v1 review.","existing_question_gate_missing_codes_rejected"
"route_7edafbe4422f5b158e5a4fa5","react1.r08.individual","gate","SYMPTANY2_1 … SYMPTANY2_14_SHED2 (42 fields) is asked when FEELUN matches the stated condition","any","database_missing","","approved","mathzero","2026-08-17","PDF page 6: IF FEELUN =1 ","Machine-extracted in the group-aware second pass. The displayed evidence may contain additional administrative or eligibility conditions that require human interpretation. Approved by mathzero in the checksum-fixed synthetic-routing-v1 review.","existing_question_gate_missing_codes_rejected"
"route_911c300f85551e0dcc95a1a9","react1.r08.individual","gate","COVIDCONHH is asked when COVIDCONPL_1 matches the stated condition","any","database_missing","","approved","mathzero","2026-08-17","PDF page 12: ASK IF COVIDCONPL=1","Machine-extracted in the group-aware second pass. The displayed evidence may contain additional administrative or eligibility conditions that require human interpretation. Approved by mathzero in the checksum-fixed synthetic-routing-v1 review.","existing_question_gate_missing_codes_rejected"
"route_935fe0730ad657492e54a667","react1.r08.individual","gate","TRANSP_1 … TRANSP_13_OTHER (14 fields) is asked when LEAVE1 matches the stated condition","any","database_missing","","approved","mathzero","2026-08-17","PDF page 20: IF LEAVE1 = 1 ","Machine-extracted in the group-aware second pass. The displayed evidence may contain additional administrative or eligibility conditions that require human interpretation. Approved by mathzero in the checksum-fixed synthetic-routing-v1 review.","existing_question_gate_missing_codes_rejected"
"route_98a4a5b76fe502f4e16ab5e2","react1.r08.individual","gate","SWACOURSUIT_1 … SWACOURSUIT_5_OTH (6 fields) is asked when SWACOUR matches the stated condition","any","database_missing","","approved","mathzero","2026-08-17","PDF page 32: IF SWACOUR =4","Machine-extracted in the group-aware second pass. The displayed evidence may contain additional administrative or eligibility conditions that require human interpretation. Approved by mathzero in the checksum-fixed synthetic-routing-v1 review.","existing_question_gate_missing_codes_rejected"
"route_9e920095770a39159df3d303","react1.r08.individual","gate","OUTDOORNUM_1 … OUTDOORNUM_6 (6 fields) is asked when OUTDOOR_1 matches the stated condition","any","database_missing","","approved","mathzero","2026-08-17","PDF page 22: IF OUTDOOR = 1-7","Machine-extracted in the group-aware second pass. The displayed evidence may contain additional administrative or eligibility conditions that require human interpretation. Approved by mathzero in the checksum-fixed synthetic-routing-v1 review.","existing_question_gate_missing_codes_rejected"
"route_a2f8a99a692ccc8b4ba2f5f3","react1.r08.individual","gate","SWASTATUS is asked when SWAATTEMPT matches the stated condition","any","database_missing","","approved","mathzero","2026-08-17","PDF page 31: IF SWAATTEMPT=1","Machine-extracted candidate; requires direct human comparison with the displayed questionnaire page. Approved by mathzero in the checksum-fixed synthetic-routing-v1 review.","existing_question_gate_missing_codes_rejected"
"route_af1be1a002b00a0aa35fe5ca","react1.r08.individual","gate","CONTACTAGE_1 … CONTACTAGE_4 (4 fields) is asked when CONTACTCHRISTMASIND matches the stated condition","any","database_missing","","approved","mathzero","2026-08-17","PDF page 29: ASK IF CONTACTCHRISTMASIND = 1+","Machine-extracted in the group-aware second pass. The displayed evidence may contain additional administrative or eligibility conditions that require human interpretation. Approved by mathzero in the checksum-fixed synthetic-routing-v1 review.","existing_question_gate_missing_codes_rejected"
"route_b030f4353df5cdf2adacb529","react1.r08.individual","gate","CONTACTBUB4_1 … CONTACTBUB4_DK (5 fields) is asked when BUBBLE2 matches the stated condition","any","database_missing","","approved","mathzero","2026-08-17","PDF page 24: ASK IF BUBBLE2 =1","Machine-extracted in the group-aware second pass. The displayed evidence may contain additional administrative or eligibility conditions that require human interpretation. Approved by mathzero in the checksum-fixed synthetic-routing-v1 review.","existing_question_gate_missing_codes_rejected"
"route_b41bb1837b992151e80d5138","react1.r08.individual","gate","CARETYPE is asked when CAREHOME matches the stated condition","any","database_missing","","approved","mathzero","2026-08-17","PDF page 42: IF CAREHOME=1","Machine-extracted candidate; requires direct human comparison with the displayed questionnaire page. Approved by mathzero in the checksum-fixed synthetic-routing-v1 review.","existing_question_gate_missing_codes_rejected"
"route_c1f94868e5a674f4a10770a1","react1.r08.individual","gate","FLATTYP is asked when DWELLTYP matches the stated condition","any","database_missing","","approved","mathzero","2026-08-17","PDF page 39: IF DWELLTYP = 2","Machine-extracted candidate; requires direct human comparison with the displayed questionnaire page. Approved by mathzero in the checksum-fixed synthetic-routing-v1 review.","existing_question_gate_missing_codes_rejected"
"route_c9112841a68fc06ae919f8c4","react1.r08.individual","gate","CONTACTTIER is asked when CONTACTCHRISTMASIND matches the stated condition","any","database_missing","","approved","mathzero","2026-08-17","PDF page 29: ASK IF CONTACTCHRISTMASIND = 1+","Machine-extracted candidate; requires direct human comparison with the displayed questionnaire page. Approved by mathzero in the checksum-fixed synthetic-routing-v1 review.","existing_question_gate_missing_codes_rejected"
"route_cb93da4cba0fb12ab3ebb5a6","react1.r08.individual","gate","CONTACT6_1 … CONTACT6_4 (4 fields) is asked when CONTACT1 matches the stated condition","any","database_missing","","approved","mathzero","2026-08-17","PDF page 26: IF CONTACT1 = 1+","Machine-extracted in the group-aware second pass. The displayed evidence may contain additional administrative or eligibility conditions that require human interpretation. Approved by mathzero in the checksum-fixed synthetic-routing-v1 review.","existing_question_gate_missing_codes_rejected"
"route_cd0f98af4a0e8e6faded5727","react1.r08.individual","gate","CHRISTMASMEET is asked when CHRISTMASINDOOR matches the stated condition","any","database_missing","","approved","mathzero","2026-08-17","PDF page 27: IF CHRISTMASINDOOR =1","Machine-extracted candidate; requires direct human comparison with the displayed questionnaire page. Approved by mathzero in the checksum-fixed synthetic-routing-v1 review.","existing_question_gate_missing_codes_rejected"
"route_ce1830b1034db0b76f623856","react1.r08.individual","gate","COVIDPWP is asked when COVIDCON_1 matches the stated condition","any","database_missing","","approved","mathzero","2026-08-17","PDF page 13: ASK IF COVIDCON=1","Machine-extracted in the group-aware second pass. The displayed evidence may contain additional administrative or eligibility conditions that require human interpretation. Approved by mathzero in the checksum-fixed synthetic-routing-v1 review.","existing_question_gate_missing_codes_rejected"
"route_d067d13a677856cde152748a","react1.r08.individual","gate","COVIDCONNUM is asked when COVIDCON_1 matches the stated condition","any","database_missing","","approved","mathzero","2026-08-17","PDF page 11: ASK IF COVIDCON=1 ","Machine-extracted in the group-aware second pass. The displayed evidence may contain additional administrative or eligibility conditions that require human interpretation. Approved by mathzero in the checksum-fixed synthetic-routing-v1 review.","existing_question_gate_missing_codes_rejected"
"route_d39d6d52cdd9ecb28c8ba0c7","react1.r08.individual","gate","CONTACTBUB is asked when BUBBLE2 matches the stated condition","any","database_missing","","approved","mathzero","2026-08-17","PDF page 24: ASK IF BUBBLE2 =1","Machine-extracted candidate; requires direct human comparison with the displayed questionnaire page. Approved by mathzero in the checksum-fixed synthetic-routing-v1 review.","existing_question_gate_missing_codes_rejected"
"route_d916b48020dca3aa5ae180f2","react1.r08.individual","gate","KINDMED_1 … KINDMED_9 (10 fields) is asked when SEEKMED matches the stated condition","any","database_missing","","approved","mathzero","2026-08-17","PDF page 10: IF SEEKMED = 1","Machine-extracted in the group-aware second pass. The displayed evidence may contain additional administrative or eligibility conditions that require human interpretation. Approved by mathzero in the checksum-fixed synthetic-routing-v1 review.","existing_question_gate_missing_codes_rejected"
"route_de5b4b373344bc7d80697d53","react1.r08.individual","gate","VACCINEFIRST is asked when VACCINE3 matches the stated condition","any","database_missing","","approved","mathzero","2026-08-17","PDF page 37: IF VACCINE3 =1","Machine-extracted candidate; requires direct human comparison with the displayed questionnaire page. Approved by mathzero in the checksum-fixed synthetic-routing-v1 review.","existing_question_gate_missing_codes_rejected"
"route_e143df24e521c0cf7953652c","react1.r08.individual","gate","BUBBLENUM is asked when BUBBLE2 matches the stated condition","any","database_missing","","approved","mathzero","2026-08-17","PDF page 23: ASK IF BUBBLE2 =1","Machine-extracted candidate; requires direct human comparison with the displayed questionnaire page. Approved by mathzero in the checksum-fixed synthetic-routing-v1 review.","existing_question_gate_missing_codes_rejected"
"route_e39383c2fce20ce0342b96d4","react1.r08.individual","gate","AGPREV5 is asked when AGPREV4 matches the stated condition","any","database_missing","","approved","mathzero","2026-08-17","PDF page 35: IF AGPREV4=1","Machine-extracted candidate; requires direct human comparison with the displayed questionnaire page. Approved by mathzero in the checksum-fixed synthetic-routing-v1 review.","existing_question_gate_missing_codes_rejected"
"route_e5e1bd32a3cc5558e5780420","react1.r08.individual","gate","COVIDSYM2_1 … COVIDSYM2_12 (12 fields) is asked when LONGCOVID1 matches the stated condition","any","database_missing","","approved","mathzero","2026-08-17","PDF page 15: ASK IF LONGCOVID1=1, 2,","Machine-extracted in the group-aware second pass. The displayed evidence may contain additional administrative or eligibility conditions that require human interpretation. Approved by mathzero in the checksum-fixed synthetic-routing-v1 review.","existing_question_gate_missing_codes_rejected"
"route_ea92415b933c70030308b617","react1.r08.individual","gate","PERSCARE is asked when CAREHOME matches the stated condition","any","database_missing","","approved","mathzero","2026-08-17","PDF page 43: IF CAREHOME = 2 OR CAREHOME = 3","Machine-extracted candidate; requires direct human comparison with the displayed questionnaire page. Approved by mathzero in the checksum-fixed synthetic-routing-v1 review.","existing_question_gate_missing_codes_rejected"
"route_eb88bb91a17e991a3ea71d49","react1.r08.individual","gate","VACCINESECOND is asked when VACCDOSE matches the stated condition","any","database_missing","","approved","mathzero","2026-08-17","PDF page 38: IF VACCDOSE= 2 OR 3","Machine-extracted candidate; requires direct human comparison with the displayed questionnaire page. Approved by mathzero in the checksum-fixed synthetic-routing-v1 review.","existing_question_gate_missing_codes_rejected"
"route_f756c5c9acc94312d05d9bb7","react1.r08.individual","gate","CROWDED is asked when INDOOR_3 matches the stated condition","any","database_missing","","approved","mathzero","2026-08-17","PDF page 21: IF INDOOR = 3","Machine-extracted in the group-aware second pass. The displayed evidence may contain additional administrative or eligibility conditions that require human interpretation. Approved by mathzero in the checksum-fixed synthetic-routing-v1 review.","existing_question_gate_missing_codes_rejected"
"route_2bee9456b10cfdd214336f8e","react1.r08.registration","gate","WORKTYP2_1 … WORKTYP2_9 (12 fields) is asked when WORKTYP1_5, WORKTYP1_6, WORKTYP1_7 matches the stated condition","any","database_missing","","approved","mathzero","2026-08-17","PDF page 11: IF WORKTYP1= 5, 6, 7","Machine-extracted in the group-aware second pass. The displayed evidence may contain additional administrative or eligibility conditions that require human interpretation. Approved by mathzero in the checksum-fixed synthetic-routing-v1 review.","existing_question_gate_missing_codes_rejected"
"route_2f649bf2bc9cef0db2e545c3","react1.r08.registration","gate","INDCONFPARENT is asked when INDCONF matches the stated condition","any","database_missing","","approved","mathzero","2026-08-17","PDF page 4: IF INDCONF = 2 AND Mail_Grp=2","Machine-extracted candidate; requires direct human comparison with the displayed questionnaire page. Approved by mathzero in the checksum-fixed synthetic-routing-v1 review.","incomplete_context_do_not_claim_eligible"
"route_3e397b67e9d4250749a3235f","react1.r08.registration","gate","WORKTYP4_1 … WORKTYP4_9 (12 fields) is asked when WORKTYP3_5, WORKTYP3_6, WORKTYP3_7 matches the stated condition","any","database_missing","","approved","mathzero","2026-08-17","PDF page 12: IF WORKTYP3= 5, 6, 7","Machine-extracted in the group-aware second pass. The displayed evidence may contain additional administrative or eligibility conditions that require human interpretation. Approved by mathzero in the checksum-fixed synthetic-routing-v1 review.","existing_question_gate_missing_codes_rejected"
"route_3e7c10d1ac83597136335e48","react1.r08.registration","gate","SMOKEVAP is asked when VAPNOW matches the stated condition","any","database_missing","","approved","mathzero","2026-08-17","PDF page 15: IF VAPNOW = 2 or 3","Machine-extracted candidate; requires direct human comparison with the displayed questionnaire page. Approved by mathzero in the checksum-fixed synthetic-routing-v1 review.","existing_question_gate_missing_codes_rejected"
"route_8a75355083c12c4f69281b68","react1.r08.registration","gate","SMOKECIGDATE_MONTH, SMOKECIGDATE_YEAR is asked when SMOKECIG matches the stated condition","any","database_missing","","approved","mathzero","2026-08-17","PDF page 15: IF SMOKECIG= 1 AND SMOKENOW=2 ","Machine-extracted in the group-aware second pass. The displayed evidence may contain additional administrative or eligibility conditions that require human interpretation. Approved by mathzero in the checksum-fixed synthetic-routing-v1 review.","existing_question_gate_missing_codes_rejected"
"route_8fdf874ea4dcc19462452a18","react1.r08.registration","gate","ADULTAGE_1 … ADULTAGE1_NA (22 fields) is asked when NADULTS matches the stated condition","any","database_missing","","approved","mathzero","2026-08-17","PDF page 7: IF NADULTS = 2+","Machine-extracted in the group-aware second pass. The displayed evidence may contain additional administrative or eligibility conditions that require human interpretation. Approved by mathzero in the checksum-fixed synthetic-routing-v1 review.","existing_question_gate_missing_codes_rejected"
"route_9396b729485341487592f7f3","react1.r08.registration","gate","SMOKEFIVEYEAR is asked when SMOKENOW matches the stated condition","any","database_missing","","approved","mathzero","2026-08-17","PDF page 15: IF SMOKENOW =1","Machine-extracted candidate; requires direct human comparison with the displayed questionnaire page. Approved by mathzero in the checksum-fixed synthetic-routing-v1 review.","existing_question_gate_missing_codes_rejected"
"route_9f5c732ebfca4e506e745730","react1.r08.registration","gate","INDCONFCARER is asked when INDCONF matches the stated condition","any","database_missing","","approved","mathzero","2026-08-17","PDF page 4: IF INDCONF =2 AND Mail_Grp=1","Machine-extracted candidate; requires direct human comparison with the displayed questionnaire page. Approved by mathzero in the checksum-fixed synthetic-routing-v1 review.","incomplete_context_do_not_claim_eligible"
"route_a2dc48eacc130ea073479164","react1.r08.registration","gate","ADULTAGE1_1 … ADULTAGE1_NA (11 fields) is asked when NADULTS1 matches the stated condition","any","database_missing","","approved","mathzero","2026-08-17","PDF page 8: IF NADULTS1 = 1+","Machine-extracted in the group-aware second pass. The displayed evidence may contain additional administrative or eligibility conditions that require human interpretation. Approved by mathzero in the checksum-fixed synthetic-routing-v1 review.","existing_question_gate_missing_codes_rejected"
"route_af7a88cd5a551c0b39f50ece","react1.r08.registration","gate","SMOKECIG is asked when SMOKENOW matches the stated condition","any","database_missing","","approved","mathzero","2026-08-17","PDF page 14: IF SMOKENOW = 2 or 3","Machine-extracted candidate; requires direct human comparison with the displayed questionnaire page. Approved by mathzero in the checksum-fixed synthetic-routing-v1 review.","existing_question_gate_missing_codes_rejected"
"route_c69314e9f73a610c8af9e9cc","react1.r08.registration","gate","CHILDAGE1_1 … CHILDAGE1_NA (15 fields) is asked when NCHILD1 matches the stated condition","any","database_missing","","approved","mathzero","2026-08-17","PDF page 10: IF NCHILD1 = 2+","Machine-extracted in the group-aware second pass. The displayed evidence may contain additional administrative or eligibility conditions that require human interpretation. Approved by mathzero in the checksum-fixed synthetic-routing-v1 review.","existing_question_gate_missing_codes_rejected"
"route_e21f6b92f2684165d33797f0","react1.r08.registration","gate","SMOKEVAPDATE_MONTH, SMOKEVAPDATE_YEAR is asked when SMOKEVAP matches the stated condition","any","database_missing","","approved","mathzero","2026-08-17","PDF page 16: IF SMOKEVAP= 1 ","Machine-extracted in the group-aware second pass. The displayed evidence may contain additional administrative or eligibility conditions that require human interpretation. Approved by mathzero in the checksum-fixed synthetic-routing-v1 review.","existing_question_gate_missing_codes_rejected"
"route_ed0c719cb4f5eb13a40bbaa7","react1.r08.registration","gate","NADULTS is asked when INDCONFPARENT matches the stated condition","any","database_missing","","approved","mathzero","2026-08-17","PDF page 7: IF AGED Mail_Grp=1 OR Mail_Grp=3 OR (Mail_Grp=2 INDCONFPARENT =1)","Machine-extracted candidate; requires direct human comparison with the displayed questionnaire page. Approved by mathzero in the checksum-fixed synthetic-routing-v1 review.","incomplete_context_do_not_claim_eligible"
"route_071ecf1fe8e9821b558c3878","react1.r09.individual","gate","ABPREV2 is asked when ABPREV1 matches the stated condition","any","database_missing","","approved","mathzero","2026-08-17","PDF page 31: IF ABPREV1 = 1 or 2","Machine-extracted candidate; requires direct human comparison with the displayed questionnaire page. Approved by mathzero in the checksum-fixed synthetic-routing-v1 review.","existing_question_gate_missing_codes_rejected"
"route_0b28ca04c42950ece82c9db5","react1.r09.individual","gate","QCOVIDWORK_1 … QCOVIDWORK_10 (11 fields) is asked when QISOLLEAVEREASON_1 matches the stated condition","any","database_missing","","approved","mathzero","2026-08-17","PDF page 49: ASK IF QISOLLEAVEREASON=1 AND Mail_Grp1 or (Mail_grp2 AND age 16+ ONLY and INDCONF=1]","Machine-extracted in the group-aware second pass. The displayed evidence may contain additional administrative or eligibility conditions that require human interpretation. Approved by mathzero in the checksum-fixed synthetic-routing-v1 review.","incomplete_context_do_not_claim_eligible"
"route_0c713e7dcc3c7f92a3a36631","react1.r09.individual","gate","HOUSTYP is asked when DWELLTYP matches the stated condition","any","database_missing","","approved","mathzero","2026-08-17","PDF page 39: IF DWELLTYP = 1","Machine-extracted candidate; requires direct human comparison with the displayed questionnaire page. Approved by mathzero in the checksum-fixed synthetic-routing-v1 review.","existing_question_gate_missing_codes_rejected"
"route_0ed68e6f6705b14ed4967287","react1.r09.individual","gate","VACCRUFUSE2_1 … VACCRUFUSE2_20 (21 fields) is asked when VACCINEAPP2 matches the stated condition","any","database_missing","","approved","mathzero","2026-08-17","PDF page 38: VACCINEAPP2 =2 AND (Mail_Grp 1 OR (Mail_Grp 2 AND (AGE=16 OR 17) AND INDCONF=1))","Machine-extracted in the group-aware second pass. The displayed evidence may contain additional administrative or eligibility conditions that require human interpretation. Approved by mathzero in the checksum-fixed synthetic-routing-v1 review.","incomplete_context_do_not_claim_eligible"
"route_0fa957f7f5a456dd48ddee68","react1.r09.individual","gate","SYMPTANY3_1 … SYMPTANY3_10 (11 fields) is asked when FEELUN matches the stated condition","any","database_missing","","approved","mathzero","2026-08-17","PDF page 7: IF FEELUN =1","Machine-extracted in the group-aware second pass. The displayed evidence may contain additional administrative or eligibility conditions that require human interpretation. Approved by mathzero in the checksum-fixed synthetic-routing-v1 review.","existing_question_gate_missing_codes_rejected"
"route_179ae581eb1c9583277de7cb","react1.r09.individual","gate","CONTACT6_1 … CONTACT6_4 (4 fields) is asked when CONTACT1 matches the stated condition","any","database_missing","","approved","mathzero","2026-08-17","PDF page 26: IF CONTACT1 = 1+","Machine-extracted in the group-aware second pass. The displayed evidence may contain additional administrative or eligibility conditions that require human interpretation. Approved by mathzero in the checksum-fixed synthetic-routing-v1 review.","existing_question_gate_missing_codes_rejected"
"route_18082acf7f39d1ec57831702","react1.r09.individual","gate","VACCINEAPP2 is asked when VACCINEAPP1 matches the stated condition","any","database_missing","","approved","mathzero","2026-08-17","PDF page 36: IF VACCINEAPP1 =1","Machine-extracted candidate; requires direct human comparison with the displayed questionnaire page. Approved by mathzero in the checksum-fixed synthetic-routing-v1 review.","existing_question_gate_missing_codes_rejected"
"route_1991fcade364561f9d029233","react1.r09.individual","gate","COVIDTETA is asked when COVIDTETR matches the stated condition","any","database_missing","","approved","mathzero","2026-08-17","PDF page 35: ASK IF COVIDTETR = 1","Machine-extracted candidate; requires direct human comparison with the displayed questionnaire page. Approved by mathzero in the checksum-fixed synthetic-routing-v1 review.","existing_question_gate_missing_codes_rejected"
"route_1ac84d7d868f48e11eda7263","react1.r09.individual","gate","ISOLLEAVEREASON_1 … ISOLLEAVEREASON_15 (16 fields) is asked when ISOLLEAVE matches the stated condition","any","database_missing","","approved","mathzero","2026-08-17","PDF page 33: ASK IF ISOLLEAVE = 1","Machine-extracted in the group-aware second pass. The displayed evidence may contain additional administrative or eligibility conditions that require human interpretation. Approved by mathzero in the checksum-fixed synthetic-routing-v1 review.","existing_question_gate_missing_codes_rejected"
"route_1e045d42fd29fbcaa8756dc5","react1.r09.individual","gate","WORKHOME is asked when EMPL matches the stated condition","any","database_missing","","approved","mathzero","2026-08-17","PDF page 42: IF EMPL = 1, 2, 3","Machine-extracted candidate; requires direct human comparison with the displayed questionnaire page. Approved by mathzero in the checksum-fixed synthetic-routing-v1 review.","existing_question_gate_missing_codes_rejected"
"route_212a64087e0e6baa0733371c","react1.r09.individual","gate","SICKPAY3 is asked when EMPL matches the stated condition","any","database_missing","","approved","mathzero","2026-08-17","PDF page 43: IF EMPL = 1, 2, 3","Machine-extracted candidate; requires direct human comparison with the displayed questionnaire page. Approved by mathzero in the checksum-fixed synthetic-routing-v1 review.","existing_question_gate_missing_codes_rejected"
"route_226c5461df67699e70ae4250","react1.r09.individual","gate","TESTWORKTYPE is asked when TESTWORK matches the stated condition","any","database_missing","","approved","mathzero","2026-08-17","PDF page 29: ASK IF TESTWORK = 1","Machine-extracted candidate; requires direct human comparison with the displayed questionnaire page. Approved by mathzero in the checksum-fixed synthetic-routing-v1 review.","existing_question_gate_missing_codes_rejected"
"route_22e0838c90c863cce5ae496e","react1.r09.individual","gate","WORKHOMEREASON_1 … WORKHOMEREASON_11 (12 fields) is asked when WORKHOMEPOSS matches the stated condition","any","database_missing","","approved","mathzero","2026-08-17","PDF page 42: IF WORKHOMEPOSS=2","Machine-extracted in the group-aware second pass. The displayed evidence may contain additional administrative or eligibility conditions that require human interpretation. Approved by mathzero in the checksum-fixed synthetic-routing-v1 review.","existing_question_gate_missing_codes_rejected"
"route_23b52f9d1d94554818e8e01d","react1.r09.individual","gate","VACCINEAPP1 is asked when VACCINE3SYM matches the stated condition","any","database_missing","","approved","mathzero","2026-08-17","PDF page 36: IF VACCINE3SYM = 2 or 3","Machine-extracted candidate; requires direct human comparison with the displayed questionnaire page. Approved by mathzero in the checksum-fixed synthetic-routing-v1 review.","existing_question_gate_missing_codes_rejected"
"route_24b125657d1e7bfabd7f22fb","react1.r09.individual","gate","FRIDG is asked when SWASTATUS matches the stated condition","any","database_missing","","approved","mathzero","2026-08-17","PDF page 28: IF SWASTATUS = 1 (COMPLETED SWAB TEST)","Machine-extracted candidate; requires direct human comparison with the displayed questionnaire page. Approved by mathzero in the checksum-fixed synthetic-routing-v1 review.","existing_question_gate_missing_codes_rejected"
"route_27bf479d8593caa5ffa3f675","react1.r09.individual","gate","EDTYPE is asked when EMPL matches the stated condition","any","database_missing","","approved","mathzero","2026-08-17","PDF page 41: IF MAIL_GRP1 AND EMPL = 7","Machine-extracted candidate; requires direct human comparison with the displayed questionnaire page. Approved by mathzero in the checksum-fixed synthetic-routing-v1 review.","incomplete_context_do_not_claim_eligible"
"route_2dd8612e83b1adac7aee80ca","react1.r09.individual","gate","COVIDTETW is asked when COVIDTETR matches the stated condition","any","database_missing","","approved","mathzero","2026-08-17","PDF page 34: ASK IF COVIDTETR = 1","Machine-extracted candidate; requires direct human comparison with the displayed questionnaire page. Approved by mathzero in the checksum-fixed synthetic-routing-v1 review.","existing_question_gate_missing_codes_rejected"
"route_30ef929eecaed48465037fa3","react1.r09.individual","gate","VACCRUFUSE1_1 … VACCRUFUSE1_20 (21 fields) is asked when VACCINEACCEPT matches the stated condition","any","database_missing","","approved","mathzero","2026-08-17","PDF page 37: IF VACCINEACCEPT=2 or 3 AND (Mail_Grp 1 OR (Mail_Grp 2 AND (AGE=16 OR 17) AND INDCONF=1))","Machine-extracted in the group-aware second pass. The displayed evidence may contain additional administrative or eligibility conditions that require human interpretation. Approved by mathzero in the checksum-fixed synthetic-routing-v1 review.","incomplete_context_do_not_claim_eligible"
"route_3460855d4e46656e68814a08","react1.r09.individual","gate","COVIDSYM2_1 … COVIDSYM2_13 (13 fields) is asked when LONGCOVID1 matches the stated condition","any","database_missing","","approved","mathzero","2026-08-17","PDF page 15: ASK IF LONGCOVID1=1, 2,","Machine-extracted in the group-aware second pass. The displayed evidence may contain additional administrative or eligibility conditions that require human interpretation. Approved by mathzero in the checksum-fixed synthetic-routing-v1 review.","existing_question_gate_missing_codes_rejected"
"route_36e80184fa838cd498b4f5ba","react1.r09.individual","gate","TESTWORKNUM is asked when TESTWORKTYPE matches the stated condition","any","database_missing","","approved","mathzero","2026-08-17","PDF page 29: ASK IF TESTWORKTYPE=1 TO 3","Machine-extracted candidate; requires direct human comparison with the displayed questionnaire page. Approved by mathzero in the checksum-fixed synthetic-routing-v1 review.","existing_question_gate_missing_codes_rejected"
"route_39bd4cd4ca809c19bf3ba4f1","react1.r09.individual","gate","COVIDB is asked when COVIDA matches the stated condition","any","database_missing","","approved","mathzero","2026-08-17","PDF page 13: IF COVIDA = 1, 2 or 3","Machine-extracted candidate; requires direct human comparison with the displayed questionnaire page. Approved by mathzero in the checksum-fixed synthetic-routing-v1 review.","existing_question_gate_missing_codes_rejected"
"route_39caa36660e3dd22a1d70b0e","react1.r09.individual","gate","SMOKECIG is asked when SMOKENOW matches the stated condition","any","database_missing","","approved","mathzero","2026-08-17","PDF page 49: IF SMOKENOW = 2 or 3","Machine-extracted candidate; requires direct human comparison with the displayed questionnaire page. Approved by mathzero in the checksum-fixed synthetic-routing-v1 review.","existing_question_gate_missing_codes_rejected"
"route_3e24bfebaedd8dbb7ea48e7f","react1.r09.individual","gate","PERSCARE is asked when CAREHOME matches the stated condition","any","database_missing","","approved","mathzero","2026-08-17","PDF page 44: IF CAREHOME = 2 OR CAREHOME = 3","Machine-extracted candidate; requires direct human comparison with the displayed questionnaire page. Approved by mathzero in the checksum-fixed synthetic-routing-v1 review.","existing_question_gate_missing_codes_rejected"
"route_3fbe40e19dd18967be0875f0","react1.r09.individual","gate","CAMPUS2 is asked when EMPL matches the stated condition","any","database_missing","","approved","mathzero","2026-08-17","PDF page 41: IF MAIL_GRP1 AND EMPL = 7","Machine-extracted candidate; requires direct human comparison with the displayed questionnaire page. Approved by mathzero in the checksum-fixed synthetic-routing-v1 review.","incomplete_context_do_not_claim_eligible"
"route_40a8380de74ba4e6a8b4fdbc","react1.r09.individual","gate","SMOKEVAPDATE_MONTH, SMOKEVAPDATE_YEAR is asked when SMOKEVAP matches the stated condition","any","database_missing","","approved","mathzero","2026-08-17","PDF page 51: IF SMOKEVAP= 1","Machine-extracted in the group-aware second pass. The displayed evidence may contain additional administrative or eligibility conditions that require human interpretation. Approved by mathzero in the checksum-fixed synthetic-routing-v1 review.","existing_question_gate_missing_codes_rejected"
"route_40f21ba510fa6cb63acbb7f6","react1.r09.individual","gate","VACCINEFIRSTSYM is asked when VACCINEREG matches the stated condition","any","database_missing","","approved","mathzero","2026-08-17","PDF page 36: IF VACCINEREG=1","Machine-extracted candidate; requires direct human comparison with the displayed questionnaire page. Approved by mathzero in the checksum-fixed synthetic-routing-v1 review.","existing_question_gate_missing_codes_rejected"
"route_43a5286d19be9f1f8b73c71d","react1.r09.individual","gate","LONGCOVID1 is asked when COVIDA matches the stated condition","any","database_missing","","approved","mathzero","2026-08-17","PDF page 14: IF COVIDA=1, 2, 3","Machine-extracted candidate; requires direct human comparison with the displayed questionnaire page. Approved by mathzero in the checksum-fixed synthetic-routing-v1 review.","existing_question_gate_missing_codes_rejected"
"route_47e627c905735fe0ad16dde6","react1.r09.individual","gate","SMOKEFIVEYEAR is asked when SMOKENOW matches the stated condition","any","database_missing","","approved","mathzero","2026-08-17","PDF page 50: IF SMOKENOW =1","Machine-extracted candidate; requires direct human comparison with the displayed questionnaire page. Approved by mathzero in the checksum-fixed synthetic-routing-v1 review.","existing_question_gate_missing_codes_rejected"
"route_4ca2591fc2caf9d61b7c7ceb","react1.r09.individual","gate","AGPREVTYPE_1, AGPREVTYPE_2, AGPREVTYPE_3 is asked when AGPREV1 matches the stated condition","any","database_missing","","approved","mathzero","2026-08-17","PDF page 28: ASK IF AGPREV1=1","Machine-extracted in the group-aware second pass. The displayed evidence may contain additional administrative or eligibility conditions that require human interpretation. Approved by mathzero in the checksum-fixed synthetic-routing-v1 review.","existing_question_gate_missing_codes_rejected"
"route_4d9a9deb011f084d89d66d4d","react1.r09.individual","gate","COVIDWORK_1 … COVIDWORK_9_OTHER (10 fields) is asked when ISOLLEAVEREASON_1 matches the stated condition","any","database_missing","","approved","mathzero","2026-08-17","PDF page 34: ASK IF ISOLLEAVEREASON=1 AND Mail_Grp1 or (Mail_grp2 AND age 16+ ONLY and INDCONF=1]","Machine-extracted in the group-aware second pass. The displayed evidence may contain additional administrative or eligibility conditions that require human interpretation. Approved by mathzero in the checksum-fixed synthetic-routing-v1 review.","incomplete_context_do_not_claim_eligible"
"route_4dd43ba01d297fc61cd88374","react1.r09.individual","gate","TESTWORK is asked when AGPREVNUM matches the stated condition","any","database_missing","","approved","mathzero","2026-08-17","PDF page 29: ASK IF Mail_grp 1 AND AGPREVNUM=2","Machine-extracted candidate; requires direct human comparison with the displayed questionnaire page. Approved by mathzero in the checksum-fixed synthetic-routing-v1 review.","incomplete_context_do_not_claim_eligible"
"route_4f0a78bdd94c5224804461a8","react1.r09.individual","gate","CONTACT6BUB_1 … CONTACT6BUB_DK (4 fields) is asked when CONTACTBUB matches the stated condition","any","database_missing","","approved","mathzero","2026-08-17","PDF page 24: IF CONTACTBUB = 1+","Machine-extracted in the group-aware second pass. The displayed evidence may contain additional administrative or eligibility conditions that require human interpretation. Approved by mathzero in the checksum-fixed synthetic-routing-v1 review.","existing_question_gate_missing_codes_rejected"
"route_51f7f0b4e534afe70cf2b434","react1.r09.individual","gate","SWASTATUSNO is asked when SWAATTEMPT matches the stated condition","any","database_missing","","approved","mathzero","2026-08-17","PDF page 26: IF SWAATTEMPT=2 OR SWASTATUS = 3","Machine-extracted in the group-aware second pass. The displayed evidence may contain additional administrative or eligibility conditions that require human interpretation. Approved by mathzero in the checksum-fixed synthetic-routing-v1 review.","existing_question_gate_missing_codes_rejected"
"route_53e21ecb2d5ac462b16507cc","react1.r09.individual","gate","ISOLDAYS is asked when SELFISO matches the stated condition","any","database_missing","","approved","mathzero","2026-08-17","PDF page 33: ASK IF SELFISO =1","Machine-extracted candidate; requires direct human comparison with the displayed questionnaire page. Approved by mathzero in the checksum-fixed synthetic-routing-v1 review.","existing_question_gate_missing_codes_rejected"
"route_543b0aed4cd29895a8ad15be","react1.r09.individual","gate","CONTACT4_1 … CONTACT4_5 (5 fields) is asked when CONTACT1 matches the stated condition","any","database_missing","","approved","mathzero","2026-08-17","PDF page 25: IF CONTACT1 = 1+","Machine-extracted in the group-aware second pass. The displayed evidence may contain additional administrative or eligibility conditions that require human interpretation. Approved by mathzero in the checksum-fixed synthetic-routing-v1 review.","existing_question_gate_missing_codes_rejected"
"route_5637a35e882554f0d62268f3","react1.r09.individual","gate","QUARANTINE1 is asked when ABROAD matches the stated condition","any","database_missing","","approved","mathzero","2026-08-17","PDF page 47: ASK IF ABROAD =1","Machine-extracted candidate; requires direct human comparison with the displayed questionnaire page. Approved by mathzero in the checksum-fixed synthetic-routing-v1 review.","existing_question_gate_missing_codes_rejected"
"route_5688270332baff3a0b5df2bc","react1.r09.individual","gate","ABPREV5 is asked when ABPREV4 matches the stated condition","any","database_missing","","approved","mathzero","2026-08-17","PDF page 32: IF ABPREV4=1","Machine-extracted candidate; requires direct human comparison with the displayed questionnaire page. Approved by mathzero in the checksum-fixed synthetic-routing-v1 review.","existing_question_gate_missing_codes_rejected"
"route_56f6143d55f28a282f2816c7","react1.r09.individual","gate","COVIDCONHH is asked when COVIDCONPL_1 matches the stated condition","any","database_missing","","approved","mathzero","2026-08-17","PDF page 12: ASK IF COVIDCONPL=1","Machine-extracted in the group-aware second pass. The displayed evidence may contain additional administrative or eligibility conditions that require human interpretation. Approved by mathzero in the checksum-fixed synthetic-routing-v1 review.","existing_question_gate_missing_codes_rejected"
"route_63b156547d7aae44854ffc38","react1.r09.individual","gate","LONGCOVID2_2 … LONGCOVID2_25 (12 fields) is asked when LONGCOVID1 matches the stated condition","any","database_missing","","approved","mathzero","2026-08-17","PDF page 14: IF LONGCOVID1=1, 2,","Machine-extracted in the group-aware second pass. The displayed evidence may contain additional administrative or eligibility conditions that require human interpretation. Approved by mathzero in the checksum-fixed synthetic-routing-v1 review.","existing_question_gate_missing_codes_rejected"
"route_6a4472528442570b9bd5d8b7","react1.r09.individual","gate","ISOLRECENT is asked when SELFISO matches the stated condition","any","database_missing","","approved","mathzero","2026-08-17","PDF page 32: ASK IF SELFISO =1","Machine-extracted candidate; requires direct human comparison with the displayed questionnaire page. Approved by mathzero in the checksum-fixed synthetic-routing-v1 review.","existing_question_gate_missing_codes_rejected"
"route_6a4645c76ee124081824ee75","react1.r09.individual","gate","VACCINEACCEPT is asked when VACCINEAPP1 matches the stated condition","any","database_missing","","approved","mathzero","2026-08-17","PDF page 37: IF VACCINEAPP1 =2, 3 or 4","Machine-extracted candidate; requires direct human comparison with the displayed questionnaire page. Approved by mathzero in the checksum-fixed synthetic-routing-v1 review.","existing_question_gate_missing_codes_rejected"
"route_6c260e9e8c04dbf45df965f8","react1.r09.individual","gate","ISOLLEAVE is asked when SELFISO matches the stated condition","any","database_missing","","approved","mathzero","2026-08-17","PDF page 33: ASK IF SELFISO =1","Machine-extracted candidate; requires direct human comparison with the displayed questionnaire page. Approved by mathzero in the checksum-fixed synthetic-routing-v1 review.","existing_question_gate_missing_codes_rejected"
"route_7687240bdfa9c81c1cb96fec","react1.r09.individual","gate","TRANSP_1 … TRANSP_13_OTHER (14 fields) is asked when LEAVE1 matches the stated condition","any","database_missing","","approved","mathzero","2026-08-17","PDF page 20: IF LEAVE1 = 1","Machine-extracted in the group-aware second pass. The displayed evidence may contain additional administrative or eligibility conditions that require human interpretation. Approved by mathzero in the checksum-fixed synthetic-routing-v1 review.","existing_question_gate_missing_codes_rejected"
"route_7c3db5056189979ad2c6640c","react1.r09.individual","gate","ABPREV4 is asked when ABPREV1 matches the stated condition","any","database_missing","","approved","mathzero","2026-08-17","PDF page 31: IF ABPREV1= 2 AND ABPREV3 = 2, 3 or 4","Machine-extracted in the group-aware second pass. The displayed evidence may contain additional administrative or eligibility conditions that require human interpretation. Approved by mathzero in the checksum-fixed synthetic-routing-v1 review.","existing_question_gate_missing_codes_rejected"
"route_7e4358591d157630cc38ecfd","react1.r09.individual","gate","COVIDSYM3_1 … COVIDSYM3_11 (12 fields) is asked when LONGCOVID1 matches the stated condition","any","database_missing","","approved","mathzero","2026-08-17","PDF page 15: ASK IF LONGCOVID1=1, 2,","Machine-extracted in the group-aware second pass. The displayed evidence may contain additional administrative or eligibility conditions that require human interpretation. Approved by mathzero in the checksum-fixed synthetic-routing-v1 review.","existing_question_gate_missing_codes_rejected"
"route_84a9f7ce385d713dc8feae9f","react1.r09.individual","gate","SICKPAY1 is asked when WORKHOMEPOSS matches the stated condition","any","database_missing","","approved","mathzero","2026-08-17","PDF page 43: IF WORKHOMEPOSS =1","Machine-extracted candidate; requires direct human comparison with the displayed questionnaire page. Approved by mathzero in the checksum-fixed synthetic-routing-v1 review.","existing_question_gate_missing_codes_rejected"
"route_8878fcf761ce48273ba439c7","react1.r09.individual","gate","QISOLLEAVE is asked when ABROAD matches the stated condition","any","database_missing","","approved","mathzero","2026-08-17","PDF page 48: ASK IF ABROAD =1","Machine-extracted candidate; requires direct human comparison with the displayed questionnaire page. Approved by mathzero in the checksum-fixed synthetic-routing-v1 review.","existing_question_gate_missing_codes_rejected"
"route_8971f8659408cfdcfce594be","react1.r09.individual","gate","INDCONFPARENT is asked when INDCONF matches the stated condition","any","database_missing","","approved","mathzero","2026-08-17","PDF page 4: IF INDCONF = 2 AND Mail_Grp 2","Machine-extracted candidate; requires direct human comparison with the displayed questionnaire page. Approved by mathzero in the checksum-fixed synthetic-routing-v1 review.","incomplete_context_do_not_claim_eligible"
"route_8ae997c21be0bd2857105b52","react1.r09.individual","gate","AGPREV3 is asked when AGPREV1 matches the stated condition","any","database_missing","","approved","mathzero","2026-08-17","PDF page 30: IF AGPREV1 = 1","Machine-extracted candidate; requires direct human comparison with the displayed questionnaire page. Approved by mathzero in the checksum-fixed synthetic-routing-v1 review.","existing_question_gate_missing_codes_rejected"
"route_8b5c8e27b132cc2bd18876f0","react1.r09.individual","gate","SMOKEVAP is asked when VAPNOW matches the stated condition","any","database_missing","","approved","mathzero","2026-08-17","PDF page 50: IF VAPNOW = 2 or 3","Machine-extracted candidate; requires direct human comparison with the displayed questionnaire page. Approved by mathzero in the checksum-fixed synthetic-routing-v1 review.","existing_question_gate_missing_codes_rejected"
"route_8c86ce0f29f04861fb568e72","react1.r09.individual","gate","QISOLLEAVEREASON_1 … QISOLLEAVEREASON_16 (17 fields) is asked when QISOLLEAVE matches the stated condition","any","database_missing","","approved","mathzero","2026-08-17","PDF page 48: ASK IF QISOLLEAVE = 1","Machine-extracted in the group-aware second pass. The displayed evidence may contain additional administrative or eligibility conditions that require human interpretation. Approved by mathzero in the checksum-fixed synthetic-routing-v1 review.","existing_question_gate_missing_codes_rejected"
"route_8e5396804adb1d3ea0c4dae6","react1.r09.individual","gate","COVIDCONNUM is asked when COVIDCON_1 matches the stated condition","any","database_missing","","approved","mathzero","2026-08-17","PDF page 11: ASK IF COVIDCON=1","Machine-extracted in the group-aware second pass. The displayed evidence may contain additional administrative or eligibility conditions that require human interpretation. Approved by mathzero in the checksum-fixed synthetic-routing-v1 review.","existing_question_gate_missing_codes_rejected"
"route_8f4cc07fc5515768d79471c5","react1.r09.individual","gate","COVIDCONWP is asked when COVIDCONPL_2 matches the stated condition","any","database_missing","","approved","mathzero","2026-08-17","PDF page 12: ASK IF COVIDCONPL=2 AND MAIL_GRP1 OR MAIL_GRP2 AND INDONF-=1","Machine-extracted in the group-aware second pass. The displayed evidence may contain additional administrative or eligibility conditions that require human interpretation. Approved by mathzero in the checksum-fixed synthetic-routing-v1 review.","incomplete_context_do_not_claim_eligible"
"route_95c187eefdfca807028426a3","react1.r09.individual","gate","SWACOURSUIT_1 … SWACOURSUIT_5_OTH (6 fields) is asked when SWACOUR matches the stated condition","any","database_missing","","approved","mathzero","2026-08-17","PDF page 27: IF SWACOUR =4","Machine-extracted in the group-aware second pass. The displayed evidence may contain additional administrative or eligibility conditions that require human interpretation. Approved by mathzero in the checksum-fixed synthetic-routing-v1 review.","existing_question_gate_missing_codes_rejected"
"route_9c7ebd78de73cd3b5fdfbec9","react1.r09.individual","gate","COVIDCONPL_1 … COVIDCONPL_5 (6 fields) is asked when COVIDCON_1 matches the stated condition","any","database_missing","","approved","mathzero","2026-08-17","PDF page 12: ASK IF COVIDCON=1 AND COVIDCONNUM = 1-3","Machine-extracted in the group-aware second pass. The displayed evidence may contain additional administrative or eligibility conditions that require human interpretation. Approved by mathzero in the checksum-fixed synthetic-routing-v1 review.","existing_question_gate_missing_codes_rejected"
"route_a2847fed32d1396a92ca9809","react1.r09.individual","gate","AGPREV5 is asked when AGPREV4 matches the stated condition","any","database_missing","","approved","mathzero","2026-08-17","PDF page 30: IF AGPREV4=1","Machine-extracted candidate; requires direct human comparison with the displayed questionnaire page. Approved by mathzero in the checksum-fixed synthetic-routing-v1 review.","existing_question_gate_missing_codes_rejected"
"route_a400a0a4c12044651a267dc4","react1.r09.individual","gate","INDCONFCARER is asked when INDCONF matches the stated condition","any","database_missing","","approved","mathzero","2026-08-17","PDF page 4: IF INDCONF =2 AND Mail_Grp 1","Machine-extracted candidate; requires direct human comparison with the displayed questionnaire page. Approved by mathzero in the checksum-fixed synthetic-routing-v1 review.","incomplete_context_do_not_claim_eligible"
"route_abbb8bd51685d26506dffc14","react1.r09.individual","gate","SYMPTANY2_1 … SYMPTANY2_14 (14 fields) is asked when FEELUN matches the stated condition","any","database_missing","","approved","mathzero","2026-08-17","PDF page 6: IF FEELUN =1","Machine-extracted in the group-aware second pass. The displayed evidence may contain additional administrative or eligibility conditions that require human interpretation. Approved by mathzero in the checksum-fixed synthetic-routing-v1 review.","existing_question_gate_missing_codes_rejected"
"route_ac733476f59ca72e138c6fad","react1.r09.individual","gate","TEMPC is asked when TEMPA matches the stated condition","any","database_missing","","approved","mathzero","2026-08-17","PDF page 11: IF TEMPA = 1","Machine-extracted candidate; requires direct human comparison with the displayed questionnaire page. Approved by mathzero in the checksum-fixed synthetic-routing-v1 review.","existing_question_gate_missing_codes_rejected"
"route_b4a287a0a155f08baab71998","react1.r09.individual","gate","AGPREVNUM is asked when AGPREVTYPE_1 matches the stated condition","any","database_missing","","approved","mathzero","2026-08-17","PDF page 29: ASK IF AGPREVTYPE =1 ONLY OR 2 ONLY OR 3","Machine-extracted in the group-aware second pass. The displayed evidence may contain additional administrative or eligibility conditions that require human interpretation. Approved by mathzero in the checksum-fixed synthetic-routing-v1 review.","existing_question_gate_missing_codes_rejected"
"route_ba2503253b3349a1995385da","react1.r09.individual","gate","VACCDOSESYM is asked when VACCINEREG matches the stated condition","any","database_missing","","approved","mathzero","2026-08-17","PDF page 35: IF VACCINEREG=1","Machine-extracted candidate; requires direct human comparison with the displayed questionnaire page. Approved by mathzero in the checksum-fixed synthetic-routing-v1 review.","existing_question_gate_missing_codes_rejected"
"route_bbf3bfc55cbbe1824902941c","react1.r09.individual","gate","CONTACT5 is asked when CONTACT1 matches the stated condition","any","database_missing","","approved","mathzero","2026-08-17","PDF page 25: IF CONTACT1 = 1+ AND LEAVEREASON=2 AND MAIL_GRP1","Machine-extracted candidate; requires direct human comparison with the displayed questionnaire page. Approved by mathzero in the checksum-fixed synthetic-routing-v1 review.","incomplete_context_do_not_claim_eligible"
"route_bd98c7a3f42ae3d378fd1cb7","react1.r09.individual","gate","CONTACTBUB4_1 … CONTACTBUB4_DK (5 fields) is asked when BUBBLE2 matches the stated condition","any","database_missing","","approved","mathzero","2026-08-17","PDF page 24: ASK IF BUBBLE2 =1","Machine-extracted in the group-aware second pass. The displayed evidence may contain additional administrative or eligibility conditions that require human interpretation. Approved by mathzero in the checksum-fixed synthetic-routing-v1 review.","existing_question_gate_missing_codes_rejected"
"route_be939ae3de47d748b11ae335","react1.r09.individual","gate","SYMPTANY1_1 … SYMPTANY1_5 (5 fields) is asked when FEELUN matches the stated condition","any","database_missing","","approved","mathzero","2026-08-17","PDF page 5: IF FEELUN =1 ","Machine-extracted in the group-aware second pass. The displayed evidence may contain additional administrative or eligibility conditions that require human interpretation. Approved by mathzero in the checksum-fixed synthetic-routing-v1 review.","existing_question_gate_missing_codes_rejected"
"route_beb7aab000bcd06f09e1bd76","react1.r09.individual","gate","AGPREV4 is asked when AGPREVTYPE_1 matches the stated condition","any","database_missing","","approved","mathzero","2026-08-17","PDF page 30: IF AGPREV3 = (2 OR 3 OR 4) AND ((AGPREVTYPE=1 AND 2) OR AGPREVNUM = 2)","Machine-extracted in the group-aware second pass. The displayed evidence may contain additional administrative or eligibility conditions that require human interpretation. Approved by mathzero in the checksum-fixed synthetic-routing-v1 review.","existing_question_gate_missing_codes_rejected"
"route_befe600dfaca9450b57f22aa","react1.r09.individual","gate","VACCINESECONDSYM is asked when VACCDOSE matches the stated condition","any","database_missing","","approved","mathzero","2026-08-17","PDF page 36: IF VACCDOSE= 2 OR 3","Machine-extracted candidate; requires direct human comparison with the displayed questionnaire page. Approved by mathzero in the checksum-fixed synthetic-routing-v1 review.","existing_question_gate_missing_codes_rejected"
"route_c217d2df65243842d34ea932","react1.r09.individual","gate","COUNTRYVISIT1, COUNTRYVISIT2 is asked when ABROAD matches the stated condition","any","database_missing","","approved","mathzero","2026-08-17","PDF page 46: IF ABROAD = 1","Machine-extracted in the group-aware second pass. The displayed evidence may contain additional administrative or eligibility conditions that require human interpretation. Approved by mathzero in the checksum-fixed synthetic-routing-v1 review.","existing_question_gate_missing_codes_rejected"
"route_c559d11d985180c2ecafdf36","react1.r09.individual","gate","WORKHOMEPOSS is asked when WORKHOME matches the stated condition","any","database_missing","","approved","mathzero","2026-08-17","PDF page 42: IF WORKHOME =2","Machine-extracted candidate; requires direct human comparison with the displayed questionnaire page. Approved by mathzero in the checksum-fixed synthetic-routing-v1 review.","existing_question_gate_missing_codes_rejected"
"route_c604d0f7218d31becd846495","react1.r09.individual","gate","CONTACTBUB is asked when BUBBLE2 matches the stated condition","any","database_missing","","approved","mathzero","2026-08-17","PDF page 24: ASK IF BUBBLE2 =1","Machine-extracted candidate; requires direct human comparison with the displayed questionnaire page. Approved by mathzero in the checksum-fixed synthetic-routing-v1 review.","existing_question_gate_missing_codes_rejected"
"route_c7f3fcfb588939a0a4e71c48","react1.r09.individual","gate","KINDMED_1 … KINDMED_TXT (10 fields) is asked when SEEKMED matches the stated condition","any","database_missing","","approved","mathzero","2026-08-17","PDF page 10: IF SEEKMED = 1","Machine-extracted in the group-aware second pass. The displayed evidence may contain additional administrative or eligibility conditions that require human interpretation. Approved by mathzero in the checksum-fixed synthetic-routing-v1 review.","existing_question_gate_missing_codes_rejected"
"route_c82720a7733400168020522b","react1.r09.individual","gate","BUBBLENUM is asked when BUBBLE2 matches the stated condition","any","database_missing","","approved","mathzero","2026-08-17","PDF page 23: ASK IF BUBBLE2 =1","Machine-extracted candidate; requires direct human comparison with the displayed questionnaire page. Approved by mathzero in the checksum-fixed synthetic-routing-v1 review.","existing_question_gate_missing_codes_rejected"
"route_d53be57b6084439d5b13a44e","react1.r09.individual","gate","SWACOUR is asked when SWASTATUS matches the stated condition","any","database_missing","","approved","mathzero","2026-08-17","PDF page 27: IF SWASTATUS = 1 OR SWASTATUSNO = 1","Machine-extracted in the group-aware second pass. The displayed evidence may contain additional administrative or eligibility conditions that require human interpretation. Approved by mathzero in the checksum-fixed synthetic-routing-v1 review.","existing_question_gate_missing_codes_rejected"
"route_d70ed58c1b1c8e9ad36d39fb","react1.r09.individual","gate","SMOKECIGDATE_MONTH, SMOKECIGDATE_YEAR is asked when SMOKECIG matches the stated condition","any","database_missing","","approved","mathzero","2026-08-17","PDF page 50: IF SMOKECIG= 1 AND SMOKENOW=2","Machine-extracted in the group-aware second pass. The displayed evidence may contain additional administrative or eligibility conditions that require human interpretation. Approved by mathzero in the checksum-fixed synthetic-routing-v1 review.","existing_question_gate_missing_codes_rejected"
"route_dc3950ecc69108f0e11da395","react1.r09.individual","gate","SWABDATE is asked when SWASTATUS matches the stated condition","any","database_missing","","approved","mathzero","2026-08-17","PDF page 27: IF SWASTATUS = 1 (COMPLETED SWAB TEST)","Machine-extracted candidate; requires direct human comparison with the displayed questionnaire page. Approved by mathzero in the checksum-fixed synthetic-routing-v1 review.","existing_question_gate_missing_codes_rejected"
"route_dccb6f382be3d4eb8ab57fd3","react1.r09.individual","gate","SWAHELP is asked when SWAATTEMPT matches the stated condition","any","database_missing","","approved","mathzero","2026-08-17","PDF page 28: IF SWAATTEMPT = 1 (ATTEMPTED SWAB TEST)","Machine-extracted candidate; requires direct human comparison with the displayed questionnaire page. Approved by mathzero in the checksum-fixed synthetic-routing-v1 review.","existing_question_gate_missing_codes_rejected"
"route_e2d37c99a325f4025912802f","react1.r09.individual","gate","FLATTYP is asked when DWELLTYP matches the stated condition","any","database_missing","","approved","mathzero","2026-08-17","PDF page 39: IF DWELLTYP = 2","Machine-extracted candidate; requires direct human comparison with the displayed questionnaire page. Approved by mathzero in the checksum-fixed synthetic-routing-v1 review.","existing_question_gate_missing_codes_rejected"
"route_e5592328fff1b1189eeb8dea","react1.r09.individual","gate","VACCINEREG is asked when VACCINE3SYM matches the stated condition","any","database_missing","","approved","mathzero","2026-08-17","PDF page 35: IF VACCINE3SYM=1","Machine-extracted candidate; requires direct human comparison with the displayed questionnaire page. Approved by mathzero in the checksum-fixed synthetic-routing-v1 review.","existing_question_gate_missing_codes_rejected"
"route_e7787a0a23429830bd4df548","react1.r09.individual","gate","TEMPB01, TEMPB02, TEMPB03 is asked when TEMPA matches the stated condition","any","database_missing","","approved","mathzero","2026-08-17","PDF page 10: IF TEMPA = 1","Machine-extracted in the group-aware second pass. The displayed evidence may contain additional administrative or eligibility conditions that require human interpretation. Approved by mathzero in the checksum-fixed synthetic-routing-v1 review.","existing_question_gate_missing_codes_rejected"
"route_e9c681a8ec7baafc457efa64","react1.r09.individual","gate","ABPREV3 is asked when ABPREV1 matches the stated condition","any","database_missing","","approved","mathzero","2026-08-17","PDF page 31: IF ABPREV1 = 1 or 2","Machine-extracted candidate; requires direct human comparison with the displayed questionnaire page. Approved by mathzero in the checksum-fixed synthetic-routing-v1 review.","existing_question_gate_missing_codes_rejected"
"route_eab6faff5a246fcd2d406498","react1.r09.individual","gate","AGPREV2 is asked when AGPREV1 matches the stated condition","any","database_missing","","approved","mathzero","2026-08-17","PDF page 30: IF AGPREV1 = 1","Machine-extracted candidate; requires direct human comparison with the displayed questionnaire page. Approved by mathzero in the checksum-fixed synthetic-routing-v1 review.","existing_question_gate_missing_codes_rejected"
"route_eb67e7551f7a0c1c293523a5","react1.r09.individual","gate","SYMPTNOWAW_1 … SYMPTNOWAW_27 (29 fields) is asked when SYMPTANY1_1 … SYMPTANY3_10 (30 fields) matches the stated condition","any","database_missing","","approved","mathzero","2026-08-17","PDF page 8: IF ANY SELECTED AT SYMPTANY1, SYMPTANY2, SYMPTANY3","Machine-extracted in the group-aware second pass. The displayed evidence may contain additional administrative or eligibility conditions that require human interpretation. Approved by mathzero in the checksum-fixed synthetic-routing-v1 review.","existing_question_gate_missing_codes_rejected"
"route_ef463389783b4fa2e36b9ea1","react1.r09.individual","gate","COVIDPWP is asked when COVIDCON_1 matches the stated condition","any","database_missing","","approved","mathzero","2026-08-17","PDF page 13: ASK IF COVIDCON=1","Machine-extracted in the group-aware second pass. The displayed evidence may contain additional administrative or eligibility conditions that require human interpretation. Approved by mathzero in the checksum-fixed synthetic-routing-v1 review.","existing_question_gate_missing_codes_rejected"
"route_f15dd67992b68ab4017a413a","react1.r09.individual","gate","SWASTATUS is asked when SWAATTEMPT matches the stated condition","any","database_missing","","approved","mathzero","2026-08-17","PDF page 26: IF SWAATTEMPT=1","Machine-extracted candidate; requires direct human comparison with the displayed questionnaire page. Approved by mathzero in the checksum-fixed synthetic-routing-v1 review.","existing_question_gate_missing_codes_rejected"
"route_f73d23740e7be88017310f0d","react1.r09.individual","gate","LASTABROAD is asked when NUMVISIT matches the stated condition","any","database_missing","","approved","mathzero","2026-08-17","PDF page 47: IF NUMVISIT =3+","Machine-extracted candidate; requires direct human comparison with the displayed questionnaire page. Approved by mathzero in the checksum-fixed synthetic-routing-v1 review.","existing_question_gate_missing_codes_rejected"
"route_fe4ccc58d88c0e18682084f0","react1.r09.individual","gate","SICKPAY2 is asked when EMPL matches the stated condition","any","database_missing","","approved","mathzero","2026-08-17","PDF page 43: IF EMPL = 1, 2, 3","Machine-extracted candidate; requires direct human comparison with the displayed questionnaire page. Approved by mathzero in the checksum-fixed synthetic-routing-v1 review.","existing_question_gate_missing_codes_rejected"
"route_feed144b8dea20998700f8da","react1.r09.individual","gate","CARETYPE is asked when CAREHOME matches the stated condition","any","database_missing","","approved","mathzero","2026-08-17","PDF page 44: IF CAREHOME=1","Machine-extracted candidate; requires direct human comparison with the displayed questionnaire page. Approved by mathzero in the checksum-fixed synthetic-routing-v1 review.","existing_question_gate_missing_codes_rejected"
"route_08ab87215380c4543b7426c6","react1.r09.registration","gate","INDCONFCARER is asked when INDCONF matches the stated condition","any","database_missing","","approved","mathzero","2026-08-17","PDF page 4: IF INDCONF =2 AND Mail_Grp=1","Machine-extracted candidate; requires direct human comparison with the displayed questionnaire page. Approved by mathzero in the checksum-fixed synthetic-routing-v1 review.","incomplete_context_do_not_claim_eligible"
"route_09d4f2927cbe67a4ec5bf8bc","react1.r09.registration","gate","VACCDOSE is asked when VACCINE3 matches the stated condition","any","database_missing","","approved","mathzero","2026-08-17","PDF page 13: IF VACCINE3 = 1","Machine-extracted candidate; requires direct human comparison with the displayed questionnaire page. Approved by mathzero in the checksum-fixed synthetic-routing-v1 review.","existing_question_gate_missing_codes_rejected"
"route_144f593bf222f5018182bc79","react1.r09.registration","gate","WORKTYP4_1 … WORKTYP4_9 (13 fields) is asked when WORKTYP3_5, WORKTYP3_6, WORKTYP3_7 matches the stated condition","any","database_missing","","approved","mathzero","2026-08-17","PDF page 12: IF WORKTYP3= 5, 6, 7","Machine-extracted in the group-aware second pass. The displayed evidence may contain additional administrative or eligibility conditions that require human interpretation. Approved by mathzero in the checksum-fixed synthetic-routing-v1 review.","existing_question_gate_missing_codes_rejected"
"route_23f0ecfc8b5ed07b1e428da6","react1.r09.registration","gate","WORKTYP2_1 … WORKTYP2_12 (13 fields) is asked when WORKTYP1_5, WORKTYP1_6, WORKTYP1_7 matches the stated condition","any","database_missing","","approved","mathzero","2026-08-17","PDF page 11: IF WORKTYP1= 5, 6, 7","Machine-extracted in the group-aware second pass. The displayed evidence may contain additional administrative or eligibility conditions that require human interpretation. Approved by mathzero in the checksum-fixed synthetic-routing-v1 review.","existing_question_gate_missing_codes_rejected"
"route_67184817d2ad0272f3dacab2","react1.r09.registration","gate","ADULTAGE1_1 … ADULTAGE1_NA (11 fields) is asked when NADULTS1 matches the stated condition","any","database_missing","","approved","mathzero","2026-08-17","PDF page 8: IF NADULTS1 = 1+","Machine-extracted in the group-aware second pass. The displayed evidence may contain additional administrative or eligibility conditions that require human interpretation. Approved by mathzero in the checksum-fixed synthetic-routing-v1 review.","existing_question_gate_missing_codes_rejected"
"route_6828fbaeb1f168fada036ab4","react1.r09.registration","gate","VACCINEFIRST is asked when VACCINE3 matches the stated condition","any","database_missing","","approved","mathzero","2026-08-17","PDF page 13: IF VACCINE3 =1","Machine-extracted candidate; requires direct human comparison with the displayed questionnaire page. Approved by mathzero in the checksum-fixed synthetic-routing-v1 review.","existing_question_gate_missing_codes_rejected"
"route_6e87fa40819c799fbcea8573","react1.r09.registration","gate","WORKSTUDYPERS1REG_1 … WORKSTUDYPERS1REG_5 (5 fields) is asked when WORKTYP2_5 … WORKTYP2_7 (4 fields) matches the stated condition","any","database_missing","","approved","mathzero","2026-08-17","PDF page 11: IF WORKTYP2 = 5 or 12 or 8 or 7","Machine-extracted in the group-aware second pass. The displayed evidence may contain additional administrative or eligibility conditions that require human interpretation. Approved by mathzero in the checksum-fixed synthetic-routing-v1 review.","existing_question_gate_missing_codes_rejected"
"route_7c554927f893dde4e878fbfb","react1.r09.registration","gate","INDCONFPARENT is asked when INDCONF matches the stated condition","any","database_missing","","approved","mathzero","2026-08-17","PDF page 4: IF INDCONF = 2 AND Mail_Grp=2","Machine-extracted candidate; requires direct human comparison with the displayed questionnaire page. Approved by mathzero in the checksum-fixed synthetic-routing-v1 review.","incomplete_context_do_not_claim_eligible"
"route_8afe3d08f346079bc9996230","react1.r09.registration","gate","ADULTAGE_1 … ADULTAGE1_NA (22 fields) is asked when NADULTS matches the stated condition","any","database_missing","","approved","mathzero","2026-08-17","PDF page 7: IF NADULTS = 2+","Machine-extracted in the group-aware second pass. The displayed evidence may contain additional administrative or eligibility conditions that require human interpretation. Approved by mathzero in the checksum-fixed synthetic-routing-v1 review.","existing_question_gate_missing_codes_rejected"
"route_90876c09d7b3dc166c8a3a12","react1.r09.registration","gate","CHILDAGE1_1 … CHILDAGE1_NA (15 fields) is asked when NCHILD1 matches the stated condition","any","database_missing","","approved","mathzero","2026-08-17","PDF page 10: IF NCHILD1 = 2+","Machine-extracted in the group-aware second pass. The displayed evidence may contain additional administrative or eligibility conditions that require human interpretation. Approved by mathzero in the checksum-fixed synthetic-routing-v1 review.","existing_question_gate_missing_codes_rejected"
"route_97bcc57039fe0f562f785af6","react1.r09.registration","gate","VACCINESECOND is asked when VACCDOSE matches the stated condition","any","database_missing","","approved","mathzero","2026-08-17","PDF page 13: IF VACCDOSE= 2 OR 3","Machine-extracted candidate; requires direct human comparison with the displayed questionnaire page. Approved by mathzero in the checksum-fixed synthetic-routing-v1 review.","existing_question_gate_missing_codes_rejected"
"route_ae2c68bf85b8460e2b4f1c11","react1.r09.registration","gate","NADULTS is asked when INDCONFPARENT matches the stated condition","any","database_missing","","approved","mathzero","2026-08-17","PDF page 7: IF AGED Mail_Grp=1 OR Mail_Grp=3 OR (Mail_Grp=2 INDCONFPARENT =1)","Machine-extracted candidate; requires direct human comparison with the displayed questionnaire page. Approved by mathzero in the checksum-fixed synthetic-routing-v1 review.","incomplete_context_do_not_claim_eligible"
"route_b3c92f6253ed3459aef9f7a3","react1.r09.registration","gate","WORKSTUDYPERS2REG_1 … WORKSTUDYPERS2REG_5 (5 fields) is asked when WORKTYP4_5 … WORKTYP4_7 (4 fields) matches the stated condition","any","database_missing","","approved","mathzero","2026-08-17","PDF page 12: IF WORKTYP4 = 5 or 12 or 8 or 7","Machine-extracted in the group-aware second pass. The displayed evidence may contain additional administrative or eligibility conditions that require human interpretation. Approved by mathzero in the checksum-fixed synthetic-routing-v1 review.","existing_question_gate_missing_codes_rejected"
"route_b87ba10ca30fbe1eb960984b","react1.r09.registration","gate","VACCINETYPE_1 … VACCINETYPE_99 (4 fields) is asked when VACCINE3 matches the stated condition","any","database_missing","","approved","mathzero","2026-08-17","PDF page 14: IF VACCINE3 =1","Machine-extracted in the group-aware second pass. The displayed evidence may contain additional administrative or eligibility conditions that require human interpretation. Approved by mathzero in the checksum-fixed synthetic-routing-v1 review.","existing_question_gate_missing_codes_rejected"
"route_08ced586c118e2bd93668fd0","react1.r10.individual","gate","SWAHELP is asked when SWAATTEMPT matches the stated condition","any","database_missing","","approved","mathzero","2026-08-17","PDF page 30: IF SWAATTEMPT = 1 (ATTEMPTED SWAB TEST)","Machine-extracted candidate; requires direct human comparison with the displayed questionnaire page. Approved by mathzero in the checksum-fixed synthetic-routing-v1 review.","existing_question_gate_missing_codes_rejected"
"route_0d8798868f2765e2f56188a9","react1.r10.individual","gate","SELFISO2_1 … SELFISO2_8 (9 fields) is asked when SELFISOEVER matches the stated condition","any","database_missing","","approved","mathzero","2026-08-17","PDF page 36: ASK IF SELFISOEVER =1 ","Machine-extracted in the group-aware second pass. The displayed evidence may contain additional administrative or eligibility conditions that require human interpretation. Approved by mathzero in the checksum-fixed synthetic-routing-v1 review.","existing_question_gate_missing_codes_rejected"
"route_103cf6a3e611f895e4707c22","react1.r10.individual","gate","SURGETEST2 is asked when SURGEAREA matches the stated condition","any","database_missing","","approved","mathzero","2026-08-17","PDF page 34: IF SURGEAREA =1","Machine-extracted candidate; requires direct human comparison with the displayed questionnaire page. Approved by mathzero in the checksum-fixed synthetic-routing-v1 review.","existing_question_gate_missing_codes_rejected"
"route_152fd70e5a03ac60ff5aba85","react1.r10.individual","gate","LONGCOVID2_21 … LONGCOVID2_25 (12 fields) is asked when LONGCOVID1 matches the stated condition","any","database_missing","","approved","mathzero","2026-08-17","PDF page 14: IF LONGCOVID1=1, 2","Machine-extracted in the group-aware second pass. The displayed evidence may contain additional administrative or eligibility conditions that require human interpretation. Approved by mathzero in the checksum-fixed synthetic-routing-v1 review.","existing_question_gate_missing_codes_rejected"
"route_16c98d84fff78b1c28a39ec7","react1.r10.individual","gate","SICKPAY3 is asked when EMPL matches the stated condition","any","database_missing","","approved","mathzero","2026-08-17","PDF page 49: IF EMPL = 1, 2, 3","Machine-extracted candidate; requires direct human comparison with the displayed questionnaire page. Approved by mathzero in the checksum-fixed synthetic-routing-v1 review.","existing_question_gate_missing_codes_rejected"
"route_1a5fd543bec27b52785f6059","react1.r10.individual","gate","COVIDCONPL_1 … COVIDCONPL_5 (6 fields) is asked when COVIDCON_1 matches the stated condition","any","database_missing","","approved","mathzero","2026-08-17","PDF page 12: ASK IF COVIDCON=1 AND COVIDCONNUM = 1-3","Machine-extracted in the group-aware second pass. The displayed evidence may contain additional administrative or eligibility conditions that require human interpretation. Approved by mathzero in the checksum-fixed synthetic-routing-v1 review.","existing_question_gate_missing_codes_rejected"
"route_1b6de902805ef1bec84e1566","react1.r10.individual","gate","NHSCONTACTS is asked when COVIDTETR matches the stated condition","any","database_missing","","approved","mathzero","2026-08-17","PDF page 40: COVIDTETR =1 ","Machine-extracted in the group-aware second pass. The displayed evidence may contain additional administrative or eligibility conditions that require human interpretation. Approved by mathzero in the checksum-fixed synthetic-routing-v1 review.","existing_question_gate_missing_codes_rejected"
"route_1bf548560f112ff08a91c0c3","react1.r10.individual","gate","LONGCOVID1 is asked when COVIDA matches the stated condition","any","database_missing","","approved","mathzero","2026-08-17","PDF page 14: IF COVIDA=1, 2, 3","Machine-extracted candidate; requires direct human comparison with the displayed questionnaire page. Approved by mathzero in the checksum-fixed synthetic-routing-v1 review.","existing_question_gate_missing_codes_rejected"
"route_1c581859100639584de9617f","react1.r10.individual","gate","COVIDPWP is asked when COVIDCON_1 matches the stated condition","any","database_missing","","approved","mathzero","2026-08-17","PDF page 13: ASK IF COVIDCON=1","Machine-extracted in the group-aware second pass. The displayed evidence may contain additional administrative or eligibility conditions that require human interpretation. Approved by mathzero in the checksum-fixed synthetic-routing-v1 review.","existing_question_gate_missing_codes_rejected"
"route_1c871a5fe96bc9beaafbd10c","react1.r10.individual","gate","SICKPAY1 is asked when WORKHOMEPOSS matches the stated condition","any","database_missing","","approved","mathzero","2026-08-17","PDF page 48: IF WORKHOMEPOSS =1","Machine-extracted candidate; requires direct human comparison with the displayed questionnaire page. Approved by mathzero in the checksum-fixed synthetic-routing-v1 review.","existing_question_gate_missing_codes_rejected"
"route_1d8adced4a206428f62ff162","react1.r10.individual","gate","ABPREV5_NEW is asked when ABPREV4 matches the stated condition","any","database_missing","","approved","mathzero","2026-08-17","PDF page 35: IF ABPREV4=1","Machine-extracted candidate; requires direct human comparison with the displayed questionnaire page. Approved by mathzero in the checksum-fixed synthetic-routing-v1 review.","existing_question_gate_missing_codes_rejected"
"route_1e1c963f1483c02aafb9e6c6","react1.r10.individual","gate","SMOKEFIVEYEAR is asked when SMOKENOW matches the stated condition","any","database_missing","","approved","mathzero","2026-08-17","PDF page 56: IF SMOKENOW =1","Machine-extracted candidate; requires direct human comparison with the displayed questionnaire page. Approved by mathzero in the checksum-fixed synthetic-routing-v1 review.","existing_question_gate_missing_codes_rejected"
"route_20db6e3ff6ed9f3a67dabacf","react1.r10.individual","gate","LONGCOVIDMED_1 … LONGCOVIDMED_10 (11 fields) is asked when LONGCOVIDDESC matches the stated condition","any","database_missing","","approved","mathzero","2026-08-17","PDF page 17: ASK IF LONGCOVIDDESC = 1 OR 2","Machine-extracted in the group-aware second pass. The displayed evidence may contain additional administrative or eligibility conditions that require human interpretation. Approved by mathzero in the checksum-fixed synthetic-routing-v1 review.","existing_question_gate_missing_codes_rejected"
"route_29129e8dd4e9223c39f5e0e8","react1.r10.individual","gate","NHSCONTACTS2 is asked when NHSCONTACTS matches the stated condition","any","database_missing","","approved","mathzero","2026-08-17","PDF page 40: IF NHSCONTACTS=1","Machine-extracted candidate; requires direct human comparison with the displayed questionnaire page. Approved by mathzero in the checksum-fixed synthetic-routing-v1 review.","existing_question_gate_missing_codes_rejected"
"route_30fffd0d71a0f844de38785e","react1.r10.individual","gate","COVIDB_NEW is asked when COVIDA matches the stated condition","any","database_missing","","approved","mathzero","2026-08-17","PDF page 13: IF COVIDA = 1, 2 or 3","Machine-extracted candidate; requires direct human comparison with the displayed questionnaire page. Approved by mathzero in the checksum-fixed synthetic-routing-v1 review.","existing_question_gate_missing_codes_rejected"
"route_31c022fd38b1617fbfe04d51","react1.r10.individual","gate","QISOLLEAVE is asked when QUARANTINE1 matches the stated condition","any","database_missing","","approved","mathzero","2026-08-17","PDF page 53: ASK IF QUARANTINE1=1","Machine-extracted candidate; requires direct human comparison with the displayed questionnaire page. Approved by mathzero in the checksum-fixed synthetic-routing-v1 review.","existing_question_gate_missing_codes_rejected"
"route_360473e66c09edd71c8d9032","react1.r10.individual","gate","VACCRUFUSE2_1 … VACCRUFUSE2_20 (24 fields) is asked when VACCINEAPP2 matches the stated condition","any","database_missing","","approved","mathzero","2026-08-17","PDF page 44: VACCINEAPP2 =2 AND (Mail_Grp 1 OR (Mail_Grp 2 AND (AGE=16 OR 17) AND INDCONF=1))","Machine-extracted in the group-aware second pass. The displayed evidence may contain additional administrative or eligibility conditions that require human interpretation. Approved by mathzero in the checksum-fixed synthetic-routing-v1 review.","incomplete_context_do_not_claim_eligible"
"route_40d6cf0c09f6a6b658af7795","react1.r10.individual","gate","QISOLLEAVEREASON_1 … QISOLLEAVEREASON_16 (19 fields) is asked when QISOLLEAVE matches the stated condition","any","database_missing","","approved","mathzero","2026-08-17","PDF page 54: ASK IF QISOLLEAVE = 1","Machine-extracted in the group-aware second pass. The displayed evidence may contain additional administrative or eligibility conditions that require human interpretation. Approved by mathzero in the checksum-fixed synthetic-routing-v1 review.","existing_question_gate_missing_codes_rejected"
"route_43472ca23a85c7cb1f54642f","react1.r10.individual","gate","LONGCOVIDACTIV is asked when LONGCOVIDDESC matches the stated condition","any","database_missing","","approved","mathzero","2026-08-17","PDF page 16: ASK IF LONGCOVIDDESC = 1 OR 2","Machine-extracted candidate; requires direct human comparison with the displayed questionnaire page. Approved by mathzero in the checksum-fixed synthetic-routing-v1 review.","existing_question_gate_missing_codes_rejected"
"route_4748f47352efafdf0b22d223","react1.r10.individual","gate","ABPREV3 is asked when ABPREV1 matches the stated condition","any","database_missing","","approved","mathzero","2026-08-17","PDF page 35: IF ABPREV1 = 1 or 2","Machine-extracted candidate; requires direct human comparison with the displayed questionnaire page. Approved by mathzero in the checksum-fixed synthetic-routing-v1 review.","existing_question_gate_missing_codes_rejected"
"route_47ab264bf86411bec6f4cce4","react1.r10.individual","gate","LONGCOVIDABILITY is asked when LONGCOVIDDESC matches the stated condition","any","database_missing","","approved","mathzero","2026-08-17","PDF page 17: ASK IF LONGCOVIDDESC = 1 OR 2","Machine-extracted candidate; requires direct human comparison with the displayed questionnaire page. Approved by mathzero in the checksum-fixed synthetic-routing-v1 review.","existing_question_gate_missing_codes_rejected"
"route_48779c7fcbf3d37a4d298281","react1.r10.individual","gate","SMOKECIGDATE_MONTH, SMOKECIGDATE_YEAR is asked when SMOKECIG matches the stated condition","any","database_missing","","approved","mathzero","2026-08-17","PDF page 56: IF SMOKECIG= 1 AND SMOKENOW=2","Machine-extracted in the group-aware second pass. The displayed evidence may contain additional administrative or eligibility conditions that require human interpretation. Approved by mathzero in the checksum-fixed synthetic-routing-v1 review.","existing_question_gate_missing_codes_rejected"
"route_4946f10639ab116ed5fb33f6","react1.r10.individual","gate","HOUSTYP is asked when DWELLTYP matches the stated condition","any","database_missing","","approved","mathzero","2026-08-17","PDF page 45: IF DWELLTYP = 1","Machine-extracted candidate; requires direct human comparison with the displayed questionnaire page. Approved by mathzero in the checksum-fixed synthetic-routing-v1 review.","existing_question_gate_missing_codes_rejected"
"route_505874043a040429b0421f1d","react1.r10.individual","gate","ABPREV2_NEW is asked when ABPREV1 matches the stated condition","any","database_missing","","approved","mathzero","2026-08-17","PDF page 35: IF ABPREV1 = 1 or 2","Machine-extracted candidate; requires direct human comparison with the displayed questionnaire page. Approved by mathzero in the checksum-fixed synthetic-routing-v1 review.","existing_question_gate_missing_codes_rejected"
"route_506a6a10c954123484cb55e0","react1.r10.individual","gate","ISOLDAYS is asked when SELFISO2_1 matches the stated condition","any","database_missing","","approved","mathzero","2026-08-17","PDF page 37: ASK IF SELFISO2 =1 TO 6","Machine-extracted in the group-aware second pass. The displayed evidence may contain additional administrative or eligibility conditions that require human interpretation. Approved by mathzero in the checksum-fixed synthetic-routing-v1 review.","existing_question_gate_missing_codes_rejected"
"route_547ec452710cfa20c2a043a4","react1.r10.individual","gate","AGPREV3 is asked when AGPREV1 matches the stated condition","any","database_missing","","approved","mathzero","2026-08-17","PDF page 32: IF AGPREV1 = 1","Machine-extracted candidate; requires direct human comparison with the displayed questionnaire page. Approved by mathzero in the checksum-fixed synthetic-routing-v1 review.","existing_question_gate_missing_codes_rejected"
"route_597a8f57f7605382bb7db4c3","react1.r10.individual","gate","INDCONFCARER is asked when INDCONF matches the stated condition","any","database_missing","","approved","mathzero","2026-08-17","PDF page 4: IF INDCONF =2 AND Mail_Grp 1","Machine-extracted candidate; requires direct human comparison with the displayed questionnaire page. Approved by mathzero in the checksum-fixed synthetic-routing-v1 review.","incomplete_context_do_not_claim_eligible"
"route_5a6864df6df729b103e90bd4","react1.r10.individual","gate","ISOLRECENT_NEW is asked when SELFISO2_1 matches the stated condition","any","database_missing","","approved","mathzero","2026-08-17","PDF page 36: ASK IF SELFISO2 =1 TO 6","Machine-extracted in the group-aware second pass. The displayed evidence may contain additional administrative or eligibility conditions that require human interpretation. Approved by mathzero in the checksum-fixed synthetic-routing-v1 review.","existing_question_gate_missing_codes_rejected"
"route_5bef3c089e20725e438cfcf5","react1.r10.individual","gate","AGPREVTYPE_1, AGPREVTYPE_2, AGPREVTYPE_3 is asked when AGPREV1 matches the stated condition","any","database_missing","","approved","mathzero","2026-08-17","PDF page 30: ASK IF AGPREV1=1","Machine-extracted in the group-aware second pass. The displayed evidence may contain additional administrative or eligibility conditions that require human interpretation. Approved by mathzero in the checksum-fixed synthetic-routing-v1 review.","existing_question_gate_missing_codes_rejected"
"route_5d3563a8eccd015d3886daff","react1.r10.individual","gate","CONTACT5 is asked when CONTACT1 matches the stated condition","any","database_missing","","approved","mathzero","2026-08-17","PDF page 27: IF CONTACT1 = 1+ AND LEAVEREASON=2 AND MAIL_GRP1","Machine-extracted candidate; requires direct human comparison with the displayed questionnaire page. Approved by mathzero in the checksum-fixed synthetic-routing-v1 review.","incomplete_context_do_not_claim_eligible"
"route_5fa5f7f5a90d17332d731814","react1.r10.individual","gate","TRANSP_1 … TRANSP_13_OTHER (14 fields) is asked when LEAVE1 matches the stated condition","any","database_missing","","approved","mathzero","2026-08-17","PDF page 22: IF LEAVE1 = 1","Machine-extracted in the group-aware second pass. The displayed evidence may contain additional administrative or eligibility conditions that require human interpretation. Approved by mathzero in the checksum-fixed synthetic-routing-v1 review.","existing_question_gate_missing_codes_rejected"
"route_6192cb1104ba451fe4f3b8e4","react1.r10.individual","gate","FLATTYP is asked when DWELLTYP matches the stated condition","any","database_missing","","approved","mathzero","2026-08-17","PDF page 45: IF DWELLTYP = 2","Machine-extracted candidate; requires direct human comparison with the displayed questionnaire page. Approved by mathzero in the checksum-fixed synthetic-routing-v1 review.","existing_question_gate_missing_codes_rejected"
"route_62c3e9faa1981a0351cbf105","react1.r10.individual","gate","SWACOUR is asked when SWASTATUS matches the stated condition","any","database_missing","","approved","mathzero","2026-08-17","PDF page 29: IF SWASTATUS = 1 OR SWASTATUSNO = 1","Machine-extracted in the group-aware second pass. The displayed evidence may contain additional administrative or eligibility conditions that require human interpretation. Approved by mathzero in the checksum-fixed synthetic-routing-v1 review.","existing_question_gate_missing_codes_rejected"
"route_63e6dacab52d3d36c83cbe3e","react1.r10.individual","gate","WORKHOMEREASON_1 … WORKHOMEREASON_11 (13 fields) is asked when WORKHOMEPOSS matches the stated condition","any","database_missing","","approved","mathzero","2026-08-17","PDF page 48: IF WORKHOMEPOSS=2","Machine-extracted in the group-aware second pass. The displayed evidence may contain additional administrative or eligibility conditions that require human interpretation. Approved by mathzero in the checksum-fixed synthetic-routing-v1 review.","existing_question_gate_missing_codes_rejected"
"route_66875d7e71fac8d8da735614","react1.r10.individual","gate","EDTYPE is asked when EMPL matches the stated condition","any","database_missing","","approved","mathzero","2026-08-17","PDF page 47: IF MAIL_GRP1 AND EMPL = 7","Machine-extracted candidate; requires direct human comparison with the displayed questionnaire page. Approved by mathzero in the checksum-fixed synthetic-routing-v1 review.","incomplete_context_do_not_claim_eligible"
"route_68de764e461c138e627831b6","react1.r10.individual","gate","VACCDOSESYM is asked when VACCINEREG matches the stated condition","any","database_missing","","approved","mathzero","2026-08-17","PDF page 41: IF VACCINEREG=1","Machine-extracted candidate; requires direct human comparison with the displayed questionnaire page. Approved by mathzero in the checksum-fixed synthetic-routing-v1 review.","existing_question_gate_missing_codes_rejected"
"route_6e14d0bd93ed5a920cf9da77","react1.r10.individual","gate","COVIDCONNUM is asked when COVIDCON_1 matches the stated condition","any","database_missing","","approved","mathzero","2026-08-17","PDF page 11: ASK IF COVIDCON=1","Machine-extracted in the group-aware second pass. The displayed evidence may contain additional administrative or eligibility conditions that require human interpretation. Approved by mathzero in the checksum-fixed synthetic-routing-v1 review.","existing_question_gate_missing_codes_rejected"
"route_70b9689f0b14fc625f0a597c","react1.r10.individual","gate","CONTACT6BUB_1 … CONTACT6BUB_DK (4 fields) is asked when CONTACTBUB matches the stated condition","any","database_missing","","approved","mathzero","2026-08-17","PDF page 26: IF CONTACTBUB = 1+","Machine-extracted in the group-aware second pass. The displayed evidence may contain additional administrative or eligibility conditions that require human interpretation. Approved by mathzero in the checksum-fixed synthetic-routing-v1 review.","existing_question_gate_missing_codes_rejected"
"route_7101f45380b6b4f2ac8e217a","react1.r10.individual","gate","SMOKEVAPDATE_MONTH, SMOKEVAPDATE_YEAR is asked when SMOKEVAP matches the stated condition","any","database_missing","","approved","mathzero","2026-08-17","PDF page 57: IF SMOKEVAP= 1","Machine-extracted in the group-aware second pass. The displayed evidence may contain additional administrative or eligibility conditions that require human interpretation. Approved by mathzero in the checksum-fixed synthetic-routing-v1 review.","existing_question_gate_missing_codes_rejected"
"route_716be601243ccbcd4b9b7162","react1.r10.individual","gate","LFTREPORT is asked when AGPREVTYPE_2 matches the stated condition","any","database_missing","","approved","mathzero","2026-08-17","PDF page 33: IF AGPREVTYPE = 2 ","Machine-extracted in the group-aware second pass. The displayed evidence may contain additional administrative or eligibility conditions that require human interpretation. Approved by mathzero in the checksum-fixed synthetic-routing-v1 review.","existing_question_gate_missing_codes_rejected"
"route_72300dea971e290b0f0d9316","react1.r10.individual","gate","SYMPTANY1_1 … SYMPTANY1_5 (5 fields) is asked when FEELUN matches the stated condition","any","database_missing","","approved","mathzero","2026-08-17","PDF page 5: IF FEELUN =1 ","Machine-extracted in the group-aware second pass. The displayed evidence may contain additional administrative or eligibility conditions that require human interpretation. Approved by mathzero in the checksum-fixed synthetic-routing-v1 review.","existing_question_gate_missing_codes_rejected"
"route_728df739da130f2a87cbc347","react1.r10.individual","gate","QCOVIDWORK_1 … QCOVIDWORK_10 (11 fields) is asked when QISOLLEAVEREASON_1 matches the stated condition","any","database_missing","","approved","mathzero","2026-08-17","PDF page 55: ASK IF QISOLLEAVEREASON=1 AND Mail_Grp1 or (Mail_grp2 AND age 16+ ONLY and INDCONF=1]","Machine-extracted in the group-aware second pass. The displayed evidence may contain additional administrative or eligibility conditions that require human interpretation. Approved by mathzero in the checksum-fixed synthetic-routing-v1 review.","incomplete_context_do_not_claim_eligible"
"route_767aa738131b7360789640ca","react1.r10.individual","gate","SWASTATUSNO is asked when SWAATTEMPT matches the stated condition","any","database_missing","","approved","mathzero","2026-08-17","PDF page 28: IF SWAATTEMPT=2 OR SWASTATUS = 3","Machine-extracted in the group-aware second pass. The displayed evidence may contain additional administrative or eligibility conditions that require human interpretation. Approved by mathzero in the checksum-fixed synthetic-routing-v1 review.","existing_question_gate_missing_codes_rejected"
"route_7ddc8ecd1a15c71262a587b8","react1.r10.individual","gate","VACCINEREG is asked when VACCINE3SYM matches the stated condition","any","database_missing","","approved","mathzero","2026-08-17","PDF page 41: IF VACCINE3SYM=1","Machine-extracted candidate; requires direct human comparison with the displayed questionnaire page. Approved by mathzero in the checksum-fixed synthetic-routing-v1 review.","existing_question_gate_missing_codes_rejected"
"route_807ce1dda47936517e85fa1c","react1.r10.individual","gate","COVIDTETW_NEW is asked when COVIDTETR matches the stated condition","any","database_missing","","approved","mathzero","2026-08-17","PDF page 39: ASK IF COVIDTETR = 1","Machine-extracted candidate; requires direct human comparison with the displayed questionnaire page. Approved by mathzero in the checksum-fixed synthetic-routing-v1 review.","existing_question_gate_missing_codes_rejected"
"route_83005366fbde0d6e637bfb00","react1.r10.individual","gate","COUNTRYVISIT1, COUNTRYVISIT2 is asked when ABROAD matches the stated condition","any","database_missing","","approved","mathzero","2026-08-17","PDF page 51: IF ABROAD = 1","Machine-extracted in the group-aware second pass. The displayed evidence may contain additional administrative or eligibility conditions that require human interpretation. Approved by mathzero in the checksum-fixed synthetic-routing-v1 review.","existing_question_gate_missing_codes_rejected"
"route_8c6a8d1b38004c3d2701ac49","react1.r10.individual","gate","SURGETEST1 is asked when SURGEAREA matches the stated condition","any","database_missing","","approved","mathzero","2026-08-17","PDF page 33: IF SURGEAREA =1","Machine-extracted candidate; requires direct human comparison with the displayed questionnaire page. Approved by mathzero in the checksum-fixed synthetic-routing-v1 review.","existing_question_gate_missing_codes_rejected"
"route_8c748ccc4f188b7a21a9d17f","react1.r10.individual","gate","VACCINEFIRSTSYM is asked when VACCINEREG matches the stated condition","any","database_missing","","approved","mathzero","2026-08-17","PDF page 41: IF VACCINEREG=1","Machine-extracted candidate; requires direct human comparison with the displayed questionnaire page. Approved by mathzero in the checksum-fixed synthetic-routing-v1 review.","existing_question_gate_missing_codes_rejected"
"route_8d0e6fc6b388286713239adf","react1.r10.individual","gate","COVIDCONHH is asked when COVIDCONPL_1 matches the stated condition","any","database_missing","","approved","mathzero","2026-08-17","PDF page 12: ASK IF COVIDCONPL=1","Machine-extracted in the group-aware second pass. The displayed evidence may contain additional administrative or eligibility conditions that require human interpretation. Approved by mathzero in the checksum-fixed synthetic-routing-v1 review.","existing_question_gate_missing_codes_rejected"
"route_8f8c49a1caafc665b04925f8","react1.r10.individual","gate","FRIDG is asked when SWASTATUS matches the stated condition","any","database_missing","","approved","mathzero","2026-08-17","PDF page 30: IF SWASTATUS = 1 (COMPLETED SWAB TEST)","Machine-extracted candidate; requires direct human comparison with the displayed questionnaire page. Approved by mathzero in the checksum-fixed synthetic-routing-v1 review.","existing_question_gate_missing_codes_rejected"
"route_9033e1acdb49da3eb9cdb767","react1.r10.individual","gate","ISOLLEAVE is asked when SELFISO2_1 matches the stated condition","any","database_missing","","approved","mathzero","2026-08-17","PDF page 37: ASK IF SELFISO2 =1 TO 6","Machine-extracted in the group-aware second pass. The displayed evidence may contain additional administrative or eligibility conditions that require human interpretation. Approved by mathzero in the checksum-fixed synthetic-routing-v1 review.","existing_question_gate_missing_codes_rejected"
"route_9089c1cd01ebf4fa20db53a7","react1.r10.individual","gate","SYMPTANY3_1 … SYMPTANY3_10 (11 fields) is asked when FEELUN matches the stated condition","any","database_missing","","approved","mathzero","2026-08-17","PDF page 7: IF FEELUN =1","Machine-extracted in the group-aware second pass. The displayed evidence may contain additional administrative or eligibility conditions that require human interpretation. Approved by mathzero in the checksum-fixed synthetic-routing-v1 review.","existing_question_gate_missing_codes_rejected"
"route_930682d9d2e3f6846ce45574","react1.r10.individual","gate","SMOKEVAP is asked when VAPNOW matches the stated condition","any","database_missing","","approved","mathzero","2026-08-17","PDF page 56: IF VAPNOW = 2 or 3","Machine-extracted candidate; requires direct human comparison with the displayed questionnaire page. Approved by mathzero in the checksum-fixed synthetic-routing-v1 review.","existing_question_gate_missing_codes_rejected"
"route_9449ea6083e9cae126667b19","react1.r10.individual","gate","SYMPTANY2_1 … SYMPTANY2_14 (14 fields) is asked when FEELUN matches the stated condition","any","database_missing","","approved","mathzero","2026-08-17","PDF page 6: IF FEELUN =1","Machine-extracted in the group-aware second pass. The displayed evidence may contain additional administrative or eligibility conditions that require human interpretation. Approved by mathzero in the checksum-fixed synthetic-routing-v1 review.","existing_question_gate_missing_codes_rejected"
"route_94fe89f63a80935e50fa1663","react1.r10.individual","gate","COVIDSYM3_1 … COVIDSYM3_11 (12 fields) is asked when LONGCOVID1 matches the stated condition","any","database_missing","","approved","mathzero","2026-08-17","PDF page 15: ASK IF LONGCOVID1=1, 2 ","Machine-extracted in the group-aware second pass. The displayed evidence may contain additional administrative or eligibility conditions that require human interpretation. Approved by mathzero in the checksum-fixed synthetic-routing-v1 review.","existing_question_gate_missing_codes_rejected"
"route_9713fea30517c2ef159dda2c","react1.r10.individual","gate","SICKPAY2 is asked when EMPL matches the stated condition","any","database_missing","","approved","mathzero","2026-08-17","PDF page 49: IF EMPL = 1, 2, 3","Machine-extracted candidate; requires direct human comparison with the displayed questionnaire page. Approved by mathzero in the checksum-fixed synthetic-routing-v1 review.","existing_question_gate_missing_codes_rejected"
"route_9b08b695da31f28469f46767","react1.r10.individual","gate","AGPREV2_NEW is asked when AGPREV1 matches the stated condition","any","database_missing","","approved","mathzero","2026-08-17","PDF page 32: IF AGPREV1 = 1","Machine-extracted candidate; requires direct human comparison with the displayed questionnaire page. Approved by mathzero in the checksum-fixed synthetic-routing-v1 review.","existing_question_gate_missing_codes_rejected"
"route_9c39e8f8918c4245ad2c8122","react1.r10.individual","gate","ABPREV4 is asked when ABPREV1 matches the stated condition","any","database_missing","","approved","mathzero","2026-08-17","PDF page 35: IF ABPREV1= 2 AND ABPREV3 = 2, 3 or 4","Machine-extracted in the group-aware second pass. The displayed evidence may contain additional administrative or eligibility conditions that require human interpretation. Approved by mathzero in the checksum-fixed synthetic-routing-v1 review.","existing_question_gate_missing_codes_rejected"
"route_9c68e95a0c3b611745f427c6","react1.r10.individual","gate","VACCINESECONDSYM is asked when VACCDOSE matches the stated condition","any","database_missing","","approved","mathzero","2026-08-17","PDF page 42: IF VACCDOSE= 2 OR 3","Machine-extracted candidate; requires direct human comparison with the displayed questionnaire page. Approved by mathzero in the checksum-fixed synthetic-routing-v1 review.","existing_question_gate_missing_codes_rejected"
"route_a89b9981dc509ce46d406c86","react1.r10.individual","gate","BUBBLENUM is asked when BUBBLE2 matches the stated condition","any","database_missing","","approved","mathzero","2026-08-17","PDF page 25: ASK IF BUBBLE2 =1","Machine-extracted candidate; requires direct human comparison with the displayed questionnaire page. Approved by mathzero in the checksum-fixed synthetic-routing-v1 review.","existing_question_gate_missing_codes_rejected"
"route_aa631e30b345da9ff7a5875f","react1.r10.individual","gate","COVIDTETA is asked when COVIDTETR matches the stated condition","any","database_missing","","approved","mathzero","2026-08-17","PDF page 40: ASK IF COVIDTETR = 1","Machine-extracted candidate; requires direct human comparison with the displayed questionnaire page. Approved by mathzero in the checksum-fixed synthetic-routing-v1 review.","existing_question_gate_missing_codes_rejected"
"route_aa8bf90301894dbe7548b524","react1.r10.individual","gate","TEMPB01, TEMPB02, TEMPB03 is asked when TEMPA matches the stated condition","any","database_missing","","approved","mathzero","2026-08-17","PDF page 10: IF TEMPA = 1","Machine-extracted in the group-aware second pass. The displayed evidence may contain additional administrative or eligibility conditions that require human interpretation. Approved by mathzero in the checksum-fixed synthetic-routing-v1 review.","existing_question_gate_missing_codes_rejected"
"route_abd17b8ef671062af09c9de7","react1.r10.individual","gate","COVIDSYM2_1 … COVIDSYM2_12 (14 fields) is asked when LONGCOVID1 matches the stated condition","any","database_missing","","approved","mathzero","2026-08-17","PDF page 15: ASK IF LONGCOVID1=1, 2","Machine-extracted in the group-aware second pass. The displayed evidence may contain additional administrative or eligibility conditions that require human interpretation. Approved by mathzero in the checksum-fixed synthetic-routing-v1 review.","existing_question_gate_missing_codes_rejected"
"route_ac097af7c6fa4f1e0c785847","react1.r10.individual","gate","VACCINEACCEPT is asked when VACCINEAPP1 matches the stated condition","any","database_missing","","approved","mathzero","2026-08-17","PDF page 43: IF VACCINEAPP1 =2, 3 or 4","Machine-extracted candidate; requires direct human comparison with the displayed questionnaire page. Approved by mathzero in the checksum-fixed synthetic-routing-v1 review.","existing_question_gate_missing_codes_rejected"
"route_accbae4e8856b98c55b98693","react1.r10.individual","gate","QUARANTINE1 is asked when ABROAD matches the stated condition","any","database_missing","","approved","mathzero","2026-08-17","PDF page 53: ASK IF ABROAD =1","Machine-extracted candidate; requires direct human comparison with the displayed questionnaire page. Approved by mathzero in the checksum-fixed synthetic-routing-v1 review.","existing_question_gate_missing_codes_rejected"
"route_ad287ade50be5964eca9af36","react1.r10.individual","gate","AGPREV5_NEW is asked when AGPREV4 matches the stated condition","any","database_missing","","approved","mathzero","2026-08-17","PDF page 32: IF AGPREV4=1","Machine-extracted candidate; requires direct human comparison with the displayed questionnaire page. Approved by mathzero in the checksum-fixed synthetic-routing-v1 review.","existing_question_gate_missing_codes_rejected"
"route_af33b2f97257b0bdab4300f3","react1.r10.individual","gate","CONTACT6_1 … CONTACT6_4 (4 fields) is asked when CONTACT1 matches the stated condition","any","database_missing","","approved","mathzero","2026-08-17","PDF page 28: IF CONTACT1 = 1+","Machine-extracted in the group-aware second pass. The displayed evidence may contain additional administrative or eligibility conditions that require human interpretation. Approved by mathzero in the checksum-fixed synthetic-routing-v1 review.","existing_question_gate_missing_codes_rejected"
"route_b72df9a802e7ca2f04e3d5b2","react1.r10.individual","gate","ISOLLEAVEREASON_1 … ISOLLEAVEREASON_15 (18 fields) is asked when ISOLLEAVE matches the stated condition","any","database_missing","","approved","mathzero","2026-08-17","PDF page 38: ASK IF ISOLLEAVE = 1","Machine-extracted in the group-aware second pass. The displayed evidence may contain additional administrative or eligibility conditions that require human interpretation. Approved by mathzero in the checksum-fixed synthetic-routing-v1 review.","existing_question_gate_missing_codes_rejected"
"route_b94dd412306475f15deba1eb","react1.r10.individual","gate","COVIDCONWP is asked when COVIDCONPL_2 matches the stated condition","any","database_missing","","approved","mathzero","2026-08-17","PDF page 12: ASK IF COVIDCONPL=2 AND MAIL_GRP1 OR MAIL_GRP2 AND INDONF-=1","Machine-extracted in the group-aware second pass. The displayed evidence may contain additional administrative or eligibility conditions that require human interpretation. Approved by mathzero in the checksum-fixed synthetic-routing-v1 review.","incomplete_context_do_not_claim_eligible"
"route_bbbc93cdc919fa9dc5d1d88d","react1.r10.individual","gate","TESTWORKNUM is asked when TESTWORKTYPE matches the stated condition","any","database_missing","","approved","mathzero","2026-08-17","PDF page 31: ASK IF TESTWORKTYPE=1 TO 3","Machine-extracted candidate; requires direct human comparison with the displayed questionnaire page. Approved by mathzero in the checksum-fixed synthetic-routing-v1 review.","existing_question_gate_missing_codes_rejected"
"route_bcbe22968ed5a4e676a01802","react1.r10.individual","gate","AGPREVNUM is asked when AGPREVTYPE_1 matches the stated condition","any","database_missing","","approved","mathzero","2026-08-17","PDF page 31: ASK IF AGPREVTYPE =1 ONLY OR 2 ONLY OR 3","Machine-extracted in the group-aware second pass. The displayed evidence may contain additional administrative or eligibility conditions that require human interpretation. Approved by mathzero in the checksum-fixed synthetic-routing-v1 review.","existing_question_gate_missing_codes_rejected"
"route_bd73fb72103654f30e560a3d","react1.r10.individual","gate","COVIDWORK_1 … COVIDWORK_9_OTHER (10 fields) is asked when ISOLLEAVEREASON_1 matches the stated condition","any","database_missing","","approved","mathzero","2026-08-17","PDF page 39: ASK IF ISOLLEAVEREASON=1 AND Mail_Grp1 or (Mail_grp2 AND age 16+ ONLY and INDCONF=1]","Machine-extracted in the group-aware second pass. The displayed evidence may contain additional administrative or eligibility conditions that require human interpretation. Approved by mathzero in the checksum-fixed synthetic-routing-v1 review.","incomplete_context_do_not_claim_eligible"
"route_bef8a69e2f96a4ed872003dd","react1.r10.individual","gate","WORKHOME is asked when EMPL matches the stated condition","any","database_missing","","approved","mathzero","2026-08-17","PDF page 47: IF EMPL = 1, 2, 3","Machine-extracted candidate; requires direct human comparison with the displayed questionnaire page. Approved by mathzero in the checksum-fixed synthetic-routing-v1 review.","existing_question_gate_missing_codes_rejected"
"route_c1f508bb2e0c11f03c85be55","react1.r10.individual","gate","CONTACTBUB is asked when BUBBLE2 matches the stated condition","any","database_missing","","approved","mathzero","2026-08-17","PDF page 26: ASK IF BUBBLE2 =1","Machine-extracted candidate; requires direct human comparison with the displayed questionnaire page. Approved by mathzero in the checksum-fixed synthetic-routing-v1 review.","existing_question_gate_missing_codes_rejected"
"route_c28a58e0902063c708bd8eff","react1.r10.individual","gate","TESTWORKTYPE is asked when TESTWORK matches the stated condition","any","database_missing","","approved","mathzero","2026-08-17","PDF page 31: ASK IF TESTWORK = 1","Machine-extracted candidate; requires direct human comparison with the displayed questionnaire page. Approved by mathzero in the checksum-fixed synthetic-routing-v1 review.","existing_question_gate_missing_codes_rejected"
"route_c6c4a5fbd8c1e69895c70ddb","react1.r10.individual","gate","WORKHOMEPOSS is asked when WORKHOME matches the stated condition","any","database_missing","","approved","mathzero","2026-08-17","PDF page 48: IF WORKHOME =2","Machine-extracted candidate; requires direct human comparison with the displayed questionnaire page. Approved by mathzero in the checksum-fixed synthetic-routing-v1 review.","existing_question_gate_missing_codes_rejected"
"route_cc3722738ccea65537d79178","react1.r10.individual","gate","SYMPTNOWAW_1 … SYMPTNOWAW_27 (29 fields) is asked when SYMPTANY1_1 … SYMPTANY3_10 (30 fields) matches the stated condition","any","database_missing","","approved","mathzero","2026-08-17","PDF page 8: IF ANY SELECTED AT SYMPTANY1, SYMPTANY2, SYMPTANY3","Machine-extracted in the group-aware second pass. The displayed evidence may contain additional administrative or eligibility conditions that require human interpretation. Approved by mathzero in the checksum-fixed synthetic-routing-v1 review.","existing_question_gate_missing_codes_rejected"
"route_cce347bb8052dcb852af0f34","react1.r10.individual","gate","SMOKECIG is asked when SMOKENOW matches the stated condition","any","database_missing","","approved","mathzero","2026-08-17","PDF page 55: IF SMOKENOW = 2 or 3","Machine-extracted candidate; requires direct human comparison with the displayed questionnaire page. Approved by mathzero in the checksum-fixed synthetic-routing-v1 review.","existing_question_gate_missing_codes_rejected"
"route_ccf8a295073d533bbd7312ae","react1.r10.individual","gate","LONGCOVIDDESC is asked when LONGCOVID1 matches the stated condition","any","database_missing","","approved","mathzero","2026-08-17","PDF page 14: IF LONGCOVIVD1 =1 OR 2","Machine-extracted in the group-aware second pass. The displayed evidence may contain additional administrative or eligibility conditions that require human interpretation. Approved by mathzero in the checksum-fixed synthetic-routing-v1 review.","existing_question_gate_missing_codes_rejected"
"route_cea56f193f21d74523d6fd34","react1.r10.individual","gate","VACCINEAPP2 is asked when VACCINEAPP1 matches the stated condition","any","database_missing","","approved","mathzero","2026-08-17","PDF page 42: IF VACCINEAPP1 =1","Machine-extracted candidate; requires direct human comparison with the displayed questionnaire page. Approved by mathzero in the checksum-fixed synthetic-routing-v1 review.","existing_question_gate_missing_codes_rejected"
"route_d7f05c21fdc67e74eaeee94a","react1.r10.individual","gate","CARETYPE is asked when CAREHOME matches the stated condition","any","database_missing","","approved","mathzero","2026-08-17","PDF page 50: IF CAREHOME=1","Machine-extracted candidate; requires direct human comparison with the displayed questionnaire page. Approved by mathzero in the checksum-fixed synthetic-routing-v1 review.","existing_question_gate_missing_codes_rejected"
"route_d82d8092609084176b51e6c8","react1.r10.individual","gate","VACCRUFUSE1_1 … VACCRUFUSE1_20 (24 fields) is asked when VACCINEACCEPT matches the stated condition","any","database_missing","","approved","mathzero","2026-08-17","PDF page 43: IF VACCINEACCEPT=2 or 3 AND (Mail_Grp 1 OR (Mail_Grp 2 AND (AGE=16 OR 17) AND INDCONF=1))","Machine-extracted in the group-aware second pass. The displayed evidence may contain additional administrative or eligibility conditions that require human interpretation. Approved by mathzero in the checksum-fixed synthetic-routing-v1 review.","incomplete_context_do_not_claim_eligible"
"route_df0c4cb5830d47b23198e4a2","react1.r10.individual","gate","CAMPUS2 is asked when EMPL matches the stated condition","any","database_missing","","approved","mathzero","2026-08-17","PDF page 47: IF MAIL_GRP1 AND EMPL = 7","Machine-extracted candidate; requires direct human comparison with the displayed questionnaire page. Approved by mathzero in the checksum-fixed synthetic-routing-v1 review.","incomplete_context_do_not_claim_eligible"
"route_df4df319e7563e4b939b3728","react1.r10.individual","gate","PERSCARE is asked when CAREHOME matches the stated condition","any","database_missing","","approved","mathzero","2026-08-17","PDF page 50: IF CAREHOME = 2 OR CAREHOME = 3","Machine-extracted candidate; requires direct human comparison with the displayed questionnaire page. Approved by mathzero in the checksum-fixed synthetic-routing-v1 review.","existing_question_gate_missing_codes_rejected"
"route_df678090525ea41da7424232","react1.r10.individual","gate","VACCINEAPP1 is asked when VACCINE3SYM matches the stated condition","any","database_missing","","approved","mathzero","2026-08-17","PDF page 42: IF VACCINE3SYM = 2 or 3","Machine-extracted candidate; requires direct human comparison with the displayed questionnaire page. Approved by mathzero in the checksum-fixed synthetic-routing-v1 review.","existing_question_gate_missing_codes_rejected"
"route_e315125a16b4ed3acf673991","react1.r10.individual","gate","SWABDATE_NEW, SWABDATE_HOUR, SWABDATE_MIN is asked when SWASTATUS matches the stated condition","any","database_missing","","approved","mathzero","2026-08-17","PDF page 29: IF SWASTATUS = 1 (COMPLETED SWAB TEST)","Machine-extracted in the group-aware second pass. The displayed evidence may contain additional administrative or eligibility conditions that require human interpretation. Approved by mathzero in the checksum-fixed synthetic-routing-v1 review.","existing_question_gate_missing_codes_rejected"
"route_e38f021f9246cb95334c2114","react1.r10.individual","gate","SWASTATUS is asked when SWAATTEMPT matches the stated condition","any","database_missing","","approved","mathzero","2026-08-17","PDF page 28: IF SWAATTEMPT=1","Machine-extracted candidate; requires direct human comparison with the displayed questionnaire page. Approved by mathzero in the checksum-fixed synthetic-routing-v1 review.","existing_question_gate_missing_codes_rejected"
"route_e541f011d47cd0d281c26ec8","react1.r10.individual","gate","LASTABROAD_NEW is asked when NUMVISIT matches the stated condition","any","database_missing","","approved","mathzero","2026-08-17","PDF page 52: IF NUMVISIT =3+","Machine-extracted candidate; requires direct human comparison with the displayed questionnaire page. Approved by mathzero in the checksum-fixed synthetic-routing-v1 review.","existing_question_gate_missing_codes_rejected"
"route_e945977ff15ee7fd87c3be43","react1.r10.individual","gate","TEMPC is asked when TEMPA matches the stated condition","any","database_missing","","approved","mathzero","2026-08-17","PDF page 11: IF TEMPA = 1","Machine-extracted candidate; requires direct human comparison with the displayed questionnaire page. Approved by mathzero in the checksum-fixed synthetic-routing-v1 review.","existing_question_gate_missing_codes_rejected"
"route_ea1635a1079bc9b8b8c96eb0","react1.r10.individual","gate","AGPREV4 is asked when AGPREVTYPE_1 matches the stated condition","any","database_missing","","approved","mathzero","2026-08-17","PDF page 32: IF AGPREV3 = (2 OR 3 OR 4) AND ((AGPREVTYPE=1 AND 2) OR AGPREVNUM = 2)","Machine-extracted in the group-aware second pass. The displayed evidence may contain additional administrative or eligibility conditions that require human interpretation. Approved by mathzero in the checksum-fixed synthetic-routing-v1 review.","existing_question_gate_missing_codes_rejected"
"route_eb40567b9c07e52fca60eb64","react1.r10.individual","gate","CONTACTBUB4_1 … CONTACTBUB4_DK (5 fields) is asked when BUBBLE2 matches the stated condition","any","database_missing","","approved","mathzero","2026-08-17","PDF page 26: ASK IF BUBBLE2 =1","Machine-extracted in the group-aware second pass. The displayed evidence may contain additional administrative or eligibility conditions that require human interpretation. Approved by mathzero in the checksum-fixed synthetic-routing-v1 review.","existing_question_gate_missing_codes_rejected"
"route_ed8bb3881e60fb085b841d9b","react1.r10.individual","gate","KINDMED_1 … KINDMED_TXT (10 fields) is asked when SEEKMED matches the stated condition","any","database_missing","","approved","mathzero","2026-08-17","PDF page 10: IF SEEKMED = 1","Machine-extracted in the group-aware second pass. The displayed evidence may contain additional administrative or eligibility conditions that require human interpretation. Approved by mathzero in the checksum-fixed synthetic-routing-v1 review.","existing_question_gate_missing_codes_rejected"
"route_edbb7d95390731527c7c893e","react1.r10.individual","gate","CONTACT4_1 … CONTACT4_5 (5 fields) is asked when CONTACT1 matches the stated condition","any","database_missing","","approved","mathzero","2026-08-17","PDF page 27: IF CONTACT1 = 1+","Machine-extracted in the group-aware second pass. The displayed evidence may contain additional administrative or eligibility conditions that require human interpretation. Approved by mathzero in the checksum-fixed synthetic-routing-v1 review.","existing_question_gate_missing_codes_rejected"
"route_f463a5d1829caf06bf0af345","react1.r10.individual","gate","INDCONFPARENT is asked when INDCONF matches the stated condition","any","database_missing","","approved","mathzero","2026-08-17","PDF page 4: IF INDCONF = 2 AND Mail_Grp 2","Machine-extracted candidate; requires direct human comparison with the displayed questionnaire page. Approved by mathzero in the checksum-fixed synthetic-routing-v1 review.","incomplete_context_do_not_claim_eligible"
"route_f69e836c0de3c5a18b87d5f4","react1.r10.individual","gate","SWACOURSUIT_1 … SWACOURSUIT_5_OTH (6 fields) is asked when SWACOUR matches the stated condition","any","database_missing","","approved","mathzero","2026-08-17","PDF page 29: IF SWACOUR =4","Machine-extracted in the group-aware second pass. The displayed evidence may contain additional administrative or eligibility conditions that require human interpretation. Approved by mathzero in the checksum-fixed synthetic-routing-v1 review.","existing_question_gate_missing_codes_rejected"
"route_f7aee97d46c94c1c5a6b01e3","react1.r10.individual","gate","TESTWORK is asked when AGPREVNUM matches the stated condition","any","database_missing","","approved","mathzero","2026-08-17","PDF page 31: ASK IF Mail_grp 1 AND AGPREVNUM=2","Machine-extracted candidate; requires direct human comparison with the displayed questionnaire page. Approved by mathzero in the checksum-fixed synthetic-routing-v1 review.","incomplete_context_do_not_claim_eligible"
"route_fd1573b070c6b5eb1b5db243","react1.r10.individual","gate","LONGINTERMIT is asked when LONGCOVIDDESC matches the stated condition","any","database_missing","","approved","mathzero","2026-08-17","PDF page 16: ASK IF LONGCOVIDDESC = 1 OR 2","Machine-extracted candidate; requires direct human comparison with the displayed questionnaire page. Approved by mathzero in the checksum-fixed synthetic-routing-v1 review.","existing_question_gate_missing_codes_rejected"
"route_0a4573a6159426b62a3bdb35","react1.r10.registration","gate","VACCINESECOND is asked when VACCDOSE matches the stated condition","any","database_missing","","approved","mathzero","2026-08-17","PDF page 13: IF VACCDOSE= 2 OR 3","Machine-extracted candidate; requires direct human comparison with the displayed questionnaire page. Approved by mathzero in the checksum-fixed synthetic-routing-v1 review.","existing_question_gate_missing_codes_rejected"
"route_0ce59ea493bfaa4683055f98","react1.r10.registration","gate","VACCINEFIRST is asked when VACCINE3 matches the stated condition","any","database_missing","","approved","mathzero","2026-08-17","PDF page 13: IF VACCINE3 =1","Machine-extracted candidate; requires direct human comparison with the displayed questionnaire page. Approved by mathzero in the checksum-fixed synthetic-routing-v1 review.","existing_question_gate_missing_codes_rejected"
"route_0d46217ef1724ec2286b19d3","react1.r10.registration","gate","NADULTS is asked when INDCONFPARENT matches the stated condition","any","database_missing","","approved","mathzero","2026-08-17","PDF page 7: IF AGED Mail_Grp=1 OR Mail_Grp=3 OR (Mail_Grp=2 INDCONFPARENT =1)","Machine-extracted candidate; requires direct human comparison with the displayed questionnaire page. Approved by mathzero in the checksum-fixed synthetic-routing-v1 review.","incomplete_context_do_not_claim_eligible"
"route_0e3392e7538ba046493aae21","react1.r10.registration","gate","ADULTAGE1_1 … ADULTAGE1_NA (11 fields) is asked when NADULTS1 matches the stated condition","any","database_missing","","approved","mathzero","2026-08-17","PDF page 8: IF NADULTS1 = 1+","Machine-extracted in the group-aware second pass. The displayed evidence may contain additional administrative or eligibility conditions that require human interpretation. Approved by mathzero in the checksum-fixed synthetic-routing-v1 review.","existing_question_gate_missing_codes_rejected"
"route_2a6e559424125e26c52d11d2","react1.r10.registration","gate","WORKTYP2_1 … WORKTYP2_9 (13 fields) is asked when WORKTYP1_5, WORKTYP1_6, WORKTYP1_7 matches the stated condition","any","database_missing","","approved","mathzero","2026-08-17","PDF page 11: IF WORKTYP1= 5, 6, 7","Machine-extracted in the group-aware second pass. The displayed evidence may contain additional administrative or eligibility conditions that require human interpretation. Approved by mathzero in the checksum-fixed synthetic-routing-v1 review.","existing_question_gate_missing_codes_rejected"
"route_35e073b0bf7e22d48f100701","react1.r10.registration","gate","PARNAME is asked when PARCONS matches the stated condition","any","database_missing","","approved","mathzero","2026-08-17","PDF page 6: IF PARCONS = 1","Machine-extracted candidate; requires direct human comparison with the displayed questionnaire page. Approved by mathzero in the checksum-fixed synthetic-routing-v1 review.","existing_question_gate_missing_codes_rejected"
"route_7598175acb27900abf266f66","react1.r10.registration","gate","ADULTAGE_1 … ADULTAGE1_NA (22 fields) is asked when NADULTS matches the stated condition","any","database_missing","","approved","mathzero","2026-08-17","PDF page 7: IF NADULTS = 2+","Machine-extracted in the group-aware second pass. The displayed evidence may contain additional administrative or eligibility conditions that require human interpretation. Approved by mathzero in the checksum-fixed synthetic-routing-v1 review.","existing_question_gate_missing_codes_rejected"
"route_978375808bf9b7b589cb6357","react1.r10.registration","gate","INDCONFPARENT is asked when INDCONF matches the stated condition","any","database_missing","","approved","mathzero","2026-08-17","PDF page 4: IF INDCONF = 2 AND Mail_Grp=2","Machine-extracted candidate; requires direct human comparison with the displayed questionnaire page. Approved by mathzero in the checksum-fixed synthetic-routing-v1 review.","incomplete_context_do_not_claim_eligible"
"route_b0a3e24bb89fbaa4bbc0cf17","react1.r10.registration","gate","INDCONFCARER is asked when INDCONF matches the stated condition","any","database_missing","","approved","mathzero","2026-08-17","PDF page 4: IF INDCONF =2 AND Mail_Grp=1","Machine-extracted candidate; requires direct human comparison with the displayed questionnaire page. Approved by mathzero in the checksum-fixed synthetic-routing-v1 review.","incomplete_context_do_not_claim_eligible"
"route_c092eebb461450f111cc2b88","react1.r10.registration","gate","WORKSTUDYPERS1REG_1 … WORKSTUDYPERS1REG_5 (5 fields) is asked when WORKTYP2_5 … WORKTYP2_7 (4 fields) matches the stated condition","any","database_missing","","approved","mathzero","2026-08-17","PDF page 11: IF WORKTYP2 = 5 or 12 or 8 or 7 ","Machine-extracted in the group-aware second pass. The displayed evidence may contain additional administrative or eligibility conditions that require human interpretation. Approved by mathzero in the checksum-fixed synthetic-routing-v1 review.","existing_question_gate_missing_codes_rejected"
"route_e095e269b008ec84c56f277c","react1.r10.registration","gate","WORKTYP4_1 … WORKTYP4_9 (13 fields) is asked when WORKTYP3_5, WORKTYP3_6, WORKTYP3_7 matches the stated condition","any","database_missing","","approved","mathzero","2026-08-17","PDF page 12: IF WORKTYP3= 5, 6, 7","Machine-extracted in the group-aware second pass. The displayed evidence may contain additional administrative or eligibility conditions that require human interpretation. Approved by mathzero in the checksum-fixed synthetic-routing-v1 review.","existing_question_gate_missing_codes_rejected"
"route_edd3ea187d782a855607790c","react1.r10.registration","gate","VACCDOSE is asked when VACCINE3 matches the stated condition","any","database_missing","","approved","mathzero","2026-08-17","PDF page 13: IF VACCINE3 = 1","Machine-extracted candidate; requires direct human comparison with the displayed questionnaire page. Approved by mathzero in the checksum-fixed synthetic-routing-v1 review.","existing_question_gate_missing_codes_rejected"
"route_ef8b77ac986af0ac9868cf13","react1.r10.registration","gate","WORKSTUDYPERS2REG_1 … WORKSTUDYPERS2REG_5 (5 fields) is asked when WORKTYP4_5 … WORKTYP4_7 (4 fields) matches the stated condition","any","database_missing","","approved","mathzero","2026-08-17","PDF page 12: IF WORKTYP4 = 5 or 12 or 8 or 7 ","Machine-extracted in the group-aware second pass. The displayed evidence may contain additional administrative or eligibility conditions that require human interpretation. Approved by mathzero in the checksum-fixed synthetic-routing-v1 review.","existing_question_gate_missing_codes_rejected"
"route_f9975b573eaf137c02cafd5f","react1.r10.registration","gate","CHILDAGE1_1 … CHILDAGE1_NA (15 fields) is asked when NCHILD1 matches the stated condition","any","database_missing","","approved","mathzero","2026-08-17","PDF page 10: IF NCHILD1 = 2+","Machine-extracted in the group-aware second pass. The displayed evidence may contain additional administrative or eligibility conditions that require human interpretation. Approved by mathzero in the checksum-fixed synthetic-routing-v1 review.","existing_question_gate_missing_codes_rejected"
"route_040805905be2b8ce31c3e4de","react1.r11.individual","gate","VACCINESECONDSYM is asked when VACCDOSE matches the stated condition","any","database_missing","","approved","mathzero","2026-08-17","PDF page 41: IF VACCDOSE= 2 OR 3","Machine-extracted candidate; requires direct human comparison with the displayed questionnaire page. Approved by mathzero in the checksum-fixed synthetic-routing-v1 review.","existing_question_gate_missing_codes_rejected"
"route_051bf275a6a03696784329c2","react1.r11.individual","gate","COUNTRYVISIT1, COUNTRYVISIT2 is asked when ABROAD matches the stated condition","any","database_missing","","approved","mathzero","2026-08-17","PDF page 50: IF ABROAD = 1","Machine-extracted in the group-aware second pass. The displayed evidence may contain additional administrative or eligibility conditions that require human interpretation. Approved by mathzero in the checksum-fixed synthetic-routing-v1 review.","existing_question_gate_missing_codes_rejected"
"route_0e380db6f125382c45679a26","react1.r11.individual","gate","SWABDATE_NEW, SWABDATE_HOUR, SWABDATE_MIN is asked when SWASTATUS matches the stated condition","any","database_missing","","approved","mathzero","2026-08-17","PDF page 30: IF SWASTATUS = 1 (COMPLETED SWAB TEST)","Machine-extracted in the group-aware second pass. The displayed evidence may contain additional administrative or eligibility conditions that require human interpretation. Approved by mathzero in the checksum-fixed synthetic-routing-v1 review.","existing_question_gate_missing_codes_rejected"
"route_121af2dc830aa399bc3690fc","react1.r11.individual","gate","TESTWORKTYPE is asked when TESTWORK matches the stated condition","any","database_missing","","approved","mathzero","2026-08-17","PDF page 32: ASK IF TESTWORK = 1","Machine-extracted candidate; requires direct human comparison with the displayed questionnaire page. Approved by mathzero in the checksum-fixed synthetic-routing-v1 review.","existing_question_gate_missing_codes_rejected"
"route_13baf2cafdbf4a9dc8c02721","react1.r11.individual","gate","SYMPTNOWAW_1 … SYMPTNOWAW_27 (29 fields) is asked when SYMPTANY1_1 … SYMPTANY3_10 (30 fields) matches the stated condition","any","database_missing","","approved","mathzero","2026-08-17","PDF page 8: IF ANY SELECTED AT SYMPTANY1, SYMPTANY2, SYMPTANY3","Machine-extracted in the group-aware second pass. The displayed evidence may contain additional administrative or eligibility conditions that require human interpretation. Approved by mathzero in the checksum-fixed synthetic-routing-v1 review.","existing_question_gate_missing_codes_rejected"
"route_1dfce3082da78f333f7d8df8","react1.r11.individual","gate","CONTACTBUB4_1 … CONTACTBUB4_DK (5 fields) is asked when BUBBLE2 matches the stated condition","any","database_missing","","approved","mathzero","2026-08-17","PDF page 27: ASK IF BUBBLE2 =1","Machine-extracted in the group-aware second pass. The displayed evidence may contain additional administrative or eligibility conditions that require human interpretation. Approved by mathzero in the checksum-fixed synthetic-routing-v1 review.","existing_question_gate_missing_codes_rejected"
"route_20013ab32103eab482dd4b7c","react1.r11.individual","gate","SWACOUR is asked when SWASTATUS matches the stated condition","any","database_missing","","approved","mathzero","2026-08-17","PDF page 30: IF SWASTATUS = 1 OR SWASTATUSNO = 1","Machine-extracted in the group-aware second pass. The displayed evidence may contain additional administrative or eligibility conditions that require human interpretation. Approved by mathzero in the checksum-fixed synthetic-routing-v1 review.","existing_question_gate_missing_codes_rejected"
"route_2120ac70e37fa1ac91547354","react1.r11.individual","gate","SMOKEVAP is asked when VAPNOW matches the stated condition","any","database_missing","","approved","mathzero","2026-08-17","PDF page 55: IF VAPNOW = 2 or 3","Machine-extracted candidate; requires direct human comparison with the displayed questionnaire page. Approved by mathzero in the checksum-fixed synthetic-routing-v1 review.","existing_question_gate_missing_codes_rejected"
"route_2343b06582295c647ff2385e","react1.r11.individual","gate","VACCINEAPP1 is asked when VACCINE3SYM matches the stated condition","any","database_missing","","approved","mathzero","2026-08-17","PDF page 41: IF VACCINE3SYM = 2 or 3","Machine-extracted candidate; requires direct human comparison with the displayed questionnaire page. Approved by mathzero in the checksum-fixed synthetic-routing-v1 review.","existing_question_gate_missing_codes_rejected"
"route_25c27a07b217a626ef2cd252","react1.r11.individual","gate","INDCONFCARER is asked when INDCONF matches the stated condition","any","database_missing","","approved","mathzero","2026-08-17","PDF page 4: IF INDCONF =2 AND Mail_Grp 1","Machine-extracted candidate; requires direct human comparison with the displayed questionnaire page. Approved by mathzero in the checksum-fixed synthetic-routing-v1 review.","incomplete_context_do_not_claim_eligible"
"route_278fc842de70e092d0460853","react1.r11.individual","gate","VACCDOSESYM is asked when VACCINEREG matches the stated condition","any","database_missing","","approved","mathzero","2026-08-17","PDF page 40: IF VACCINEREG=1","Machine-extracted candidate; requires direct human comparison with the displayed questionnaire page. Approved by mathzero in the checksum-fixed synthetic-routing-v1 review.","existing_question_gate_missing_codes_rejected"
"route_2998a71180adf7cbaba284e8","react1.r11.individual","gate","LONGINTERMIT is asked when LONGCOVIDDESC matches the stated condition","any","database_missing","","approved","mathzero","2026-08-17","PDF page 17: ASK IF LONGCOVIDDESC = 1 OR 2","Machine-extracted candidate; requires direct human comparison with the displayed questionnaire page. Approved by mathzero in the checksum-fixed synthetic-routing-v1 review.","existing_question_gate_missing_codes_rejected"
"route_312ad57a6419119d0f7f936d","react1.r11.individual","gate","ABPREV4 is asked when ABPREV1 matches the stated condition","any","database_missing","","approved","mathzero","2026-08-17","PDF page 35: IF ABPREV1= 2 AND ABPREV3 = 2, 3 or 4","Machine-extracted in the group-aware second pass. The displayed evidence may contain additional administrative or eligibility conditions that require human interpretation. Approved by mathzero in the checksum-fixed synthetic-routing-v1 review.","existing_question_gate_missing_codes_rejected"
"route_32f8b8306232c63195bafc0e","react1.r11.individual","gate","QISOLLEAVE is asked when QUARANTINE1 matches the stated condition","any","database_missing","","approved","mathzero","2026-08-17","PDF page 52: ASK IF QUARANTINE1=1","Machine-extracted candidate; requires direct human comparison with the displayed questionnaire page. Approved by mathzero in the checksum-fixed synthetic-routing-v1 review.","existing_question_gate_missing_codes_rejected"
"route_3400d15fa714b711a66f93ab","react1.r11.individual","gate","VACCINEACCEPT is asked when VACCINEAPP1 matches the stated condition","any","database_missing","","approved","mathzero","2026-08-17","PDF page 42: IF VACCINEAPP1 =2, 3 or 4","Machine-extracted candidate; requires direct human comparison with the displayed questionnaire page. Approved by mathzero in the checksum-fixed synthetic-routing-v1 review.","existing_question_gate_missing_codes_rejected"
"route_3acb058c5fa2993c4ff9154f","react1.r11.individual","gate","SWASTATUS is asked when SWAATTEMPT matches the stated condition","any","database_missing","","approved","mathzero","2026-08-17","PDF page 29: IF SWAATTEMPT=1","Machine-extracted candidate; requires direct human comparison with the displayed questionnaire page. Approved by mathzero in the checksum-fixed synthetic-routing-v1 review.","existing_question_gate_missing_codes_rejected"
"route_3b42624062200fca185e8a50","react1.r11.individual","gate","AGPREV5_NEW is asked when AGPREV4 matches the stated condition","any","database_missing","","approved","mathzero","2026-08-17","PDF page 33: IF AGPREV4=1","Machine-extracted candidate; requires direct human comparison with the displayed questionnaire page. Approved by mathzero in the checksum-fixed synthetic-routing-v1 review.","existing_question_gate_missing_codes_rejected"
"route_3cf8c6d1673c2e22ea25e848","react1.r11.individual","gate","VACCINEREG is asked when VACCINE3SYM matches the stated condition","any","database_missing","","approved","mathzero","2026-08-17","PDF page 40: IF VACCINE3SYM=1","Machine-extracted candidate; requires direct human comparison with the displayed questionnaire page. Approved by mathzero in the checksum-fixed synthetic-routing-v1 review.","existing_question_gate_missing_codes_rejected"
"route_3fa55bf370db498b46137a77","react1.r11.individual","gate","LONGCOVID2_21 … LONGCOVID2_25 (12 fields) is asked when LONGCOVID1 matches the stated condition","any","database_missing","","approved","mathzero","2026-08-17","PDF page 15: IF LONGCOVID1=1, 2","Machine-extracted in the group-aware second pass. The displayed evidence may contain additional administrative or eligibility conditions that require human interpretation. Approved by mathzero in the checksum-fixed synthetic-routing-v1 review.","existing_question_gate_missing_codes_rejected"
"route_41f632875610fa3098bbdfa5","react1.r11.individual","gate","COVIDCONWP is asked when COVIDCONPL_2 matches the stated condition","any","database_missing","","approved","mathzero","2026-08-17","PDF page 12: ASK IF COVIDCONPL=2 AND MAIL_GRP1 OR MAIL_GRP2 AND INDONF-=1","Machine-extracted in the group-aware second pass. The displayed evidence may contain additional administrative or eligibility conditions that require human interpretation. Approved by mathzero in the checksum-fixed synthetic-routing-v1 review.","incomplete_context_do_not_claim_eligible"
"route_422397addf6565909d663aaa","react1.r11.individual","gate","AGPREV3 is asked when AGPREV1 matches the stated condition","any","database_missing","","approved","mathzero","2026-08-17","PDF page 33: IF AGPREV1 = 1","Machine-extracted candidate; requires direct human comparison with the displayed questionnaire page. Approved by mathzero in the checksum-fixed synthetic-routing-v1 review.","existing_question_gate_missing_codes_rejected"
"route_435fe2100856e35d5b3276ab","react1.r11.individual","gate","COVIDB_NEW is asked when COVIDA matches the stated condition","any","database_missing","","approved","mathzero","2026-08-17","PDF page 14: IF COVIDA = 1, 2 or 3","Machine-extracted candidate; requires direct human comparison with the displayed questionnaire page. Approved by mathzero in the checksum-fixed synthetic-routing-v1 review.","existing_question_gate_missing_codes_rejected"
"route_4787313256fb9d89d325561e","react1.r11.individual","gate","EDTYPE is asked when EMPL matches the stated condition","any","database_missing","","approved","mathzero","2026-08-17","PDF page 46: IF MAIL_GRP1 AND EMPL = 7","Machine-extracted candidate; requires direct human comparison with the displayed questionnaire page. Approved by mathzero in the checksum-fixed synthetic-routing-v1 review.","incomplete_context_do_not_claim_eligible"
"route_4c014017cf43db0a8e5af51e","react1.r11.individual","gate","OUTDOORNUM_1 … OUTDOORNUM_6 (6 fields) is asked when OUTDOOR_1 matches the stated condition","any","database_missing","","approved","mathzero","2026-08-17","PDF page 24: IF OUTDOOR = 1-6","Machine-extracted in the group-aware second pass. The displayed evidence may contain additional administrative or eligibility conditions that require human interpretation. Approved by mathzero in the checksum-fixed synthetic-routing-v1 review.","existing_question_gate_missing_codes_rejected"
"route_4c57f198a48f95b39281b8f6","react1.r11.individual","gate","CONTACT6_1 … CONTACT6_4 (4 fields) is asked when CONTACT1 matches the stated condition","any","database_missing","","approved","mathzero","2026-08-17","PDF page 29: IF CONTACT1 = 1+","Machine-extracted in the group-aware second pass. The displayed evidence may contain additional administrative or eligibility conditions that require human interpretation. Approved by mathzero in the checksum-fixed synthetic-routing-v1 review.","existing_question_gate_missing_codes_rejected"
"route_4d15b424f59c88e4d61c51d4","react1.r11.individual","gate","SICKPAY2 is asked when EMPL matches the stated condition","any","database_missing","","approved","mathzero","2026-08-17","PDF page 48: ASK IF EMPL = 1, 2, 3","Machine-extracted candidate; requires direct human comparison with the displayed questionnaire page. Approved by mathzero in the checksum-fixed synthetic-routing-v1 review.","existing_question_gate_missing_codes_rejected"
"route_5039b2d7ef4e78dd11e42822","react1.r11.individual","gate","LONGCOVIDMED_1 … LONGCOVIDMED_10 (12 fields) is asked when LONGCOVIDDESC matches the stated condition","any","database_missing","","approved","mathzero","2026-08-17","PDF page 18: ASK IF LONGCOVIDDESC = 1 OR 2","Machine-extracted in the group-aware second pass. The displayed evidence may contain additional administrative or eligibility conditions that require human interpretation. Approved by mathzero in the checksum-fixed synthetic-routing-v1 review.","existing_question_gate_missing_codes_rejected"
"route_5c965993aaa8196052b85aee","react1.r11.individual","gate","BUBBLENUM is asked when BUBBLE2 matches the stated condition","any","database_missing","","approved","mathzero","2026-08-17","PDF page 26: ASK IF BUBBLE2 =1","Machine-extracted candidate; requires direct human comparison with the displayed questionnaire page. Approved by mathzero in the checksum-fixed synthetic-routing-v1 review.","existing_question_gate_missing_codes_rejected"
"route_5fc7c4543a75746fc16d2359","react1.r11.individual","gate","LONGCOVID1 is asked when COVIDA matches the stated condition","any","database_missing","","approved","mathzero","2026-08-17","PDF page 14: IF COVIDA=1, 2, 3","Machine-extracted candidate; requires direct human comparison with the displayed questionnaire page. Approved by mathzero in the checksum-fixed synthetic-routing-v1 review.","existing_question_gate_missing_codes_rejected"
"route_61cf97a727ce7a60cd9ef661","react1.r11.individual","gate","SWAHELP is asked when SWAATTEMPT matches the stated condition","any","database_missing","","approved","mathzero","2026-08-17","PDF page 31: IF SWAATTEMPT = 1 (ATTEMPTED SWAB TEST)","Machine-extracted candidate; requires direct human comparison with the displayed questionnaire page. Approved by mathzero in the checksum-fixed synthetic-routing-v1 review.","existing_question_gate_missing_codes_rejected"
"route_62c24496707d00698de7e0dd","react1.r11.individual","gate","SWASTATUSNO is asked when SWAATTEMPT matches the stated condition","any","database_missing","","approved","mathzero","2026-08-17","PDF page 29: IF SWAATTEMPT=2 OR SWASTATUS = 3","Machine-extracted in the group-aware second pass. The displayed evidence may contain additional administrative or eligibility conditions that require human interpretation. Approved by mathzero in the checksum-fixed synthetic-routing-v1 review.","existing_question_gate_missing_codes_rejected"
"route_690901435f4292868157dcbf","react1.r11.individual","gate","VACCRUFUSE2_1 … VACCRUFUSE2_20 (24 fields) is asked when VACCINEAPP2 matches the stated condition","any","database_missing","","approved","mathzero","2026-08-17","PDF page 43: VACCINEAPP2 =2 AND (Mail_Grp 1 OR (Mail_Grp 2 AND (AGE=16 OR 17) AND INDCONF=1))","Machine-extracted in the group-aware second pass. The displayed evidence may contain additional administrative or eligibility conditions that require human interpretation. Approved by mathzero in the checksum-fixed synthetic-routing-v1 review.","incomplete_context_do_not_claim_eligible"
"route_6a495b5ed0d736f8a9893e98","react1.r11.individual","gate","AGPREVNUM is asked when AGPREVTYPE_1 matches the stated condition","any","database_missing","","approved","mathzero","2026-08-17","PDF page 32: ASK IF AGPREVTYPE =1 ONLY OR 2 ONLY OR 3","Machine-extracted in the group-aware second pass. The displayed evidence may contain additional administrative or eligibility conditions that require human interpretation. Approved by mathzero in the checksum-fixed synthetic-routing-v1 review.","existing_question_gate_missing_codes_rejected"
"route_6b0967db85afae0a4a68d816","react1.r11.individual","gate","COVIDTETW_NEW is asked when COVIDTETR matches the stated condition","any","database_missing","","approved","mathzero","2026-08-17","PDF page 38: ASK IF COVIDTETR = 1","Machine-extracted candidate; requires direct human comparison with the displayed questionnaire page. Approved by mathzero in the checksum-fixed synthetic-routing-v1 review.","existing_question_gate_missing_codes_rejected"
"route_6bd327f42e052065f28959a4","react1.r11.individual","gate","LONGCOVIDABILITY is asked when LONGCOVIDDESC matches the stated condition","any","database_missing","","approved","mathzero","2026-08-17","PDF page 17: ASK IF LONGCOVIDDESC = 1 OR 2","Machine-extracted candidate; requires direct human comparison with the displayed questionnaire page. Approved by mathzero in the checksum-fixed synthetic-routing-v1 review.","existing_question_gate_missing_codes_rejected"
"route_6c3292dd82650f42acc2c851","react1.r11.individual","gate","COVIDCONSS_1 … COVIDCONSS_6 (6 fields) is asked when COVIDCONPL_4 matches the stated condition","any","database_missing","","approved","mathzero","2026-08-17","PDF page 13: ASK IF COVIDCONPL=4","Machine-extracted in the group-aware second pass. The displayed evidence may contain additional administrative or eligibility conditions that require human interpretation. Approved by mathzero in the checksum-fixed synthetic-routing-v1 review.","existing_question_gate_missing_codes_rejected"
"route_6c5a2b65eade7b34ea7a8300","react1.r11.individual","gate","WORKHOMEREASON_1 … WORKHOMEREASON_11 (13 fields) is asked when WORKHOMEPOSS2 matches the stated condition","any","database_missing","","approved","mathzero","2026-08-17","PDF page 47: IF WORKHOMEPOSS2=1 or 3","Machine-extracted in the group-aware second pass. The displayed evidence may contain additional administrative or eligibility conditions that require human interpretation. Approved by mathzero in the checksum-fixed synthetic-routing-v1 review.","existing_question_gate_missing_codes_rejected"
"route_74a7f0f45b56ffa3e7eb8a55","react1.r11.individual","gate","ISOLDAYS is asked when SELFISO2_1 matches the stated condition","any","database_missing","","approved","mathzero","2026-08-17","PDF page 36: ASK IF SELFISO2 =1 TO 7 OR 9","Machine-extracted in the group-aware second pass. The displayed evidence may contain additional administrative or eligibility conditions that require human interpretation. Approved by mathzero in the checksum-fixed synthetic-routing-v1 review.","existing_question_gate_missing_codes_rejected"
"route_760e1b8b9e7151d0914c7ba1","react1.r11.individual","gate","ABPREV2_NEW is asked when ABPREV1 matches the stated condition","any","database_missing","","approved","mathzero","2026-08-17","PDF page 34: IF ABPREV1 = 1 or 2","Machine-extracted candidate; requires direct human comparison with the displayed questionnaire page. Approved by mathzero in the checksum-fixed synthetic-routing-v1 review.","existing_question_gate_missing_codes_rejected"
"route_7a32190c21a008ddd42985fa","react1.r11.individual","gate","ISOLLEAVE is asked when SELFISO2_1 matches the stated condition","any","database_missing","","approved","mathzero","2026-08-17","PDF page 37: ASK IF SELFISO2 =1 TO 7 OR 9","Machine-extracted in the group-aware second pass. The displayed evidence may contain additional administrative or eligibility conditions that require human interpretation. Approved by mathzero in the checksum-fixed synthetic-routing-v1 review.","existing_question_gate_missing_codes_rejected"
"route_7b49fd6b7c0fad68cc5a619a","react1.r11.individual","gate","VACCINEAPP2 is asked when VACCINEAPP1 matches the stated condition","any","database_missing","","approved","mathzero","2026-08-17","PDF page 41: IF VACCINEAPP1 =1","Machine-extracted candidate; requires direct human comparison with the displayed questionnaire page. Approved by mathzero in the checksum-fixed synthetic-routing-v1 review.","existing_question_gate_missing_codes_rejected"
"route_7b88d58d2d785c68d399b484","react1.r11.individual","gate","ISOLLEAVEREASON_1 … ISOLLEAVEREASON_15 (18 fields) is asked when ISOLLEAVE matches the stated condition","any","database_missing","","approved","mathzero","2026-08-17","PDF page 37: ASK IF ISOLLEAVE = 1","Machine-extracted in the group-aware second pass. The displayed evidence may contain additional administrative or eligibility conditions that require human interpretation. Approved by mathzero in the checksum-fixed synthetic-routing-v1 review.","existing_question_gate_missing_codes_rejected"
"route_80cfcc1f5dea5c243bbf112a","react1.r11.individual","gate","SYMPTANY3_1 … SYMPTANY3_10 (11 fields) is asked when FEELUN matches the stated condition","any","database_missing","","approved","mathzero","2026-08-17","PDF page 7: IF FEELUN =1","Machine-extracted in the group-aware second pass. The displayed evidence may contain additional administrative or eligibility conditions that require human interpretation. Approved by mathzero in the checksum-fixed synthetic-routing-v1 review.","existing_question_gate_missing_codes_rejected"
"route_835627b3f240305374e685f0","react1.r11.individual","gate","SMOKECIGDATE_MONTH, SMOKECIGDATE_YEAR is asked when SMOKECIG matches the stated condition","any","database_missing","","approved","mathzero","2026-08-17","PDF page 54: IF SMOKECIG= 1 AND SMOKENOW=2","Machine-extracted in the group-aware second pass. The displayed evidence may contain additional administrative or eligibility conditions that require human interpretation. Approved by mathzero in the checksum-fixed synthetic-routing-v1 review.","existing_question_gate_missing_codes_rejected"
"route_85e7cb1784a742d40e7effad","react1.r11.individual","gate","SMOKEVAPDATE_MONTH, SMOKEVAPDATE_YEAR is asked when SMOKEVAP matches the stated condition","any","database_missing","","approved","mathzero","2026-08-17","PDF page 55: IF SMOKEVAP= 1","Machine-extracted in the group-aware second pass. The displayed evidence may contain additional administrative or eligibility conditions that require human interpretation. Approved by mathzero in the checksum-fixed synthetic-routing-v1 review.","existing_question_gate_missing_codes_rejected"
"route_88f0873212ebf372f6b2399b","react1.r11.individual","gate","COVIDTETA is asked when COVIDTETR matches the stated condition","any","database_missing","","approved","mathzero","2026-08-17","PDF page 39: ASK IF COVIDTETR = 1","Machine-extracted candidate; requires direct human comparison with the displayed questionnaire page. Approved by mathzero in the checksum-fixed synthetic-routing-v1 review.","existing_question_gate_missing_codes_rejected"
"route_8972edbb235170e18658b5d0","react1.r11.individual","gate","TRANSP_1 … TRANSP_13_OTHER (14 fields) is asked when LEAVE1 matches the stated condition","any","database_missing","","approved","mathzero","2026-08-17","PDF page 22: IF LEAVE1 = 1","Machine-extracted in the group-aware second pass. The displayed evidence may contain additional administrative or eligibility conditions that require human interpretation. Approved by mathzero in the checksum-fixed synthetic-routing-v1 review.","existing_question_gate_missing_codes_rejected"
"route_8b2599ff47b3321a6e817168","react1.r11.individual","gate","TEMPB01, TEMPB02, TEMPB03 is asked when TEMPA matches the stated condition","any","database_missing","","approved","mathzero","2026-08-17","PDF page 10: IF TEMPA = 1","Machine-extracted in the group-aware second pass. The displayed evidence may contain additional administrative or eligibility conditions that require human interpretation. Approved by mathzero in the checksum-fixed synthetic-routing-v1 review.","existing_question_gate_missing_codes_rejected"
"route_8baba34005c35519e0d0de29","react1.r11.individual","gate","VACCINEFIRSTSYM is asked when VACCINEREG matches the stated condition","any","database_missing","","approved","mathzero","2026-08-17","PDF page 40: IF VACCINEREG=1","Machine-extracted candidate; requires direct human comparison with the displayed questionnaire page. Approved by mathzero in the checksum-fixed synthetic-routing-v1 review.","existing_question_gate_missing_codes_rejected"
"route_8f4f157dd6fd717d47406050","react1.r11.individual","gate","COVIDCONPL_1 … COVIDCONPL_5 (6 fields) is asked when COVIDCON_1 matches the stated condition","any","database_missing","","approved","mathzero","2026-08-17","PDF page 12: ASK IF COVIDCON=1 AND COVIDCONNUM = 1-3","Machine-extracted in the group-aware second pass. The displayed evidence may contain additional administrative or eligibility conditions that require human interpretation. Approved by mathzero in the checksum-fixed synthetic-routing-v1 review.","existing_question_gate_missing_codes_rejected"
"route_93680a0213fae76a2030f12f","react1.r11.individual","gate","ABPREV3 is asked when ABPREV1 matches the stated condition","any","database_missing","","approved","mathzero","2026-08-17","PDF page 35: IF ABPREV1 = 1 or 2","Machine-extracted candidate; requires direct human comparison with the displayed questionnaire page. Approved by mathzero in the checksum-fixed synthetic-routing-v1 review.","existing_question_gate_missing_codes_rejected"
"route_948a262057e5f7d45e4c7c62","react1.r11.individual","gate","TEMPC is asked when TEMPA matches the stated condition","any","database_missing","","approved","mathzero","2026-08-17","PDF page 11: IF TEMPA = 1","Machine-extracted candidate; requires direct human comparison with the displayed questionnaire page. Approved by mathzero in the checksum-fixed synthetic-routing-v1 review.","existing_question_gate_missing_codes_rejected"
"route_958bdb1088844409ac7aee05","react1.r11.individual","gate","QCOVIDWORK_1 … QCOVIDWORK_10 (11 fields) is asked when QISOLLEAVEREASON_1 matches the stated condition","any","database_missing","","approved","mathzero","2026-08-17","PDF page 53: ASK IF QISOLLEAVEREASON=1 AND Mail_Grp1 or (Mail_grp2 AND age 16+ ONLY and INDCONF=1]","Machine-extracted in the group-aware second pass. The displayed evidence may contain additional administrative or eligibility conditions that require human interpretation. Approved by mathzero in the checksum-fixed synthetic-routing-v1 review.","incomplete_context_do_not_claim_eligible"
"route_970000815168b8df99303296","react1.r11.individual","gate","SWACOURSUIT_1 … SWACOURSUIT_5_OTH (6 fields) is asked when SWACOUR matches the stated condition","any","database_missing","","approved","mathzero","2026-08-17","PDF page 30: IF SWACOUR =4","Machine-extracted in the group-aware second pass. The displayed evidence may contain additional administrative or eligibility conditions that require human interpretation. Approved by mathzero in the checksum-fixed synthetic-routing-v1 review.","existing_question_gate_missing_codes_rejected"
"route_9b5ee09c75094d1884cf723c","react1.r11.individual","gate","INDCONFPARENT is asked when INDCONF matches the stated condition","any","database_missing","","approved","mathzero","2026-08-17","PDF page 4: IF INDCONF = 2 AND Mail_Grp 2","Machine-extracted candidate; requires direct human comparison with the displayed questionnaire page. Approved by mathzero in the checksum-fixed synthetic-routing-v1 review.","incomplete_context_do_not_claim_eligible"
"route_9be751b05a2a57f9b5412360","react1.r11.individual","gate","COVIDCONHH is asked when COVIDCONPL_1 matches the stated condition","any","database_missing","","approved","mathzero","2026-08-17","PDF page 12: ASK IF COVIDCONPL=1","Machine-extracted in the group-aware second pass. The displayed evidence may contain additional administrative or eligibility conditions that require human interpretation. Approved by mathzero in the checksum-fixed synthetic-routing-v1 review.","existing_question_gate_missing_codes_rejected"
"route_9f4f82f6ac49bf738b8bd163","react1.r11.individual","gate","VACCINETYPESYM is asked when VACCINEREG matches the stated condition","any","database_missing","","approved","mathzero","2026-08-17","PDF page 41: IF VACCINEREG=1","Machine-extracted candidate; requires direct human comparison with the displayed questionnaire page. Approved by mathzero in the checksum-fixed synthetic-routing-v1 review.","existing_question_gate_missing_codes_rejected"
"route_a4ff59242acab2988b4481a7","react1.r11.individual","gate","CONTACT6BUB_1 … CONTACT6BUB_DK (4 fields) is asked when CONTACTBUB matches the stated condition","any","database_missing","","approved","mathzero","2026-08-17","PDF page 27: IF CONTACTBUB = 1+","Machine-extracted in the group-aware second pass. The displayed evidence may contain additional administrative or eligibility conditions that require human interpretation. Approved by mathzero in the checksum-fixed synthetic-routing-v1 review.","existing_question_gate_missing_codes_rejected"
"route_a56e5c03913b729d74180c92","react1.r11.individual","gate","LONGCOVIDDESC is asked when LONGCOVID1 matches the stated condition","any","database_missing","","approved","mathzero","2026-08-17","PDF page 14: IF LONGCOVIVD1 =1 OR 2","Machine-extracted in the group-aware second pass. The displayed evidence may contain additional administrative or eligibility conditions that require human interpretation. Approved by mathzero in the checksum-fixed synthetic-routing-v1 review.","existing_question_gate_missing_codes_rejected"
"route_a8d2b756385f6171bdaecbbc","react1.r11.individual","gate","WORKHOMEPOSS2 is asked when WORKHOME matches the stated condition","any","database_missing","","approved","mathzero","2026-08-17","PDF page 47: IF WORKHOME =2","Machine-extracted candidate; requires direct human comparison with the displayed questionnaire page. Approved by mathzero in the checksum-fixed synthetic-routing-v1 review.","existing_question_gate_missing_codes_rejected"
"route_ab089730104614b5c1c05dbf","react1.r11.individual","gate","SYMPTANY1_1 … SYMPTANY1_5 (5 fields) is asked when FEELUN matches the stated condition","any","database_missing","","approved","mathzero","2026-08-17","PDF page 5: IF FEELUN =1 ","Machine-extracted in the group-aware second pass. The displayed evidence may contain additional administrative or eligibility conditions that require human interpretation. Approved by mathzero in the checksum-fixed synthetic-routing-v1 review.","existing_question_gate_missing_codes_rejected"
"route_aca94b6f45605c5f1318e54c","react1.r11.individual","gate","TESTWORKNUM is asked when TESTWORKTYPE matches the stated condition","any","database_missing","","approved","mathzero","2026-08-17","PDF page 32: ASK IF TESTWORKTYPE=1 TO 3","Machine-extracted candidate; requires direct human comparison with the displayed questionnaire page. Approved by mathzero in the checksum-fixed synthetic-routing-v1 review.","existing_question_gate_missing_codes_rejected"
"route_b1012e6c16d75d49f9bd2111","react1.r11.individual","gate","SICKPAY3 is asked when EMPL matches the stated condition","any","database_missing","","approved","mathzero","2026-08-17","PDF page 48: ASK IF EMPL = 1, 2, 3","Machine-extracted candidate; requires direct human comparison with the displayed questionnaire page. Approved by mathzero in the checksum-fixed synthetic-routing-v1 review.","existing_question_gate_missing_codes_rejected"
"route_b17778815f34b9622d6bca28","react1.r11.individual","gate","ABPREV5_NEW is asked when ABPREV4 matches the stated condition","any","database_missing","","approved","mathzero","2026-08-17","PDF page 35: IF ABPREV4=1","Machine-extracted candidate; requires direct human comparison with the displayed questionnaire page. Approved by mathzero in the checksum-fixed synthetic-routing-v1 review.","existing_question_gate_missing_codes_rejected"
"route_b9c9d5826bc7a03770b029ec","react1.r11.individual","gate","CARETYPE is asked when CAREHOME matches the stated condition","any","database_missing","","approved","mathzero","2026-08-17","PDF page 49: IF CAREHOME=1","Machine-extracted candidate; requires direct human comparison with the displayed questionnaire page. Approved by mathzero in the checksum-fixed synthetic-routing-v1 review.","existing_question_gate_missing_codes_rejected"
"route_ba071997c122b30f9cff61cd","react1.r11.individual","gate","SMOKECIG is asked when SMOKENOW matches the stated condition","any","database_missing","","approved","mathzero","2026-08-17","PDF page 53: IF SMOKENOW = 2 or 3","Machine-extracted candidate; requires direct human comparison with the displayed questionnaire page. Approved by mathzero in the checksum-fixed synthetic-routing-v1 review.","existing_question_gate_missing_codes_rejected"
"route_bc47a0d95ba2b2e03c7abbbc","react1.r11.individual","gate","TESTWORK is asked when AGPREVNUM matches the stated condition","any","database_missing","","approved","mathzero","2026-08-17","PDF page 32: ASK IF Mail_grp 1 AND AGPREVNUM=2","Machine-extracted candidate; requires direct human comparison with the displayed questionnaire page. Approved by mathzero in the checksum-fixed synthetic-routing-v1 review.","incomplete_context_do_not_claim_eligible"
"route_bc6d66c59d3bea26dfc96b18","react1.r11.individual","gate","COVIDSYM2_1 … COVIDSYM2_12 (14 fields) is asked when LONGCOVID1 matches the stated condition","any","database_missing","","approved","mathzero","2026-08-17","PDF page 15: ASK IF LONGCOVID1=1, 2","Machine-extracted in the group-aware second pass. The displayed evidence may contain additional administrative or eligibility conditions that require human interpretation. Approved by mathzero in the checksum-fixed synthetic-routing-v1 review.","existing_question_gate_missing_codes_rejected"
"route_bd43ff37656617bd0e55ba16","react1.r11.individual","gate","COVIDWORK_1 … COVIDWORK_9_OTHER (10 fields) is asked when ISOLLEAVEREASON_1 matches the stated condition","any","database_missing","","approved","mathzero","2026-08-17","PDF page 38: ASK IF ISOLLEAVEREASON=1 AND Mail_Grp1 or (Mail_grp2 AND age 16+ ONLY and INDCONF=1]","Machine-extracted in the group-aware second pass. The displayed evidence may contain additional administrative or eligibility conditions that require human interpretation. Approved by mathzero in the checksum-fixed synthetic-routing-v1 review.","incomplete_context_do_not_claim_eligible"
"route_bfe289cd0ea79eca37b5b014","react1.r11.individual","gate","CAMPUS2 is asked when EMPL matches the stated condition","any","database_missing","","approved","mathzero","2026-08-17","PDF page 46: IF MAIL_GRP1 AND EMPL = 7","Machine-extracted candidate; requires direct human comparison with the displayed questionnaire page. Approved by mathzero in the checksum-fixed synthetic-routing-v1 review.","incomplete_context_do_not_claim_eligible"
"route_c0748df16c54e4dd394216c9","react1.r11.individual","gate","FLATTYP is asked when DWELLTYP matches the stated condition","any","database_missing","","approved","mathzero","2026-08-17","PDF page 44: IF DWELLTYP = 2","Machine-extracted candidate; requires direct human comparison with the displayed questionnaire page. Approved by mathzero in the checksum-fixed synthetic-routing-v1 review.","existing_question_gate_missing_codes_rejected"
"route_c0870d7281f209879e73039d","react1.r11.individual","gate","SICKPAY1 is asked when WORKHOMEPOSS2 matches the stated condition","any","database_missing","","approved","mathzero","2026-08-17","PDF page 47: IF WORKHOMEPOSS2 =1, 2 OR 3","Machine-extracted candidate; requires direct human comparison with the displayed questionnaire page. Approved by mathzero in the checksum-fixed synthetic-routing-v1 review.","existing_question_gate_missing_codes_rejected"
"route_c315b6ac2918ae2e672600af","react1.r11.individual","gate","COVIDPWP is asked when COVIDCON_1 matches the stated condition","any","database_missing","","approved","mathzero","2026-08-17","PDF page 13: ASK IF COVIDCON=1","Machine-extracted in the group-aware second pass. The displayed evidence may contain additional administrative or eligibility conditions that require human interpretation. Approved by mathzero in the checksum-fixed synthetic-routing-v1 review.","existing_question_gate_missing_codes_rejected"
"route_c53f5e16a19fad298bdfba7f","react1.r11.individual","gate","CONTACTBUB is asked when BUBBLE2 matches the stated condition","any","database_missing","","approved","mathzero","2026-08-17","PDF page 27: ASK IF BUBBLE2 =1","Machine-extracted candidate; requires direct human comparison with the displayed questionnaire page. Approved by mathzero in the checksum-fixed synthetic-routing-v1 review.","existing_question_gate_missing_codes_rejected"
"route_c644b43061ceccbd2646c15f","react1.r11.individual","gate","NHSCONTACTS is asked when COVIDTETR matches the stated condition","any","database_missing","","approved","mathzero","2026-08-17","PDF page 39: COVIDTETR =1 ","Machine-extracted in the group-aware second pass. The displayed evidence may contain additional administrative or eligibility conditions that require human interpretation. Approved by mathzero in the checksum-fixed synthetic-routing-v1 review.","existing_question_gate_missing_codes_rejected"
"route_cc381ec06124ed46f3e5dad4","react1.r11.individual","gate","LONGCOVIDACTIV is asked when LONGCOVIDDESC matches the stated condition","any","database_missing","","approved","mathzero","2026-08-17","PDF page 17: ASK IF LONGCOVIDDESC = 1 OR 2","Machine-extracted candidate; requires direct human comparison with the displayed questionnaire page. Approved by mathzero in the checksum-fixed synthetic-routing-v1 review.","existing_question_gate_missing_codes_rejected"
"route_ce6ab9b420f27774862935b0","react1.r11.individual","gate","COVIDCONNUM is asked when COVIDCON_1 matches the stated condition","any","database_missing","","approved","mathzero","2026-08-17","PDF page 11: ASK IF COVIDCON=1","Machine-extracted in the group-aware second pass. The displayed evidence may contain additional administrative or eligibility conditions that require human interpretation. Approved by mathzero in the checksum-fixed synthetic-routing-v1 review.","existing_question_gate_missing_codes_rejected"
"route_cf99bf7e91065d9ce6124db0","react1.r11.individual","gate","ISOLRECENT_NEW is asked when SELFISO2_1 matches the stated condition","any","database_missing","","approved","mathzero","2026-08-17","PDF page 36: ASK IF SELFISO2 =1 TO 7 OR 9","Machine-extracted in the group-aware second pass. The displayed evidence may contain additional administrative or eligibility conditions that require human interpretation. Approved by mathzero in the checksum-fixed synthetic-routing-v1 review.","existing_question_gate_missing_codes_rejected"
"route_da8834e436506a734831c1ab","react1.r11.individual","gate","QISOLLEAVEREASON_1 … QISOLLEAVEREASON_16 (19 fields) is asked when QISOLLEAVE matches the stated condition","any","database_missing","","approved","mathzero","2026-08-17","PDF page 52: ASK IF QISOLLEAVE = 1","Machine-extracted in the group-aware second pass. The displayed evidence may contain additional administrative or eligibility conditions that require human interpretation. Approved by mathzero in the checksum-fixed synthetic-routing-v1 review.","existing_question_gate_missing_codes_rejected"
"route_db342d8a6b4a6e300c725091","react1.r11.individual","gate","CONTACT5 is asked when CONTACT1 matches the stated condition","any","database_missing","","approved","mathzero","2026-08-17","PDF page 28: IF CONTACT1 = 1+ AND LEAVE2=1 AND MAIL_GRP1","Machine-extracted candidate; requires direct human comparison with the displayed questionnaire page. Approved by mathzero in the checksum-fixed synthetic-routing-v1 review.","incomplete_context_do_not_claim_eligible"
"route_dbe1e6d6180c55270fad6023","react1.r11.individual","gate","FRIDG is asked when SWASTATUS matches the stated condition","any","database_missing","","approved","mathzero","2026-08-17","PDF page 31: IF SWASTATUS = 1 (COMPLETED SWAB TEST)","Machine-extracted candidate; requires direct human comparison with the displayed questionnaire page. Approved by mathzero in the checksum-fixed synthetic-routing-v1 review.","existing_question_gate_missing_codes_rejected"
"route_dc0e3d68c3d96e56bd4b567c","react1.r11.individual","gate","NHSCONTACTS2 is asked when NHSCONTACTS matches the stated condition","any","database_missing","","approved","mathzero","2026-08-17","PDF page 39: IF NHSCONTACTS=1","Machine-extracted candidate; requires direct human comparison with the displayed questionnaire page. Approved by mathzero in the checksum-fixed synthetic-routing-v1 review.","existing_question_gate_missing_codes_rejected"
"route_dc5531d3a5f3c285df154bbd","react1.r11.individual","gate","AGPREVTYPE_1, AGPREVTYPE_2, AGPREVTYPE_3 is asked when AGPREV1 matches the stated condition","any","database_missing","","approved","mathzero","2026-08-17","PDF page 31: ASK IF AGPREV1=1","Machine-extracted in the group-aware second pass. The displayed evidence may contain additional administrative or eligibility conditions that require human interpretation. Approved by mathzero in the checksum-fixed synthetic-routing-v1 review.","existing_question_gate_missing_codes_rejected"
"route_dc5d602acb3016b747e7da04","react1.r11.individual","gate","SELFISO2_1 … SELFISO2_8 (10 fields) is asked when SELFISOEVER matches the stated condition","any","database_missing","","approved","mathzero","2026-08-17","PDF page 36: ASK IF SELFISOEVER =1 ","Machine-extracted in the group-aware second pass. The displayed evidence may contain additional administrative or eligibility conditions that require human interpretation. Approved by mathzero in the checksum-fixed synthetic-routing-v1 review.","existing_question_gate_missing_codes_rejected"
"route_e1d0704d448d56cec4bf990f","react1.r11.individual","gate","VACCRUFUSE1_1 … VACCRUFUSE1_20 (24 fields) is asked when VACCINEACCEPT matches the stated condition","any","database_missing","","approved","mathzero","2026-08-17","PDF page 42: IF VACCINEACCEPT=2 or 3 AND (Mail_Grp 1 OR (Mail_Grp 2 AND (AGE=16 OR 17) AND INDCONF=1))","Machine-extracted in the group-aware second pass. The displayed evidence may contain additional administrative or eligibility conditions that require human interpretation. Approved by mathzero in the checksum-fixed synthetic-routing-v1 review.","incomplete_context_do_not_claim_eligible"
"route_e24757bed84e06c183b35c7c","react1.r11.individual","gate","AGPREV2_NEW is asked when AGPREV1 matches the stated condition","any","database_missing","","approved","mathzero","2026-08-17","PDF page 33: IF AGPREV1 = 1","Machine-extracted candidate; requires direct human comparison with the displayed questionnaire page. Approved by mathzero in the checksum-fixed synthetic-routing-v1 review.","existing_question_gate_missing_codes_rejected"
"route_e5726c42cc06ef884d1993e1","react1.r11.individual","gate","SYMPTANY2_1 … SYMPTANY2_14 (14 fields) is asked when FEELUN matches the stated condition","any","database_missing","","approved","mathzero","2026-08-17","PDF page 6: IF FEELUN =1","Machine-extracted in the group-aware second pass. The displayed evidence may contain additional administrative or eligibility conditions that require human interpretation. Approved by mathzero in the checksum-fixed synthetic-routing-v1 review.","existing_question_gate_missing_codes_rejected"
"route_e6e0bf3b2ccedc3847a3e6f1","react1.r11.individual","gate","LASTABROAD_NEW is asked when NUMVISIT matches the stated condition","any","database_missing","","approved","mathzero","2026-08-17","PDF page 51: IF NUMVISIT =3+","Machine-extracted candidate; requires direct human comparison with the displayed questionnaire page. Approved by mathzero in the checksum-fixed synthetic-routing-v1 review.","existing_question_gate_missing_codes_rejected"
"route_eb9eb630fc47973e8ab47626","react1.r11.individual","gate","WORKHOME is asked when EMPL matches the stated condition","any","database_missing","","approved","mathzero","2026-08-17","PDF page 46: IF EMPL = 1, 2, 3","Machine-extracted candidate; requires direct human comparison with the displayed questionnaire page. Approved by mathzero in the checksum-fixed synthetic-routing-v1 review.","existing_question_gate_missing_codes_rejected"
"route_ebd4ba56d07d0b661b673395","react1.r11.individual","gate","SMOKEFIVEYEAR is asked when SMOKENOW matches the stated condition","any","database_missing","","approved","mathzero","2026-08-17","PDF page 54: IF SMOKENOW =1","Machine-extracted candidate; requires direct human comparison with the displayed questionnaire page. Approved by mathzero in the checksum-fixed synthetic-routing-v1 review.","existing_question_gate_missing_codes_rejected"
"route_ec8840509c03177c01060374","react1.r11.individual","gate","PERSCARE is asked when CAREHOME matches the stated condition","any","database_missing","","approved","mathzero","2026-08-17","PDF page 49: IF CAREHOME = 2 OR CAREHOME = 3","Machine-extracted candidate; requires direct human comparison with the displayed questionnaire page. Approved by mathzero in the checksum-fixed synthetic-routing-v1 review.","existing_question_gate_missing_codes_rejected"
"route_edb928dbbd8b5ef44f2dd10e","react1.r11.individual","gate","LFTREPORT is asked when AGPREVTYPE_2 matches the stated condition","any","database_missing","","approved","mathzero","2026-08-17","PDF page 34: IF AGPREVTYPE = 2 ","Machine-extracted in the group-aware second pass. The displayed evidence may contain additional administrative or eligibility conditions that require human interpretation. Approved by mathzero in the checksum-fixed synthetic-routing-v1 review.","existing_question_gate_missing_codes_rejected"
"route_f07117d78c03baa62eed02c1","react1.r11.individual","gate","KINDMED_1 … KINDMED_TXT (11 fields) is asked when SEEKMED matches the stated condition","any","database_missing","","approved","mathzero","2026-08-17","PDF page 10: IF SEEKMED = 1","Machine-extracted in the group-aware second pass. The displayed evidence may contain additional administrative or eligibility conditions that require human interpretation. Approved by mathzero in the checksum-fixed synthetic-routing-v1 review.","existing_question_gate_missing_codes_rejected"
"route_f50f98d9fab6ba3e526f4cca","react1.r11.individual","gate","QUARANTINE1 is asked when ABROAD matches the stated condition","any","database_missing","","approved","mathzero","2026-08-17","PDF page 51: ASK IF ABROAD =1","Machine-extracted candidate; requires direct human comparison with the displayed questionnaire page. Approved by mathzero in the checksum-fixed synthetic-routing-v1 review.","existing_question_gate_missing_codes_rejected"
"route_f81b49a870a32c4dca0a9a22","react1.r11.individual","gate","CONTACT4_1 … CONTACT4_5 (5 fields) is asked when CONTACT1 matches the stated condition","any","database_missing","","approved","mathzero","2026-08-17","PDF page 28: IF CONTACT1 = 1+","Machine-extracted in the group-aware second pass. The displayed evidence may contain additional administrative or eligibility conditions that require human interpretation. Approved by mathzero in the checksum-fixed synthetic-routing-v1 review.","existing_question_gate_missing_codes_rejected"
"route_f887d4af3bec6907c1456cd3","react1.r11.individual","gate","HOUSTYP is asked when DWELLTYP matches the stated condition","any","database_missing","","approved","mathzero","2026-08-17","PDF page 44: IF DWELLTYP = 1","Machine-extracted candidate; requires direct human comparison with the displayed questionnaire page. Approved by mathzero in the checksum-fixed synthetic-routing-v1 review.","existing_question_gate_missing_codes_rejected"
"route_fc326b1eda9d8d29c0bf047f","react1.r11.individual","gate","AGPREV4 is asked when AGPREVTYPE_1 matches the stated condition","any","database_missing","","approved","mathzero","2026-08-17","PDF page 33: IF AGPREV3 = (2 OR 3 OR 4) AND ((AGPREVTYPE=1 AND 2) OR AGPREVNUM = 2)","Machine-extracted in the group-aware second pass. The displayed evidence may contain additional administrative or eligibility conditions that require human interpretation. Approved by mathzero in the checksum-fixed synthetic-routing-v1 review.","existing_question_gate_missing_codes_rejected"
"route_fd2edfa2f4260afb7753ec45","react1.r11.individual","gate","COVIDSYM3_1 … COVIDSYM3_11 (12 fields) is asked when LONGCOVID1 matches the stated condition","any","database_missing","","approved","mathzero","2026-08-17","PDF page 16: ASK IF LONGCOVID1=1, 2 ","Machine-extracted in the group-aware second pass. The displayed evidence may contain additional administrative or eligibility conditions that require human interpretation. Approved by mathzero in the checksum-fixed synthetic-routing-v1 review.","existing_question_gate_missing_codes_rejected"
"route_fe34f50d3dce70d54f8f7529","react1.r11.individual","gate","INDOORNUM_1 … INDOORNUM_7 (7 fields) is asked when INDOOR_1 matches the stated condition","any","database_missing","","approved","mathzero","2026-08-17","PDF page 23: IF INDOOR = 1-5","Machine-extracted in the group-aware second pass. The displayed evidence may contain additional administrative or eligibility conditions that require human interpretation. Approved by mathzero in the checksum-fixed synthetic-routing-v1 review.","existing_question_gate_missing_codes_rejected"
"route_1552b1af00d67ece1ab5cbf1","react1.r11.registration","gate","WORKTYP4_1 … WORKTYP4_12 (13 fields) is asked when WORKTYP3_5, WORKTYP3_6, WORKTYP3_7 matches the stated condition","any","database_missing","","approved","mathzero","2026-08-17","PDF page 12: IF WORKTYP3= 5, 6, 7","Machine-extracted in the group-aware second pass. The displayed evidence may contain additional administrative or eligibility conditions that require human interpretation. Approved by mathzero in the checksum-fixed synthetic-routing-v1 review.","existing_question_gate_missing_codes_rejected"
"route_1bdd34ed89e953d34e5e33f4","react1.r11.registration","gate","VACCINETYPE is asked when VACCINE3 matches the stated condition","any","database_missing","","approved","mathzero","2026-08-17","PDF page 14: IF VACCINE3 =1","Machine-extracted candidate; requires direct human comparison with the displayed questionnaire page. Approved by mathzero in the checksum-fixed synthetic-routing-v1 review.","existing_question_gate_missing_codes_rejected"
"route_20add507459ca984e6034b1c","react1.r11.registration","gate","NADULTS is asked when INDCONFPARENT matches the stated condition","any","database_missing","","approved","mathzero","2026-08-17","PDF page 7: IF AGED Mail_Grp=1 OR Mail_Grp=3 OR (Mail_Grp=2 INDCONFPARENT =1)","Machine-extracted candidate; requires direct human comparison with the displayed questionnaire page. Approved by mathzero in the checksum-fixed synthetic-routing-v1 review.","incomplete_context_do_not_claim_eligible"
"route_2939a4158fb08954a05fccae","react1.r11.registration","gate","VACCINESECOND is asked when VACCDOSE matches the stated condition","any","database_missing","","approved","mathzero","2026-08-17","PDF page 13: IF VACCDOSE= 2 OR 3","Machine-extracted candidate; requires direct human comparison with the displayed questionnaire page. Approved by mathzero in the checksum-fixed synthetic-routing-v1 review.","existing_question_gate_missing_codes_rejected"
"route_3c23fca507c6d058ce0fbdf3","react1.r11.registration","gate","VACCINEFIRST is asked when VACCINE3 matches the stated condition","any","database_missing","","approved","mathzero","2026-08-17","PDF page 13: IF VACCINE3 =1","Machine-extracted candidate; requires direct human comparison with the displayed questionnaire page. Approved by mathzero in the checksum-fixed synthetic-routing-v1 review.","existing_question_gate_missing_codes_rejected"
"route_3d41e5e81e24e21e38f2aada","react1.r11.registration","gate","WORKTYP2_1 … WORKTYP2_12 (13 fields) is asked when WORKTYP1_5, WORKTYP1_6, WORKTYP1_7 matches the stated condition","any","database_missing","","approved","mathzero","2026-08-17","PDF page 11: IF WORKTYP1= 5, 6, 7","Machine-extracted in the group-aware second pass. The displayed evidence may contain additional administrative or eligibility conditions that require human interpretation. Approved by mathzero in the checksum-fixed synthetic-routing-v1 review.","existing_question_gate_missing_codes_rejected"
"route_838869410177d6e9191cec20","react1.r11.registration","gate","WORKSTUDYPERS1REG_1 … WORKSTUDYPERS1REG_5 (5 fields) is asked when WORKTYP2_5 … WORKTYP2_7 (4 fields) matches the stated condition","any","database_missing","","approved","mathzero","2026-08-17","PDF page 11: IF WORKTYP2 = 5 or 12 or 8 or 7 ","Machine-extracted in the group-aware second pass. The displayed evidence may contain additional administrative or eligibility conditions that require human interpretation. Approved by mathzero in the checksum-fixed synthetic-routing-v1 review.","existing_question_gate_missing_codes_rejected"
"route_8ace599f10e87c25e89eb6a0","react1.r11.registration","gate","INDCONFCARER is asked when INDCONF matches the stated condition","any","database_missing","","approved","mathzero","2026-08-17","PDF page 4: IF INDCONF =2 AND Mail_Grp=1","Machine-extracted candidate; requires direct human comparison with the displayed questionnaire page. Approved by mathzero in the checksum-fixed synthetic-routing-v1 review.","incomplete_context_do_not_claim_eligible"
"route_b33b91d472dbdc9ce603a8ea","react1.r11.registration","gate","ADULTAGE1_1 … ADULTAGE1_NA (11 fields) is asked when NADULTS1 matches the stated condition","any","database_missing","","approved","mathzero","2026-08-17","PDF page 8: IF NADULTS1 = 1+","Machine-extracted in the group-aware second pass. The displayed evidence may contain additional administrative or eligibility conditions that require human interpretation. Approved by mathzero in the checksum-fixed synthetic-routing-v1 review.","existing_question_gate_missing_codes_rejected"
"route_baa0131efa9c07628c4ea615","react1.r11.registration","gate","WORKSTUDYPERS2REG_1 … WORKSTUDYPERS2REG_5 (5 fields) is asked when WORKTYP4_5 … WORKTYP4_7 (4 fields) matches the stated condition","any","database_missing","","approved","mathzero","2026-08-17","PDF page 12: IF WORKTYP4 = 5 or 12 or 8 or 7 ","Machine-extracted in the group-aware second pass. The displayed evidence may contain additional administrative or eligibility conditions that require human interpretation. Approved by mathzero in the checksum-fixed synthetic-routing-v1 review.","existing_question_gate_missing_codes_rejected"
"route_bdd17a489bcf9609a3b5cdbc","react1.r11.registration","gate","INDCONFPARENT is asked when INDCONF matches the stated condition","any","database_missing","","approved","mathzero","2026-08-17","PDF page 4: IF INDCONF = 2 AND Mail_Grp=2","Machine-extracted candidate; requires direct human comparison with the displayed questionnaire page. Approved by mathzero in the checksum-fixed synthetic-routing-v1 review.","incomplete_context_do_not_claim_eligible"
"route_cf18068042c0f6beda1123e9","react1.r11.registration","gate","ADULTAGE_1 … ADULTAGE1_NA (22 fields) is asked when NADULTS matches the stated condition","any","database_missing","","approved","mathzero","2026-08-17","PDF page 7: IF NADULTS = 2+","Machine-extracted in the group-aware second pass. The displayed evidence may contain additional administrative or eligibility conditions that require human interpretation. Approved by mathzero in the checksum-fixed synthetic-routing-v1 review.","existing_question_gate_missing_codes_rejected"
"route_f4b07950d0b07b2cf0d73ac0","react1.r11.registration","gate","CHILDAGE1_1 … CHILDAGE1_NA (15 fields) is asked when NCHILD1 matches the stated condition","any","database_missing","","approved","mathzero","2026-08-17","PDF page 10: IF NCHILD1 = 2+","Machine-extracted in the group-aware second pass. The displayed evidence may contain additional administrative or eligibility conditions that require human interpretation. Approved by mathzero in the checksum-fixed synthetic-routing-v1 review.","existing_question_gate_missing_codes_rejected"
"route_fad0e3779d5feba702eef2d5","react1.r11.registration","gate","VACCDOSE is asked when VACCINE3 matches the stated condition","any","database_missing","","approved","mathzero","2026-08-17","PDF page 13: IF VACCINE3 = 1","Machine-extracted candidate; requires direct human comparison with the displayed questionnaire page. Approved by mathzero in the checksum-fixed synthetic-routing-v1 review.","existing_question_gate_missing_codes_rejected"
"route_0349fb4d5967316465c00387","react1.r12.individual","gate","INDCONFPARENT is asked when INDCONF matches the stated condition","any","database_missing","","approved","mathzero","2026-08-17","PDF page 4: IF INDCONF = 2 AND Mail_Grp 2","Machine-extracted candidate; requires direct human comparison with the displayed questionnaire page. Approved by mathzero in the checksum-fixed synthetic-routing-v1 review.","incomplete_context_do_not_claim_eligible"
"route_087d2495fe290328d84b72e8","react1.r12.individual","gate","SWABDATE_NEW, SWABDATE_HOUR, SWABDATE_MIN is asked when SWASTATUS matches the stated condition","any","database_missing","","approved","mathzero","2026-08-17","PDF page 29: IF SWASTATUS = 1 (COMPLETED SWAB TEST)","Machine-extracted in the group-aware second pass. The displayed evidence may contain additional administrative or eligibility conditions that require human interpretation. Approved by mathzero in the checksum-fixed synthetic-routing-v1 review.","existing_question_gate_missing_codes_rejected"
"route_08fffb52f2d64b516b4b70d7","react1.r12.individual","gate","LONGCOVIDMED_1 … LONGCOVIDMED_10 (12 fields) is asked when LONGCOVIDDESC matches the stated condition","any","database_missing","","approved","mathzero","2026-08-17","PDF page 18: ASK IF LONGCOVIDDESC = 1 OR 2","Machine-extracted in the group-aware second pass. The displayed evidence may contain additional administrative or eligibility conditions that require human interpretation. Approved by mathzero in the checksum-fixed synthetic-routing-v1 review.","existing_question_gate_missing_codes_rejected"
"route_09498bb402d367f49bbf7e41","react1.r12.individual","gate","COVIDPWP is asked when COVIDCON_1 matches the stated condition","any","database_missing","","approved","mathzero","2026-08-17","PDF page 13: ASK IF COVIDCON=1","Machine-extracted in the group-aware second pass. The displayed evidence may contain additional administrative or eligibility conditions that require human interpretation. Approved by mathzero in the checksum-fixed synthetic-routing-v1 review.","existing_question_gate_missing_codes_rejected"
"route_096928705799426005bfad53","react1.r12.individual","gate","VACCINEREG is asked when VACCINE3SYM matches the stated condition","any","database_missing","","approved","mathzero","2026-08-17","PDF page 40: IF VACCINE3SYM=1","Machine-extracted candidate; requires direct human comparison with the displayed questionnaire page. Approved by mathzero in the checksum-fixed synthetic-routing-v1 review.","existing_question_gate_missing_codes_rejected"
"route_098137c7f7b83a31f568ca98","react1.r12.individual","gate","TESTWORKNUM is asked when TESTWORKTYPE matches the stated condition","any","database_missing","","approved","mathzero","2026-08-17","PDF page 31: ASK IF TESTWORKTYPE=1 TO 3","Machine-extracted candidate; requires direct human comparison with the displayed questionnaire page. Approved by mathzero in the checksum-fixed synthetic-routing-v1 review.","existing_question_gate_missing_codes_rejected"
"route_0dd9ffad113db9d61f8d5b52","react1.r12.individual","gate","KINDMED_1 … KINDMED_TXT (11 fields) is asked when SEEKMED matches the stated condition","any","database_missing","","approved","mathzero","2026-08-17","PDF page 10: IF SEEKMED = 1","Machine-extracted in the group-aware second pass. The displayed evidence may contain additional administrative or eligibility conditions that require human interpretation. Approved by mathzero in the checksum-fixed synthetic-routing-v1 review.","existing_question_gate_missing_codes_rejected"
"route_0f4f46b1982a4ec58f33b696","react1.r12.individual","gate","SWACOURSUIT_1 … SWACOURSUIT_5_OTH (6 fields) is asked when SWACOUR matches the stated condition","any","database_missing","","approved","mathzero","2026-08-17","PDF page 29: IF SWACOUR =4","Machine-extracted in the group-aware second pass. The displayed evidence may contain additional administrative or eligibility conditions that require human interpretation. Approved by mathzero in the checksum-fixed synthetic-routing-v1 review.","existing_question_gate_missing_codes_rejected"
"route_147c88267e5cb88d7352b8e8","react1.r12.individual","gate","COVIDCONPL_1 … COVIDCONPL_5 (6 fields) is asked when COVIDCON_1 matches the stated condition","any","database_missing","","approved","mathzero","2026-08-17","PDF page 12: ASK IF COVIDCON=1 AND COVIDCONNUM = 1-3","Machine-extracted in the group-aware second pass. The displayed evidence may contain additional administrative or eligibility conditions that require human interpretation. Approved by mathzero in the checksum-fixed synthetic-routing-v1 review.","existing_question_gate_missing_codes_rejected"
"route_1c7391d289d69409dcce3296","react1.r12.individual","gate","INDOORNUMPEOPLE is asked when INDOORNUM_10 matches the stated condition","any","database_missing","","approved","mathzero","2026-08-17","PDF page 24: IF INDOORNUM = 10","Machine-extracted in the group-aware second pass. The displayed evidence may contain additional administrative or eligibility conditions that require human interpretation. Approved by mathzero in the checksum-fixed synthetic-routing-v1 review.","existing_question_gate_missing_codes_rejected"
"route_1cfaf51a13f3d4df848e3e14","react1.r12.individual","gate","SMOKEVAP is asked when VAPNOW matches the stated condition","any","database_missing","","approved","mathzero","2026-08-17","PDF page 57: IF VAPNOW = 2 or 3","Machine-extracted candidate; requires direct human comparison with the displayed questionnaire page. Approved by mathzero in the checksum-fixed synthetic-routing-v1 review.","existing_question_gate_missing_codes_rejected"
"route_280962c0a86663d159481a4f","react1.r12.individual","gate","VACCDOSESYM is asked when VACCINEREG matches the stated condition","any","database_missing","","approved","mathzero","2026-08-17","PDF page 40: IF VACCINEREG=1","Machine-extracted candidate; requires direct human comparison with the displayed questionnaire page. Approved by mathzero in the checksum-fixed synthetic-routing-v1 review.","existing_question_gate_missing_codes_rejected"
"route_2952570c6572897dcad787b4","react1.r12.individual","gate","AGPREV3 is asked when AGPREV1 matches the stated condition","any","database_missing","","approved","mathzero","2026-08-17","PDF page 32: IF AGPREV1 = 1","Machine-extracted candidate; requires direct human comparison with the displayed questionnaire page. Approved by mathzero in the checksum-fixed synthetic-routing-v1 review.","existing_question_gate_missing_codes_rejected"
"route_29f87d343798d84b78bb7ef9","react1.r12.individual","gate","BACKTOWORK2 is asked when BACKTOWORK matches the stated condition","any","database_missing","","approved","mathzero","2026-08-17","PDF page 49: IF BACKTOWORK = 1-6 or 8","Machine-extracted candidate; requires direct human comparison with the displayed questionnaire page. Approved by mathzero in the checksum-fixed synthetic-routing-v1 review.","existing_question_gate_missing_codes_rejected"
"route_2b66f26ad81e1077b7ab4bd7","react1.r12.individual","gate","COVIDCONWP is asked when COVIDCONPL_2 matches the stated condition","any","database_missing","","approved","mathzero","2026-08-17","PDF page 12: ASK IF COVIDCONPL=2 AND MAIL_GRP1 OR MAIL_GRP2 AND INDONF-=1","Machine-extracted in the group-aware second pass. The displayed evidence may contain additional administrative or eligibility conditions that require human interpretation. Approved by mathzero in the checksum-fixed synthetic-routing-v1 review.","incomplete_context_do_not_claim_eligible"
"route_2c47617a7812b34b6dfd20f1","react1.r12.individual","gate","VACCINEFIRSTSYM is asked when VACCINEREG matches the stated condition","any","database_missing","","approved","mathzero","2026-08-17","PDF page 40: IF VACCINEREG=1","Machine-extracted candidate; requires direct human comparison with the displayed questionnaire page. Approved by mathzero in the checksum-fixed synthetic-routing-v1 review.","existing_question_gate_missing_codes_rejected"
"route_2d3d3a30da91b5286de24982","react1.r12.individual","gate","BACKTOUNI is asked when CAMPUS2 matches the stated condition","any","database_missing","","approved","mathzero","2026-08-17","PDF page 47: IF CAMPUS2=4, 5, 6, 7","Machine-extracted candidate; requires direct human comparison with the displayed questionnaire page. Approved by mathzero in the checksum-fixed synthetic-routing-v1 review.","existing_question_gate_missing_codes_rejected"
"route_2dd6eae335374e230f7e547c","react1.r12.individual","gate","TESTWORK is asked when AGPREVNUM matches the stated condition","any","database_missing","","approved","mathzero","2026-08-17","PDF page 31: ASK IF AGPREVNUM=2 OR AGPREVTYPE = 1 AND 2","Machine-extracted candidate; requires direct human comparison with the displayed questionnaire page. Approved by mathzero in the checksum-fixed synthetic-routing-v1 review.","existing_question_gate_missing_codes_rejected"
"route_30ca18ae59bb32c470e7e2e7","react1.r12.individual","gate","ISOLLEAVE is asked when SELFISO2_1 matches the stated condition","any","database_missing","","approved","mathzero","2026-08-17","PDF page 37: ASK IF SELFISO2 =1 TO 7 OR 9","Machine-extracted in the group-aware second pass. The displayed evidence may contain additional administrative or eligibility conditions that require human interpretation. Approved by mathzero in the checksum-fixed synthetic-routing-v1 review.","existing_question_gate_missing_codes_rejected"
"route_3625f5fe88bc7aaaaa79dd2c","react1.r12.individual","gate","QCOVIDWORK_1 … QCOVIDWORK_10 (11 fields) is asked when QISOLLEAVEREASON_1 matches the stated condition","any","database_missing","","approved","mathzero","2026-08-17","PDF page 55: ASK IF QISOLLEAVEREASON=1 AND Mail_Grp1 or (Mail_grp2 AND age 16+ ONLY and INDCONF=1]","Machine-extracted in the group-aware second pass. The displayed evidence may contain additional administrative or eligibility conditions that require human interpretation. Approved by mathzero in the checksum-fixed synthetic-routing-v1 review.","incomplete_context_do_not_claim_eligible"
"route_382a6cb3b23262012ebedfbb","react1.r12.individual","gate","ABPREV4 is asked when ABPREV1 matches the stated condition","any","database_missing","","approved","mathzero","2026-08-17","PDF page 34: IF ABPREV1= 2 AND ABPREV3 = 2, 3 or 4","Machine-extracted in the group-aware second pass. The displayed evidence may contain additional administrative or eligibility conditions that require human interpretation. Approved by mathzero in the checksum-fixed synthetic-routing-v1 review.","existing_question_gate_missing_codes_rejected"
"route_39f0b4d72bdc219b84446386","react1.r12.individual","gate","ABPREV5_NEW is asked when ABPREV4 matches the stated condition","any","database_missing","","approved","mathzero","2026-08-17","PDF page 34: IF ABPREV4=1","Machine-extracted candidate; requires direct human comparison with the displayed questionnaire page. Approved by mathzero in the checksum-fixed synthetic-routing-v1 review.","existing_question_gate_missing_codes_rejected"
"route_3a7f520766053e00e8530b28","react1.r12.individual","gate","VACCINESECONDSYM is asked when VACCDOSE matches the stated condition","any","database_missing","","approved","mathzero","2026-08-17","PDF page 41: IF VACCDOSE= 2 OR 3","Machine-extracted candidate; requires direct human comparison with the displayed questionnaire page. Approved by mathzero in the checksum-fixed synthetic-routing-v1 review.","existing_question_gate_missing_codes_rejected"
"route_3b9decc199398484f80c1594","react1.r12.individual","gate","OUTDOORNUMPEOPLE is asked when OUTDOOR_6 matches the stated condition","any","database_missing","","approved","mathzero","2026-08-17","PDF page 25: IF OUTDOOR=6","Machine-extracted in the group-aware second pass. The displayed evidence may contain additional administrative or eligibility conditions that require human interpretation. Approved by mathzero in the checksum-fixed synthetic-routing-v1 review.","existing_question_gate_missing_codes_rejected"
"route_3bf46d9db091bd56b255e02e","react1.r12.individual","gate","COVIDCONNUM is asked when COVIDCON_1 matches the stated condition","any","database_missing","","approved","mathzero","2026-08-17","PDF page 11: ASK IF COVIDCON=1","Machine-extracted in the group-aware second pass. The displayed evidence may contain additional administrative or eligibility conditions that require human interpretation. Approved by mathzero in the checksum-fixed synthetic-routing-v1 review.","existing_question_gate_missing_codes_rejected"
"route_3db55a1579d2ed93eaaf87f4","react1.r12.individual","gate","CONTACT4_1 … CONTACT4_5 (5 fields) is asked when CONTACT1 matches the stated condition","any","database_missing","","approved","mathzero","2026-08-17","PDF page 27: IF CONTACT1 = 1+","Machine-extracted in the group-aware second pass. The displayed evidence may contain additional administrative or eligibility conditions that require human interpretation. Approved by mathzero in the checksum-fixed synthetic-routing-v1 review.","existing_question_gate_missing_codes_rejected"
"route_3e43604f765bc6c3a8ba11e5","react1.r12.individual","gate","PERSCARE is asked when CAREHOME matches the stated condition","any","database_missing","","approved","mathzero","2026-08-17","PDF page 50: IF CAREHOME = 2 OR CAREHOME = 3","Machine-extracted candidate; requires direct human comparison with the displayed questionnaire page. Approved by mathzero in the checksum-fixed synthetic-routing-v1 review.","existing_question_gate_missing_codes_rejected"
"route_3f248271b4ddadf798b6f162","react1.r12.individual","gate","LONGCOVIDACTIV is asked when LONGCOVIDDESC matches the stated condition","any","database_missing","","approved","mathzero","2026-08-17","PDF page 17: ASK IF LONGCOVIDDESC = 1 OR 2","Machine-extracted candidate; requires direct human comparison with the displayed questionnaire page. Approved by mathzero in the checksum-fixed synthetic-routing-v1 review.","existing_question_gate_missing_codes_rejected"
"route_442c9ee3907907596ec6cd88","react1.r12.individual","gate","TESTWORKTYPE is asked when TESTWORK matches the stated condition","any","database_missing","","approved","mathzero","2026-08-17","PDF page 31: ASK IF TESTWORK = 1","Machine-extracted candidate; requires direct human comparison with the displayed questionnaire page. Approved by mathzero in the checksum-fixed synthetic-routing-v1 review.","existing_question_gate_missing_codes_rejected"
"route_44b64fe4c79e46259d548d28","react1.r12.individual","gate","LASTABROAD_NEW is asked when NUMVISIT matches the stated condition","any","database_missing","","approved","mathzero","2026-08-17","PDF page 53: IF NUMVISIT =3+","Machine-extracted candidate; requires direct human comparison with the displayed questionnaire page. Approved by mathzero in the checksum-fixed synthetic-routing-v1 review.","existing_question_gate_missing_codes_rejected"
"route_4b475ebe92e7938914e338df","react1.r12.individual","gate","WORKHOMEREASON_1 … WORKHOMEREASON_11 (13 fields) is asked when WORKHOMEPOSS2 matches the stated condition","any","database_missing","","approved","mathzero","2026-08-17","PDF page 48: IF WORKHOMEPOSS2=1, 3","Machine-extracted in the group-aware second pass. The displayed evidence may contain additional administrative or eligibility conditions that require human interpretation. Approved by mathzero in the checksum-fixed synthetic-routing-v1 review.","existing_question_gate_missing_codes_rejected"
"route_4c25ddb5c50296cf45c9819a","react1.r12.individual","gate","CROWDEDOTH is asked when INDOOR_10 matches the stated condition","any","database_missing","","approved","mathzero","2026-08-17","PDF page 24: IF INDOOR = 10","Machine-extracted in the group-aware second pass. The displayed evidence may contain additional administrative or eligibility conditions that require human interpretation. Approved by mathzero in the checksum-fixed synthetic-routing-v1 review.","existing_question_gate_missing_codes_rejected"
"route_4d864e02e8efaadbac018c21","react1.r12.individual","gate","WORKHOME is asked when EMPL matches the stated condition","any","database_missing","","approved","mathzero","2026-08-17","PDF page 47: IF EMPL = 1, 2, 3","Machine-extracted candidate; requires direct human comparison with the displayed questionnaire page. Approved by mathzero in the checksum-fixed synthetic-routing-v1 review.","existing_question_gate_missing_codes_rejected"
"route_4e08f1db269f1b413ee784d9","react1.r12.individual","gate","FLATTYP is asked when DWELLTYP matches the stated condition","any","database_missing","","approved","mathzero","2026-08-17","PDF page 44: IF DWELLTYP = 2","Machine-extracted candidate; requires direct human comparison with the displayed questionnaire page. Approved by mathzero in the checksum-fixed synthetic-routing-v1 review.","existing_question_gate_missing_codes_rejected"
"route_4fcca7a5a57553cb220a4e2a","react1.r12.individual","gate","QUARANTINE1 is asked when ABROAD matches the stated condition","any","database_missing","","approved","mathzero","2026-08-17","PDF page 53: ASK IF ABROAD =1","Machine-extracted candidate; requires direct human comparison with the displayed questionnaire page. Approved by mathzero in the checksum-fixed synthetic-routing-v1 review.","existing_question_gate_missing_codes_rejected"
"route_503e8fefc04c6fb7f21b4ae1","react1.r12.individual","gate","VACCINETYPESYM is asked when VACCINEREG matches the stated condition","any","database_missing","","approved","mathzero","2026-08-17","PDF page 41: IF VACCINEREG=1","Machine-extracted candidate; requires direct human comparison with the displayed questionnaire page. Approved by mathzero in the checksum-fixed synthetic-routing-v1 review.","existing_question_gate_missing_codes_rejected"
"route_512bba2c9a8c5d18e4803bf8","react1.r12.individual","gate","OUTDOORNUM_1 … OUTDOORNUM_6 (6 fields) is asked when OUTDOOR_1 matches the stated condition","any","database_missing","","approved","mathzero","2026-08-17","PDF page 25: IF OUTDOOR = 1-7","Machine-extracted in the group-aware second pass. The displayed evidence may contain additional administrative or eligibility conditions that require human interpretation. Approved by mathzero in the checksum-fixed synthetic-routing-v1 review.","existing_question_gate_missing_codes_rejected"
"route_54782e9be5d661c24b1f223f","react1.r12.individual","gate","VACCRUFUSE1_1 … VACCRUFUSE1_20 (24 fields) is asked when VACCINEACCEPT matches the stated condition","any","database_missing","","approved","mathzero","2026-08-17","PDF page 42: IF VACCINEACCEPT=2 or 3 AND (Mail_Grp 1 OR (Mail_Grp 2 AND (AGE=16 OR 17) AND INDCONF=1))","Machine-extracted in the group-aware second pass. The displayed evidence may contain additional administrative or eligibility conditions that require human interpretation. Approved by mathzero in the checksum-fixed synthetic-routing-v1 review.","incomplete_context_do_not_claim_eligible"
"route_54982b7bb6bc0912197011fa","react1.r12.individual","gate","ISOLRECENT_NEW is asked when SELFISO2_1 matches the stated condition","any","database_missing","","approved","mathzero","2026-08-17","PDF page 36: ASK IF SELFISO2 =1 TO 7 OR 9","Machine-extracted in the group-aware second pass. The displayed evidence may contain additional administrative or eligibility conditions that require human interpretation. Approved by mathzero in the checksum-fixed synthetic-routing-v1 review.","existing_question_gate_missing_codes_rejected"
"route_573c3d650a89f26e3fd27c1a","react1.r12.individual","gate","SWABTIME_PNTA is asked when SWASTATUS matches the stated condition","any","database_missing","","approved","mathzero","2026-08-17","PDF page 29: IF SWASTATUS = 1 (COMPLETED SWAB TEST)","Machine-extracted candidate; requires direct human comparison with the displayed questionnaire page. Approved by mathzero in the checksum-fixed synthetic-routing-v1 review.","existing_question_gate_missing_codes_rejected"
"route_5797f0fe28148904742730c8","react1.r12.individual","gate","COUNTRYVISIT1, COUNTRYVISIT2 is asked when ABROAD matches the stated condition","any","database_missing","","approved","mathzero","2026-08-17","PDF page 52: IF ABROAD = 1","Machine-extracted in the group-aware second pass. The displayed evidence may contain additional administrative or eligibility conditions that require human interpretation. Approved by mathzero in the checksum-fixed synthetic-routing-v1 review.","existing_question_gate_missing_codes_rejected"
"route_58d2dbbc5c87b48569bda8b2","react1.r12.individual","gate","COVIDSYM3_1 … COVIDSYM3_11 (12 fields) is asked when LONGCOVID1 matches the stated condition","any","database_missing","","approved","mathzero","2026-08-17","PDF page 16: ASK IF LONGCOVID1=1, 2 ","Machine-extracted in the group-aware second pass. The displayed evidence may contain additional administrative or eligibility conditions that require human interpretation. Approved by mathzero in the checksum-fixed synthetic-routing-v1 review.","existing_question_gate_missing_codes_rejected"
"route_5a7f74201322352ca38748ea","react1.r12.individual","gate","CONTACT6_1 … CONTACT6_4 (4 fields) is asked when CONTACT1 matches the stated condition","any","database_missing","","approved","mathzero","2026-08-17","PDF page 28: IF CONTACT1 = 1+","Machine-extracted in the group-aware second pass. The displayed evidence may contain additional administrative or eligibility conditions that require human interpretation. Approved by mathzero in the checksum-fixed synthetic-routing-v1 review.","existing_question_gate_missing_codes_rejected"
"route_5c1ff51f09b1b4946c64b634","react1.r12.individual","gate","NHSCONTACTS is asked when COVIDTETR matches the stated condition","any","database_missing","","approved","mathzero","2026-08-17","PDF page 39: COVIDTETR =1","Machine-extracted in the group-aware second pass. The displayed evidence may contain additional administrative or eligibility conditions that require human interpretation. Approved by mathzero in the checksum-fixed synthetic-routing-v1 review.","existing_question_gate_missing_codes_rejected"
"route_5cd56ab39398878f142d1236","react1.r12.individual","gate","ISOLLEAVEREASON_1 … ISOLLEAVEREASON_15 (18 fields) is asked when ISOLLEAVE matches the stated condition","any","database_missing","","approved","mathzero","2026-08-17","PDF page 37: ASK IF ISOLLEAVE = 1","Machine-extracted in the group-aware second pass. The displayed evidence may contain additional administrative or eligibility conditions that require human interpretation. Approved by mathzero in the checksum-fixed synthetic-routing-v1 review.","existing_question_gate_missing_codes_rejected"
"route_5d23aeaad609624b309d10f8","react1.r12.individual","gate","SYMPTANY3_1 … SYMPTANY3_10 (11 fields) is asked when FEELUN matches the stated condition","any","database_missing","","approved","mathzero","2026-08-17","PDF page 7: IF FEELUN =1","Machine-extracted in the group-aware second pass. The displayed evidence may contain additional administrative or eligibility conditions that require human interpretation. Approved by mathzero in the checksum-fixed synthetic-routing-v1 review.","existing_question_gate_missing_codes_rejected"
"route_5d7a1fb6f1764aef76804bb7","react1.r12.individual","gate","TEMPB01, TEMPB02, TEMPB03 is asked when TEMPA matches the stated condition","any","database_missing","","approved","mathzero","2026-08-17","PDF page 10: IF TEMPA = 1","Machine-extracted in the group-aware second pass. The displayed evidence may contain additional administrative or eligibility conditions that require human interpretation. Approved by mathzero in the checksum-fixed synthetic-routing-v1 review.","existing_question_gate_missing_codes_rejected"
"route_5dff605965219e27a94a6860","react1.r12.individual","gate","VACCRUFUSE2_1 … VACCRUFUSE2_20 (24 fields) is asked when VACCINEAPP2 matches the stated condition","any","database_missing","","approved","mathzero","2026-08-17","PDF page 43: VACCINEAPP2 =2 AND (Mail_Grp 1 OR (Mail_Grp 2 AND (AGE=16 OR 17) AND INDCONF=1))","Machine-extracted in the group-aware second pass. The displayed evidence may contain additional administrative or eligibility conditions that require human interpretation. Approved by mathzero in the checksum-fixed synthetic-routing-v1 review.","incomplete_context_do_not_claim_eligible"
"route_5f3b580a3805d6aa32e1d771","react1.r12.individual","gate","SYMPTNOWAW_1 … SYMPTNOWAW_27 (29 fields) is asked when SYMPTANY1_1 … SYMPTANY3_10 (30 fields) matches the stated condition","any","database_missing","","approved","mathzero","2026-08-17","PDF page 8: IF ANY SELECTED AT SYMPTANY1, SYMPTANY2, SYMPTANY3","Machine-extracted in the group-aware second pass. The displayed evidence may contain additional administrative or eligibility conditions that require human interpretation. Approved by mathzero in the checksum-fixed synthetic-routing-v1 review.","existing_question_gate_missing_codes_rejected"
"route_606074c43c56491399659674","react1.r12.individual","gate","NHSCONTACTS2 is asked when NHSCONTACTS matches the stated condition","any","database_missing","","approved","mathzero","2026-08-17","PDF page 39: IF NHSCONTACTS=1","Machine-extracted candidate; requires direct human comparison with the displayed questionnaire page. Approved by mathzero in the checksum-fixed synthetic-routing-v1 review.","existing_question_gate_missing_codes_rejected"
"route_673c9693d8f9a5369885e363","react1.r12.individual","gate","VACCINEAPP1 is asked when VACCINE3SYM matches the stated condition","any","database_missing","","approved","mathzero","2026-08-17","PDF page 41: IF VACCINE3SYM = 2 or 3","Machine-extracted candidate; requires direct human comparison with the displayed questionnaire page. Approved by mathzero in the checksum-fixed synthetic-routing-v1 review.","existing_question_gate_missing_codes_rejected"
"route_692389e687eb58b1a2e93d9f","react1.r12.individual","gate","BACKTOWORK is asked when WORKHOMEPOSS2 matches the stated condition","any","database_missing","","approved","mathzero","2026-08-17","PDF page 48: IF WORKHOMEPOSS2=1 or 3","Machine-extracted candidate; requires direct human comparison with the displayed questionnaire page. Approved by mathzero in the checksum-fixed synthetic-routing-v1 review.","existing_question_gate_missing_codes_rejected"
"route_6ab206ea47c231ed024f7bb2","react1.r12.individual","gate","COVIDSYM2_1 … COVIDSYM2_12 (14 fields) is asked when LONGCOVID1 matches the stated condition","any","database_missing","","approved","mathzero","2026-08-17","PDF page 15: ASK IF LONGCOVID1=1, 2","Machine-extracted in the group-aware second pass. The displayed evidence may contain additional administrative or eligibility conditions that require human interpretation. Approved by mathzero in the checksum-fixed synthetic-routing-v1 review.","existing_question_gate_missing_codes_rejected"
"route_6b4fd401ceebb50931ec9828","react1.r12.individual","gate","SYMPTANY2_1 … SYMPTANY2_14 (14 fields) is asked when FEELUN matches the stated condition","any","database_missing","","approved","mathzero","2026-08-17","PDF page 6: IF FEELUN =1","Machine-extracted in the group-aware second pass. The displayed evidence may contain additional administrative or eligibility conditions that require human interpretation. Approved by mathzero in the checksum-fixed synthetic-routing-v1 review.","existing_question_gate_missing_codes_rejected"
"route_75ed581185967f7f702eaccf","react1.r12.individual","gate","VACCINEACCEPT is asked when VACCINEAPP1 matches the stated condition","any","database_missing","","approved","mathzero","2026-08-17","PDF page 42: IF VACCINEAPP1 =2, 3 or 4","Machine-extracted candidate; requires direct human comparison with the displayed questionnaire page. Approved by mathzero in the checksum-fixed synthetic-routing-v1 review.","existing_question_gate_missing_codes_rejected"
"route_764750fe47a70fb0ac475bc4","react1.r12.individual","gate","HOUSTYP is asked when DWELLTYP matches the stated condition","any","database_missing","","approved","mathzero","2026-08-17","PDF page 44: IF DWELLTYP = 1","Machine-extracted candidate; requires direct human comparison with the displayed questionnaire page. Approved by mathzero in the checksum-fixed synthetic-routing-v1 review.","existing_question_gate_missing_codes_rejected"
"route_78a93350f2c7d8bf5d13dd3a","react1.r12.individual","gate","INDOORNUM_1 … INDOORNUM_10 (7 fields) is asked when INDOOR_1 matches the stated condition","any","database_missing","","approved","mathzero","2026-08-17","PDF page 23: IF INDOOR = 1-6 or 10","Machine-extracted in the group-aware second pass. The displayed evidence may contain additional administrative or eligibility conditions that require human interpretation. Approved by mathzero in the checksum-fixed synthetic-routing-v1 review.","existing_question_gate_missing_codes_rejected"
"route_78d006fd8c0b7bc08a7fc8cf","react1.r12.individual","gate","QISOLLEAVEREASON_1 … QISOLLEAVEREASON_16 (19 fields) is asked when QISOLLEAVE matches the stated condition","any","database_missing","","approved","mathzero","2026-08-17","PDF page 54: ASK IF QISOLLEAVE = 1","Machine-extracted in the group-aware second pass. The displayed evidence may contain additional administrative or eligibility conditions that require human interpretation. Approved by mathzero in the checksum-fixed synthetic-routing-v1 review.","existing_question_gate_missing_codes_rejected"
"route_792e22518ce74bed07159620","react1.r12.individual","gate","CARETYPE is asked when CAREHOME matches the stated condition","any","database_missing","","approved","mathzero","2026-08-17","PDF page 50: IF CAREHOME=1","Machine-extracted candidate; requires direct human comparison with the displayed questionnaire page. Approved by mathzero in the checksum-fixed synthetic-routing-v1 review.","existing_question_gate_missing_codes_rejected"
"route_82f0065a7623fb7ba862cfa3","react1.r12.individual","gate","SMOKEVAPDATE_NEW is asked when SMOKEVAP matches the stated condition","any","database_missing","","approved","mathzero","2026-08-17","PDF page 57: IF SMOKEVAP= 1","Machine-extracted candidate; requires direct human comparison with the displayed questionnaire page. Approved by mathzero in the checksum-fixed synthetic-routing-v1 review.","existing_question_gate_missing_codes_rejected"
"route_88c63cc59fdce6fd55673753","react1.r12.individual","gate","SICKPAY2 is asked when EMPL matches the stated condition","any","database_missing","","approved","mathzero","2026-08-17","PDF page 49: IF EMPL = 1, 2, 3","Machine-extracted candidate; requires direct human comparison with the displayed questionnaire page. Approved by mathzero in the checksum-fixed synthetic-routing-v1 review.","existing_question_gate_missing_codes_rejected"
"route_8b7badf640b4bd37280c9952","react1.r12.individual","gate","LFTREPORT is asked when AGPREVTYPE_2 matches the stated condition","any","database_missing","","approved","mathzero","2026-08-17","PDF page 33: IF AGPREVTYPE = 2 ","Machine-extracted in the group-aware second pass. The displayed evidence may contain additional administrative or eligibility conditions that require human interpretation. Approved by mathzero in the checksum-fixed synthetic-routing-v1 review.","existing_question_gate_missing_codes_rejected"
"route_8d1bfc8ae97ea9e7c2252e2e","react1.r12.individual","gate","QISOLLEAVE is asked when QUARANTINE1 matches the stated condition","any","database_missing","","approved","mathzero","2026-08-17","PDF page 54: ASK IF QUARANTINE1=1","Machine-extracted candidate; requires direct human comparison with the displayed questionnaire page. Approved by mathzero in the checksum-fixed synthetic-routing-v1 review.","existing_question_gate_missing_codes_rejected"
"route_903f1bf0c68e1b0fe5212340","react1.r12.individual","gate","ABPREV2_NEW is asked when ABPREV1 matches the stated condition","any","database_missing","","approved","mathzero","2026-08-17","PDF page 33: IF ABPREV1 = 1 or 2","Machine-extracted candidate; requires direct human comparison with the displayed questionnaire page. Approved by mathzero in the checksum-fixed synthetic-routing-v1 review.","existing_question_gate_missing_codes_rejected"
"route_91e2bec3b29d2a862efa75b6","react1.r12.individual","gate","LONGCOVIDABILITY is asked when LONGCOVIDDESC matches the stated condition","any","database_missing","","approved","mathzero","2026-08-17","PDF page 17: ASK IF LONGCOVIDDESC = 1 OR 2","Machine-extracted candidate; requires direct human comparison with the displayed questionnaire page. Approved by mathzero in the checksum-fixed synthetic-routing-v1 review.","existing_question_gate_missing_codes_rejected"
"route_93753bb4fae09449f2469972","react1.r12.individual","gate","COVIDTETW_NEW is asked when COVIDTETR matches the stated condition","any","database_missing","","approved","mathzero","2026-08-17","PDF page 38: ASK IF COVIDTETR = 1","Machine-extracted candidate; requires direct human comparison with the displayed questionnaire page. Approved by mathzero in the checksum-fixed synthetic-routing-v1 review.","existing_question_gate_missing_codes_rejected"
"route_953de5e3c5131cdc89ab6c37","react1.r12.individual","gate","SYMPTANY1_1 … SYMPTANY1_5 (5 fields) is asked when FEELUN matches the stated condition","any","database_missing","","approved","mathzero","2026-08-17","PDF page 5: IF FEELUN =1 ","Machine-extracted in the group-aware second pass. The displayed evidence may contain additional administrative or eligibility conditions that require human interpretation. Approved by mathzero in the checksum-fixed synthetic-routing-v1 review.","existing_question_gate_missing_codes_rejected"
"route_96e6022ccd9f1315d4422d4a","react1.r12.individual","gate","AGPREVTYPE_1, AGPREVTYPE_2, AGPREVTYPE_3 is asked when AGPREV1 matches the stated condition","any","database_missing","","approved","mathzero","2026-08-17","PDF page 30: ASK IF AGPREV1=1","Machine-extracted in the group-aware second pass. The displayed evidence may contain additional administrative or eligibility conditions that require human interpretation. Approved by mathzero in the checksum-fixed synthetic-routing-v1 review.","existing_question_gate_missing_codes_rejected"
"route_99e3bacae4d99d7f5afe8b69","react1.r12.individual","gate","AGPREV2_NEW is asked when AGPREV1 matches the stated condition","any","database_missing","","approved","mathzero","2026-08-17","PDF page 32: IF AGPREV1 = 1","Machine-extracted candidate; requires direct human comparison with the displayed questionnaire page. Approved by mathzero in the checksum-fixed synthetic-routing-v1 review.","existing_question_gate_missing_codes_rejected"
"route_99e59e0ec522c1203b47f9c0","react1.r12.individual","gate","WORKHOMEPOSS2 is asked when WORKHOME matches the stated condition","any","database_missing","","approved","mathzero","2026-08-17","PDF page 47: IF WORKHOME =2","Machine-extracted candidate; requires direct human comparison with the displayed questionnaire page. Approved by mathzero in the checksum-fixed synthetic-routing-v1 review.","existing_question_gate_missing_codes_rejected"
"route_9b01d9663217faf1af6530b8","react1.r12.individual","gate","AGPREV5_NEW is asked when AGPREV4 matches the stated condition","any","database_missing","","approved","mathzero","2026-08-17","PDF page 32: IF AGPREV4=1","Machine-extracted candidate; requires direct human comparison with the displayed questionnaire page. Approved by mathzero in the checksum-fixed synthetic-routing-v1 review.","existing_question_gate_missing_codes_rejected"
"route_9bf595327327d3caf00394c1","react1.r12.individual","gate","ABPREV3 is asked when ABPREV1 matches the stated condition","any","database_missing","","approved","mathzero","2026-08-17","PDF page 34: IF ABPREV1 = 1 or 2","Machine-extracted candidate; requires direct human comparison with the displayed questionnaire page. Approved by mathzero in the checksum-fixed synthetic-routing-v1 review.","existing_question_gate_missing_codes_rejected"
"route_9c2e7fc976757611594affbb","react1.r12.individual","gate","SWASTATUSNO is asked when SWAATTEMPT matches the stated condition","any","database_missing","","approved","mathzero","2026-08-17","PDF page 28: IF SWAATTEMPT=2 OR SWASTATUS = 3","Machine-extracted in the group-aware second pass. The displayed evidence may contain additional administrative or eligibility conditions that require human interpretation. Approved by mathzero in the checksum-fixed synthetic-routing-v1 review.","existing_question_gate_missing_codes_rejected"
"route_9d7ba735af0a23ce43c59ba2","react1.r12.individual","gate","COVIDCONSS_1 … COVIDCONSS_6 (6 fields) is asked when COVIDCONPL_4 matches the stated condition","any","database_missing","","approved","mathzero","2026-08-17","PDF page 13: ASK IF COVIDCONPL=4","Machine-extracted in the group-aware second pass. The displayed evidence may contain additional administrative or eligibility conditions that require human interpretation. Approved by mathzero in the checksum-fixed synthetic-routing-v1 review.","existing_question_gate_missing_codes_rejected"
"route_9e66f01c4264264a99b669c4","react1.r12.individual","gate","COVIDTETA is asked when COVIDTETR matches the stated condition","any","database_missing","","approved","mathzero","2026-08-17","PDF page 39: ASK IF COVIDTETR = 1","Machine-extracted candidate; requires direct human comparison with the displayed questionnaire page. Approved by mathzero in the checksum-fixed synthetic-routing-v1 review.","existing_question_gate_missing_codes_rejected"
"route_a56c86c19a80b888c91069ff","react1.r12.individual","gate","CAMPUS2 is asked when EMPL matches the stated condition","any","database_missing","","approved","mathzero","2026-08-17","PDF page 46: IF MAIL_GRP1 AND EMPL = 7","Machine-extracted candidate; requires direct human comparison with the displayed questionnaire page. Approved by mathzero in the checksum-fixed synthetic-routing-v1 review.","incomplete_context_do_not_claim_eligible"
"route_a8af1e4ca23bede3d161acf0","react1.r12.individual","gate","LONGCOVID1 is asked when COVIDA matches the stated condition","any","database_missing","","approved","mathzero","2026-08-17","PDF page 14: IF COVIDA=1, 2, 3","Machine-extracted candidate; requires direct human comparison with the displayed questionnaire page. Approved by mathzero in the checksum-fixed synthetic-routing-v1 review.","existing_question_gate_missing_codes_rejected"
"route_ae16b547efdbf942a8aba891","react1.r12.individual","gate","TRANSP_1 … TRANSP_13_OTHER (14 fields) is asked when LEAVE1 matches the stated condition","any","database_missing","","approved","mathzero","2026-08-17","PDF page 22: IF LEAVE1 = 1","Machine-extracted in the group-aware second pass. The displayed evidence may contain additional administrative or eligibility conditions that require human interpretation. Approved by mathzero in the checksum-fixed synthetic-routing-v1 review.","existing_question_gate_missing_codes_rejected"
"route_aeae752693667ca543e53016","react1.r12.individual","gate","ISOLDAYS is asked when SELFISO2_1 matches the stated condition","any","database_missing","","approved","mathzero","2026-08-17","PDF page 36: ASK IF SELFISO2 =1 TO 7 OR 9","Machine-extracted in the group-aware second pass. The displayed evidence may contain additional administrative or eligibility conditions that require human interpretation. Approved by mathzero in the checksum-fixed synthetic-routing-v1 review.","existing_question_gate_missing_codes_rejected"
"route_b4c89a24e199b27c830e51b0","react1.r12.individual","gate","LONGINTERMIT is asked when LONGCOVIDDESC matches the stated condition","any","database_missing","","approved","mathzero","2026-08-17","PDF page 17: ASK IF LONGCOVIDDESC = 1 OR 2","Machine-extracted candidate; requires direct human comparison with the displayed questionnaire page. Approved by mathzero in the checksum-fixed synthetic-routing-v1 review.","existing_question_gate_missing_codes_rejected"
"route_b4d7750f9b58d4278a0012d8","react1.r12.individual","gate","SICKPAY1 is asked when WORKHOMEPOSS2 matches the stated condition","any","database_missing","","approved","mathzero","2026-08-17","PDF page 49: IF WORKHOMEPOSS2 =1, 2 OR 3","Machine-extracted candidate; requires direct human comparison with the displayed questionnaire page. Approved by mathzero in the checksum-fixed synthetic-routing-v1 review.","existing_question_gate_missing_codes_rejected"
"route_b974a41e0a43f5083aedd3ea","react1.r12.individual","gate","AGPREV4 is asked when AGPREVTYPE_1 matches the stated condition","any","database_missing","","approved","mathzero","2026-08-17","PDF page 32: IF AGPREV3 = (2 OR 3 OR 4) AND ((AGPREVTYPE=1 AND 2) OR AGPREVNUM = 2)","Machine-extracted in the group-aware second pass. The displayed evidence may contain additional administrative or eligibility conditions that require human interpretation. Approved by mathzero in the checksum-fixed synthetic-routing-v1 review.","existing_question_gate_missing_codes_rejected"
"route_ba4465d262ce93c8882a4769","react1.r12.individual","gate","SELFISOTIMES is asked when SELFISOEVER matches the stated condition","any","database_missing","","approved","mathzero","2026-08-17","PDF page 35: ASK IF SELFISOEVER =1","Machine-extracted candidate; requires direct human comparison with the displayed questionnaire page. Approved by mathzero in the checksum-fixed synthetic-routing-v1 review.","existing_question_gate_missing_codes_rejected"
"route_bb54965ac7c297c60097408d","react1.r12.individual","gate","SWACOUR is asked when SWASTATUS matches the stated condition","any","database_missing","","approved","mathzero","2026-08-17","PDF page 29: IF SWASTATUS = 1 OR SWASTATUSNO = 1","Machine-extracted in the group-aware second pass. The displayed evidence may contain additional administrative or eligibility conditions that require human interpretation. Approved by mathzero in the checksum-fixed synthetic-routing-v1 review.","existing_question_gate_missing_codes_rejected"
"route_bc6fbba85708709570518909","react1.r12.individual","gate","SICKPAY3 is asked when EMPL matches the stated condition","any","database_missing","","approved","mathzero","2026-08-17","PDF page 49: IF EMPL = 1, 2, 3","Machine-extracted candidate; requires direct human comparison with the displayed questionnaire page. Approved by mathzero in the checksum-fixed synthetic-routing-v1 review.","existing_question_gate_missing_codes_rejected"
"route_c16df11aefd1df53a1b9afe6","react1.r12.individual","gate","COVIDWORK_1 … COVIDWORK_9_OTHER (10 fields) is asked when ISOLLEAVEREASON_1 matches the stated condition","any","database_missing","","approved","mathzero","2026-08-17","PDF page 38: ASK IF ISOLLEAVEREASON=1 AND Mail_Grp1 or (Mail_grp2 AND age 16+ ONLY and INDCONF=1]","Machine-extracted in the group-aware second pass. The displayed evidence may contain additional administrative or eligibility conditions that require human interpretation. Approved by mathzero in the checksum-fixed synthetic-routing-v1 review.","incomplete_context_do_not_claim_eligible"
"route_c8bcb2f1bdf337aada64b07f","react1.r12.individual","gate","COVIDCONHH is asked when COVIDCONPL_1 matches the stated condition","any","database_missing","","approved","mathzero","2026-08-17","PDF page 12: ASK IF COVIDCONPL=1","Machine-extracted in the group-aware second pass. The displayed evidence may contain additional administrative or eligibility conditions that require human interpretation. Approved by mathzero in the checksum-fixed synthetic-routing-v1 review.","existing_question_gate_missing_codes_rejected"
"route_c9d9415fd1d2f5f8483fc603","react1.r12.individual","gate","CROWDED is asked when INDOOR_3 matches the stated condition","any","database_missing","","approved","mathzero","2026-08-17","PDF page 24: IF INDOOR = 3","Machine-extracted in the group-aware second pass. The displayed evidence may contain additional administrative or eligibility conditions that require human interpretation. Approved by mathzero in the checksum-fixed synthetic-routing-v1 review.","existing_question_gate_missing_codes_rejected"
"route_d18113408fe14c45b6b1e9fe","react1.r12.individual","gate","FRIDG is asked when SWASTATUS matches the stated condition","any","database_missing","","approved","mathzero","2026-08-17","PDF page 30: IF SWASTATUS = 1 (COMPLETED SWAB TEST)","Machine-extracted candidate; requires direct human comparison with the displayed questionnaire page. Approved by mathzero in the checksum-fixed synthetic-routing-v1 review.","existing_question_gate_missing_codes_rejected"
"route_dd67f086dd2288b6be9277a3","react1.r12.individual","gate","LONGCOVIDDESC is asked when LONGCOVID1 matches the stated condition","any","database_missing","","approved","mathzero","2026-08-17","PDF page 14: IF LONGCOVIVD1 =1 OR 2","Machine-extracted in the group-aware second pass. The displayed evidence may contain additional administrative or eligibility conditions that require human interpretation. Approved by mathzero in the checksum-fixed synthetic-routing-v1 review.","existing_question_gate_missing_codes_rejected"
"route_e1d5cf1f48447356f4f08f43","react1.r12.individual","gate","LONGCOVID2_21 … LONGCOVID2_25 (12 fields) is asked when LONGCOVID1 matches the stated condition","any","database_missing","","approved","mathzero","2026-08-17","PDF page 15: IF LONGCOVID1=1, 2","Machine-extracted in the group-aware second pass. The displayed evidence may contain additional administrative or eligibility conditions that require human interpretation. Approved by mathzero in the checksum-fixed synthetic-routing-v1 review.","existing_question_gate_missing_codes_rejected"
"route_e316cd498c5f30be8e360e2f","react1.r12.individual","gate","INDCONFCARER is asked when INDCONF matches the stated condition","any","database_missing","","approved","mathzero","2026-08-17","PDF page 4: IF INDCONF =2 AND Mail_Grp 1","Machine-extracted candidate; requires direct human comparison with the displayed questionnaire page. Approved by mathzero in the checksum-fixed synthetic-routing-v1 review.","incomplete_context_do_not_claim_eligible"
"route_e37e09008e204091aa50f355","react1.r12.individual","gate","AGPREVNUM is asked when AGPREVTYPE_1 matches the stated condition","any","database_missing","","approved","mathzero","2026-08-17","PDF page 31: ASK IF AGPREVTYPE =1 ONLY OR 2 ONLY OR 3","Machine-extracted in the group-aware second pass. The displayed evidence may contain additional administrative or eligibility conditions that require human interpretation. Approved by mathzero in the checksum-fixed synthetic-routing-v1 review.","existing_question_gate_missing_codes_rejected"
"route_e5a055426a042354a3f041d8","react1.r12.individual","gate","SMOKECIG is asked when SMOKENOW matches the stated condition","any","database_missing","","approved","mathzero","2026-08-17","PDF page 55: IF SMOKENOW = 2 or 3","Machine-extracted candidate; requires direct human comparison with the displayed questionnaire page. Approved by mathzero in the checksum-fixed synthetic-routing-v1 review.","existing_question_gate_missing_codes_rejected"
"route_e737eb7cf934c4da36e073e3","react1.r12.individual","gate","TEMPC is asked when TEMPA matches the stated condition","any","database_missing","","approved","mathzero","2026-08-17","PDF page 11: IF TEMPA = 1","Machine-extracted candidate; requires direct human comparison with the displayed questionnaire page. Approved by mathzero in the checksum-fixed synthetic-routing-v1 review.","existing_question_gate_missing_codes_rejected"
"route_e8b39ccba31d7f5450dd80c6","react1.r12.individual","gate","CONTACT5 is asked when CONTACT1 matches the stated condition","any","database_missing","","approved","mathzero","2026-08-17","PDF page 27: IF CONTACT1 = 1+ AND LEAVE2=1 AND MAIL_GRP1","Machine-extracted candidate; requires direct human comparison with the displayed questionnaire page. Approved by mathzero in the checksum-fixed synthetic-routing-v1 review.","incomplete_context_do_not_claim_eligible"
"route_e9967a6e8a605e1829a2bc53","react1.r12.individual","gate","COVIDB_NEW, COVIDB_NEW_PNTA is asked when COVIDA matches the stated condition","any","database_missing","","approved","mathzero","2026-08-17","PDF page 14: IF COVIDA = 1, 2 or 3","Machine-extracted in the group-aware second pass. The displayed evidence may contain additional administrative or eligibility conditions that require human interpretation. Approved by mathzero in the checksum-fixed synthetic-routing-v1 review.","existing_question_gate_missing_codes_rejected"
"route_f6933e04994be11af6e84ae7","react1.r12.individual","gate","SWAHELP is asked when SWAATTEMPT matches the stated condition","any","database_missing","","approved","mathzero","2026-08-17","PDF page 30: IF SWAATTEMPT = 1 (ATTEMPTED SWAB TEST)","Machine-extracted candidate; requires direct human comparison with the displayed questionnaire page. Approved by mathzero in the checksum-fixed synthetic-routing-v1 review.","existing_question_gate_missing_codes_rejected"
"route_f7011ab8b9a51e7545e95aa4","react1.r12.individual","gate","SMOKEFIVEYEAR is asked when SMOKENOW matches the stated condition","any","database_missing","","approved","mathzero","2026-08-17","PDF page 56: IF SMOKENOW =1","Machine-extracted candidate; requires direct human comparison with the displayed questionnaire page. Approved by mathzero in the checksum-fixed synthetic-routing-v1 review.","existing_question_gate_missing_codes_rejected"
"route_f7d4cde31e9b756b3b7afa61","react1.r12.individual","gate","EDTYPE is asked when EMPL matches the stated condition","any","database_missing","","approved","mathzero","2026-08-17","PDF page 46: IF MAIL_GRP1 AND EMPL = 7","Machine-extracted candidate; requires direct human comparison with the displayed questionnaire page. Approved by mathzero in the checksum-fixed synthetic-routing-v1 review.","incomplete_context_do_not_claim_eligible"
"route_fc170b7668f9964ce9434a2c","react1.r12.individual","gate","VACCINEAPP2 is asked when VACCINEAPP1 matches the stated condition","any","database_missing","","approved","mathzero","2026-08-17","PDF page 41: IF VACCINEAPP1 =1","Machine-extracted candidate; requires direct human comparison with the displayed questionnaire page. Approved by mathzero in the checksum-fixed synthetic-routing-v1 review.","existing_question_gate_missing_codes_rejected"
"route_fe2be04f5d775f33caf0e87a","react1.r12.individual","gate","SELFISO2_1 … SELFISO2_8 (11 fields) is asked when SELFISOEVER matches the stated condition","any","database_missing","","approved","mathzero","2026-08-17","PDF page 36: ASK IF SELFISOEVER =1","Machine-extracted in the group-aware second pass. The displayed evidence may contain additional administrative or eligibility conditions that require human interpretation. Approved by mathzero in the checksum-fixed synthetic-routing-v1 review.","existing_question_gate_missing_codes_rejected"
"route_ff989e1ba7495a1d785030a0","react1.r12.individual","gate","SWASTATUS is asked when SWAATTEMPT matches the stated condition","any","database_missing","","approved","mathzero","2026-08-17","PDF page 28: IF SWAATTEMPT=1","Machine-extracted candidate; requires direct human comparison with the displayed questionnaire page. Approved by mathzero in the checksum-fixed synthetic-routing-v1 review.","existing_question_gate_missing_codes_rejected"
"route_1d57a42cd616c07b6a8bf474","react1.r12.registration","gate","WORKSTUDYPERS1REG_1 … WORKSTUDYPERS1REG_5 (5 fields) is asked when WORKTYP2_5 … WORKTYP2_7 (4 fields) matches the stated condition","any","database_missing","","approved","mathzero","2026-08-17","PDF page 11: IF WORKTYP2 = 5 or 12 or 8 or 7 ","Machine-extracted in the group-aware second pass. The displayed evidence may contain additional administrative or eligibility conditions that require human interpretation. Approved by mathzero in the checksum-fixed synthetic-routing-v1 review.","existing_question_gate_missing_codes_rejected"
"route_225fa0562df031087ba35e4f","react1.r12.registration","gate","WORKSTUDYPERS2REG_1 … WORKSTUDYPERS2REG_5 (5 fields) is asked when WORKTYP4_5 … WORKTYP4_7 (4 fields) matches the stated condition","any","database_missing","","approved","mathzero","2026-08-17","PDF page 12: IF WORKTYP4 = 5 or 12 or 8 or 7 ","Machine-extracted in the group-aware second pass. The displayed evidence may contain additional administrative or eligibility conditions that require human interpretation. Approved by mathzero in the checksum-fixed synthetic-routing-v1 review.","existing_question_gate_missing_codes_rejected"
"route_2d7d19185decd6e91f343b1b","react1.r12.registration","gate","INDCONFPARENT is asked when INDCONF matches the stated condition","any","database_missing","","approved","mathzero","2026-08-17","PDF page 4: IF INDCONF = 2 AND Mail_Grp=2","Machine-extracted candidate; requires direct human comparison with the displayed questionnaire page. Approved by mathzero in the checksum-fixed synthetic-routing-v1 review.","incomplete_context_do_not_claim_eligible"
"route_3c97b2fcfe50eccbeb5a49c8","react1.r12.registration","gate","INDCONFCARER is asked when INDCONF matches the stated condition","any","database_missing","","approved","mathzero","2026-08-17","PDF page 4: IF INDCONF =2 AND Mail_Grp=1","Machine-extracted candidate; requires direct human comparison with the displayed questionnaire page. Approved by mathzero in the checksum-fixed synthetic-routing-v1 review.","incomplete_context_do_not_claim_eligible"
"route_42695924014c5666b701afb5","react1.r12.registration","gate","WORKTYP2_1 … WORKTYP2_12 (13 fields) is asked when WORKTYP1_5, WORKTYP1_6, WORKTYP1_7 matches the stated condition","any","database_missing","","approved","mathzero","2026-08-17","PDF page 11: IF WORKTYP1= 5, 6, 7","Machine-extracted in the group-aware second pass. The displayed evidence may contain additional administrative or eligibility conditions that require human interpretation. Approved by mathzero in the checksum-fixed synthetic-routing-v1 review.","existing_question_gate_missing_codes_rejected"
"route_76a3d0a01cc297613a391411","react1.r12.registration","gate","CHILDAGE1_1 … CHILDAGE1_NA (15 fields) is asked when NCHILD1 matches the stated condition","any","database_missing","","approved","mathzero","2026-08-17","PDF page 10: IF NCHILD1 = 2+","Machine-extracted in the group-aware second pass. The displayed evidence may contain additional administrative or eligibility conditions that require human interpretation. Approved by mathzero in the checksum-fixed synthetic-routing-v1 review.","existing_question_gate_missing_codes_rejected"
"route_8bd2b4faa14d191987ff7be1","react1.r12.registration","gate","VACCDOSE is asked when VACCINE3 matches the stated condition","any","database_missing","","approved","mathzero","2026-08-17","PDF page 13: IF VACCINE3 = 1","Machine-extracted candidate; requires direct human comparison with the displayed questionnaire page. Approved by mathzero in the checksum-fixed synthetic-routing-v1 review.","existing_question_gate_missing_codes_rejected"
"route_93d6b960cb2a728d6784159f","react1.r12.registration","gate","VACCINEFIRST is asked when VACCINE3 matches the stated condition","any","database_missing","","approved","mathzero","2026-08-17","PDF page 13: IF VACCINE3 =1","Machine-extracted candidate; requires direct human comparison with the displayed questionnaire page. Approved by mathzero in the checksum-fixed synthetic-routing-v1 review.","existing_question_gate_missing_codes_rejected"
"route_9f0038d535e6f69e538441ec","react1.r12.registration","gate","ADULTAGE1_1 … ADULTAGE1_NA (11 fields) is asked when NADULTS1 matches the stated condition","any","database_missing","","approved","mathzero","2026-08-17","PDF page 8: IF NADULTS1 = 1+","Machine-extracted in the group-aware second pass. The displayed evidence may contain additional administrative or eligibility conditions that require human interpretation. Approved by mathzero in the checksum-fixed synthetic-routing-v1 review.","existing_question_gate_missing_codes_rejected"
"route_ababf27d0125158a90a824c3","react1.r12.registration","gate","NADULTS is asked when INDCONFPARENT matches the stated condition","any","database_missing","","approved","mathzero","2026-08-17","PDF page 7: IF AGED Mail_Grp=1 OR Mail_Grp=3 OR (Mail_Grp=2 INDCONFPARENT =1)","Machine-extracted candidate; requires direct human comparison with the displayed questionnaire page. Approved by mathzero in the checksum-fixed synthetic-routing-v1 review.","incomplete_context_do_not_claim_eligible"
"route_ac1a55d72a66cce5686b725e","react1.r12.registration","gate","VACCINESECOND is asked when VACCDOSE matches the stated condition","any","database_missing","","approved","mathzero","2026-08-17","PDF page 13: IF VACCDOSE= 2 OR 3","Machine-extracted candidate; requires direct human comparison with the displayed questionnaire page. Approved by mathzero in the checksum-fixed synthetic-routing-v1 review.","existing_question_gate_missing_codes_rejected"
"route_be77222216537296e14c0e2c","react1.r12.registration","gate","ADULTAGE_1 … ADULTAGE1_NA (22 fields) is asked when NADULTS matches the stated condition","any","database_missing","","approved","mathzero","2026-08-17","PDF page 7: IF NADULTS = 2+","Machine-extracted in the group-aware second pass. The displayed evidence may contain additional administrative or eligibility conditions that require human interpretation. Approved by mathzero in the checksum-fixed synthetic-routing-v1 review.","existing_question_gate_missing_codes_rejected"
"route_e5aa3f5af24c1605c5bffcef","react1.r12.registration","gate","WORKTYP4_1 … WORKTYP4_12 (13 fields) is asked when WORKTYP3_5, WORKTYP3_6, WORKTYP3_7 matches the stated condition","any","database_missing","","approved","mathzero","2026-08-17","PDF page 12: IF WORKTYP3= 5, 6, 7","Machine-extracted in the group-aware second pass. The displayed evidence may contain additional administrative or eligibility conditions that require human interpretation. Approved by mathzero in the checksum-fixed synthetic-routing-v1 review.","existing_question_gate_missing_codes_rejected"
"route_009a593f95fb128d49d4ce4d","react1.r13.individual","gate","SMOKEVAP is asked when VAPNOW matches the stated condition","any","database_missing","","approved","mathzero","2026-08-17","PDF page 57: IF VAPNOW = 2 or 3","Machine-extracted candidate; requires direct human comparison with the displayed questionnaire page. Approved by mathzero in the checksum-fixed synthetic-routing-v1 review.","existing_question_gate_missing_codes_rejected"
"route_0235e236f2e0a5d1fb3afee3","react1.r13.individual","gate","LONGCOVIDABILITY is asked when LONGCOVIDDESC matches the stated condition","any","database_missing","","approved","mathzero","2026-08-17","PDF page 17: ASK IF LONGCOVIDDESC = 1 OR 2","Machine-extracted candidate; requires direct human comparison with the displayed questionnaire page. Approved by mathzero in the checksum-fixed synthetic-routing-v1 review.","existing_question_gate_missing_codes_rejected"
"route_04e39b2d83cd2a84fef7184a","react1.r13.individual","gate","VACCINETYPESYM is asked when VACCINEREG matches the stated condition","any","database_missing","","approved","mathzero","2026-08-17","PDF page 42: IF VACCINEREG=1","Machine-extracted candidate; requires direct human comparison with the displayed questionnaire page. Approved by mathzero in the checksum-fixed synthetic-routing-v1 review.","existing_question_gate_missing_codes_rejected"
"route_06f94b2544c6ae5b8a6556f0","react1.r13.individual","gate","AGPREVTYPE_1, AGPREVTYPE_2, AGPREVTYPE_3 is asked when AGPREV1 matches the stated condition","any","database_missing","","approved","mathzero","2026-08-17","PDF page 30: ASK IF AGPREV1=1","Machine-extracted in the group-aware second pass. The displayed evidence may contain additional administrative or eligibility conditions that require human interpretation. Approved by mathzero in the checksum-fixed synthetic-routing-v1 review.","existing_question_gate_missing_codes_rejected"
"route_0af0106713dfb045df674acb","react1.r13.individual","gate","SURGETEST2 is asked when SURGEAREA matches the stated condition","any","database_missing","","approved","mathzero","2026-08-17","PDF page 34: IF SURGEAREA =1","Machine-extracted candidate; requires direct human comparison with the displayed questionnaire page. Approved by mathzero in the checksum-fixed synthetic-routing-v1 review.","existing_question_gate_missing_codes_rejected"
"route_0be8a78d18faf3b5a3910e6c","react1.r13.individual","gate","LONGCOVIDDESC is asked when LONGCOVID1 matches the stated condition","any","database_missing","","approved","mathzero","2026-08-17","PDF page 14: IF LONGCOVIVD1 =1 OR 2","Machine-extracted in the group-aware second pass. The displayed evidence may contain additional administrative or eligibility conditions that require human interpretation. Approved by mathzero in the checksum-fixed synthetic-routing-v1 review.","existing_question_gate_missing_codes_rejected"
"route_0cc17e1a07b25685174a39b7","react1.r13.individual","gate","FRIDG is asked when SWASTATUS matches the stated condition","any","database_missing","","approved","mathzero","2026-08-17","PDF page 30: IF SWASTATUS = 1 (COMPLETED SWAB TEST)","Machine-extracted candidate; requires direct human comparison with the displayed questionnaire page. Approved by mathzero in the checksum-fixed synthetic-routing-v1 review.","existing_question_gate_missing_codes_rejected"
"route_0f48433aebf1074d4693f12c","react1.r13.individual","gate","KINDMED_1 … KINDMED_TXT (11 fields) is asked when SEEKMED matches the stated condition","any","database_missing","","approved","mathzero","2026-08-17","PDF page 10: IF SEEKMED = 1","Machine-extracted in the group-aware second pass. The displayed evidence may contain additional administrative or eligibility conditions that require human interpretation. Approved by mathzero in the checksum-fixed synthetic-routing-v1 review.","existing_question_gate_missing_codes_rejected"
"route_100650c5ff2c8dac80451495","react1.r13.individual","gate","SURGETEST1 is asked when SURGEAREA matches the stated condition","any","database_missing","","approved","mathzero","2026-08-17","PDF page 33: IF SURGEAREA =1","Machine-extracted candidate; requires direct human comparison with the displayed questionnaire page. Approved by mathzero in the checksum-fixed synthetic-routing-v1 review.","existing_question_gate_missing_codes_rejected"
"route_12a6a4e1d52d9560388f80ec","react1.r13.individual","gate","HOUSTYP is asked when DWELLTYP matches the stated condition","any","database_missing","","approved","mathzero","2026-08-17","PDF page 45: IF DWELLTYP = 1","Machine-extracted candidate; requires direct human comparison with the displayed questionnaire page. Approved by mathzero in the checksum-fixed synthetic-routing-v1 review.","existing_question_gate_missing_codes_rejected"
"route_1567a25b19f7403c75c33f7f","react1.r13.individual","gate","CARETYPE is asked when CAREHOME matches the stated condition","any","database_missing","","approved","mathzero","2026-08-17","PDF page 51: IF CAREHOME=1","Machine-extracted candidate; requires direct human comparison with the displayed questionnaire page. Approved by mathzero in the checksum-fixed synthetic-routing-v1 review.","existing_question_gate_missing_codes_rejected"
"route_1904ae9a961eb32eb5497ba4","react1.r13.individual","gate","SMOKECIG is asked when SMOKENOW matches the stated condition","any","database_missing","","approved","mathzero","2026-08-17","PDF page 55: IF SMOKENOW = 2 or 3","Machine-extracted candidate; requires direct human comparison with the displayed questionnaire page. Approved by mathzero in the checksum-fixed synthetic-routing-v1 review.","existing_question_gate_missing_codes_rejected"
"route_1b69bc5b5767019b15890bd0","react1.r13.individual","gate","VACCINESECONDSYM is asked when VACCDOSE matches the stated condition","any","database_missing","","approved","mathzero","2026-08-17","PDF page 42: IF VACCDOSE= 2 OR 3","Machine-extracted candidate; requires direct human comparison with the displayed questionnaire page. Approved by mathzero in the checksum-fixed synthetic-routing-v1 review.","existing_question_gate_missing_codes_rejected"
"route_1c07e6c1db58106aa1e0c602","react1.r13.individual","gate","SYMPTNOWAW_1 … SYMPTNOWAW_27 (29 fields) is asked when SYMPTANY1_1 … SYMPTANY3_10 (30 fields) matches the stated condition","any","database_missing","","approved","mathzero","2026-08-17","PDF page 8: IF ANY SELECTED AT SYMPTANY1, SYMPTANY2, SYMPTANY3","Machine-extracted in the group-aware second pass. The displayed evidence may contain additional administrative or eligibility conditions that require human interpretation. Approved by mathzero in the checksum-fixed synthetic-routing-v1 review.","existing_question_gate_missing_codes_rejected"
"route_201031f8a1f874ca3b305ebf","react1.r13.individual","gate","NHSCONTACTS2 is asked when NHSCONTACTS matches the stated condition","any","database_missing","","approved","mathzero","2026-08-17","PDF page 40: IF NHSCONTACTS=1","Machine-extracted candidate; requires direct human comparison with the displayed questionnaire page. Approved by mathzero in the checksum-fixed synthetic-routing-v1 review.","existing_question_gate_missing_codes_rejected"
"route_208dde9009a99f7f306bbb02","react1.r13.individual","gate","VACCRUFUSE1_1 … VACCRUFUSE1_20 (24 fields) is asked when VACCINEACCEPT matches the stated condition","any","database_missing","","approved","mathzero","2026-08-17","PDF page 43: IF VACCINEACCEPT=2 or 3 AND (Mail_Grp 1 OR (Mail_Grp 2 AND (AGE=16 OR 17) AND INDCONF=1))","Machine-extracted in the group-aware second pass. The displayed evidence may contain additional administrative or eligibility conditions that require human interpretation. Approved by mathzero in the checksum-fixed synthetic-routing-v1 review.","incomplete_context_do_not_claim_eligible"
"route_2306b38d4807f6783d186530","react1.r13.individual","gate","ABPREV2_NEW is asked when ABPREV1 matches the stated condition","any","database_missing","","approved","mathzero","2026-08-17","PDF page 35: IF ABPREV1 = 1 or 2","Machine-extracted candidate; requires direct human comparison with the displayed questionnaire page. Approved by mathzero in the checksum-fixed synthetic-routing-v1 review.","existing_question_gate_missing_codes_rejected"
"route_271ffa846ed318ac148b35ec","react1.r13.individual","gate","SWABDATE_NEW, SWABDATE_HOUR, SWABDATE_MIN is asked when SWASTATUS matches the stated condition","any","database_missing","","approved","mathzero","2026-08-17","PDF page 29: IF SWASTATUS = 1 (COMPLETED SWAB TEST)","Machine-extracted in the group-aware second pass. The displayed evidence may contain additional administrative or eligibility conditions that require human interpretation. Approved by mathzero in the checksum-fixed synthetic-routing-v1 review.","existing_question_gate_missing_codes_rejected"
"route_2c8f9d6a630e36c163e1edd3","react1.r13.individual","gate","SMOKEFIVEYEAR is asked when SMOKENOW matches the stated condition","any","database_missing","","approved","mathzero","2026-08-17","PDF page 56: IF SMOKENOW =1","Machine-extracted candidate; requires direct human comparison with the displayed questionnaire page. Approved by mathzero in the checksum-fixed synthetic-routing-v1 review.","existing_question_gate_missing_codes_rejected"
"route_2f1990d807b446f99a77fad1","react1.r13.individual","gate","INDOORNUMPEOPLE is asked when INDOORNUM_10 matches the stated condition","any","database_missing","","approved","mathzero","2026-08-17","PDF page 24: IF INDOORNUM = 10","Machine-extracted in the group-aware second pass. The displayed evidence may contain additional administrative or eligibility conditions that require human interpretation. Approved by mathzero in the checksum-fixed synthetic-routing-v1 review.","existing_question_gate_missing_codes_rejected"
"route_306bf6936a6c6873d146f480","react1.r13.individual","gate","CONTACT4_1 … CONTACT4_5 (5 fields) is asked when CONTACT1 matches the stated condition","any","database_missing","","approved","mathzero","2026-08-17","PDF page 27: IF CONTACT1 = 1+","Machine-extracted in the group-aware second pass. The displayed evidence may contain additional administrative or eligibility conditions that require human interpretation. Approved by mathzero in the checksum-fixed synthetic-routing-v1 review.","existing_question_gate_missing_codes_rejected"
"route_326682446fdd3408d00e05cf","react1.r13.individual","gate","AGPREV3 is asked when AGPREV1 matches the stated condition","any","database_missing","","approved","mathzero","2026-08-17","PDF page 32: IF AGPREV1 = 1","Machine-extracted candidate; requires direct human comparison with the displayed questionnaire page. Approved by mathzero in the checksum-fixed synthetic-routing-v1 review.","existing_question_gate_missing_codes_rejected"
"route_33c6df5e60be6e3bbe48750c","react1.r13.individual","gate","QISOLLEAVEREASON_1 … QISOLLEAVEREASON_16 (19 fields) is asked when QISOLLEAVE matches the stated condition","any","database_missing","","approved","mathzero","2026-08-17","PDF page 54: ASK IF QISOLLEAVE = 1","Machine-extracted in the group-aware second pass. The displayed evidence may contain additional administrative or eligibility conditions that require human interpretation. Approved by mathzero in the checksum-fixed synthetic-routing-v1 review.","existing_question_gate_missing_codes_rejected"
"route_3505e34ad9d1c978b7a69674","react1.r13.individual","gate","WORKHOMEREASON_1 … WORKHOMEREASON_11 (13 fields) is asked when WORKHOMEPOSS2 matches the stated condition","any","database_missing","","approved","mathzero","2026-08-17","PDF page 48: IF WORKHOMEPOSS2=1, 3","Machine-extracted in the group-aware second pass. The displayed evidence may contain additional administrative or eligibility conditions that require human interpretation. Approved by mathzero in the checksum-fixed synthetic-routing-v1 review.","existing_question_gate_missing_codes_rejected"
"route_3514ca4a1d4ce5fbf5f0bbb9","react1.r13.individual","gate","SICKPAY3 is asked when EMPL matches the stated condition","any","database_missing","","approved","mathzero","2026-08-17","PDF page 50: IF EMPL = 1, 2, 3","Machine-extracted candidate; requires direct human comparison with the displayed questionnaire page. Approved by mathzero in the checksum-fixed synthetic-routing-v1 review.","existing_question_gate_missing_codes_rejected"
"route_35611c7a564777e92f017d76","react1.r13.individual","gate","TEMPB01, TEMPB02, TEMPB03 is asked when TEMPA matches the stated condition","any","database_missing","","approved","mathzero","2026-08-17","PDF page 10: IF TEMPA = 1","Machine-extracted in the group-aware second pass. The displayed evidence may contain additional administrative or eligibility conditions that require human interpretation. Approved by mathzero in the checksum-fixed synthetic-routing-v1 review.","existing_question_gate_missing_codes_rejected"
"route_378624eba4a28581bd8dc37f","react1.r13.individual","gate","VACCINEACCEPT is asked when VACCINEAPP1 matches the stated condition","any","database_missing","","approved","mathzero","2026-08-17","PDF page 43: IF VACCINEAPP1 =2, 3 or 4","Machine-extracted candidate; requires direct human comparison with the displayed questionnaire page. Approved by mathzero in the checksum-fixed synthetic-routing-v1 review.","existing_question_gate_missing_codes_rejected"
"route_385429520b751334df897a2d","react1.r13.individual","gate","COVIDCONPL_1 … COVIDCONPL_5 (6 fields) is asked when COVIDCON_1 matches the stated condition","any","database_missing","","approved","mathzero","2026-08-17","PDF page 12: ASK IF COVIDCON=1 AND COVIDCONNUM = 1-3","Machine-extracted in the group-aware second pass. The displayed evidence may contain additional administrative or eligibility conditions that require human interpretation. Approved by mathzero in the checksum-fixed synthetic-routing-v1 review.","existing_question_gate_missing_codes_rejected"
"route_3868b0e3804b1ba153527dd0","react1.r13.individual","gate","AGPREV4 is asked when AGPREVTYPE_1 matches the stated condition","any","database_missing","","approved","mathzero","2026-08-17","PDF page 32: IF AGPREV3 = (2 OR 3 OR 4) AND ((AGPREVTYPE=1 AND 2) OR AGPREVNUM = 2)","Machine-extracted in the group-aware second pass. The displayed evidence may contain additional administrative or eligibility conditions that require human interpretation. Approved by mathzero in the checksum-fixed synthetic-routing-v1 review.","existing_question_gate_missing_codes_rejected"
"route_3d12d5861b543a7a2a84bedf","react1.r13.individual","gate","VACCINEAPP1 is asked when VACCINE3SYM matches the stated condition","any","database_missing","","approved","mathzero","2026-08-17","PDF page 42: IF VACCINE3SYM = 2 or 3","Machine-extracted candidate; requires direct human comparison with the displayed questionnaire page. Approved by mathzero in the checksum-fixed synthetic-routing-v1 review.","existing_question_gate_missing_codes_rejected"
"route_41ba804cb1d8e335ba84f0b4","react1.r13.individual","gate","VACCINEFIRSTSYM is asked when VACCINEREG matches the stated condition","any","database_missing","","approved","mathzero","2026-08-17","PDF page 41: IF VACCINEREG=1","Machine-extracted candidate; requires direct human comparison with the displayed questionnaire page. Approved by mathzero in the checksum-fixed synthetic-routing-v1 review.","existing_question_gate_missing_codes_rejected"
"route_44062d713eaad1e5ab17b2a9","react1.r13.individual","gate","ABPREV4 is asked when ABPREV1 matches the stated condition","any","database_missing","","approved","mathzero","2026-08-17","PDF page 35: IF ABPREV1= 2 AND ABPREV3 = 2, 3 or 4","Machine-extracted in the group-aware second pass. The displayed evidence may contain additional administrative or eligibility conditions that require human interpretation. Approved by mathzero in the checksum-fixed synthetic-routing-v1 review.","existing_question_gate_missing_codes_rejected"
"route_44f1db6711a2d80242864d98","react1.r13.individual","gate","LONGCOVIDMED_1 … LONGCOVIDMED_10 (12 fields) is asked when LONGCOVIDDESC matches the stated condition","any","database_missing","","approved","mathzero","2026-08-17","PDF page 18: ASK IF LONGCOVIDDESC = 1 OR 2","Machine-extracted in the group-aware second pass. The displayed evidence may contain additional administrative or eligibility conditions that require human interpretation. Approved by mathzero in the checksum-fixed synthetic-routing-v1 review.","existing_question_gate_missing_codes_rejected"
"route_4902a9a573c2f0035a06f4a2","react1.r13.individual","gate","COVIDWORK_1 … COVIDWORK_9_OTHER (10 fields) is asked when ISOLLEAVEREASON_1 matches the stated condition","any","database_missing","","approved","mathzero","2026-08-17","PDF page 39: ASK IF ISOLLEAVEREASON=1 AND Mail_Grp1 or (Mail_grp2 AND age 16+ ONLY and INDCONF=1]","Machine-extracted in the group-aware second pass. The displayed evidence may contain additional administrative or eligibility conditions that require human interpretation. Approved by mathzero in the checksum-fixed synthetic-routing-v1 review.","incomplete_context_do_not_claim_eligible"
"route_4cd0a1c8f83c352b86ccef2b","react1.r13.individual","gate","TESTWORK is asked when AGPREVNUM matches the stated condition","any","database_missing","","approved","mathzero","2026-08-17","PDF page 31: ASK IF AGPREVNUM=2 OR AGPREVTYPE = 1 AND 2","Machine-extracted candidate; requires direct human comparison with the displayed questionnaire page. Approved by mathzero in the checksum-fixed synthetic-routing-v1 review.","existing_question_gate_missing_codes_rejected"
"route_4e462ea5e9c6ab59c8dfbb66","react1.r13.individual","gate","OUTDOORNUMPEOPLE is asked when OUTDOOR_6 matches the stated condition","any","database_missing","","approved","mathzero","2026-08-17","PDF page 25: IF OUTDOOR=6","Machine-extracted in the group-aware second pass. The displayed evidence may contain additional administrative or eligibility conditions that require human interpretation. Approved by mathzero in the checksum-fixed synthetic-routing-v1 review.","existing_question_gate_missing_codes_rejected"
"route_4ef6fbd97b0d20e02419e4fd","react1.r13.individual","gate","LFTREPORT is asked when AGPREVTYPE_2 matches the stated condition","any","database_missing","","approved","mathzero","2026-08-17","PDF page 33: IF AGPREVTYPE = 2 ","Machine-extracted in the group-aware second pass. The displayed evidence may contain additional administrative or eligibility conditions that require human interpretation. Approved by mathzero in the checksum-fixed synthetic-routing-v1 review.","existing_question_gate_missing_codes_rejected"
"route_501e5c0879d2044e37f7d643","react1.r13.individual","gate","AGPREVNUM is asked when AGPREVTYPE_1 matches the stated condition","any","database_missing","","approved","mathzero","2026-08-17","PDF page 31: ASK IF AGPREVTYPE =1 ONLY OR 2 ONLY OR 3","Machine-extracted in the group-aware second pass. The displayed evidence may contain additional administrative or eligibility conditions that require human interpretation. Approved by mathzero in the checksum-fixed synthetic-routing-v1 review.","existing_question_gate_missing_codes_rejected"
"route_51d338dd0bf58dfd3f930186","react1.r13.individual","gate","SWACOURSUIT_1 … SWACOURSUIT_5_OTH (6 fields) is asked when SWACOUR matches the stated condition","any","database_missing","","approved","mathzero","2026-08-17","PDF page 29: IF SWACOUR =4","Machine-extracted in the group-aware second pass. The displayed evidence may contain additional administrative or eligibility conditions that require human interpretation. Approved by mathzero in the checksum-fixed synthetic-routing-v1 review.","existing_question_gate_missing_codes_rejected"
"route_555402e6d9c9ea17bdf71db1","react1.r13.individual","gate","QCOVIDWORK_1 … QCOVIDWORK_10 (11 fields) is asked when QISOLLEAVEREASON_1 matches the stated condition","any","database_missing","","approved","mathzero","2026-08-17","PDF page 55: ASK IF QISOLLEAVEREASON=1 AND Mail_Grp1 or (Mail_grp2 AND age 16+ ONLY and INDCONF=1]","Machine-extracted in the group-aware second pass. The displayed evidence may contain additional administrative or eligibility conditions that require human interpretation. Approved by mathzero in the checksum-fixed synthetic-routing-v1 review.","incomplete_context_do_not_claim_eligible"
"route_6004f40121ca6c88d3ed1a36","react1.r13.individual","gate","INDOORNUM_1 … INDOORNUM_10 (7 fields) is asked when INDOOR_1 matches the stated condition","any","database_missing","","approved","mathzero","2026-08-17","PDF page 23: IF INDOOR = 1-6 or 10","Machine-extracted in the group-aware second pass. The displayed evidence may contain additional administrative or eligibility conditions that require human interpretation. Approved by mathzero in the checksum-fixed synthetic-routing-v1 review.","existing_question_gate_missing_codes_rejected"
"route_611bf83a31c1bf085f4d8c40","react1.r13.individual","gate","SWASTATUS is asked when SWAATTEMPT matches the stated condition","any","database_missing","","approved","mathzero","2026-08-17","PDF page 28: IF SWAATTEMPT=1","Machine-extracted candidate; requires direct human comparison with the displayed questionnaire page. Approved by mathzero in the checksum-fixed synthetic-routing-v1 review.","existing_question_gate_missing_codes_rejected"
"route_6463641a7612640c52b046eb","react1.r13.individual","gate","ISOLLEAVE is asked when SELFISO2_1 matches the stated condition","any","database_missing","","approved","mathzero","2026-08-17","PDF page 38: ASK IF SELFISO2 =1 TO 7 OR 9","Machine-extracted in the group-aware second pass. The displayed evidence may contain additional administrative or eligibility conditions that require human interpretation. Approved by mathzero in the checksum-fixed synthetic-routing-v1 review.","existing_question_gate_missing_codes_rejected"
"route_6492b6038e473c40bee9e71c","react1.r13.individual","gate","LONGCOVID1 is asked when COVIDA matches the stated condition","any","database_missing","","approved","mathzero","2026-08-17","PDF page 14: IF COVIDA=1, 2, 3","Machine-extracted candidate; requires direct human comparison with the displayed questionnaire page. Approved by mathzero in the checksum-fixed synthetic-routing-v1 review.","existing_question_gate_missing_codes_rejected"
"route_669c709a59e8a66f1400f459","react1.r13.individual","gate","LONGCOVIDACTIV is asked when LONGCOVIDDESC matches the stated condition","any","database_missing","","approved","mathzero","2026-08-17","PDF page 17: ASK IF LONGCOVIDDESC = 1 OR 2","Machine-extracted candidate; requires direct human comparison with the displayed questionnaire page. Approved by mathzero in the checksum-fixed synthetic-routing-v1 review.","existing_question_gate_missing_codes_rejected"
"route_6819ee33a446d422fcdd6a25","react1.r13.individual","gate","TESTWORKNUM is asked when TESTWORKTYPE matches the stated condition","any","database_missing","","approved","mathzero","2026-08-17","PDF page 31: ASK IF TESTWORKTYPE=1 TO 3","Machine-extracted candidate; requires direct human comparison with the displayed questionnaire page. Approved by mathzero in the checksum-fixed synthetic-routing-v1 review.","existing_question_gate_missing_codes_rejected"
"route_6928b408a6eff4dc00a88f00","react1.r13.individual","gate","COVIDSYM2_1 … COVIDSYM2_12 (14 fields) is asked when LONGCOVID1 matches the stated condition","any","database_missing","","approved","mathzero","2026-08-17","PDF page 15: ASK IF LONGCOVID1=1, 2","Machine-extracted in the group-aware second pass. The displayed evidence may contain additional administrative or eligibility conditions that require human interpretation. Approved by mathzero in the checksum-fixed synthetic-routing-v1 review.","existing_question_gate_missing_codes_rejected"
"route_6aa112c2691b9f72e158b816","react1.r13.individual","gate","COVIDCONSS_2 … COVIDCONSS_1 (6 fields) is asked when COVIDCONPL_4 matches the stated condition","any","database_missing","","approved","mathzero","2026-08-17","PDF page 13: ASK IF COVIDCONPL=4","Machine-extracted in the group-aware second pass. The displayed evidence may contain additional administrative or eligibility conditions that require human interpretation. Approved by mathzero in the checksum-fixed synthetic-routing-v1 review.","existing_question_gate_missing_codes_rejected"
"route_6bcae296d97d29fe01af90b2","react1.r13.individual","gate","LONGINTERMIT is asked when LONGCOVIDDESC matches the stated condition","any","database_missing","","approved","mathzero","2026-08-17","PDF page 17: ASK IF LONGCOVIDDESC = 1 OR 2","Machine-extracted candidate; requires direct human comparison with the displayed questionnaire page. Approved by mathzero in the checksum-fixed synthetic-routing-v1 review.","existing_question_gate_missing_codes_rejected"
"route_6d5259f41b20e174ee012fd7","react1.r13.individual","gate","COUNTRYVISIT1, COUNTRYVISIT2 is asked when ABROAD matches the stated condition","any","database_missing","","approved","mathzero","2026-08-17","PDF page 52: IF ABROAD = 1","Machine-extracted in the group-aware second pass. The displayed evidence may contain additional administrative or eligibility conditions that require human interpretation. Approved by mathzero in the checksum-fixed synthetic-routing-v1 review.","existing_question_gate_missing_codes_rejected"
"route_6fe11948fa3ff7ad89caf5c6","react1.r13.individual","gate","CONTACT5 is asked when CONTACT1 matches the stated condition","any","database_missing","","approved","mathzero","2026-08-17","PDF page 27: IF CONTACT1 = 1+ AND LEAVE2=1 AND MAIL_GRP1","Machine-extracted candidate; requires direct human comparison with the displayed questionnaire page. Approved by mathzero in the checksum-fixed synthetic-routing-v1 review.","incomplete_context_do_not_claim_eligible"
"route_719ea1dd28f4d922cbfcb587","react1.r13.individual","gate","COVIDCONWP is asked when COVIDCONPL_2 matches the stated condition","any","database_missing","","approved","mathzero","2026-08-17","PDF page 12: ASK IF COVIDCONPL=2 AND MAIL_GRP1 OR MAIL_GRP2 AND INDONF-=1","Machine-extracted in the group-aware second pass. The displayed evidence may contain additional administrative or eligibility conditions that require human interpretation. Approved by mathzero in the checksum-fixed synthetic-routing-v1 review.","incomplete_context_do_not_claim_eligible"
"route_71fffe2d6d5e20f2faad7762","react1.r13.individual","gate","TEMPC is asked when TEMPA matches the stated condition","any","database_missing","","approved","mathzero","2026-08-17","PDF page 11: IF TEMPA = 1","Machine-extracted candidate; requires direct human comparison with the displayed questionnaire page. Approved by mathzero in the checksum-fixed synthetic-routing-v1 review.","existing_question_gate_missing_codes_rejected"
"route_722ee393d2db056688b18a7c","react1.r13.individual","gate","QISOLLEAVE is asked when QUARANTINE1 matches the stated condition","any","database_missing","","approved","mathzero","2026-08-17","PDF page 54: ASK IF QUARANTINE1=1","Machine-extracted candidate; requires direct human comparison with the displayed questionnaire page. Approved by mathzero in the checksum-fixed synthetic-routing-v1 review.","existing_question_gate_missing_codes_rejected"
"route_747ed93ab87349e46a1016fd","react1.r13.individual","gate","SELFISO2_1 … SELFISO2_8 (11 fields) is asked when SELFISOEVER matches the stated condition","any","database_missing","","approved","mathzero","2026-08-17","PDF page 37: ASK IF SELFISOEVER =1 ","Machine-extracted in the group-aware second pass. The displayed evidence may contain additional administrative or eligibility conditions that require human interpretation. Approved by mathzero in the checksum-fixed synthetic-routing-v1 review.","existing_question_gate_missing_codes_rejected"
"route_76f240c5e667be382db50747","react1.r13.individual","gate","TRANSP_1 … TRANSP_13_OTHER (14 fields) is asked when LEAVE1 matches the stated condition","any","database_missing","","approved","mathzero","2026-08-17","PDF page 22: IF LEAVE1 = 1","Machine-extracted in the group-aware second pass. The displayed evidence may contain additional administrative or eligibility conditions that require human interpretation. Approved by mathzero in the checksum-fixed synthetic-routing-v1 review.","existing_question_gate_missing_codes_rejected"
"route_7823d4da8d1d33a247f2c6a3","react1.r13.individual","gate","NHSCONTACTS is asked when COVIDTETR matches the stated condition","any","database_missing","","approved","mathzero","2026-08-17","PDF page 40: COVIDTETR =1","Machine-extracted in the group-aware second pass. The displayed evidence may contain additional administrative or eligibility conditions that require human interpretation. Approved by mathzero in the checksum-fixed synthetic-routing-v1 review.","existing_question_gate_missing_codes_rejected"
"route_784479e774569c9b2963c620","react1.r13.individual","gate","TESTWORKTYPE is asked when TESTWORK matches the stated condition","any","database_missing","","approved","mathzero","2026-08-17","PDF page 31: ASK IF TESTWORK = 1","Machine-extracted candidate; requires direct human comparison with the displayed questionnaire page. Approved by mathzero in the checksum-fixed synthetic-routing-v1 review.","existing_question_gate_missing_codes_rejected"
"route_7b91c5948fcf6dc71e1e4c0d","react1.r13.individual","gate","SMOKEVAPDATE_NEW is asked when SMOKEVAP matches the stated condition","any","database_missing","","approved","mathzero","2026-08-17","PDF page 57: IF SMOKEVAP= 1","Machine-extracted candidate; requires direct human comparison with the displayed questionnaire page. Approved by mathzero in the checksum-fixed synthetic-routing-v1 review.","existing_question_gate_missing_codes_rejected"
"route_7dc3ee70ee81978618634570","react1.r13.individual","gate","OUTDOORNUM_1 … OUTDOORNUM_6 (6 fields) is asked when OUTDOOR_1 matches the stated condition","any","database_missing","","approved","mathzero","2026-08-17","PDF page 25: IF OUTDOOR = 1-7","Machine-extracted in the group-aware second pass. The displayed evidence may contain additional administrative or eligibility conditions that require human interpretation. Approved by mathzero in the checksum-fixed synthetic-routing-v1 review.","existing_question_gate_missing_codes_rejected"
"route_83a67f0e679550765d1b8df9","react1.r13.individual","gate","CONTACT6_1 … CONTACT6_4 (4 fields) is asked when CONTACT1 matches the stated condition","any","database_missing","","approved","mathzero","2026-08-17","PDF page 28: IF CONTACT1 = 1+","Machine-extracted in the group-aware second pass. The displayed evidence may contain additional administrative or eligibility conditions that require human interpretation. Approved by mathzero in the checksum-fixed synthetic-routing-v1 review.","existing_question_gate_missing_codes_rejected"
"route_84811519dea89eca37c0af04","react1.r13.individual","gate","VACCRUFUSE2_6 … VACCRUFUSE2_5 (24 fields) is asked when VACCINEAPP2 matches the stated condition","any","database_missing","","approved","mathzero","2026-08-17","PDF page 44: VACCINEAPP2 =2 AND (Mail_Grp 1 OR (Mail_Grp 2 AND (AGE=16 OR 17) AND INDCONF=1))","Machine-extracted in the group-aware second pass. The displayed evidence may contain additional administrative or eligibility conditions that require human interpretation. Approved by mathzero in the checksum-fixed synthetic-routing-v1 review.","incomplete_context_do_not_claim_eligible"
"route_8546e1c1ce68888af8512dbe","react1.r13.individual","gate","ISOLLEAVEREASON_1 … ISOLLEAVEREASON_15 (18 fields) is asked when ISOLLEAVE matches the stated condition","any","database_missing","","approved","mathzero","2026-08-17","PDF page 38: ASK IF ISOLLEAVE = 1","Machine-extracted in the group-aware second pass. The displayed evidence may contain additional administrative or eligibility conditions that require human interpretation. Approved by mathzero in the checksum-fixed synthetic-routing-v1 review.","existing_question_gate_missing_codes_rejected"
"route_873622fc963c2a3b97dfedfa","react1.r13.individual","gate","SYMPTANY3_1 … SYMPTANY3_10 (11 fields) is asked when FEELUN matches the stated condition","any","database_missing","","approved","mathzero","2026-08-17","PDF page 7: IF FEELUN =1","Machine-extracted in the group-aware second pass. The displayed evidence may contain additional administrative or eligibility conditions that require human interpretation. Approved by mathzero in the checksum-fixed synthetic-routing-v1 review.","existing_question_gate_missing_codes_rejected"
"route_891eec1465f0d7faa4786691","react1.r13.individual","gate","COVIDTETW_NEW is asked when COVIDTETR matches the stated condition","any","database_missing","","approved","mathzero","2026-08-17","PDF page 39: ASK IF COVIDTETR = 1","Machine-extracted candidate; requires direct human comparison with the displayed questionnaire page. Approved by mathzero in the checksum-fixed synthetic-routing-v1 review.","existing_question_gate_missing_codes_rejected"
"route_8d5536e2b6602bc598d96d87","react1.r13.individual","gate","SWABTIME_PNTA is asked when SWASTATUS matches the stated condition","any","database_missing","","approved","mathzero","2026-08-17","PDF page 29: IF SWASTATUS = 1 (COMPLETED SWAB TEST)","Machine-extracted candidate; requires direct human comparison with the displayed questionnaire page. Approved by mathzero in the checksum-fixed synthetic-routing-v1 review.","existing_question_gate_missing_codes_rejected"
"route_8d7c6783aefe5c59eb850dfc","react1.r13.individual","gate","CAMPUS2 is asked when EMPL matches the stated condition","any","database_missing","","approved","mathzero","2026-08-17","PDF page 47: IF MAIL_GRP1 AND EMPL = 7","Machine-extracted candidate; requires direct human comparison with the displayed questionnaire page. Approved by mathzero in the checksum-fixed synthetic-routing-v1 review.","incomplete_context_do_not_claim_eligible"
"route_8fdbb53645b7b7e444dbad7a","react1.r13.individual","gate","SWASTATUSNO is asked when SWAATTEMPT matches the stated condition","any","database_missing","","approved","mathzero","2026-08-17","PDF page 28: IF SWAATTEMPT=2 OR SWASTATUS = 3","Machine-extracted in the group-aware second pass. The displayed evidence may contain additional administrative or eligibility conditions that require human interpretation. Approved by mathzero in the checksum-fixed synthetic-routing-v1 review.","existing_question_gate_missing_codes_rejected"
"route_91a99357d57ba79a93d1fe3c","react1.r13.individual","gate","COVIDCONHH is asked when COVIDCONPL_1 matches the stated condition","any","database_missing","","approved","mathzero","2026-08-17","PDF page 12: ASK IF COVIDCONPL=1","Machine-extracted in the group-aware second pass. The displayed evidence may contain additional administrative or eligibility conditions that require human interpretation. Approved by mathzero in the checksum-fixed synthetic-routing-v1 review.","existing_question_gate_missing_codes_rejected"
"route_92ff03a6e7c9a715b601729b","react1.r13.individual","gate","COVIDPWP is asked when COVIDCON_1 matches the stated condition","any","database_missing","","approved","mathzero","2026-08-17","PDF page 13: ASK IF COVIDCON=1","Machine-extracted in the group-aware second pass. The displayed evidence may contain additional administrative or eligibility conditions that require human interpretation. Approved by mathzero in the checksum-fixed synthetic-routing-v1 review.","existing_question_gate_missing_codes_rejected"
"route_949584d76d450f41dde65e3a","react1.r13.individual","gate","CROWDEDOTH is asked when INDOOR_10 matches the stated condition","any","database_missing","","approved","mathzero","2026-08-17","PDF page 24: IF INDOOR = 10","Machine-extracted in the group-aware second pass. The displayed evidence may contain additional administrative or eligibility conditions that require human interpretation. Approved by mathzero in the checksum-fixed synthetic-routing-v1 review.","existing_question_gate_missing_codes_rejected"
"route_9507fe0d342c5d3a80274f14","react1.r13.individual","gate","SMOKECIGDATE_NEW is asked when SMOKECIG matches the stated condition","any","database_missing","","approved","mathzero","2026-08-17","PDF page 56: IF SMOKECIG= 1 AND SMOKENOW=2 ","Machine-extracted in the group-aware second pass. The displayed evidence may contain additional administrative or eligibility conditions that require human interpretation. Approved by mathzero in the checksum-fixed synthetic-routing-v1 review.","existing_question_gate_missing_codes_rejected"
"route_9801bf8f4f6b9e6153696d98","react1.r13.individual","gate","SICKPAY2 is asked when EMPL matches the stated condition","any","database_missing","","approved","mathzero","2026-08-17","PDF page 50: IF EMPL = 1, 2, 3","Machine-extracted candidate; requires direct human comparison with the displayed questionnaire page. Approved by mathzero in the checksum-fixed synthetic-routing-v1 review.","existing_question_gate_missing_codes_rejected"
"route_9a39be2121886770a0f4d06d","react1.r13.individual","gate","SWAHELP is asked when SWAATTEMPT matches the stated condition","any","database_missing","","approved","mathzero","2026-08-17","PDF page 30: IF SWAATTEMPT = 1 (ATTEMPTED SWAB TEST)","Machine-extracted candidate; requires direct human comparison with the displayed questionnaire page. Approved by mathzero in the checksum-fixed synthetic-routing-v1 review.","existing_question_gate_missing_codes_rejected"
"route_9b13253bb7e51477f5ce15f6","react1.r13.individual","gate","VACCINEREG is asked when VACCINE3SYM matches the stated condition","any","database_missing","","approved","mathzero","2026-08-17","PDF page 41: IF VACCINE3SYM=1","Machine-extracted candidate; requires direct human comparison with the displayed questionnaire page. Approved by mathzero in the checksum-fixed synthetic-routing-v1 review.","existing_question_gate_missing_codes_rejected"
"route_a46284986adf2089ae9e7e5e","react1.r13.individual","gate","EDTYPE is asked when EMPL matches the stated condition","any","database_missing","","approved","mathzero","2026-08-17","PDF page 47: IF MAIL_GRP1 AND EMPL = 7","Machine-extracted candidate; requires direct human comparison with the displayed questionnaire page. Approved by mathzero in the checksum-fixed synthetic-routing-v1 review.","incomplete_context_do_not_claim_eligible"
"route_a779a78a83991b2251e40c08","react1.r13.individual","gate","COVIDCONNUM is asked when COVIDCON_1 matches the stated condition","any","database_missing","","approved","mathzero","2026-08-17","PDF page 11: ASK IF COVIDCON=1","Machine-extracted in the group-aware second pass. The displayed evidence may contain additional administrative or eligibility conditions that require human interpretation. Approved by mathzero in the checksum-fixed synthetic-routing-v1 review.","existing_question_gate_missing_codes_rejected"
"route_a78f9b6b17a2b7bf895f05c2","react1.r13.individual","gate","ABPREV3 is asked when ABPREV1 matches the stated condition","any","database_missing","","approved","mathzero","2026-08-17","PDF page 35: IF ABPREV1 = 1 or 2","Machine-extracted candidate; requires direct human comparison with the displayed questionnaire page. Approved by mathzero in the checksum-fixed synthetic-routing-v1 review.","existing_question_gate_missing_codes_rejected"
"route_aae431801dcec24d43470628","react1.r13.individual","gate","CROWDED is asked when INDOOR_3 matches the stated condition","any","database_missing","","approved","mathzero","2026-08-17","PDF page 24: IF INDOOR = 3","Machine-extracted in the group-aware second pass. The displayed evidence may contain additional administrative or eligibility conditions that require human interpretation. Approved by mathzero in the checksum-fixed synthetic-routing-v1 review.","existing_question_gate_missing_codes_rejected"
"route_b1de3dc2e3ffc5ef747c173c","react1.r13.individual","gate","ABPREV5_NEW is asked when ABPREV4 matches the stated condition","any","database_missing","","approved","mathzero","2026-08-17","PDF page 35: IF ABPREV4=1","Machine-extracted candidate; requires direct human comparison with the displayed questionnaire page. Approved by mathzero in the checksum-fixed synthetic-routing-v1 review.","existing_question_gate_missing_codes_rejected"
"route_b94886a8cb0fb0014c3af5a8","react1.r13.individual","gate","WORKHOMEPOSS2 is asked when WORKHOME matches the stated condition","any","database_missing","","approved","mathzero","2026-08-17","PDF page 48: IF WORKHOME =2","Machine-extracted candidate; requires direct human comparison with the displayed questionnaire page. Approved by mathzero in the checksum-fixed synthetic-routing-v1 review.","existing_question_gate_missing_codes_rejected"
"route_be7846acc649cec6ecb27633","react1.r13.individual","gate","INDCONFCARER is asked when INDCONF matches the stated condition","any","database_missing","","approved","mathzero","2026-08-17","PDF page 4: IF INDCONF =2 AND Mail_Grp 1","Machine-extracted candidate; requires direct human comparison with the displayed questionnaire page. Approved by mathzero in the checksum-fixed synthetic-routing-v1 review.","incomplete_context_do_not_claim_eligible"
"route_bedd2d21415fd54da36de80a","react1.r13.individual","gate","QUARANTINE1 is asked when ABROAD matches the stated condition","any","database_missing","","approved","mathzero","2026-08-17","PDF page 53: ASK IF ABROAD =1","Machine-extracted candidate; requires direct human comparison with the displayed questionnaire page. Approved by mathzero in the checksum-fixed synthetic-routing-v1 review.","existing_question_gate_missing_codes_rejected"
"route_c31fd04d6ed0a4cc652e60f9","react1.r13.individual","gate","SYMPTANY1_1 … SYMPTANY1_5 (5 fields) is asked when FEELUN matches the stated condition","any","database_missing","","approved","mathzero","2026-08-17","PDF page 5: IF FEELUN =1 ","Machine-extracted in the group-aware second pass. The displayed evidence may contain additional administrative or eligibility conditions that require human interpretation. Approved by mathzero in the checksum-fixed synthetic-routing-v1 review.","existing_question_gate_missing_codes_rejected"
"route_c6fdc9bfbf416d27420f7bd9","react1.r13.individual","gate","ISOLDAYS is asked when SELFISO2_1 matches the stated condition","any","database_missing","","approved","mathzero","2026-08-17","PDF page 37: ASK IF SELFISO2 =1 TO 7 OR 9","Machine-extracted in the group-aware second pass. The displayed evidence may contain additional administrative or eligibility conditions that require human interpretation. Approved by mathzero in the checksum-fixed synthetic-routing-v1 review.","existing_question_gate_missing_codes_rejected"
"route_c793cd37e397784951e5ca2a","react1.r13.individual","gate","COVIDSYM3_1 … COVIDSYM3_11 (12 fields) is asked when LONGCOVID1 matches the stated condition","any","database_missing","","approved","mathzero","2026-08-17","PDF page 16: ASK IF LONGCOVID1=1, 2","Machine-extracted in the group-aware second pass. The displayed evidence may contain additional administrative or eligibility conditions that require human interpretation. Approved by mathzero in the checksum-fixed synthetic-routing-v1 review.","existing_question_gate_missing_codes_rejected"
"route_c9c067c65ed1b1d34dbbf8aa","react1.r13.individual","gate","BACKTOWORK is asked when WORKHOMEPOSS2 matches the stated condition","any","database_missing","","approved","mathzero","2026-08-17","PDF page 49: IF WORKHOMEPOSS2=1 or 3","Machine-extracted candidate; requires direct human comparison with the displayed questionnaire page. Approved by mathzero in the checksum-fixed synthetic-routing-v1 review.","existing_question_gate_missing_codes_rejected"
"route_ca8c404f505d1d016b91e709","react1.r13.individual","gate","AGPREV5_NEW is asked when AGPREV4 matches the stated condition","any","database_missing","","approved","mathzero","2026-08-17","PDF page 32: IF AGPREV4=1","Machine-extracted candidate; requires direct human comparison with the displayed questionnaire page. Approved by mathzero in the checksum-fixed synthetic-routing-v1 review.","existing_question_gate_missing_codes_rejected"
"route_d4f0fcff933c3386bb368505","react1.r13.individual","gate","SWACOUR is asked when SWASTATUS matches the stated condition","any","database_missing","","approved","mathzero","2026-08-17","PDF page 29: IF SWASTATUS = 1 OR SWASTATUSNO = 1","Machine-extracted in the group-aware second pass. The displayed evidence may contain additional administrative or eligibility conditions that require human interpretation. Approved by mathzero in the checksum-fixed synthetic-routing-v1 review.","existing_question_gate_missing_codes_rejected"
"route_d5b92b025f6bfa222a165971","react1.r13.individual","gate","LASTABROAD_NEW is asked when NUMVISIT matches the stated condition","any","database_missing","","approved","mathzero","2026-08-17","PDF page 53: IF NUMVISIT =3+","Machine-extracted candidate; requires direct human comparison with the displayed questionnaire page. Approved by mathzero in the checksum-fixed synthetic-routing-v1 review.","existing_question_gate_missing_codes_rejected"
"route_d69996ad09503b704bfabbe5","react1.r13.individual","gate","ISOLRECENT_NEW is asked when SELFISO2_1 matches the stated condition","any","database_missing","","approved","mathzero","2026-08-17","PDF page 37: ASK IF SELFISO2 =1 TO 7 OR 9","Machine-extracted in the group-aware second pass. The displayed evidence may contain additional administrative or eligibility conditions that require human interpretation. Approved by mathzero in the checksum-fixed synthetic-routing-v1 review.","existing_question_gate_missing_codes_rejected"
"route_d7c7ac74de88d58d32523c15","react1.r13.individual","gate","BACKTOWORK2 is asked when BACKTOWORK matches the stated condition","any","database_missing","","approved","mathzero","2026-08-17","PDF page 49: IF BACKTOWORK = 1-6 or 8","Machine-extracted candidate; requires direct human comparison with the displayed questionnaire page. Approved by mathzero in the checksum-fixed synthetic-routing-v1 review.","existing_question_gate_missing_codes_rejected"
"route_d81abc1c24910f3be0494401","react1.r13.individual","gate","AGPREV2_NEW is asked when AGPREV1 matches the stated condition","any","database_missing","","approved","mathzero","2026-08-17","PDF page 32: IF AGPREV1 = 1","Machine-extracted candidate; requires direct human comparison with the displayed questionnaire page. Approved by mathzero in the checksum-fixed synthetic-routing-v1 review.","existing_question_gate_missing_codes_rejected"
"route_ddb305d355c967e5741e2e4a","react1.r13.individual","gate","SELFISOTIMES is asked when SELFISOEVER matches the stated condition","any","database_missing","","approved","mathzero","2026-08-17","PDF page 36: ASK IF SELFISOEVER =1","Machine-extracted candidate; requires direct human comparison with the displayed questionnaire page. Approved by mathzero in the checksum-fixed synthetic-routing-v1 review.","existing_question_gate_missing_codes_rejected"
"route_e1e02d068a169b797af3a0e9","react1.r13.individual","gate","LONGCOVID2_21 … LONGCOVID2_25 (12 fields) is asked when LONGCOVID1 matches the stated condition","any","database_missing","","approved","mathzero","2026-08-17","PDF page 15: IF LONGCOVID1=1, 2","Machine-extracted in the group-aware second pass. The displayed evidence may contain additional administrative or eligibility conditions that require human interpretation. Approved by mathzero in the checksum-fixed synthetic-routing-v1 review.","existing_question_gate_missing_codes_rejected"
"route_e41a2d24c0e3abe9d9f3611b","react1.r13.individual","gate","COVIDTETA is asked when COVIDTETR matches the stated condition","any","database_missing","","approved","mathzero","2026-08-17","PDF page 40: ASK IF COVIDTETR = 1","Machine-extracted candidate; requires direct human comparison with the displayed questionnaire page. Approved by mathzero in the checksum-fixed synthetic-routing-v1 review.","existing_question_gate_missing_codes_rejected"
"route_e51bc3daaeac192209ac1407","react1.r13.individual","gate","SYMPTANY2_6 … SYMPTANY2_5 (14 fields) is asked when FEELUN matches the stated condition","any","database_missing","","approved","mathzero","2026-08-17","PDF page 6: IF FEELUN =1","Machine-extracted in the group-aware second pass. The displayed evidence may contain additional administrative or eligibility conditions that require human interpretation. Approved by mathzero in the checksum-fixed synthetic-routing-v1 review.","existing_question_gate_missing_codes_rejected"
"route_e821a23eddd48e1070becba0","react1.r13.individual","gate","PERSCARE is asked when CAREHOME matches the stated condition","any","database_missing","","approved","mathzero","2026-08-17","PDF page 51: IF CAREHOME = 2 OR CAREHOME = 3","Machine-extracted candidate; requires direct human comparison with the displayed questionnaire page. Approved by mathzero in the checksum-fixed synthetic-routing-v1 review.","existing_question_gate_missing_codes_rejected"
"route_ea2a37d1471022899c0e926b","react1.r13.individual","gate","SICKPAY1 is asked when WORKHOMEPOSS2 matches the stated condition","any","database_missing","","approved","mathzero","2026-08-17","PDF page 49: IF WORKHOMEPOSS2 =1, 2 OR 3","Machine-extracted candidate; requires direct human comparison with the displayed questionnaire page. Approved by mathzero in the checksum-fixed synthetic-routing-v1 review.","existing_question_gate_missing_codes_rejected"
"route_ed6c358c38e341ebd7ce6f7d","react1.r13.individual","gate","FLATTYP is asked when DWELLTYP matches the stated condition","any","database_missing","","approved","mathzero","2026-08-17","PDF page 45: IF DWELLTYP = 2","Machine-extracted candidate; requires direct human comparison with the displayed questionnaire page. Approved by mathzero in the checksum-fixed synthetic-routing-v1 review.","existing_question_gate_missing_codes_rejected"
"route_f084abb93eef56e1858107c0","react1.r13.individual","gate","VACCDOSESYM is asked when VACCINEREG matches the stated condition","any","database_missing","","approved","mathzero","2026-08-17","PDF page 41: IF VACCINEREG=1","Machine-extracted candidate; requires direct human comparison with the displayed questionnaire page. Approved by mathzero in the checksum-fixed synthetic-routing-v1 review.","existing_question_gate_missing_codes_rejected"
"route_f3e01452a6cfa650f40731ef","react1.r13.individual","gate","COVIDB_NEW, COVIDB_NEW_PNTA is asked when COVIDA matches the stated condition","any","database_missing","","approved","mathzero","2026-08-17","PDF page 14: IF COVIDA = 1, 2 or 3","Machine-extracted in the group-aware second pass. The displayed evidence may contain additional administrative or eligibility conditions that require human interpretation. Approved by mathzero in the checksum-fixed synthetic-routing-v1 review.","existing_question_gate_missing_codes_rejected"
"route_f440e73143de29528aef69d9","react1.r13.individual","gate","WORKHOME is asked when EMPL matches the stated condition","any","database_missing","","approved","mathzero","2026-08-17","PDF page 47: IF EMPL = 1, 2, 3","Machine-extracted candidate; requires direct human comparison with the displayed questionnaire page. Approved by mathzero in the checksum-fixed synthetic-routing-v1 review.","existing_question_gate_missing_codes_rejected"
"route_f5298e89b2c655598a087166","react1.r13.individual","gate","VACCINEAPP2 is asked when VACCINEAPP1 matches the stated condition","any","database_missing","","approved","mathzero","2026-08-17","PDF page 42: IF VACCINEAPP1 =1","Machine-extracted candidate; requires direct human comparison with the displayed questionnaire page. Approved by mathzero in the checksum-fixed synthetic-routing-v1 review.","existing_question_gate_missing_codes_rejected"
"route_fcdc0c5514598de2ef7049cb","react1.r13.individual","gate","INDCONFPARENT is asked when INDCONF matches the stated condition","any","database_missing","","approved","mathzero","2026-08-17","PDF page 4: IF INDCONF = 2 AND Mail_Grp 2","Machine-extracted candidate; requires direct human comparison with the displayed questionnaire page. Approved by mathzero in the checksum-fixed synthetic-routing-v1 review.","incomplete_context_do_not_claim_eligible"
"route_07693483cd75b703fcca0c06","react1.r13.registration","gate","ADULTAGE_1 … ADULTAGE1_NA (22 fields) is asked when NADULTS matches the stated condition","any","database_missing","","approved","mathzero","2026-08-17","PDF page 7: IF NADULTS = 2+","Machine-extracted in the group-aware second pass. The displayed evidence may contain additional administrative or eligibility conditions that require human interpretation. Approved by mathzero in the checksum-fixed synthetic-routing-v1 review.","existing_question_gate_missing_codes_rejected"
"route_2272fba03b089a5b8b61c5a8","react1.r13.registration","gate","WORKSTUDYPERS2REG_1 … WORKSTUDYPERS2REG_5 (5 fields) is asked when WORKTYP4_5 … WORKTYP4_7 (4 fields) matches the stated condition","any","database_missing","","approved","mathzero","2026-08-17","PDF page 12: IF WORKTYP4 = 5 or 12 or 8 or 7","Machine-extracted in the group-aware second pass. The displayed evidence may contain additional administrative or eligibility conditions that require human interpretation. Approved by mathzero in the checksum-fixed synthetic-routing-v1 review.","existing_question_gate_missing_codes_rejected"
"route_2b47b6b26977ce3205e4e60a","react1.r13.registration","gate","INDCONFPARENT is asked when INDCONF matches the stated condition","any","database_missing","","approved","mathzero","2026-08-17","PDF page 4: IF INDCONF = 2 AND Mail_Grp=2","Machine-extracted candidate; requires direct human comparison with the displayed questionnaire page. Approved by mathzero in the checksum-fixed synthetic-routing-v1 review.","incomplete_context_do_not_claim_eligible"
"route_65564afe2bf76bead3a47534","react1.r13.registration","gate","VACCINESECOND is asked when VACCDOSE matches the stated condition","any","database_missing","","approved","mathzero","2026-08-17","PDF page 13: IF VACCDOSE= 2 OR 3","Machine-extracted candidate; requires direct human comparison with the displayed questionnaire page. Approved by mathzero in the checksum-fixed synthetic-routing-v1 review.","existing_question_gate_missing_codes_rejected"
"route_6da0f68979495f64d7b7f029","react1.r13.registration","gate","NADULTS is asked when INDCONFPARENT matches the stated condition","any","database_missing","","approved","mathzero","2026-08-17","PDF page 7: IF AGED Mail_Grp=1 OR Mail_Grp=3 OR (Mail_Grp=2 INDCONFPARENT =1)","Machine-extracted candidate; requires direct human comparison with the displayed questionnaire page. Approved by mathzero in the checksum-fixed synthetic-routing-v1 review.","incomplete_context_do_not_claim_eligible"
"route_9cb89520bbee67ae99cdd8c6","react1.r13.registration","gate","ADULTAGE1_1 … ADULTAGE1_NA (11 fields) is asked when NADULTS1 matches the stated condition","any","database_missing","","approved","mathzero","2026-08-17","PDF page 8: IF NADULTS1 = 1+","Machine-extracted in the group-aware second pass. The displayed evidence may contain additional administrative or eligibility conditions that require human interpretation. Approved by mathzero in the checksum-fixed synthetic-routing-v1 review.","existing_question_gate_missing_codes_rejected"
"route_ca0cbf73bcd7d3e33e39c3fd","react1.r13.registration","gate","CHILDAGE_1 … CHILDAGE1_NA (31 fields) is asked when NCHILD matches the stated condition","any","database_missing","","approved","mathzero","2026-08-17","PDF page 9: IF NCHILD = 1+  ","Machine-extracted in the group-aware second pass. The displayed evidence may contain additional administrative or eligibility conditions that require human interpretation. Approved by mathzero in the checksum-fixed synthetic-routing-v1 review.","existing_question_gate_missing_codes_rejected"
"route_cf8e86dd59fea3cb55cb7755","react1.r13.registration","gate","VACCINEFIRST is asked when VACCINE3 matches the stated condition","any","database_missing","","approved","mathzero","2026-08-17","PDF page 13: IF VACCINE3 =1","Machine-extracted candidate; requires direct human comparison with the displayed questionnaire page. Approved by mathzero in the checksum-fixed synthetic-routing-v1 review.","existing_question_gate_missing_codes_rejected"
"route_d81214f131d6cecb07f86a7f","react1.r13.registration","gate","CHILDAGE1_1 … CHILDAGE1_NA (15 fields) is asked when NCHILD1 matches the stated condition","any","database_missing","","approved","mathzero","2026-08-17","PDF page 10: IF NCHILD1 = 2+","Machine-extracted in the group-aware second pass. The displayed evidence may contain additional administrative or eligibility conditions that require human interpretation. Approved by mathzero in the checksum-fixed synthetic-routing-v1 review.","existing_question_gate_missing_codes_rejected"
"route_dee64f65121d112abbd84332","react1.r13.registration","gate","VACCDOSE is asked when VACCINE3 matches the stated condition","any","database_missing","","approved","mathzero","2026-08-17","PDF page 13: IF VACCINE3 = 1","Machine-extracted candidate; requires direct human comparison with the displayed questionnaire page. Approved by mathzero in the checksum-fixed synthetic-routing-v1 review.","existing_question_gate_missing_codes_rejected"
"route_eb537e325366d24a2045d0f3","react1.r13.registration","gate","WORKSTUDYPERS1REG_1 … WORKSTUDYPERS1REG_5 (5 fields) is asked when WORKTYP2_5 … WORKTYP2_7 (4 fields) matches the stated condition","any","database_missing","","approved","mathzero","2026-08-17","PDF page 11: IF WORKTYP2 = 5 or 12 or 8 or 7 ","Machine-extracted in the group-aware second pass. The displayed evidence may contain additional administrative or eligibility conditions that require human interpretation. Approved by mathzero in the checksum-fixed synthetic-routing-v1 review.","existing_question_gate_missing_codes_rejected"
"route_ec473c72d161a4e5e574229d","react1.r13.registration","gate","INDCONFCARER is asked when INDCONF matches the stated condition","any","database_missing","","approved","mathzero","2026-08-17","PDF page 4: IF INDCONF =2 AND Mail_Grp=1","Machine-extracted candidate; requires direct human comparison with the displayed questionnaire page. Approved by mathzero in the checksum-fixed synthetic-routing-v1 review.","incomplete_context_do_not_claim_eligible"
"route_042744f29e817c12609c32c1","react1.r14.individual","gate","QUARANTINE1 is asked when ABROAD matches the stated condition","any","database_missing","","approved","mathzero","2026-08-17","PDF page 49: ASK IF ABROAD =1","Machine-extracted candidate; requires direct human comparison with the displayed questionnaire page. Approved by mathzero in the checksum-fixed synthetic-routing-v1 review.","existing_question_gate_missing_codes_rejected"
"route_046b8d9926a045c7cbe82fbe","react1.r14.individual","gate","BACKTOUNI is asked when CAMPUS2 matches the stated condition","any","database_missing","","approved","mathzero","2026-08-17","PDF page 43: IF CAMPUS2=4, 5, 6, 7","Machine-extracted candidate; requires direct human comparison with the displayed questionnaire page. Approved by mathzero in the checksum-fixed synthetic-routing-v1 review.","existing_question_gate_missing_codes_rejected"
"route_07073ac81a323c5325ee646f","react1.r14.individual","gate","LONGCOVIDABILITY is asked when LONGCOVIDDESC matches the stated condition","any","database_missing","","approved","mathzero","2026-08-17","PDF page 17: ASK IF LONGCOVIDDESC = 1 OR 2","Machine-extracted candidate; requires direct human comparison with the displayed questionnaire page. Approved by mathzero in the checksum-fixed synthetic-routing-v1 review.","existing_question_gate_missing_codes_rejected"
"route_092c13e40de9c40bb6da2a33","react1.r14.individual","gate","WORKHOMEPOSS2 is asked when WORKHOME matches the stated condition","any","database_missing","","approved","mathzero","2026-08-17","PDF page 44: IF WORKHOME =2","Machine-extracted candidate; requires direct human comparison with the displayed questionnaire page. Approved by mathzero in the checksum-fixed synthetic-routing-v1 review.","existing_question_gate_missing_codes_rejected"
"route_09a3b658511bd5e8f2c4e944","react1.r14.individual","gate","ABPREV2_NEW is asked when ABPREV1 matches the stated condition","any","database_missing","","approved","mathzero","2026-08-17","PDF page 33: IF ABPREV1 = 1 or 2","Machine-extracted candidate; requires direct human comparison with the displayed questionnaire page. Approved by mathzero in the checksum-fixed synthetic-routing-v1 review.","existing_question_gate_missing_codes_rejected"
"route_09f897f683f0edb97df43e4d","react1.r14.individual","gate","VACCINEREG is asked when VACCINE3SYM matches the stated condition","any","database_missing","","approved","mathzero","2026-08-17","PDF page 37: IF VACCINE3SYM=1","Machine-extracted candidate; requires direct human comparison with the displayed questionnaire page. Approved by mathzero in the checksum-fixed synthetic-routing-v1 review.","existing_question_gate_missing_codes_rejected"
"route_0b7d7f25429a1ac83be48a40","react1.r14.individual","gate","LONGCOVID2_21 … LONGCOVID2_25 (12 fields) is asked when LONGCOVID1 matches the stated condition","any","database_missing","","approved","mathzero","2026-08-17","PDF page 15: IF LONGCOVID1=1, 2","Machine-extracted in the group-aware second pass. The displayed evidence may contain additional administrative or eligibility conditions that require human interpretation. Approved by mathzero in the checksum-fixed synthetic-routing-v1 review.","existing_question_gate_missing_codes_rejected"
"route_10272bff8924e1393eb92269","react1.r14.individual","gate","LASTABROAD_NEW is asked when NUMVISIT matches the stated condition","any","database_missing","","approved","mathzero","2026-08-17","PDF page 49: IF NUMVISIT =3+","Machine-extracted candidate; requires direct human comparison with the displayed questionnaire page. Approved by mathzero in the checksum-fixed synthetic-routing-v1 review.","existing_question_gate_missing_codes_rejected"
"route_112e4ab56a452c36da198d4b","react1.r14.individual","gate","WORKHOMEREASON_1 … WORKHOMEREASON_11 (13 fields) is asked when WORKHOMEPOSS2 matches the stated condition","any","database_missing","","approved","mathzero","2026-08-17","PDF page 44: IF WORKHOMEPOSS2=1, 3","Machine-extracted in the group-aware second pass. The displayed evidence may contain additional administrative or eligibility conditions that require human interpretation. Approved by mathzero in the checksum-fixed synthetic-routing-v1 review.","existing_question_gate_missing_codes_rejected"
"route_117fdd6f0ed7929d82fbbeb1","react1.r14.individual","gate","SICKPAY1 is asked when WORKHOMEPOSS2 matches the stated condition","any","database_missing","","approved","mathzero","2026-08-17","PDF page 45: IF WORKHOMEPOSS2 =1, 2 OR 3","Machine-extracted candidate; requires direct human comparison with the displayed questionnaire page. Approved by mathzero in the checksum-fixed synthetic-routing-v1 review.","existing_question_gate_missing_codes_rejected"
"route_134e31bb93258ec2f9f5e8a4","react1.r14.individual","gate","CONTACT6_1, CONTACT6_2, CONTACT6_3 is asked when CONTACT1 matches the stated condition","any","database_missing","","approved","mathzero","2026-08-17","PDF page 27: IF CONTACT1 = 1+","Machine-extracted in the group-aware second pass. The displayed evidence may contain additional administrative or eligibility conditions that require human interpretation. Approved by mathzero in the checksum-fixed synthetic-routing-v1 review.","existing_question_gate_missing_codes_rejected"
"route_13d654fd8c97d9a4d60d7ad2","react1.r14.individual","gate","QISOLLEAVE is asked when QUARANTINE1 matches the stated condition","any","database_missing","","approved","mathzero","2026-08-17","PDF page 49: ASK IF QUARANTINE1=1","Machine-extracted candidate; requires direct human comparison with the displayed questionnaire page. Approved by mathzero in the checksum-fixed synthetic-routing-v1 review.","existing_question_gate_missing_codes_rejected"
"route_1535a6f574ea0cc64df5d931","react1.r14.individual","gate","VACCDOSESYM is asked when VACCINEREG matches the stated condition","any","database_missing","","approved","mathzero","2026-08-17","PDF page 37: IF VACCINEREG=1","Machine-extracted candidate; requires direct human comparison with the displayed questionnaire page. Approved by mathzero in the checksum-fixed synthetic-routing-v1 review.","existing_question_gate_missing_codes_rejected"
"route_16056706ec8b48d887ffe2cf","react1.r14.individual","gate","SMOKEVAP is asked when VAPNOW matches the stated condition","any","database_missing","","approved","mathzero","2026-08-17","PDF page 53: IF VAPNOW = 2 or 3","Machine-extracted candidate; requires direct human comparison with the displayed questionnaire page. Approved by mathzero in the checksum-fixed synthetic-routing-v1 review.","existing_question_gate_missing_codes_rejected"
"route_181472ec12fd09bec64012b0","react1.r14.individual","gate","COVIDSYM2_1 … COVIDSYM2_12 (14 fields) is asked when LONGCOVID1 matches the stated condition","any","database_missing","","approved","mathzero","2026-08-17","PDF page 15: ASK IF LONGCOVID1=1, 2","Machine-extracted in the group-aware second pass. The displayed evidence may contain additional administrative or eligibility conditions that require human interpretation. Approved by mathzero in the checksum-fixed synthetic-routing-v1 review.","existing_question_gate_missing_codes_rejected"
"route_1941ee36d421f5141759ad34","react1.r14.individual","gate","EDTYPE is asked when EMPL matches the stated condition","any","database_missing","","approved","mathzero","2026-08-17","PDF page 43: IF MAIL_GRP1 AND EMPL = 7","Machine-extracted candidate; requires direct human comparison with the displayed questionnaire page. Approved by mathzero in the checksum-fixed synthetic-routing-v1 review.","incomplete_context_do_not_claim_eligible"
"route_1a5180bba761ef95a4750310","react1.r14.individual","gate","QISOLLEAVEREASON_1 … QISOLLEAVEREASON_16 (19 fields) is asked when QISOLLEAVE matches the stated condition","any","database_missing","","approved","mathzero","2026-08-17","PDF page 50: ASK IF QISOLLEAVE = 1","Machine-extracted in the group-aware second pass. The displayed evidence may contain additional administrative or eligibility conditions that require human interpretation. Approved by mathzero in the checksum-fixed synthetic-routing-v1 review.","existing_question_gate_missing_codes_rejected"
"route_1dc7e4e71cdc010346036d85","react1.r14.individual","gate","COUNTRYVISIT1, COUNTRYVISIT2 is asked when ABROAD matches the stated condition","any","database_missing","","approved","mathzero","2026-08-17","PDF page 47: IF ABROAD = 1","Machine-extracted in the group-aware second pass. The displayed evidence may contain additional administrative or eligibility conditions that require human interpretation. Approved by mathzero in the checksum-fixed synthetic-routing-v1 review.","existing_question_gate_missing_codes_rejected"
"route_1ed600fa1299c6266d6bc26d","react1.r14.individual","gate","NHSCONTACTS2 is asked when NHSCONTACTS matches the stated condition","any","database_missing","","approved","mathzero","2026-08-17","PDF page 36: IF NHSCONTACTS=1","Machine-extracted candidate; requires direct human comparison with the displayed questionnaire page. Approved by mathzero in the checksum-fixed synthetic-routing-v1 review.","existing_question_gate_missing_codes_rejected"
"route_25f3845802faac310aeb4d00","react1.r14.individual","gate","ABPREV4 is asked when ABPREV1 matches the stated condition","any","database_missing","","approved","mathzero","2026-08-17","PDF page 34: IF ABPREV1= 2 AND ABPREV3 = 2, 3 or 4","Machine-extracted in the group-aware second pass. The displayed evidence may contain additional administrative or eligibility conditions that require human interpretation. Approved by mathzero in the checksum-fixed synthetic-routing-v1 review.","existing_question_gate_missing_codes_rejected"
"route_28159ad343653583cb22c189","react1.r14.individual","gate","TESTWORKTYPE is asked when TESTWORK matches the stated condition","any","database_missing","","approved","mathzero","2026-08-17","PDF page 31: ASK IF TESTWORK = 1","Machine-extracted candidate; requires direct human comparison with the displayed questionnaire page. Approved by mathzero in the checksum-fixed synthetic-routing-v1 review.","existing_question_gate_missing_codes_rejected"
"route_28fe0b1f0fed909b62b77506","react1.r14.individual","gate","INDCONFCARER is asked when INDCONF matches the stated condition","any","database_missing","","approved","mathzero","2026-08-17","PDF page 4: IF INDCONF =2 AND Mail_Grp 1","Machine-extracted candidate; requires direct human comparison with the displayed questionnaire page. Approved by mathzero in the checksum-fixed synthetic-routing-v1 review.","incomplete_context_do_not_claim_eligible"
"route_2903f1143a8d3b843477203a","react1.r14.individual","gate","SYMPTNOWAW_1 … SYMPTNOWAW_27 (29 fields) is asked when SYMPTANY1_1 … SYMPTANY3_10 (30 fields) matches the stated condition","any","database_missing","","approved","mathzero","2026-08-17","PDF page 8: IF ANY SELECTED AT SYMPTANY1, SYMPTANY2, SYMPTANY3","Machine-extracted in the group-aware second pass. The displayed evidence may contain additional administrative or eligibility conditions that require human interpretation. Approved by mathzero in the checksum-fixed synthetic-routing-v1 review.","existing_question_gate_missing_codes_rejected"
"route_34e6444f95e236793aadddbd","react1.r14.individual","gate","AGPREV3 is asked when AGPREV1 matches the stated condition","any","database_missing","","approved","mathzero","2026-08-17","PDF page 32: IF AGPREV1 = 1","Machine-extracted candidate; requires direct human comparison with the displayed questionnaire page. Approved by mathzero in the checksum-fixed synthetic-routing-v1 review.","existing_question_gate_missing_codes_rejected"
"route_35870b1543a6ca9400ecc25d","react1.r14.individual","gate","COVIDTETW_NEW is asked when COVIDTETR matches the stated condition","any","database_missing","","approved","mathzero","2026-08-17","PDF page 35: ASK IF COVIDTETR = 1","Machine-extracted candidate; requires direct human comparison with the displayed questionnaire page. Approved by mathzero in the checksum-fixed synthetic-routing-v1 review.","existing_question_gate_missing_codes_rejected"
"route_374f11189f6f4f669be0b5a7","react1.r14.individual","gate","SYMPTANY1_1 … SYMPTANY1_5 (5 fields) is asked when FEELUN matches the stated condition","any","database_missing","","approved","mathzero","2026-08-17","PDF page 5: IF FEELUN =1 ","Machine-extracted in the group-aware second pass. The displayed evidence may contain additional administrative or eligibility conditions that require human interpretation. Approved by mathzero in the checksum-fixed synthetic-routing-v1 review.","existing_question_gate_missing_codes_rejected"
"route_3ad1bd9fbc63f30122cc7703","react1.r14.individual","gate","TETAHOW_1 … TETAHOW_6 (7 fields) is asked when COVIDTETR matches the stated condition","any","database_missing","","approved","mathzero","2026-08-17","PDF page 35: ASK IF COVIDTETR = 1","Machine-extracted in the group-aware second pass. The displayed evidence may contain additional administrative or eligibility conditions that require human interpretation. Approved by mathzero in the checksum-fixed synthetic-routing-v1 review.","existing_question_gate_missing_codes_rejected"
"route_3d6cda080f9c5a928ffb2279","react1.r14.individual","gate","COVIDSYM3_1 … COVIDSYM3_11 (12 fields) is asked when LONGCOVID1 matches the stated condition","any","database_missing","","approved","mathzero","2026-08-17","PDF page 16: ASK IF LONGCOVID1=1, 2","Machine-extracted in the group-aware second pass. The displayed evidence may contain additional administrative or eligibility conditions that require human interpretation. Approved by mathzero in the checksum-fixed synthetic-routing-v1 review.","existing_question_gate_missing_codes_rejected"
"route_3edfc63949b1676bb65caf45","react1.r14.individual","gate","BACKTOWORK2 is asked when BACKTOWORK matches the stated condition","any","database_missing","","approved","mathzero","2026-08-17","PDF page 45: IF BACKTOWORK = 1-6 or 8","Machine-extracted candidate; requires direct human comparison with the displayed questionnaire page. Approved by mathzero in the checksum-fixed synthetic-routing-v1 review.","existing_question_gate_missing_codes_rejected"
"route_404b7d9d8eb038cda0c9343c","react1.r14.individual","gate","VACCRUFUSE1_1 … VACCRUFUSE1_20 (24 fields) is asked when VACCINEACCEPT matches the stated condition","any","database_missing","","approved","mathzero","2026-08-17","PDF page 39: IF VACCINEACCEPT=2 or 3 AND ( (Mail_Grp 2 AND INDCONF=1))","Machine-extracted in the group-aware second pass. The displayed evidence may contain additional administrative or eligibility conditions that require human interpretation. Approved by mathzero in the checksum-fixed synthetic-routing-v1 review.","incomplete_context_do_not_claim_eligible"
"route_41f331d3247b46508dd0870f","react1.r14.individual","gate","SWABDATE_NEW, SWABDATE_HOUR, SWABDATE_MIN is asked when SWASTATUS matches the stated condition","any","database_missing","","approved","mathzero","2026-08-17","PDF page 28: IF SWASTATUS = 1 (COMPLETED SWAB TEST)","Machine-extracted in the group-aware second pass. The displayed evidence may contain additional administrative or eligibility conditions that require human interpretation. Approved by mathzero in the checksum-fixed synthetic-routing-v1 review.","existing_question_gate_missing_codes_rejected"
"route_43262f84347693d8d8aa9a25","react1.r14.individual","gate","SYMPTANY2_1 … SYMPTANY2_14 (14 fields) is asked when FEELUN matches the stated condition","any","database_missing","","approved","mathzero","2026-08-17","PDF page 6: IF FEELUN =1","Machine-extracted in the group-aware second pass. The displayed evidence may contain additional administrative or eligibility conditions that require human interpretation. Approved by mathzero in the checksum-fixed synthetic-routing-v1 review.","existing_question_gate_missing_codes_rejected"
"route_46c5ae4c25fd53b4a2e9d650","react1.r14.individual","gate","OUTDOORNUMPEOPLE is asked when OUTDOOR_6 matches the stated condition","any","database_missing","","approved","mathzero","2026-08-17","PDF page 25: IF OUTDOOR=6","Machine-extracted in the group-aware second pass. The displayed evidence may contain additional administrative or eligibility conditions that require human interpretation. Approved by mathzero in the checksum-fixed synthetic-routing-v1 review.","existing_question_gate_missing_codes_rejected"
"route_4b08f38f7f5ce678fab40ad6","react1.r14.individual","gate","COVIDCONPL_1 … COVIDCONPL_5 (6 fields) is asked when COVIDCON_1 matches the stated condition","any","database_missing","","approved","mathzero","2026-08-17","PDF page 12: ASK IF COVIDCON=1 AND COVIDCONNUM = 1-3","Machine-extracted in the group-aware second pass. The displayed evidence may contain additional administrative or eligibility conditions that require human interpretation. Approved by mathzero in the checksum-fixed synthetic-routing-v1 review.","existing_question_gate_missing_codes_rejected"
"route_4cebc4acb2fa21d0934a00cb","react1.r14.individual","gate","LONGCOVIDMED_1 … LONGCOVIDMED_10 (13 fields) is asked when LONGCOVIDDESC matches the stated condition","any","database_missing","","approved","mathzero","2026-08-17","PDF page 18: ASK IF LONGCOVIDDESC = 1 OR 2","Machine-extracted in the group-aware second pass. The displayed evidence may contain additional administrative or eligibility conditions that require human interpretation. Approved by mathzero in the checksum-fixed synthetic-routing-v1 review.","existing_question_gate_missing_codes_rejected"
"route_50ce1c0111e6ca0fc4e6dd9f","react1.r14.individual","gate","LONGCOVID1 is asked when COVIDA matches the stated condition","any","database_missing","","approved","mathzero","2026-08-17","PDF page 14: IF COVIDA=1, 2, 3","Machine-extracted candidate; requires direct human comparison with the displayed questionnaire page. Approved by mathzero in the checksum-fixed synthetic-routing-v1 review.","existing_question_gate_missing_codes_rejected"
"route_54fac4aa5a665d7879738771","react1.r14.individual","gate","TEMPC is asked when TEMPA matches the stated condition","any","database_missing","","approved","mathzero","2026-08-17","PDF page 11: IF TEMPA = 1","Machine-extracted candidate; requires direct human comparison with the displayed questionnaire page. Approved by mathzero in the checksum-fixed synthetic-routing-v1 review.","existing_question_gate_missing_codes_rejected"
"route_58b831e7476e011b3a140c65","react1.r14.individual","gate","ABPREV5_NEW is asked when ABPREV4 matches the stated condition","any","database_missing","","approved","mathzero","2026-08-17","PDF page 34: IF ABPREV4=1","Machine-extracted candidate; requires direct human comparison with the displayed questionnaire page. Approved by mathzero in the checksum-fixed synthetic-routing-v1 review.","existing_question_gate_missing_codes_rejected"
"route_594054a35b841c6a2a09a479","react1.r14.individual","gate","CAMPUS2 is asked when EMPL matches the stated condition","any","database_missing","","approved","mathzero","2026-08-17","PDF page 43: IF MAIL_GRP1 AND EMPL = 7","Machine-extracted candidate; requires direct human comparison with the displayed questionnaire page. Approved by mathzero in the checksum-fixed synthetic-routing-v1 review.","incomplete_context_do_not_claim_eligible"
"route_59518dd8ff360a15b4205679","react1.r14.individual","gate","AGPREV2_NEW is asked when AGPREV1 matches the stated condition","any","database_missing","","approved","mathzero","2026-08-17","PDF page 32: IF AGPREV1 = 1","Machine-extracted candidate; requires direct human comparison with the displayed questionnaire page. Approved by mathzero in the checksum-fixed synthetic-routing-v1 review.","existing_question_gate_missing_codes_rejected"
"route_644dba69ef1d21de09c9a392","react1.r14.individual","gate","COVIDCONWP is asked when COVIDCONPL_2 matches the stated condition","any","database_missing","","approved","mathzero","2026-08-17","PDF page 13: ASK IF COVIDCONPL=2 AND MAIL_GRP1 OR MAIL_GRP2 AND INDONF-=1","Machine-extracted in the group-aware second pass. The displayed evidence may contain additional administrative or eligibility conditions that require human interpretation. Approved by mathzero in the checksum-fixed synthetic-routing-v1 review.","incomplete_context_do_not_claim_eligible"
"route_6588aeae65be76bce47b8706","react1.r14.individual","gate","COVIDCONNUM is asked when COVIDCON_1 matches the stated condition","any","database_missing","","approved","mathzero","2026-08-17","PDF page 12: ASK IF COVIDCON=1","Machine-extracted in the group-aware second pass. The displayed evidence may contain additional administrative or eligibility conditions that require human interpretation. Approved by mathzero in the checksum-fixed synthetic-routing-v1 review.","existing_question_gate_missing_codes_rejected"
"route_664aa44add4932e9ac13bd32","react1.r14.individual","gate","BACKTOWORK is asked when WORKHOMEPOSS2 matches the stated condition","any","database_missing","","approved","mathzero","2026-08-17","PDF page 45: IF WORKHOMEPOSS2=1 or 3","Machine-extracted candidate; requires direct human comparison with the displayed questionnaire page. Approved by mathzero in the checksum-fixed synthetic-routing-v1 review.","existing_question_gate_missing_codes_rejected"
"route_6aad05f423b2856d48bfd09c","react1.r14.individual","gate","SYMPTANY3_1 … SYMPTANY3_10 (11 fields) is asked when FEELUN matches the stated condition","any","database_missing","","approved","mathzero","2026-08-17","PDF page 7: IF FEELUN =1 ","Machine-extracted in the group-aware second pass. The displayed evidence may contain additional administrative or eligibility conditions that require human interpretation. Approved by mathzero in the checksum-fixed synthetic-routing-v1 review.","existing_question_gate_missing_codes_rejected"
"route_6b191490313eb41ad64348d6","react1.r14.individual","gate","AGPREVNUM is asked when AGPREVTYPE_1 matches the stated condition","any","database_missing","","approved","mathzero","2026-08-17","PDF page 31: ASK IF AGPREVTYPE =1 ONLY OR 2 ONLY OR 3","Machine-extracted in the group-aware second pass. The displayed evidence may contain additional administrative or eligibility conditions that require human interpretation. Approved by mathzero in the checksum-fixed synthetic-routing-v1 review.","existing_question_gate_missing_codes_rejected"
"route_7043a57ed90d893ff48c4cf9","react1.r14.individual","gate","SMOKEVAPDATE_NEW is asked when SMOKEVAP matches the stated condition","any","database_missing","","approved","mathzero","2026-08-17","PDF page 53: IF SMOKEVAP= 1","Machine-extracted candidate; requires direct human comparison with the displayed questionnaire page. Approved by mathzero in the checksum-fixed synthetic-routing-v1 review.","existing_question_gate_missing_codes_rejected"
"route_73d949c966b19648244a5012","react1.r14.individual","gate","SMOKEFIVEYEAR is asked when SMOKENOW matches the stated condition","any","database_missing","","approved","mathzero","2026-08-17","PDF page 52: IF SMOKENOW =1","Machine-extracted candidate; requires direct human comparison with the displayed questionnaire page. Approved by mathzero in the checksum-fixed synthetic-routing-v1 review.","existing_question_gate_missing_codes_rejected"
"route_7c6e701e4a5ff254df7759ee","react1.r14.individual","gate","FRIDG is asked when SWASTATUS matches the stated condition","any","database_missing","","approved","mathzero","2026-08-17","PDF page 29: IF SWASTATUS = 1 (COMPLETED SWAB TEST)","Machine-extracted candidate; requires direct human comparison with the displayed questionnaire page. Approved by mathzero in the checksum-fixed synthetic-routing-v1 review.","existing_question_gate_missing_codes_rejected"
"route_7e11b71f9775f20279ddac78","react1.r14.individual","gate","QCOVIDWORK_1 … QCOVIDWORK_10 (11 fields) is asked when QISOLLEAVEREASON_1 matches the stated condition","any","database_missing","","approved","mathzero","2026-08-17","PDF page 51: ASK IF QISOLLEAVEREASON=1 AND Mail_Grp1 or (Mail_grp2 AND age 16+ ONLY and INDCONF=1]","Machine-extracted in the group-aware second pass. The displayed evidence may contain additional administrative or eligibility conditions that require human interpretation. Approved by mathzero in the checksum-fixed synthetic-routing-v1 review.","incomplete_context_do_not_claim_eligible"
"route_852d62a203fab208b60e30dc","react1.r14.individual","gate","SICKPAY2 is asked when EMPL matches the stated condition","any","database_missing","","approved","mathzero","2026-08-17","PDF page 45: IF EMPL = 1, 2, 3","Machine-extracted candidate; requires direct human comparison with the displayed questionnaire page. Approved by mathzero in the checksum-fixed synthetic-routing-v1 review.","existing_question_gate_missing_codes_rejected"
"route_8a0a043fa74a9710f4f63785","react1.r14.individual","gate","KINDMED_1 … KINDMED_TXT (11 fields) is asked when SEEKMED matches the stated condition","any","database_missing","","approved","mathzero","2026-08-17","PDF page 10: IF SEEKMED = 1","Machine-extracted in the group-aware second pass. The displayed evidence may contain additional administrative or eligibility conditions that require human interpretation. Approved by mathzero in the checksum-fixed synthetic-routing-v1 review.","existing_question_gate_missing_codes_rejected"
"route_8b5048628de537f3fb1ba1a5","react1.r14.individual","gate","LONGINTERMIT is asked when LONGCOVIDDESC matches the stated condition","any","database_missing","","approved","mathzero","2026-08-17","PDF page 17: ASK IF LONGCOVIDDESC = 1 OR 2","Machine-extracted candidate; requires direct human comparison with the displayed questionnaire page. Approved by mathzero in the checksum-fixed synthetic-routing-v1 review.","existing_question_gate_missing_codes_rejected"
"route_8cf96baf62af3af72caf264e","react1.r14.individual","gate","OUTDOORNUM_1 … OUTDOORNUM_6 (6 fields) is asked when OUTDOOR_1 matches the stated condition","any","database_missing","","approved","mathzero","2026-08-17","PDF page 25: IF OUTDOOR = 1-6","Machine-extracted in the group-aware second pass. The displayed evidence may contain additional administrative or eligibility conditions that require human interpretation. Approved by mathzero in the checksum-fixed synthetic-routing-v1 review.","existing_question_gate_missing_codes_rejected"
"route_8d11c0d86abd1e0ca58e63a9","react1.r14.individual","gate","TEMPB01, TEMPB02, TEMPB03 is asked when TEMPA matches the stated condition","any","database_missing","","approved","mathzero","2026-08-17","PDF page 11: IF TEMPA = 1","Machine-extracted in the group-aware second pass. The displayed evidence may contain additional administrative or eligibility conditions that require human interpretation. Approved by mathzero in the checksum-fixed synthetic-routing-v1 review.","existing_question_gate_missing_codes_rejected"
"route_8e7279895ee4a80ff9d7948b","react1.r14.individual","gate","ABPREV3 is asked when ABPREV1 matches the stated condition","any","database_missing","","approved","mathzero","2026-08-17","PDF page 34: IF ABPREV1 = 1 or 2","Machine-extracted candidate; requires direct human comparison with the displayed questionnaire page. Approved by mathzero in the checksum-fixed synthetic-routing-v1 review.","existing_question_gate_missing_codes_rejected"
"route_901338f195d51ea0ce20d8cb","react1.r14.individual","gate","LONGCOVIDDESC is asked when LONGCOVID1 matches the stated condition","any","database_missing","","approved","mathzero","2026-08-17","PDF page 14: IF LONGCOVIVD1 =1 OR 2","Machine-extracted in the group-aware second pass. The displayed evidence may contain additional administrative or eligibility conditions that require human interpretation. Approved by mathzero in the checksum-fixed synthetic-routing-v1 review.","existing_question_gate_missing_codes_rejected"
"route_90c941a04cb6faad9adc26e8","react1.r14.individual","gate","SMOKECIG is asked when SMOKENOW matches the stated condition","any","database_missing","","approved","mathzero","2026-08-17","PDF page 51: IF SMOKENOW = 2 or 3","Machine-extracted candidate; requires direct human comparison with the displayed questionnaire page. Approved by mathzero in the checksum-fixed synthetic-routing-v1 review.","existing_question_gate_missing_codes_rejected"
"route_981a648014dbaf6b31451c1f","react1.r14.individual","gate","AGPREV5_NEW is asked when AGPREV4 matches the stated condition","any","database_missing","","approved","mathzero","2026-08-17","PDF page 32: IF AGPREV4=1","Machine-extracted candidate; requires direct human comparison with the displayed questionnaire page. Approved by mathzero in the checksum-fixed synthetic-routing-v1 review.","existing_question_gate_missing_codes_rejected"
"route_9ae74603392e27190792929a","react1.r14.individual","gate","COVIDCONSS_1 … COVIDCONSS_6 (6 fields) is asked when COVIDCONPL_4 matches the stated condition","any","database_missing","","approved","mathzero","2026-08-17","PDF page 13: ASK IF COVIDCONPL=4","Machine-extracted in the group-aware second pass. The displayed evidence may contain additional administrative or eligibility conditions that require human interpretation. Approved by mathzero in the checksum-fixed synthetic-routing-v1 review.","existing_question_gate_missing_codes_rejected"
"route_a1b27de276c6a0d848dff568","react1.r14.individual","gate","CONTACT4_1 … CONTACT4_5 (5 fields) is asked when CONTACT1 matches the stated condition","any","database_missing","","approved","mathzero","2026-08-17","PDF page 27: IF CONTACT1 = 1+","Machine-extracted in the group-aware second pass. The displayed evidence may contain additional administrative or eligibility conditions that require human interpretation. Approved by mathzero in the checksum-fixed synthetic-routing-v1 review.","existing_question_gate_missing_codes_rejected"
"route_a328f0a2c645d492606f7496","react1.r14.individual","gate","CONTACT5 is asked when CONTACT1 matches the stated condition","any","database_missing","","approved","mathzero","2026-08-17","PDF page 27: IF CONTACT1 = 1+ AND LEAVE2=1 AND MAIL_GRP1","Machine-extracted candidate; requires direct human comparison with the displayed questionnaire page. Approved by mathzero in the checksum-fixed synthetic-routing-v1 review.","incomplete_context_do_not_claim_eligible"
"route_aa9bb72bda729779c393de02","react1.r14.individual","gate","AGPREV4 is asked when AGPREVTYPE_1 matches the stated condition","any","database_missing","","approved","mathzero","2026-08-17","PDF page 32: IF AGPREV3 = (2 OR 3 OR 4) AND ((AGPREVTYPE=1 AND 2) OR AGPREVNUM = 2)","Machine-extracted in the group-aware second pass. The displayed evidence may contain additional administrative or eligibility conditions that require human interpretation. Approved by mathzero in the checksum-fixed synthetic-routing-v1 review.","existing_question_gate_missing_codes_rejected"
"route_ae3bea54b1657367611b82ab","react1.r14.individual","gate","COVIDB_NEW, COVIDB_NEW_PNTA is asked when COVIDA matches the stated condition","any","database_missing","","approved","mathzero","2026-08-17","PDF page 14: IF COVIDA = 1, 2 or 3","Machine-extracted in the group-aware second pass. The displayed evidence may contain additional administrative or eligibility conditions that require human interpretation. Approved by mathzero in the checksum-fixed synthetic-routing-v1 review.","existing_question_gate_missing_codes_rejected"
"route_b2b809aacd6c6690450ccaad","react1.r14.individual","gate","SICKPAY3 is asked when EMPL matches the stated condition","any","database_missing","","approved","mathzero","2026-08-17","PDF page 46: IF EMPL = 1, 2, 3","Machine-extracted candidate; requires direct human comparison with the displayed questionnaire page. Approved by mathzero in the checksum-fixed synthetic-routing-v1 review.","existing_question_gate_missing_codes_rejected"
"route_b37be812fe73c196568cb4e9","react1.r14.individual","gate","NHSCONTACTS is asked when TETAHOW_2, TETAHOW_3, TETAHOW_4 matches the stated condition","any","database_missing","","approved","mathzero","2026-08-17","PDF page 36: IF TETAHOW = 2, 3 OR 4","Machine-extracted in the group-aware second pass. The displayed evidence may contain additional administrative or eligibility conditions that require human interpretation. Approved by mathzero in the checksum-fixed synthetic-routing-v1 review.","existing_question_gate_missing_codes_rejected"
"route_b46cf065c2b454ebf71c17a5","react1.r14.individual","gate","VACCRUFUSE2_1 … VACCRUFUSE2_20 (24 fields) is asked when VACCINEAPP2 matches the stated condition","any","database_missing","","approved","mathzero","2026-08-17","PDF page 40: VACCINEAPP2 =2 AND (Mail_Grp 1 OR (Mail_Grp 2 AND INDCONF=1))","Machine-extracted in the group-aware second pass. The displayed evidence may contain additional administrative or eligibility conditions that require human interpretation. Approved by mathzero in the checksum-fixed synthetic-routing-v1 review.","incomplete_context_do_not_claim_eligible"
"route_b6792a5d0ddf62aebb342f17","react1.r14.individual","gate","SWAHELP is asked when SWAATTEMPT matches the stated condition","any","database_missing","","approved","mathzero","2026-08-17","PDF page 30: IF SWAATTEMPT = 1 (ATTEMPTED SWAB TEST)","Machine-extracted candidate; requires direct human comparison with the displayed questionnaire page. Approved by mathzero in the checksum-fixed synthetic-routing-v1 review.","existing_question_gate_missing_codes_rejected"
"route_b8985c26cfb08e66d0d4f4b9","react1.r14.individual","gate","CROWDEDNIGHT is asked when INDOOR_11 matches the stated condition","any","database_missing","","approved","mathzero","2026-08-17","PDF page 23: IF INDOOR = 11","Machine-extracted in the group-aware second pass. The displayed evidence may contain additional administrative or eligibility conditions that require human interpretation. Approved by mathzero in the checksum-fixed synthetic-routing-v1 review.","existing_question_gate_missing_codes_rejected"
"route_bfe7dd27b35e3bf20c5486fd","react1.r14.individual","gate","WORKHOME is asked when EMPL matches the stated condition","any","database_missing","","approved","mathzero","2026-08-17","PDF page 44: IF EMPL = 1, 2, 3","Machine-extracted candidate; requires direct human comparison with the displayed questionnaire page. Approved by mathzero in the checksum-fixed synthetic-routing-v1 review.","existing_question_gate_missing_codes_rejected"
"route_c1b1aa855a0f30eb89dd4e7f","react1.r14.individual","gate","SMOKECIGDATE_NEW is asked when SMOKECIG matches the stated condition","any","database_missing","","approved","mathzero","2026-08-17","PDF page 52: IF SMOKECIG= 1 AND SMOKENOW=2 ","Machine-extracted in the group-aware second pass. The displayed evidence may contain additional administrative or eligibility conditions that require human interpretation. Approved by mathzero in the checksum-fixed synthetic-routing-v1 review.","existing_question_gate_missing_codes_rejected"
"route_c4acd469f7b00d42ef81a364","react1.r14.individual","gate","TESTWORKNUM is asked when TESTWORKTYPE matches the stated condition","any","database_missing","","approved","mathzero","2026-08-17","PDF page 31: ASK IF TESTWORKTYPE=1 TO 3","Machine-extracted candidate; requires direct human comparison with the displayed questionnaire page. Approved by mathzero in the checksum-fixed synthetic-routing-v1 review.","existing_question_gate_missing_codes_rejected"
"route_c685ec420042a1d9cc1072cc","react1.r14.individual","gate","LONGCOVIDACTIV is asked when LONGCOVIDDESC matches the stated condition","any","database_missing","","approved","mathzero","2026-08-17","PDF page 17: ASK IF LONGCOVIDDESC = 1 OR 2","Machine-extracted candidate; requires direct human comparison with the displayed questionnaire page. Approved by mathzero in the checksum-fixed synthetic-routing-v1 review.","existing_question_gate_missing_codes_rejected"
"route_c741e2f4f313356cd3d358a3","react1.r14.individual","gate","CROWDED is asked when INDOOR_3 matches the stated condition","any","database_missing","","approved","mathzero","2026-08-17","PDF page 23: IF INDOOR = 3","Machine-extracted in the group-aware second pass. The displayed evidence may contain additional administrative or eligibility conditions that require human interpretation. Approved by mathzero in the checksum-fixed synthetic-routing-v1 review.","existing_question_gate_missing_codes_rejected"
"route_ca9f2c6b1b947f764ae5ebfa","react1.r14.individual","gate","SWASTATUS is asked when SWAATTEMPT matches the stated condition","any","database_missing","","approved","mathzero","2026-08-17","PDF page 28: IF SWAATTEMPT=1","Machine-extracted candidate; requires direct human comparison with the displayed questionnaire page. Approved by mathzero in the checksum-fixed synthetic-routing-v1 review.","existing_question_gate_missing_codes_rejected"
"route_cbf29b7f0ff0c03f00a67f02","react1.r14.individual","gate","VACCINEAPP1 is asked when VACCINE3SYM matches the stated condition","any","database_missing","","approved","mathzero","2026-08-17","PDF page 38: IF VACCINE3SYM = 2 or 3 AND (MAIL_GRP2 AND INDCONF=1).","Machine-extracted in the group-aware second pass. The displayed evidence may contain additional administrative or eligibility conditions that require human interpretation. Approved by mathzero in the checksum-fixed synthetic-routing-v1 review.","incomplete_context_do_not_claim_eligible"
"route_d6df75ef8de25e02eac96a3f","react1.r14.individual","gate","COVIDPWP is asked when COVIDCON_1 matches the stated condition","any","database_missing","","approved","mathzero","2026-08-17","PDF page 13: ASK IF COVIDCON=1","Machine-extracted in the group-aware second pass. The displayed evidence may contain additional administrative or eligibility conditions that require human interpretation. Approved by mathzero in the checksum-fixed synthetic-routing-v1 review.","existing_question_gate_missing_codes_rejected"
"route_db470c7e07eac29c49053482","react1.r14.individual","gate","SWABTIME_PNTA is asked when SWASTATUS matches the stated condition","any","database_missing","","approved","mathzero","2026-08-17","PDF page 28: IF SWASTATUS = 1 (COMPLETED SWAB TEST)","Machine-extracted candidate; requires direct human comparison with the displayed questionnaire page. Approved by mathzero in the checksum-fixed synthetic-routing-v1 review.","existing_question_gate_missing_codes_rejected"
"route_dc526b14e19a38869dcd45fb","react1.r14.individual","gate","COVIDCONHH is asked when COVIDCONPL_1 matches the stated condition","any","database_missing","","approved","mathzero","2026-08-17","PDF page 12: ASK IF COVIDCONPL=1","Machine-extracted in the group-aware second pass. The displayed evidence may contain additional administrative or eligibility conditions that require human interpretation. Approved by mathzero in the checksum-fixed synthetic-routing-v1 review.","existing_question_gate_missing_codes_rejected"
"route_ddecad3438dab63a9874a652","react1.r14.individual","gate","VACCINEFIRSTSYM is asked when VACCINEREG matches the stated condition","any","database_missing","","approved","mathzero","2026-08-17","PDF page 37: IF VACCINEREG=1","Machine-extracted candidate; requires direct human comparison with the displayed questionnaire page. Approved by mathzero in the checksum-fixed synthetic-routing-v1 review.","existing_question_gate_missing_codes_rejected"
"route_e00ff38920a7695778a4eb02","react1.r14.individual","gate","AGPREVTYPE_1, AGPREVTYPE_2, AGPREVTYPE_3 is asked when AGPREV1 matches the stated condition","any","database_missing","","approved","mathzero","2026-08-17","PDF page 30: ASK IF AGPREV1=1","Machine-extracted in the group-aware second pass. The displayed evidence may contain additional administrative or eligibility conditions that require human interpretation. Approved by mathzero in the checksum-fixed synthetic-routing-v1 review.","existing_question_gate_missing_codes_rejected"
"route_e31755f6531b71e8f517e807","react1.r14.individual","gate","VACCINESECONDSYM is asked when VACCDOSE matches the stated condition","any","database_missing","","approved","mathzero","2026-08-17","PDF page 38: IF VACCDOSE= 2 OR 3","Machine-extracted candidate; requires direct human comparison with the displayed questionnaire page. Approved by mathzero in the checksum-fixed synthetic-routing-v1 review.","existing_question_gate_missing_codes_rejected"
"route_e4c572d2ac7b3e013cf552f9","react1.r14.individual","gate","VACCINEAPP2 is asked when VACCINEAPP1 matches the stated condition","any","database_missing","","approved","mathzero","2026-08-17","PDF page 38: IF VACCINEAPP1 =1","Machine-extracted candidate; requires direct human comparison with the displayed questionnaire page. Approved by mathzero in the checksum-fixed synthetic-routing-v1 review.","existing_question_gate_missing_codes_rejected"
"route_e5d6db7df701f1bda8c4155c","react1.r14.individual","gate","TESTWORK is asked when AGPREVNUM matches the stated condition","any","database_missing","","approved","mathzero","2026-08-17","PDF page 31: ASK IF AGPREVNUM=2 OR AGPREVTYPE = 1 AND 2","Machine-extracted candidate; requires direct human comparison with the displayed questionnaire page. Approved by mathzero in the checksum-fixed synthetic-routing-v1 review.","existing_question_gate_missing_codes_rejected"
"route_e896e78662e107a509d62b1b","react1.r14.individual","gate","LFTREPORT is asked when AGPREVTYPE_2 matches the stated condition","any","database_missing","","approved","mathzero","2026-08-17","PDF page 33: IF AGPREVTYPE = 2 ","Machine-extracted in the group-aware second pass. The displayed evidence may contain additional administrative or eligibility conditions that require human interpretation. Approved by mathzero in the checksum-fixed synthetic-routing-v1 review.","existing_question_gate_missing_codes_rejected"
"route_ea5408cb1523047ec534d514","react1.r14.individual","gate","INDCONFPARENT is asked when INDCONF matches the stated condition","any","database_missing","","approved","mathzero","2026-08-17","PDF page 4: IF INDCONF = 2 AND Mail_Grp 2","Machine-extracted candidate; requires direct human comparison with the displayed questionnaire page. Approved by mathzero in the checksum-fixed synthetic-routing-v1 review.","incomplete_context_do_not_claim_eligible"
"route_efd2ed2ee97ba5e7525b80b2","react1.r14.individual","gate","CROWDEDOTH is asked when INDOOR_10 matches the stated condition","any","database_missing","","approved","mathzero","2026-08-17","PDF page 23: IF INDOOR = 10","Machine-extracted in the group-aware second pass. The displayed evidence may contain additional administrative or eligibility conditions that require human interpretation. Approved by mathzero in the checksum-fixed synthetic-routing-v1 review.","existing_question_gate_missing_codes_rejected"
"route_f557b0d6d72cac184d881f53","react1.r14.individual","gate","VACCINETYPESYM is asked when VACCINEREG matches the stated condition","any","database_missing","","approved","mathzero","2026-08-17","PDF page 38: IF VACCINEREG=1","Machine-extracted candidate; requires direct human comparison with the displayed questionnaire page. Approved by mathzero in the checksum-fixed synthetic-routing-v1 review.","existing_question_gate_missing_codes_rejected"
"route_f70c13bf35f7d0e1193e11fe","react1.r14.individual","gate","VACCINEACCEPT is asked when VACCINEAPP1 matches the stated condition","any","database_missing","","approved","mathzero","2026-08-17","PDF page 39: IF VACCINEAPP1 =2, 3 or 4","Machine-extracted candidate; requires direct human comparison with the displayed questionnaire page. Approved by mathzero in the checksum-fixed synthetic-routing-v1 review.","existing_question_gate_missing_codes_rejected"
"route_fcfede0fdf83a33daf378621","react1.r14.individual","gate","INDOORNUMPEOPLE is asked when INDOORNUM_10 matches the stated condition","any","database_missing","","approved","mathzero","2026-08-17","PDF page 24: IF INDOORNUM = 10","Machine-extracted in the group-aware second pass. The displayed evidence may contain additional administrative or eligibility conditions that require human interpretation. Approved by mathzero in the checksum-fixed synthetic-routing-v1 review.","existing_question_gate_missing_codes_rejected"
"route_fd95b0adde9ec85533cdac00","react1.r14.individual","gate","INDOORNUM_1 … INDOORNUM_11 (8 fields) is asked when INDOOR_1 matches the stated condition","any","database_missing","","approved","mathzero","2026-08-17","PDF page 22: IF INDOOR = 1-6 or 10","Machine-extracted in the group-aware second pass. The displayed evidence may contain additional administrative or eligibility conditions that require human interpretation. Approved by mathzero in the checksum-fixed synthetic-routing-v1 review.","existing_question_gate_missing_codes_rejected"
"route_05535f45eb5dc66b2ae442f3","react1.r14.registration","gate","WORKSTUDYPERS1REG_1 … WORKSTUDYPERS1REG_5 (5 fields) is asked when WORKTYP2_5 … WORKTYP2_7 (4 fields) matches the stated condition","any","database_missing","","approved","mathzero","2026-08-17","PDF page 11: IF WORKTYP2 = 5 or 12 or 8 or 7 ","Machine-extracted in the group-aware second pass. The displayed evidence may contain additional administrative or eligibility conditions that require human interpretation. Approved by mathzero in the checksum-fixed synthetic-routing-v1 review.","existing_question_gate_missing_codes_rejected"
"route_34a639d4a930c9104af7b99d","react1.r14.registration","gate","NADULTS is asked when INDCONFPARENT matches the stated condition","any","database_missing","","approved","mathzero","2026-08-17","PDF page 7: IF AGED Mail_Grp=1 OR Mail_Grp=3 OR (Mail_Grp=2 INDCONFPARENT =1)","Machine-extracted candidate; requires direct human comparison with the displayed questionnaire page. Approved by mathzero in the checksum-fixed synthetic-routing-v1 review.","incomplete_context_do_not_claim_eligible"
"route_4931ed4e3caa4f624e7a4ec3","react1.r14.registration","gate","VACCINETHIRD is asked when VACCDOSE matches the stated condition","any","database_missing","","approved","mathzero","2026-08-17","PDF page 14: IF VACCDOSE= 3 AND MAIL_GRP=1","Machine-extracted candidate; requires direct human comparison with the displayed questionnaire page. Approved by mathzero in the checksum-fixed synthetic-routing-v1 review.","incomplete_context_do_not_claim_eligible"
"route_522ead286ca1eb07ba026667","react1.r14.registration","gate","CHILDAGE1_1 … CHILDAGE1_NA (15 fields) is asked when NCHILD1 matches the stated condition","any","database_missing","","approved","mathzero","2026-08-17","PDF page 10: IF NCHILD1 = 2+","Machine-extracted in the group-aware second pass. The displayed evidence may contain additional administrative or eligibility conditions that require human interpretation. Approved by mathzero in the checksum-fixed synthetic-routing-v1 review.","existing_question_gate_missing_codes_rejected"
"route_57c98c5dba4f8f85d5fd2756","react1.r14.registration","gate","INDCONFCARER is asked when INDCONF matches the stated condition","any","database_missing","","approved","mathzero","2026-08-17","PDF page 4: IF INDCONF =2 AND Mail_Grp=1","Machine-extracted candidate; requires direct human comparison with the displayed questionnaire page. Approved by mathzero in the checksum-fixed synthetic-routing-v1 review.","incomplete_context_do_not_claim_eligible"
"route_67467b5370b9c469b742e677","react1.r14.registration","gate","WORKTYP2_1 … WORKTYP2_12 (13 fields) is asked when WORKTYP1_5, WORKTYP1_6, WORKTYP1_7 matches the stated condition","any","database_missing","","approved","mathzero","2026-08-17","PDF page 11: IF WORKTYP1= 5, 6, 7","Machine-extracted in the group-aware second pass. The displayed evidence may contain additional administrative or eligibility conditions that require human interpretation. Approved by mathzero in the checksum-fixed synthetic-routing-v1 review.","existing_question_gate_missing_codes_rejected"
"route_7a416259c8b530924b8a2746","react1.r14.registration","gate","ADULTAGE_1 … ADULTAGE1_NA (22 fields) is asked when NADULTS matches the stated condition","any","database_missing","","approved","mathzero","2026-08-17","PDF page 7: IF NADULTS = 2+ ","Machine-extracted in the group-aware second pass. The displayed evidence may contain additional administrative or eligibility conditions that require human interpretation. Approved by mathzero in the checksum-fixed synthetic-routing-v1 review.","existing_question_gate_missing_codes_rejected"
"route_7cf92cab40fd63540c87351a","react1.r14.registration","gate","VACCDOSE is asked when VACCINE3 matches the stated condition","any","database_missing","","approved","mathzero","2026-08-17","PDF page 13: IF VACCINE3 = 1","Machine-extracted candidate; requires direct human comparison with the displayed questionnaire page. Approved by mathzero in the checksum-fixed synthetic-routing-v1 review.","existing_question_gate_missing_codes_rejected"
"route_8f35c5afa398e98da5782325","react1.r14.registration","gate","INDCONFPARENT is asked when INDCONF matches the stated condition","any","database_missing","","approved","mathzero","2026-08-17","PDF page 4: IF INDCONF = 2 AND Mail_Grp=2","Machine-extracted candidate; requires direct human comparison with the displayed questionnaire page. Approved by mathzero in the checksum-fixed synthetic-routing-v1 review.","incomplete_context_do_not_claim_eligible"
"route_a58158da7f20e0f7b52209e8","react1.r14.registration","gate","PARNAME is asked when PARCONS matches the stated condition","any","database_missing","","approved","mathzero","2026-08-17","PDF page 6: IF PARCONS = 1","Machine-extracted candidate; requires direct human comparison with the displayed questionnaire page. Approved by mathzero in the checksum-fixed synthetic-routing-v1 review.","existing_question_gate_missing_codes_rejected"
"route_b42667085eceec868ddc22c2","react1.r14.registration","gate","ADULTAGE1_1 … ADULTAGE1_NA (11 fields) is asked when NADULTS1 matches the stated condition","any","database_missing","","approved","mathzero","2026-08-17","PDF page 8: IF NADULTS1 = 1+ ","Machine-extracted in the group-aware second pass. The displayed evidence may contain additional administrative or eligibility conditions that require human interpretation. Approved by mathzero in the checksum-fixed synthetic-routing-v1 review.","existing_question_gate_missing_codes_rejected"
"route_bc0f5128d4b8222200e2bfb3","react1.r14.registration","gate","WORKTYP4_1 … WORKTYP4_12 (13 fields) is asked when WORKTYP3_5, WORKTYP3_6, WORKTYP3_7 matches the stated condition","any","database_missing","","approved","mathzero","2026-08-17","PDF page 12: IF WORKTYP3= 5, 6, 7 ","Machine-extracted in the group-aware second pass. The displayed evidence may contain additional administrative or eligibility conditions that require human interpretation. Approved by mathzero in the checksum-fixed synthetic-routing-v1 review.","existing_question_gate_missing_codes_rejected"
"route_c4b816efc02ad48fa7779680","react1.r14.registration","gate","WORKSTUDYPERS2REG_1 … WORKSTUDYPERS2REG_5 (5 fields) is asked when WORKTYP4_5 … WORKTYP4_7 (4 fields) matches the stated condition","any","database_missing","","approved","mathzero","2026-08-17","PDF page 13: IF WORKTYP4 = 5 or 12 or 8 or 7 ","Machine-extracted in the group-aware second pass. The displayed evidence may contain additional administrative or eligibility conditions that require human interpretation. Approved by mathzero in the checksum-fixed synthetic-routing-v1 review.","existing_question_gate_missing_codes_rejected"
"route_d9b80b7362b18a137387dab7","react1.r14.registration","gate","VACCINESECOND is asked when VACCDOSE matches the stated condition","any","database_missing","","approved","mathzero","2026-08-17","PDF page 14: IF VACCDOSE= 2 OR 3","Machine-extracted candidate; requires direct human comparison with the displayed questionnaire page. Approved by mathzero in the checksum-fixed synthetic-routing-v1 review.","existing_question_gate_missing_codes_rejected"
"route_edbd3d3d34754cd07e01824f","react1.r14.registration","gate","VACCINEFIRST is asked when VACCINE3 matches the stated condition","any","database_missing","","approved","mathzero","2026-08-17","PDF page 14: IF VACCINE3 =1","Machine-extracted candidate; requires direct human comparison with the displayed questionnaire page. Approved by mathzero in the checksum-fixed synthetic-routing-v1 review.","existing_question_gate_missing_codes_rejected"
"route_0586842325c477edea4bd60b","react1.r15.individual","gate","SICKPAY3 is asked when EMPL matches the stated condition","any","database_missing","","approved","mathzero","2026-08-17","PDF page 43: IF EMPL = 1, 2, 3","Machine-extracted candidate; requires direct human comparison with the displayed questionnaire page. Approved by mathzero in the checksum-fixed synthetic-routing-v1 review.","existing_question_gate_missing_codes_rejected"
"route_05c863272387dc2e7a570c75","react1.r15.individual","gate","KINDMED_1 … KINDMED_TXT (11 fields) is asked when SEEKMED matches the stated condition","any","database_missing","","approved","mathzero","2026-08-17","PDF page 11: IF SEEKMED = 1","Machine-extracted in the group-aware second pass. The displayed evidence may contain additional administrative or eligibility conditions that require human interpretation. Approved by mathzero in the checksum-fixed synthetic-routing-v1 review.","existing_question_gate_missing_codes_rejected"
"route_0a968f4e1844cb44b7f50015","react1.r15.individual","gate","COVIDB_NEW, COVIDB_NEW_PNTA is asked when COVIDA matches the stated condition","any","database_missing","","approved","mathzero","2026-08-17","PDF page 14: IF COVIDA = 1, 2 or 3","Machine-extracted in the group-aware second pass. The displayed evidence may contain additional administrative or eligibility conditions that require human interpretation. Approved by mathzero in the checksum-fixed synthetic-routing-v1 review.","existing_question_gate_missing_codes_rejected"
"route_0c4b220167054cd123774a16","react1.r15.individual","gate","WORKHOME is asked when EMPL matches the stated condition","any","database_missing","","approved","mathzero","2026-08-17","PDF page 41: IF EMPL = 1, 2, 3","Machine-extracted candidate; requires direct human comparison with the displayed questionnaire page. Approved by mathzero in the checksum-fixed synthetic-routing-v1 review.","existing_question_gate_missing_codes_rejected"
"route_0e2e1e195e15a71e2ef0dce8","react1.r15.individual","gate","VACCRUFUSE1_1 … VACCRUFUSE1_20 (25 fields) is asked when VACCINEACCEPT matches the stated condition","any","database_missing","","approved","mathzero","2026-08-17","PDF page 36: IF VACCINEACCEPT=2 or 3 AND (Mail_Grp 2 AND INDCONF=1)","Machine-extracted in the group-aware second pass. The displayed evidence may contain additional administrative or eligibility conditions that require human interpretation. Approved by mathzero in the checksum-fixed synthetic-routing-v1 review.","incomplete_context_do_not_claim_eligible"
"route_0ea2ca85f863c529b44b4103","react1.r15.individual","gate","SWABTIME_PNTA is asked when SWASTATUS matches the stated condition","any","database_missing","","approved","mathzero","2026-08-17","PDF page 26: IF SWASTATUS = 1 or 4 (COMPLETED SWAB TEST)","Machine-extracted candidate; requires direct human comparison with the displayed questionnaire page. Approved by mathzero in the checksum-fixed synthetic-routing-v1 review.","existing_question_gate_missing_codes_rejected"
"route_104ddcad8ea8a1fe5bb362a9","react1.r15.individual","gate","INDCONFPARENT is asked when INDCONF matches the stated condition","any","database_missing","","approved","mathzero","2026-08-17","PDF page 4: IF INDCONF = 2 AND Mail_Grp 2","Machine-extracted candidate; requires direct human comparison with the displayed questionnaire page. Approved by mathzero in the checksum-fixed synthetic-routing-v1 review.","incomplete_context_do_not_claim_eligible"
"route_167b0941a983054edb7515b2","react1.r15.individual","gate","SWABDATEPOST is asked when SWASTATUS matches the stated condition","any","database_missing","","approved","mathzero","2026-08-17","PDF page 26: IF SWASTATUS = 1 (COMPLETED SWAB TEST)","Machine-extracted candidate; requires direct human comparison with the displayed questionnaire page. Approved by mathzero in the checksum-fixed synthetic-routing-v1 review.","existing_question_gate_missing_codes_rejected"
"route_1ab6e0780fd5192fbff08d04","react1.r15.individual","gate","WORKHOMEPOSS2 is asked when WORKHOME matches the stated condition","any","database_missing","","approved","mathzero","2026-08-17","PDF page 41: IF WORKHOME =2","Machine-extracted candidate; requires direct human comparison with the displayed questionnaire page. Approved by mathzero in the checksum-fixed synthetic-routing-v1 review.","existing_question_gate_missing_codes_rejected"
"route_1bd10ebd713e8fd8a703e36e","react1.r15.individual","gate","LASTABROAD_NEW is asked when NUMVISIT matches the stated condition","any","database_missing","","approved","mathzero","2026-08-17","PDF page 46: IF NUMVISIT =3+","Machine-extracted candidate; requires direct human comparison with the displayed questionnaire page. Approved by mathzero in the checksum-fixed synthetic-routing-v1 review.","existing_question_gate_missing_codes_rejected"
"route_1c9f8e440a255f321168c791","react1.r15.individual","gate","COVIDSYM3_1 … COVIDSYM3_11 (12 fields) is asked when LONGCOVID1 matches the stated condition","any","database_missing","","approved","mathzero","2026-08-17","PDF page 16: ASK IF LONGCOVID1=1, 2","Machine-extracted in the group-aware second pass. The displayed evidence may contain additional administrative or eligibility conditions that require human interpretation. Approved by mathzero in the checksum-fixed synthetic-routing-v1 review.","existing_question_gate_missing_codes_rejected"
"route_1ea52a890edd4a5c21afd8e0","react1.r15.individual","gate","ABPREV2_NEW is asked when ABPREV1 matches the stated condition","any","database_missing","","approved","mathzero","2026-08-17","PDF page 29: IF ABPREV1 = 1 or 2","Machine-extracted candidate; requires direct human comparison with the displayed questionnaire page. Approved by mathzero in the checksum-fixed synthetic-routing-v1 review.","existing_question_gate_missing_codes_rejected"
"route_21059a1c7d768399667da7a4","react1.r15.individual","gate","COVIDSYM2_1 … COVIDSYM2_12 (14 fields) is asked when LONGCOVID1 matches the stated condition","any","database_missing","","approved","mathzero","2026-08-17","PDF page 16: ASK IF LONGCOVID1=1, 2","Machine-extracted in the group-aware second pass. The displayed evidence may contain additional administrative or eligibility conditions that require human interpretation. Approved by mathzero in the checksum-fixed synthetic-routing-v1 review.","existing_question_gate_missing_codes_rejected"
"route_22eac8515005142d2b34395a","react1.r15.individual","gate","LONGCOVIDABILITY is asked when LONGCOVID1 matches the stated condition","any","database_missing","","approved","mathzero","2026-08-17","PDF page 18: IF LONGCOVID1 =1 OR 2","Machine-extracted candidate; requires direct human comparison with the displayed questionnaire page. Approved by mathzero in the checksum-fixed synthetic-routing-v1 review.","existing_question_gate_missing_codes_rejected"
"route_23b2b1fbfd727136976feb90","react1.r15.individual","gate","COUNTRYVISIT1, COUNTRYVISIT2 is asked when ABROAD matches the stated condition","any","database_missing","","approved","mathzero","2026-08-17","PDF page 45: IF ABROAD = 1","Machine-extracted in the group-aware second pass. The displayed evidence may contain additional administrative or eligibility conditions that require human interpretation. Approved by mathzero in the checksum-fixed synthetic-routing-v1 review.","existing_question_gate_missing_codes_rejected"
"route_23e679b2f6aed0f6aaf5a9ca","react1.r15.individual","gate","OUTDOORNUMPEOPLE is asked when OUTDOOR_6 matches the stated condition","any","database_missing","","approved","mathzero","2026-08-17","PDF page 23: IF OUTDOOR=6","Machine-extracted in the group-aware second pass. The displayed evidence may contain additional administrative or eligibility conditions that require human interpretation. Approved by mathzero in the checksum-fixed synthetic-routing-v1 review.","existing_question_gate_missing_codes_rejected"
"route_24e2f6170d07124094f521e0","react1.r15.individual","gate","SYMPTANY1_1 … SYMPTANY1_5 (5 fields) is asked when FEELUN matches the stated condition","any","database_missing","","approved","mathzero","2026-08-17","PDF page 5: IF FEELUN =1 ","Machine-extracted in the group-aware second pass. The displayed evidence may contain additional administrative or eligibility conditions that require human interpretation. Approved by mathzero in the checksum-fixed synthetic-routing-v1 review.","existing_question_gate_missing_codes_rejected"
"route_27a3f958eecf779bd9e8e87c","react1.r15.individual","gate","LONGCOVIDMED_1 … LONGCOVIDMED_10 (13 fields) is asked when LONGCOVID1 matches the stated condition","any","database_missing","","approved","mathzero","2026-08-17","PDF page 18: IF LONGCOVID1 =1 OR 2","Machine-extracted in the group-aware second pass. The displayed evidence may contain additional administrative or eligibility conditions that require human interpretation. Approved by mathzero in the checksum-fixed synthetic-routing-v1 review.","existing_question_gate_missing_codes_rejected"
"route_27ce3eeae61a00e8d9bc6c42","react1.r15.individual","gate","QISOLLEAVEREASON_1 … QISOLLEAVEREASON_16 (19 fields) is asked when QISOLLEAVE matches the stated condition","any","database_missing","","approved","mathzero","2026-08-17","PDF page 47: ASK IF QISOLLEAVE = 1","Machine-extracted in the group-aware second pass. The displayed evidence may contain additional administrative or eligibility conditions that require human interpretation. Approved by mathzero in the checksum-fixed synthetic-routing-v1 review.","existing_question_gate_missing_codes_rejected"
"route_30a0e53d56e0e7672f0b213b","react1.r15.individual","gate","LONGINTERMIT is asked when LONGCOVID1 matches the stated condition","any","database_missing","","approved","mathzero","2026-08-17","PDF page 17: IF LONGCOVID1 =1 OR 2","Machine-extracted candidate; requires direct human comparison with the displayed questionnaire page. Approved by mathzero in the checksum-fixed synthetic-routing-v1 review.","existing_question_gate_missing_codes_rejected"
"route_334dce8d686c70cde4582fcd","react1.r15.individual","gate","COVIDCONHH is asked when COVIDCONPL_1 matches the stated condition","any","database_missing","","approved","mathzero","2026-08-17","PDF page 12: ASK IF COVIDCONPL=1","Machine-extracted in the group-aware second pass. The displayed evidence may contain additional administrative or eligibility conditions that require human interpretation. Approved by mathzero in the checksum-fixed synthetic-routing-v1 review.","existing_question_gate_missing_codes_rejected"
"route_33c1fdd538614afcf88409c0","react1.r15.individual","gate","SWAHELP is asked when SWAATTEMPT matches the stated condition","any","database_missing","","approved","mathzero","2026-08-17","PDF page 27: IF SWAATTEMPT = 1 (ATTEMPTED SWAB TEST)","Machine-extracted candidate; requires direct human comparison with the displayed questionnaire page. Approved by mathzero in the checksum-fixed synthetic-routing-v1 review.","existing_question_gate_missing_codes_rejected"
"route_3c8146a9c617d8958accde3d","react1.r15.individual","gate","BACKTOWORK2 is asked when BACKTOWORK matches the stated condition","any","database_missing","","approved","mathzero","2026-08-17","PDF page 42: IF BACKTOWORK = 1-6 or 8","Machine-extracted candidate; requires direct human comparison with the displayed questionnaire page. Approved by mathzero in the checksum-fixed synthetic-routing-v1 review.","existing_question_gate_missing_codes_rejected"
"route_3f19cf856c170dfc022bda7f","react1.r15.individual","gate","EDTYPE is asked when EMPL matches the stated condition","any","database_missing","","approved","mathzero","2026-08-17","PDF page 40: IF MAIL_GRP1 AND EMPL = 7","Machine-extracted candidate; requires direct human comparison with the displayed questionnaire page. Approved by mathzero in the checksum-fixed synthetic-routing-v1 review.","incomplete_context_do_not_claim_eligible"
"route_40686f2857533ed36abc7d09","react1.r15.individual","gate","LONGCOVID2_21 … LONGCOVID2_25 (12 fields) is asked when LONGCOVID1 matches the stated condition","any","database_missing","","approved","mathzero","2026-08-17","PDF page 15: IF LONGCOVID1=1, 2","Machine-extracted in the group-aware second pass. The displayed evidence may contain additional administrative or eligibility conditions that require human interpretation. Approved by mathzero in the checksum-fixed synthetic-routing-v1 review.","existing_question_gate_missing_codes_rejected"
"route_44bd2410cd9d4d735d0be4c5","react1.r15.individual","gate","SYMPTANY3_1 … SYMPTANY3_10 (11 fields) is asked when FEELUN matches the stated condition","any","database_missing","","approved","mathzero","2026-08-17","PDF page 7: IF FEELUN =1","Machine-extracted in the group-aware second pass. The displayed evidence may contain additional administrative or eligibility conditions that require human interpretation. Approved by mathzero in the checksum-fixed synthetic-routing-v1 review.","existing_question_gate_missing_codes_rejected"
"route_463ab61962c42445ef0c09f4","react1.r15.individual","gate","SICKPAY2 is asked when EMPL matches the stated condition","any","database_missing","","approved","mathzero","2026-08-17","PDF page 43: IF EMPL = 1, 2, 3","Machine-extracted candidate; requires direct human comparison with the displayed questionnaire page. Approved by mathzero in the checksum-fixed synthetic-routing-v1 review.","existing_question_gate_missing_codes_rejected"
"route_47f263c7162252330e2aae19","react1.r15.individual","gate","CONTACT4_1 … CONTACT4_5 (5 fields) is asked when CONTACT1 matches the stated condition","any","database_missing","","approved","mathzero","2026-08-17","PDF page 24: IF CONTACT1 = 1+","Machine-extracted in the group-aware second pass. The displayed evidence may contain additional administrative or eligibility conditions that require human interpretation. Approved by mathzero in the checksum-fixed synthetic-routing-v1 review.","existing_question_gate_missing_codes_rejected"
"route_4dd471124b681c55a1df1f6c","react1.r15.individual","gate","ABPREV5_NEW is asked when ABPREV4 matches the stated condition","any","database_missing","","approved","mathzero","2026-08-17","PDF page 30: IF ABPREV4=1","Machine-extracted candidate; requires direct human comparison with the displayed questionnaire page. Approved by mathzero in the checksum-fixed synthetic-routing-v1 review.","existing_question_gate_missing_codes_rejected"
"route_51fe90657fd7ab5c63b3d8eb","react1.r15.individual","gate","VACCINEACCEPT is asked when VACCINEAPP1 matches the stated condition","any","database_missing","","approved","mathzero","2026-08-17","PDF page 35: IF VACCINEAPP1 =2, 3 or 4","Machine-extracted candidate; requires direct human comparison with the displayed questionnaire page. Approved by mathzero in the checksum-fixed synthetic-routing-v1 review.","existing_question_gate_missing_codes_rejected"
"route_52223c71904b120b6fd1a74c","react1.r15.individual","gate","COVIDCONSS_1 … COVIDCONSS_6 (6 fields) is asked when COVIDCONPL_4 matches the stated condition","any","database_missing","","approved","mathzero","2026-08-17","PDF page 13: ASK IF COVIDCONPL=4","Machine-extracted in the group-aware second pass. The displayed evidence may contain additional administrative or eligibility conditions that require human interpretation. Approved by mathzero in the checksum-fixed synthetic-routing-v1 review.","existing_question_gate_missing_codes_rejected"
"route_562090c5e84c27e61225b1bb","react1.r15.individual","gate","VACCINEAPP1 is asked when VACCINE3SYM matches the stated condition","any","database_missing","","approved","mathzero","2026-08-17","PDF page 35: IF VACCINE3SYM = 2 or 3 AND (MAIL_GRP2 AND INDCONF=1).","Machine-extracted in the group-aware second pass. The displayed evidence may contain additional administrative or eligibility conditions that require human interpretation. Approved by mathzero in the checksum-fixed synthetic-routing-v1 review.","incomplete_context_do_not_claim_eligible"
"route_58f6f2350756aa11e5b4e395","react1.r15.individual","gate","SYMPTANY2_1 … SYMPTANY2_14 (14 fields) is asked when FEELUN matches the stated condition","any","database_missing","","approved","mathzero","2026-08-17","PDF page 6: IF FEELUN =1","Machine-extracted in the group-aware second pass. The displayed evidence may contain additional administrative or eligibility conditions that require human interpretation. Approved by mathzero in the checksum-fixed synthetic-routing-v1 review.","existing_question_gate_missing_codes_rejected"
"route_63962dd8537747fe88a29d51","react1.r15.individual","gate","ABPREV3 is asked when ABPREV1 matches the stated condition","any","database_missing","","approved","mathzero","2026-08-17","PDF page 30: IF ABPREV1 = 1 or 2","Machine-extracted candidate; requires direct human comparison with the displayed questionnaire page. Approved by mathzero in the checksum-fixed synthetic-routing-v1 review.","existing_question_gate_missing_codes_rejected"
"route_6e1e11c997c7e67f8ac7bd57","react1.r15.individual","gate","CURRENTSYM is asked when SYMPTST matches the stated condition","any","database_missing","","approved","mathzero","2026-08-17","PDF page 9: ASK IF SYMPTST = 11 OR 12 or SYMPTFIRST = Don’t know =1","Machine-extracted candidate; requires direct human comparison with the displayed questionnaire page. Approved by mathzero in the checksum-fixed synthetic-routing-v1 review.","existing_question_gate_missing_codes_rejected"
"route_6f80d51d62091c82e0dd4c5d","react1.r15.individual","gate","CAMPUS2 is asked when EMPL matches the stated condition","any","database_missing","","approved","mathzero","2026-08-17","PDF page 40: IF MAIL_GRP1 AND EMPL = 7","Machine-extracted candidate; requires direct human comparison with the displayed questionnaire page. Approved by mathzero in the checksum-fixed synthetic-routing-v1 review.","incomplete_context_do_not_claim_eligible"
"route_743a309a4931b0405ddf2e1a","react1.r15.individual","gate","LFTREPORT is asked when PREVTEST_2 matches the stated condition","any","database_missing","","approved","mathzero","2026-08-17","PDF page 29: IF PREVTEST=2","Machine-extracted in the group-aware second pass. The displayed evidence may contain additional administrative or eligibility conditions that require human interpretation. Approved by mathzero in the checksum-fixed synthetic-routing-v1 review.","existing_question_gate_missing_codes_rejected"
"route_75d7fea086c0e31440fb57b9","react1.r15.individual","gate","FLUVACCDATE is asked when FLUVACC matches the stated condition","any","database_missing","","approved","mathzero","2026-08-17","PDF page 33: IF FLUVACC=1.","Machine-extracted candidate; requires direct human comparison with the displayed questionnaire page. Approved by mathzero in the checksum-fixed synthetic-routing-v1 review.","existing_question_gate_missing_codes_rejected"
"route_7a92d186d359285ab13a3b1c","react1.r15.individual","gate","LONGCOVIDACTIV is asked when LONGCOVID1 matches the stated condition","any","database_missing","","approved","mathzero","2026-08-17","PDF page 17: IF LONGCOVID1 =1 OR 2","Machine-extracted candidate; requires direct human comparison with the displayed questionnaire page. Approved by mathzero in the checksum-fixed synthetic-routing-v1 review.","existing_question_gate_missing_codes_rejected"
"route_7fae000f5ca53c1b754ddaf5","react1.r15.individual","gate","VACCRUFUSE2_1 … VACCRUFUSE2_20 (25 fields) is asked when VACCINEAPP2 matches the stated condition","any","database_missing","","approved","mathzero","2026-08-17","PDF page 37: VACCINEAPP2 =2 AND (Mail_Grp 1 OR (Mail_Grp 2 AND INDCONF=1))","Machine-extracted in the group-aware second pass. The displayed evidence may contain additional administrative or eligibility conditions that require human interpretation. Approved by mathzero in the checksum-fixed synthetic-routing-v1 review.","incomplete_context_do_not_claim_eligible"
"route_821f8f975be4bfe986e9c88b","react1.r15.individual","gate","LONGCOVID1 is asked when COVIDA matches the stated condition","any","database_missing","","approved","mathzero","2026-08-17","PDF page 14: IF COVIDA=1, 2, 3","Machine-extracted candidate; requires direct human comparison with the displayed questionnaire page. Approved by mathzero in the checksum-fixed synthetic-routing-v1 review.","existing_question_gate_missing_codes_rejected"
"route_822653e803289661c0a33954","react1.r15.individual","gate","TETAHOW_1 … TETAHOW_6 (7 fields) is asked when COVIDTETR matches the stated condition","any","database_missing","","approved","mathzero","2026-08-17","PDF page 31: ASK IF COVIDTETR = 1","Machine-extracted in the group-aware second pass. The displayed evidence may contain additional administrative or eligibility conditions that require human interpretation. Approved by mathzero in the checksum-fixed synthetic-routing-v1 review.","existing_question_gate_missing_codes_rejected"
"route_830ebce56108308e5600d0d7","react1.r15.individual","gate","VACCINEFIRSTSYM is asked when VACCINEREG matches the stated condition","any","database_missing","","approved","mathzero","2026-08-17","PDF page 34: IF VACCINEREG=1","Machine-extracted candidate; requires direct human comparison with the displayed questionnaire page. Approved by mathzero in the checksum-fixed synthetic-routing-v1 review.","existing_question_gate_missing_codes_rejected"
"route_8310c8bebaaab30f6cb13909","react1.r15.individual","gate","NHSCONTACTS2 is asked when NHSCONTACTS matches the stated condition","any","database_missing","","approved","mathzero","2026-08-17","PDF page 32: IF NHSCONTACTS=1","Machine-extracted candidate; requires direct human comparison with the displayed questionnaire page. Approved by mathzero in the checksum-fixed synthetic-routing-v1 review.","existing_question_gate_missing_codes_rejected"
"route_8900fb11be64d372982d1a62","react1.r15.individual","gate","WORKHOMEREASON_1 … WORKHOMEREASON_11 (13 fields) is asked when WORKHOMEPOSS2 matches the stated condition","any","database_missing","","approved","mathzero","2026-08-17","PDF page 41: IF WORKHOMEPOSS2=1, 3","Machine-extracted in the group-aware second pass. The displayed evidence may contain additional administrative or eligibility conditions that require human interpretation. Approved by mathzero in the checksum-fixed synthetic-routing-v1 review.","existing_question_gate_missing_codes_rejected"
"route_8d67e16b4cfb611d88cc3cb4","react1.r15.individual","gate","BACKTOWORK is asked when WORKHOMEPOSS2 matches the stated condition","any","database_missing","","approved","mathzero","2026-08-17","PDF page 42: IF WORKHOMEPOSS2=1 or 3","Machine-extracted candidate; requires direct human comparison with the displayed questionnaire page. Approved by mathzero in the checksum-fixed synthetic-routing-v1 review.","existing_question_gate_missing_codes_rejected"
"route_8fd29d1fa73f5e51cf65f42a","react1.r15.individual","gate","SMOKEVAP is asked when VAPNOW matches the stated condition","any","database_missing","","approved","mathzero","2026-08-17","PDF page 50: IF VAPNOW = 2 or 3","Machine-extracted candidate; requires direct human comparison with the displayed questionnaire page. Approved by mathzero in the checksum-fixed synthetic-routing-v1 review.","existing_question_gate_missing_codes_rejected"
"route_90d209f2efc43d831132db50","react1.r15.individual","gate","SWASTATUS is asked when SWAATTEMPT matches the stated condition","any","database_missing","","approved","mathzero","2026-08-17","PDF page 25: IF SWAATTEMPT=1","Machine-extracted candidate; requires direct human comparison with the displayed questionnaire page. Approved by mathzero in the checksum-fixed synthetic-routing-v1 review.","existing_question_gate_missing_codes_rejected"
"route_9300152ccb7641547648575b","react1.r15.individual","gate","VACCINEREG is asked when VACCINE3SYM matches the stated condition","any","database_missing","","approved","mathzero","2026-08-17","PDF page 33: IF VACCINE3SYM=1","Machine-extracted candidate; requires direct human comparison with the displayed questionnaire page. Approved by mathzero in the checksum-fixed synthetic-routing-v1 review.","existing_question_gate_missing_codes_rejected"
"route_97837191cdfc07be0cac8312","react1.r15.individual","gate","INDCONFCARER is asked when INDCONF matches the stated condition","any","database_missing","","approved","mathzero","2026-08-17","PDF page 4: IF INDCONF =2 AND Mail_Grp 1","Machine-extracted candidate; requires direct human comparison with the displayed questionnaire page. Approved by mathzero in the checksum-fixed synthetic-routing-v1 review.","incomplete_context_do_not_claim_eligible"
"route_99f695ca81067e948bd83b9f","react1.r15.individual","gate","BACKTOUNI is asked when CAMPUS2 matches the stated condition","any","database_missing","","approved","mathzero","2026-08-17","PDF page 40: IF CAMPUS2=4, 5, 6, 7","Machine-extracted candidate; requires direct human comparison with the displayed questionnaire page. Approved by mathzero in the checksum-fixed synthetic-routing-v1 review.","existing_question_gate_missing_codes_rejected"
"route_9a6b6c857f773a06794ec623","react1.r15.individual","gate","QCOVIDWORK_1 … QCOVIDWORK_10 (11 fields) is asked when QISOLLEAVEREASON_1 matches the stated condition","any","database_missing","","approved","mathzero","2026-08-17","PDF page 48: ASK IF QISOLLEAVEREASON=1 AND Mail_Grp1 or (Mail_grp2 AND age 16+ ONLY and INDCONF=1]","Machine-extracted in the group-aware second pass. The displayed evidence may contain additional administrative or eligibility conditions that require human interpretation. Approved by mathzero in the checksum-fixed synthetic-routing-v1 review.","incomplete_context_do_not_claim_eligible"
"route_9d03846cf63bd9400b6f9ca9","react1.r15.individual","gate","CONTACT5 is asked when CONTACT1 matches the stated condition","any","database_missing","","approved","mathzero","2026-08-17","PDF page 25: IF CONTACT1 = 1+ AND LEAVE2=1 AND MAIL_GRP1","Machine-extracted candidate; requires direct human comparison with the displayed questionnaire page. Approved by mathzero in the checksum-fixed synthetic-routing-v1 review.","incomplete_context_do_not_claim_eligible"
"route_9e032913838ec3417b2a3f4b","react1.r15.individual","gate","COVIDCONT is asked when BACKTOWORK matches the stated condition","any","database_missing","","approved","mathzero","2026-08-17","PDF page 42: IF BACKTOWORK = 1-6 or 8 or EMPL=7","Machine-extracted in the group-aware second pass. The displayed evidence may contain additional administrative or eligibility conditions that require human interpretation. Approved by mathzero in the checksum-fixed synthetic-routing-v1 review.","existing_question_gate_missing_codes_rejected"
"route_a2267e0fa7a14769770f33f1","react1.r15.individual","gate","QUARANTINE1 is asked when ABROAD matches the stated condition","any","database_missing","","approved","mathzero","2026-08-17","PDF page 46: ASK IF ABROAD =1","Machine-extracted candidate; requires direct human comparison with the displayed questionnaire page. Approved by mathzero in the checksum-fixed synthetic-routing-v1 review.","existing_question_gate_missing_codes_rejected"
"route_a2d56ba939241c851bb5f49c","react1.r15.individual","gate","ABPREV4 is asked when ABPREV1 matches the stated condition","any","database_missing","","approved","mathzero","2026-08-17","PDF page 30: IF ABPREV1= 2 AND ABPREV3 = 2, 3 or 4","Machine-extracted in the group-aware second pass. The displayed evidence may contain additional administrative or eligibility conditions that require human interpretation. Approved by mathzero in the checksum-fixed synthetic-routing-v1 review.","existing_question_gate_missing_codes_rejected"
"route_a3d07f49df207dd120b15583","react1.r15.individual","gate","CONTACT6_1, CONTACT6_2, CONTACT6_3 is asked when CONTACT1 matches the stated condition","any","database_missing","","approved","mathzero","2026-08-17","PDF page 25: IF CONTACT1 = 1+","Machine-extracted in the group-aware second pass. The displayed evidence may contain additional administrative or eligibility conditions that require human interpretation. Approved by mathzero in the checksum-fixed synthetic-routing-v1 review.","existing_question_gate_missing_codes_rejected"
"route_ae2cc447874eef42baf3b568","react1.r15.individual","gate","VACCINETYPESYM is asked when VACCINEREG matches the stated condition","any","database_missing","","approved","mathzero","2026-08-17","PDF page 35: IF VACCINEREG=1","Machine-extracted candidate; requires direct human comparison with the displayed questionnaire page. Approved by mathzero in the checksum-fixed synthetic-routing-v1 review.","existing_question_gate_missing_codes_rejected"
"route_ae54e3ccf1a2482aff185cdc","react1.r15.individual","gate","SMOKECIGDATE_NEW is asked when SMOKECIG matches the stated condition","any","database_missing","","approved","mathzero","2026-08-17","PDF page 49: IF SMOKECIG= 1 AND SMOKENOW=2","Machine-extracted in the group-aware second pass. The displayed evidence may contain additional administrative or eligibility conditions that require human interpretation. Approved by mathzero in the checksum-fixed synthetic-routing-v1 review.","existing_question_gate_missing_codes_rejected"
"route_afa14713e924ed1598476a5c","react1.r15.individual","gate","VACCINESECONDSYM is asked when VACCDOSESYM matches the stated condition","any","database_missing","","approved","mathzero","2026-08-17","PDF page 34: IF VACCDOSESYM= 2 OR 3 OR 4","Machine-extracted candidate; requires direct human comparison with the displayed questionnaire page. Approved by mathzero in the checksum-fixed synthetic-routing-v1 review.","existing_question_gate_missing_codes_rejected"
"route_b73218fb9528119b3339ee3f","react1.r15.individual","gate","FRIDG is asked when SWASTATUS matches the stated condition","any","database_missing","","approved","mathzero","2026-08-17","PDF page 26: IF SWASTATUS = 1 or 4 (COMPLETED SWAB TEST)","Machine-extracted candidate; requires direct human comparison with the displayed questionnaire page. Approved by mathzero in the checksum-fixed synthetic-routing-v1 review.","existing_question_gate_missing_codes_rejected"
"route_bd1d92b97be3010cc9de2919","react1.r15.individual","gate","SICKPAY1 is asked when WORKHOMEPOSS2 matches the stated condition","any","database_missing","","approved","mathzero","2026-08-17","PDF page 43: IF WORKHOMEPOSS2 =1, 2 OR 3","Machine-extracted candidate; requires direct human comparison with the displayed questionnaire page. Approved by mathzero in the checksum-fixed synthetic-routing-v1 review.","existing_question_gate_missing_codes_rejected"
"route_c7c0f60d1ab3d3e65be5b87c","react1.r15.individual","gate","COVIDCONNUM is asked when COVIDCONT matches the stated condition","any","database_missing","","approved","mathzero","2026-08-17","PDF page 12: ASK IF COVIDCON=1","Machine-extracted in the group-aware second pass. The displayed evidence may contain additional administrative or eligibility conditions that require human interpretation. Approved by mathzero in the checksum-fixed synthetic-routing-v1 review.","existing_question_gate_missing_codes_rejected"
"route_cb3f82a9856c7d97e40b223b","react1.r15.individual","gate","SYMPTNOWAW_1 … SYMPTNOWAW_27 (29 fields) is asked when SYMPTANY1_1 … SYMPTANY3_10 (30 fields) matches the stated condition","any","database_missing","","approved","mathzero","2026-08-17","PDF page 8: IF ANY SELECTED AT SYMPTANY1, SYMPTANY2, SYMPTANY3","Machine-extracted in the group-aware second pass. The displayed evidence may contain additional administrative or eligibility conditions that require human interpretation. Approved by mathzero in the checksum-fixed synthetic-routing-v1 review.","existing_question_gate_missing_codes_rejected"
"route_cb8a9b92ea560ec2acbd7e75","react1.r15.individual","gate","COVIDPWP is asked when COVIDCONT matches the stated condition","any","database_missing","","approved","mathzero","2026-08-17","PDF page 13: ASK IF COVIDCON=1","Machine-extracted in the group-aware second pass. The displayed evidence may contain additional administrative or eligibility conditions that require human interpretation. Approved by mathzero in the checksum-fixed synthetic-routing-v1 review.","existing_question_gate_missing_codes_rejected"
"route_ce0e2e89235b264e71eb3bdc","react1.r15.individual","gate","PREVTESTPOS is asked when COVIDA matches the stated condition","any","database_missing","","approved","mathzero","2026-08-17","PDF page 28: IF COVIDA = 1,2 3 AND PREVTEST=1 OR 2","Machine-extracted candidate; requires direct human comparison with the displayed questionnaire page. Approved by mathzero in the checksum-fixed synthetic-routing-v1 review.","existing_question_gate_missing_codes_rejected"
"route_d0e0fe4ca09354479af8d432","react1.r15.individual","gate","COVIDCONPL_1 … COVIDCONPL_5 (6 fields) is asked when COVIDCONT matches the stated condition","any","database_missing","","approved","mathzero","2026-08-17","PDF page 12: ASK IF COVIDCON=1 AND COVIDCONNUM = 1-3","Machine-extracted in the group-aware second pass. The displayed evidence may contain additional administrative or eligibility conditions that require human interpretation. Approved by mathzero in the checksum-fixed synthetic-routing-v1 review.","existing_question_gate_missing_codes_rejected"
"route_d171a44c5b73829113abfe01","react1.r15.individual","gate","SWABDATE_NEW, SWABDATE_HOUR, SWABDATE_MIN is asked when SWASTATUS matches the stated condition","any","database_missing","","approved","mathzero","2026-08-17","PDF page 26: IF SWASTATUS = 1 or 4 (COMPLETED SWAB TEST)","Machine-extracted in the group-aware second pass. The displayed evidence may contain additional administrative or eligibility conditions that require human interpretation. Approved by mathzero in the checksum-fixed synthetic-routing-v1 review.","existing_question_gate_missing_codes_rejected"
"route_dafd0c09b573965c686209d9","react1.r15.individual","gate","INDOORNUMPEOPLE is asked when INDOOR_10 matches the stated condition","any","database_missing","","approved","mathzero","2026-08-17","PDF page 22: ASK IF INDOOR =10","Machine-extracted in the group-aware second pass. The displayed evidence may contain additional administrative or eligibility conditions that require human interpretation. Approved by mathzero in the checksum-fixed synthetic-routing-v1 review.","existing_question_gate_missing_codes_rejected"
"route_dcac0721d7e3a01d9e196939","react1.r15.individual","gate","VACCINEAPP2 is asked when VACCINEAPP1 matches the stated condition","any","database_missing","","approved","mathzero","2026-08-17","PDF page 35: IF VACCINEAPP1 =1","Machine-extracted candidate; requires direct human comparison with the displayed questionnaire page. Approved by mathzero in the checksum-fixed synthetic-routing-v1 review.","existing_question_gate_missing_codes_rejected"
"route_dd7ab3e2e2447583f507b4b0","react1.r15.individual","gate","COVIDTETW_NEW is asked when COVIDTETR matches the stated condition","any","database_missing","","approved","mathzero","2026-08-17","PDF page 31: ASK IF COVIDTETR = 1","Machine-extracted candidate; requires direct human comparison with the displayed questionnaire page. Approved by mathzero in the checksum-fixed synthetic-routing-v1 review.","existing_question_gate_missing_codes_rejected"
"route_e0350ae7c22b0832d2b2fc0a","react1.r15.individual","gate","LONGCOVIDDESC is asked when LONGCOVID1 matches the stated condition","any","database_missing","","approved","mathzero","2026-08-17","PDF page 15: IF LONGCOVID1 =1 OR 2","Machine-extracted candidate; requires direct human comparison with the displayed questionnaire page. Approved by mathzero in the checksum-fixed synthetic-routing-v1 review.","existing_question_gate_missing_codes_rejected"
"route_e18480d12a359e62fa6327b6","react1.r15.individual","gate","SMOKECIG is asked when SMOKENOW matches the stated condition","any","database_missing","","approved","mathzero","2026-08-17","PDF page 48: IF SMOKENOW = 2 or 3","Machine-extracted candidate; requires direct human comparison with the displayed questionnaire page. Approved by mathzero in the checksum-fixed synthetic-routing-v1 review.","existing_question_gate_missing_codes_rejected"
"route_e905b7326c2ebfd67147fda4","react1.r15.individual","gate","VACCDOSESYM is asked when VACCINEREG matches the stated condition","any","database_missing","","approved","mathzero","2026-08-17","PDF page 34: IF VACCINEREG=1","Machine-extracted candidate; requires direct human comparison with the displayed questionnaire page. Approved by mathzero in the checksum-fixed synthetic-routing-v1 review.","existing_question_gate_missing_codes_rejected"
"route_ead0a765a8977f7a23e7fe82","react1.r15.individual","gate","NHSCONTACTS is asked when TETAHOW_2, TETAHOW_3, TETAHOW_4 matches the stated condition","any","database_missing","","approved","mathzero","2026-08-17","PDF page 32: IF TETAHOW = 2, 3 OR 4","Machine-extracted in the group-aware second pass. The displayed evidence may contain additional administrative or eligibility conditions that require human interpretation. Approved by mathzero in the checksum-fixed synthetic-routing-v1 review.","existing_question_gate_missing_codes_rejected"
"route_ef623d190595969b634d3005","react1.r15.individual","gate","COVIDCONWP is asked when COVIDCONPL_2 matches the stated condition","any","database_missing","","approved","mathzero","2026-08-17","PDF page 13: ASK IF COVIDCONPL=2 AND MAIL_GRP1 OR MAIL_GRP2 AND INDONF-=1","Machine-extracted in the group-aware second pass. The displayed evidence may contain additional administrative or eligibility conditions that require human interpretation. Approved by mathzero in the checksum-fixed synthetic-routing-v1 review.","incomplete_context_do_not_claim_eligible"
"route_f0aaba68320525321a0ad429","react1.r15.individual","gate","VACCINETHIRDSYM is asked when VACCDOSESYM matches the stated condition","any","database_missing","","approved","mathzero","2026-08-17","PDF page 34: IF VACCDOSESYM= 3 OR 4","Machine-extracted candidate; requires direct human comparison with the displayed questionnaire page. Approved by mathzero in the checksum-fixed synthetic-routing-v1 review.","existing_question_gate_missing_codes_rejected"
"route_fcfefaeecabd722709fd1702","react1.r15.individual","gate","SMOKEVAPDATE_NEW is asked when SMOKEVAP matches the stated condition","any","database_missing","","approved","mathzero","2026-08-17","PDF page 50: IF SMOKEVAP= 1","Machine-extracted candidate; requires direct human comparison with the displayed questionnaire page. Approved by mathzero in the checksum-fixed synthetic-routing-v1 review.","existing_question_gate_missing_codes_rejected"
"route_fed061e6942300afa5ed26cd","react1.r15.individual","gate","SMOKEFIVEYEAR is asked when SMOKENOW matches the stated condition","any","database_missing","","approved","mathzero","2026-08-17","PDF page 49: IF SMOKENOW =1","Machine-extracted candidate; requires direct human comparison with the displayed questionnaire page. Approved by mathzero in the checksum-fixed synthetic-routing-v1 review.","existing_question_gate_missing_codes_rejected"
"route_08e2a58912d6d5f6f4c2aa13","react1.r15.registration","gate","NADULTS is asked when INDCONFPARENT matches the stated condition","any","database_missing","","approved","mathzero","2026-08-17","PDF page 7: IF AGED Mail_Grp=1 OR Mail_Grp=3 OR (Mail_Grp=2 INDCONFPARENT =1)","Machine-extracted candidate; requires direct human comparison with the displayed questionnaire page. Approved by mathzero in the checksum-fixed synthetic-routing-v1 review.","incomplete_context_do_not_claim_eligible"
"route_2c7f0f201ed4adb6ee33b9f7","react1.r15.registration","gate","CHILDAGE1_1 … CHILDAGE1_NA (15 fields) is asked when NCHILD1 matches the stated condition","any","database_missing","","approved","mathzero","2026-08-17","PDF page 10: IF NCHILD1 = 2+","Machine-extracted in the group-aware second pass. The displayed evidence may contain additional administrative or eligibility conditions that require human interpretation. Approved by mathzero in the checksum-fixed synthetic-routing-v1 review.","existing_question_gate_missing_codes_rejected"
"route_4478419a67fc0f81c432abbd","react1.r15.registration","gate","PARNAME is asked when PARCONS matches the stated condition","any","database_missing","","approved","mathzero","2026-08-17","PDF page 6: IF PARCONS = 1","Machine-extracted candidate; requires direct human comparison with the displayed questionnaire page. Approved by mathzero in the checksum-fixed synthetic-routing-v1 review.","existing_question_gate_missing_codes_rejected"
"route_5ca04513de3e84610f056495","react1.r15.registration","gate","WORKTYP2_1 … WORKTYP2_12 (13 fields) is asked when WORKTYP1_5, WORKTYP1_6, WORKTYP1_7 matches the stated condition","any","database_missing","","approved","mathzero","2026-08-17","PDF page 11: IF WORKTYP1= 5, 6, 7","Machine-extracted in the group-aware second pass. The displayed evidence may contain additional administrative or eligibility conditions that require human interpretation. Approved by mathzero in the checksum-fixed synthetic-routing-v1 review.","existing_question_gate_missing_codes_rejected"
"route_73abe525dba31369711afe95","react1.r15.registration","gate","ADULTAGE1_1 … ADULTAGE1_NA (11 fields) is asked when NADULTS1 matches the stated condition","any","database_missing","","approved","mathzero","2026-08-17","PDF page 8: IF NADULTS1 = 1+","Machine-extracted in the group-aware second pass. The displayed evidence may contain additional administrative or eligibility conditions that require human interpretation. Approved by mathzero in the checksum-fixed synthetic-routing-v1 review.","existing_question_gate_missing_codes_rejected"
"route_75d2409ba93f31cba3415b07","react1.r15.registration","gate","WORKSTUDYPERS2REG_1 … WORKSTUDYPERS2REG_5 (5 fields) is asked when WORKTYP4_5 … WORKTYP4_7 (4 fields) matches the stated condition","any","database_missing","","approved","mathzero","2026-08-17","PDF page 13: IF WORKTYP4 = 5 or 12 or 8 or 7","Machine-extracted in the group-aware second pass. The displayed evidence may contain additional administrative or eligibility conditions that require human interpretation. Approved by mathzero in the checksum-fixed synthetic-routing-v1 review.","existing_question_gate_missing_codes_rejected"
"route_794cff6f03d36a80d88b6e86","react1.r15.registration","gate","ADULTAGE_1 … ADULTAGE1_NA (22 fields) is asked when NADULTS matches the stated condition","any","database_missing","","approved","mathzero","2026-08-17","PDF page 7: IF NADULTS = 2+","Machine-extracted in the group-aware second pass. The displayed evidence may contain additional administrative or eligibility conditions that require human interpretation. Approved by mathzero in the checksum-fixed synthetic-routing-v1 review.","existing_question_gate_missing_codes_rejected"
"route_80c6eb251229440257cb4e7c","react1.r15.registration","gate","WORKTYP4_1 … WORKTYP4_12 (13 fields) is asked when WORKTYP3_5, WORKTYP3_6, WORKTYP3_7 matches the stated condition","any","database_missing","","approved","mathzero","2026-08-17","PDF page 13: IF WORKTYP3= 5, 6, 7","Machine-extracted in the group-aware second pass. The displayed evidence may contain additional administrative or eligibility conditions that require human interpretation. Approved by mathzero in the checksum-fixed synthetic-routing-v1 review.","existing_question_gate_missing_codes_rejected"
"route_86e913dafe998cbe1af8ac6f","react1.r15.registration","gate","VACCDOSE is asked when VACCINE3 matches the stated condition","any","database_missing","","approved","mathzero","2026-08-17","PDF page 14: IF VACCINE3 = 1","Machine-extracted candidate; requires direct human comparison with the displayed questionnaire page. Approved by mathzero in the checksum-fixed synthetic-routing-v1 review.","existing_question_gate_missing_codes_rejected"
"route_940c7f2f50e2e75bd423b8d8","react1.r15.registration","gate","VACCINESECOND is asked when VACCDOSE matches the stated condition","any","database_missing","","approved","mathzero","2026-08-17","PDF page 14: IF VACCDOSE= 2 OR 3","Machine-extracted candidate; requires direct human comparison with the displayed questionnaire page. Approved by mathzero in the checksum-fixed synthetic-routing-v1 review.","existing_question_gate_missing_codes_rejected"
"route_9a7d2456f9b04fc11db8b5da","react1.r15.registration","gate","INDCONFPARENT is asked when INDCONF matches the stated condition","any","database_missing","","approved","mathzero","2026-08-17","PDF page 4: IF INDCONF = 2 AND Mail_Grp=2","Machine-extracted candidate; requires direct human comparison with the displayed questionnaire page. Approved by mathzero in the checksum-fixed synthetic-routing-v1 review.","incomplete_context_do_not_claim_eligible"
"route_9ed5857173d90ba2edecbd16","react1.r15.registration","gate","WORKSTUDYPERS1REG_1 … WORKSTUDYPERS1REG_5 (5 fields) is asked when WORKTYP2_5 … WORKTYP2_7 (4 fields) matches the stated condition","any","database_missing","","approved","mathzero","2026-08-17","PDF page 12: IF WORKTYP2 = 5 or 12 or 8 or 7","Machine-extracted in the group-aware second pass. The displayed evidence may contain additional administrative or eligibility conditions that require human interpretation. Approved by mathzero in the checksum-fixed synthetic-routing-v1 review.","existing_question_gate_missing_codes_rejected"
"route_c7566fcd5afb09d120857d0f","react1.r15.registration","gate","VACCINEFIRST is asked when VACCINE3 matches the stated condition","any","database_missing","","approved","mathzero","2026-08-17","PDF page 14: IF VACCINE3 =1","Machine-extracted candidate; requires direct human comparison with the displayed questionnaire page. Approved by mathzero in the checksum-fixed synthetic-routing-v1 review.","existing_question_gate_missing_codes_rejected"
"route_d3edfeb706205567efe8f9dc","react1.r15.registration","gate","INDCONFCARER is asked when INDCONF matches the stated condition","any","database_missing","","approved","mathzero","2026-08-17","PDF page 4: IF INDCONF =2 AND Mail_Grp=1","Machine-extracted candidate; requires direct human comparison with the displayed questionnaire page. Approved by mathzero in the checksum-fixed synthetic-routing-v1 review.","incomplete_context_do_not_claim_eligible"
"route_df841d0a097c9b8d5ab59ba8","react1.r15.registration","gate","VACCINETHIRD is asked when VACCDOSE matches the stated condition","any","database_missing","","approved","mathzero","2026-08-17","PDF page 15: IF VACCDOSE= 3","Machine-extracted candidate; requires direct human comparison with the displayed questionnaire page. Approved by mathzero in the checksum-fixed synthetic-routing-v1 review.","existing_question_gate_missing_codes_rejected"
"route_eca3f16fd3879483da57727a","react1.r15.registration","gate","EMPLREG is asked when WORKTYP2_9 matches the stated condition","any","database_missing","","approved","mathzero","2026-08-17","PDF page 12: IF WORKTYP2 =9","Machine-extracted in the group-aware second pass. The displayed evidence may contain additional administrative or eligibility conditions that require human interpretation. Approved by mathzero in the checksum-fixed synthetic-routing-v1 review.","existing_question_gate_missing_codes_rejected"
"route_0031fa1f09e25f8e660e8ea1","react1.r16.individual","gate","VACCINEFIRSTSYM is asked when VACCINEREG matches the stated condition","any","database_missing","","approved","mathzero","2026-08-17","PDF page 34: IF VACCINEREG=1","Machine-extracted candidate; requires direct human comparison with the displayed questionnaire page. Approved by mathzero in the checksum-fixed synthetic-routing-v1 review.","existing_question_gate_missing_codes_rejected"
"route_017ce0cfecafdb4aa7be61ad","react1.r16.individual","gate","ABPREV2_NEW is asked when ABPREV1 matches the stated condition","any","database_missing","","approved","mathzero","2026-08-17","PDF page 29: IF ABPREV1 = 1 or 2","Machine-extracted candidate; requires direct human comparison with the displayed questionnaire page. Approved by mathzero in the checksum-fixed synthetic-routing-v1 review.","existing_question_gate_missing_codes_rejected"
"route_06878e3ee64582a86eb2c305","react1.r16.individual","gate","CONTACT5 is asked when CONTACT1 matches the stated condition","any","database_missing","","approved","mathzero","2026-08-17","PDF page 25: IF CONTACT1 = 1+ AND LEAVE2=1 AND MAIL_GRP1","Machine-extracted candidate; requires direct human comparison with the displayed questionnaire page. Approved by mathzero in the checksum-fixed synthetic-routing-v1 review.","incomplete_context_do_not_claim_eligible"
"route_086d162f3c2f4a65d96a5c13","react1.r16.individual","gate","NHSCONTACTS2 is asked when NHSCONTACTS matches the stated condition","any","database_missing","","approved","mathzero","2026-08-17","PDF page 32: IF NHSCONTACTS=1","Machine-extracted candidate; requires direct human comparison with the displayed questionnaire page. Approved by mathzero in the checksum-fixed synthetic-routing-v1 review.","existing_question_gate_missing_codes_rejected"
"route_0bb66ebe21407946d1a9cd15","react1.r16.individual","gate","ABPREV3 is asked when ABPREV1 matches the stated condition","any","database_missing","","approved","mathzero","2026-08-17","PDF page 30: IF ABPREV1 = 1 or 2","Machine-extracted candidate; requires direct human comparison with the displayed questionnaire page. Approved by mathzero in the checksum-fixed synthetic-routing-v1 review.","existing_question_gate_missing_codes_rejected"
"route_0c2a16ea1d3f4f10643a5b0e","react1.r16.individual","gate","SMOKEVAPDATE_NEW is asked when SMOKEVAP matches the stated condition","any","database_missing","","approved","mathzero","2026-08-17","PDF page 53: IF SMOKEVAP= 1","Machine-extracted candidate; requires direct human comparison with the displayed questionnaire page. Approved by mathzero in the checksum-fixed synthetic-routing-v1 review.","existing_question_gate_missing_codes_rejected"
"route_0e4acab81c90a80f99b633ba","react1.r16.individual","gate","COVIDCONPL_1 … COVIDCONPL_5 (6 fields) is asked when COVIDCONT matches the stated condition","any","database_missing","","approved","mathzero","2026-08-17","PDF page 12: ASK IF COVIDCON=1 AND COVIDCONNUM = 1-3","Machine-extracted in the group-aware second pass. The displayed evidence may contain additional administrative or eligibility conditions that require human interpretation. Approved by mathzero in the checksum-fixed synthetic-routing-v1 review.","existing_question_gate_missing_codes_rejected"
"route_0e73d4ad2371613696907d4c","react1.r16.individual","gate","COVIDSYM2_1 … COVIDSYM2_12 (14 fields) is asked when LONGCOVID1 matches the stated condition","any","database_missing","","approved","mathzero","2026-08-17","PDF page 15: ASK IF LONGCOVID1=1, 2","Machine-extracted in the group-aware second pass. The displayed evidence may contain additional administrative or eligibility conditions that require human interpretation. Approved by mathzero in the checksum-fixed synthetic-routing-v1 review.","existing_question_gate_missing_codes_rejected"
"route_12bc7e359a82b6d38ff9418d","react1.r16.individual","gate","QISOLLEAVE is asked when QUARANTINE1 matches the stated condition","any","database_missing","","approved","mathzero","2026-08-17","PDF page 49: ASK IF QUARANTINE1=1","Machine-extracted candidate; requires direct human comparison with the displayed questionnaire page. Approved by mathzero in the checksum-fixed synthetic-routing-v1 review.","existing_question_gate_missing_codes_rejected"
"route_15081dbb24a5c21a51f9f896","react1.r16.individual","gate","TETAHOW_1 … TETAHOW_6 (7 fields) is asked when COVIDTETR matches the stated condition","any","database_missing","","approved","mathzero","2026-08-17","PDF page 31: ASK IF COVIDTETR = 1","Machine-extracted in the group-aware second pass. The displayed evidence may contain additional administrative or eligibility conditions that require human interpretation. Approved by mathzero in the checksum-fixed synthetic-routing-v1 review.","existing_question_gate_missing_codes_rejected"
"route_156102632d9da2adb765e0f9","react1.r16.individual","gate","VACCINEAPP2 is asked when VACCINEAPP1 matches the stated condition","any","database_missing","","approved","mathzero","2026-08-17","PDF page 38: IF VACCINEAPP1 =1","Machine-extracted candidate; requires direct human comparison with the displayed questionnaire page. Approved by mathzero in the checksum-fixed synthetic-routing-v1 review.","existing_question_gate_missing_codes_rejected"
"route_1bf7e32d62c8fe83d7cd4d60","react1.r16.individual","gate","BACKTOUNI is asked when CAMPUS2 matches the stated condition","any","database_missing","","approved","mathzero","2026-08-17","PDF page 43: IF CAMPUS2=4, 5, 6, 7","Machine-extracted candidate; requires direct human comparison with the displayed questionnaire page. Approved by mathzero in the checksum-fixed synthetic-routing-v1 review.","existing_question_gate_missing_codes_rejected"
"route_24d152026b0c39f2c1d63083","react1.r16.individual","gate","LASTABROAD_NEW is asked when NUMVISIT matches the stated condition","any","database_missing","","approved","mathzero","2026-08-17","PDF page 49: IF NUMVISIT =3+","Machine-extracted candidate; requires direct human comparison with the displayed questionnaire page. Approved by mathzero in the checksum-fixed synthetic-routing-v1 review.","existing_question_gate_missing_codes_rejected"
"route_309ceaa65e1d1a24bd40945c","react1.r16.individual","gate","FRIDG is asked when SWASTATUS matches the stated condition","any","database_missing","","approved","mathzero","2026-08-17","PDF page 26: IF SWASTATUS = 1 or 4 (COMPLETED SWAB TEST)","Machine-extracted candidate; requires direct human comparison with the displayed questionnaire page. Approved by mathzero in the checksum-fixed synthetic-routing-v1 review.","existing_question_gate_missing_codes_rejected"
"route_3b93db9f4938cc38f8eb1689","react1.r16.individual","gate","CONTACT4_1 … CONTACT4_5 (5 fields) is asked when CONTACT1 matches the stated condition","any","database_missing","","approved","mathzero","2026-08-17","PDF page 24: IF CONTACT1 = 1+","Machine-extracted in the group-aware second pass. The displayed evidence may contain additional administrative or eligibility conditions that require human interpretation. Approved by mathzero in the checksum-fixed synthetic-routing-v1 review.","existing_question_gate_missing_codes_rejected"
"route_3d0078837129a2d79007a4ff","react1.r16.individual","gate","SMOKECIG is asked when SMOKENOW matches the stated condition","any","database_missing","","approved","mathzero","2026-08-17","PDF page 51: IF SMOKENOW = 2 or 3","Machine-extracted candidate; requires direct human comparison with the displayed questionnaire page. Approved by mathzero in the checksum-fixed synthetic-routing-v1 review.","existing_question_gate_missing_codes_rejected"
"route_41291e18018d6d76377aad5e","react1.r16.individual","gate","VACCINESECONDSYM is asked when VACCDOSESYM matches the stated condition","any","database_missing","","approved","mathzero","2026-08-17","PDF page 34: IF VACCDOSESYM= 2 OR 3 OR 4","Machine-extracted candidate; requires direct human comparison with the displayed questionnaire page. Approved by mathzero in the checksum-fixed synthetic-routing-v1 review.","existing_question_gate_missing_codes_rejected"
"route_419e8615755141870689e0ac","react1.r16.individual","gate","VACCRUFUSE1_1 … VACCRUFUSE1_20 (25 fields) is asked when VACCINEACCEPT matches the stated condition","any","database_missing","","approved","mathzero","2026-08-17","PDF page 39: IF VACCINEACCEPT=2 or 3 AND (Mail_Grp 2 AND INDCONF=1)","Machine-extracted in the group-aware second pass. The displayed evidence may contain additional administrative or eligibility conditions that require human interpretation. Approved by mathzero in the checksum-fixed synthetic-routing-v1 review.","incomplete_context_do_not_claim_eligible"
"route_44b75a09e7f9f8f7e019ca85","react1.r16.individual","gate","COVIDCONNUM is asked when COVIDCONT matches the stated condition","any","database_missing","","approved","mathzero","2026-08-17","PDF page 11: ASK IF COVIDCON=1","Machine-extracted in the group-aware second pass. The displayed evidence may contain additional administrative or eligibility conditions that require human interpretation. Approved by mathzero in the checksum-fixed synthetic-routing-v1 review.","existing_question_gate_missing_codes_rejected"
"route_46939c325b924070df9295cb","react1.r16.individual","gate","ABPREV5_NEW is asked when ABPREV4 matches the stated condition","any","database_missing","","approved","mathzero","2026-08-17","PDF page 30: IF ABPREV4=1","Machine-extracted candidate; requires direct human comparison with the displayed questionnaire page. Approved by mathzero in the checksum-fixed synthetic-routing-v1 review.","existing_question_gate_missing_codes_rejected"
"route_4e481eb342c3a701d6fbb3e9","react1.r16.individual","gate","FLUVACCDATE is asked when FLUVACC matches the stated condition","any","database_missing","","approved","mathzero","2026-08-17","PDF page 33: IF FLUVACC=1.","Machine-extracted candidate; requires direct human comparison with the displayed questionnaire page. Approved by mathzero in the checksum-fixed synthetic-routing-v1 review.","existing_question_gate_missing_codes_rejected"
"route_50b45fea2416f6eb405cb84d","react1.r16.individual","gate","SWASTATUS is asked when SWAATTEMPT matches the stated condition","any","database_missing","","approved","mathzero","2026-08-17","PDF page 25: IF SWAATTEMPT=1","Machine-extracted candidate; requires direct human comparison with the displayed questionnaire page. Approved by mathzero in the checksum-fixed synthetic-routing-v1 review.","existing_question_gate_missing_codes_rejected"
"route_54bbe3edbd5791fdc2b0797a","react1.r16.individual","gate","SYMPTANY2_1 … SYMPTANY2_14 (14 fields) is asked when FEELUN matches the stated condition","any","database_missing","","approved","mathzero","2026-08-17","PDF page 6: IF FEELUN =1","Machine-extracted in the group-aware second pass. The displayed evidence may contain additional administrative or eligibility conditions that require human interpretation. Approved by mathzero in the checksum-fixed synthetic-routing-v1 review.","existing_question_gate_missing_codes_rejected"
"route_553c6b1359731426fac29007","react1.r16.individual","gate","SWAHELP is asked when SWAATTEMPT matches the stated condition","any","database_missing","","approved","mathzero","2026-08-17","PDF page 27: IF SWAATTEMPT = 1 (ATTEMPTED SWAB TEST)","Machine-extracted candidate; requires direct human comparison with the displayed questionnaire page. Approved by mathzero in the checksum-fixed synthetic-routing-v1 review.","existing_question_gate_missing_codes_rejected"
"route_597df730f6ab66ebe2dbfaa5","react1.r16.individual","gate","SYMPTANY1_1 … SYMPTANY1_5 (5 fields) is asked when FEELUN matches the stated condition","any","database_missing","","approved","mathzero","2026-08-17","PDF page 5: IF FEELUN =1 ","Machine-extracted in the group-aware second pass. The displayed evidence may contain additional administrative or eligibility conditions that require human interpretation. Approved by mathzero in the checksum-fixed synthetic-routing-v1 review.","existing_question_gate_missing_codes_rejected"
"route_5c87da055a7390d23bc12278","react1.r16.individual","gate","SICKPAY3 is asked when EMPL matches the stated condition","any","database_missing","","approved","mathzero","2026-08-17","PDF page 46: IF EMPL = 1, 2, 3","Machine-extracted candidate; requires direct human comparison with the displayed questionnaire page. Approved by mathzero in the checksum-fixed synthetic-routing-v1 review.","existing_question_gate_missing_codes_rejected"
"route_6031f1a3e799be50f07d8aab","react1.r16.individual","gate","LONGCOVID1 is asked when COVIDA matches the stated condition","any","database_missing","","approved","mathzero","2026-08-17","PDF page 14: IF COVIDA=1, 2, 3","Machine-extracted candidate; requires direct human comparison with the displayed questionnaire page. Approved by mathzero in the checksum-fixed synthetic-routing-v1 review.","existing_question_gate_missing_codes_rejected"
"route_60acd32daee5483ce7f366a0","react1.r16.individual","gate","COVIDCONT is asked when BACKTOWORK matches the stated condition","any","database_missing","","approved","mathzero","2026-08-17","PDF page 45: IF BACKTOWORK = 1-6 or 8 or EMPL=7 ","Machine-extracted in the group-aware second pass. The displayed evidence may contain additional administrative or eligibility conditions that require human interpretation. Approved by mathzero in the checksum-fixed synthetic-routing-v1 review.","existing_question_gate_missing_codes_rejected"
"route_62695897c992143241074119","react1.r16.individual","gate","NHSCONTACTS is asked when TETAHOW_2, TETAHOW_3, TETAHOW_4 matches the stated condition","any","database_missing","","approved","mathzero","2026-08-17","PDF page 32: IF TETAHOW = 2, 3 OR 4","Machine-extracted in the group-aware second pass. The displayed evidence may contain additional administrative or eligibility conditions that require human interpretation. Approved by mathzero in the checksum-fixed synthetic-routing-v1 review.","existing_question_gate_missing_codes_rejected"
"route_645d7ac3960520835f0a093a","react1.r16.individual","gate","BACKTOWORK2 is asked when BACKTOWORK matches the stated condition","any","database_missing","","approved","mathzero","2026-08-17","PDF page 45: IF BACKTOWORK = 1-6 or 8","Machine-extracted candidate; requires direct human comparison with the displayed questionnaire page. Approved by mathzero in the checksum-fixed synthetic-routing-v1 review.","existing_question_gate_missing_codes_rejected"
"route_66500666ea7438b3881739b9","react1.r16.individual","gate","KINDMED_1 … KINDMED_TXT (11 fields) is asked when SEEKMED matches the stated condition","any","database_missing","","approved","mathzero","2026-08-17","PDF page 10: IF SEEKMED = 1","Machine-extracted in the group-aware second pass. The displayed evidence may contain additional administrative or eligibility conditions that require human interpretation. Approved by mathzero in the checksum-fixed synthetic-routing-v1 review.","existing_question_gate_missing_codes_rejected"
"route_6f76e51eaa30665206cf9264","react1.r16.individual","gate","VACCRUFUSE2_1 … VACCRUFUSE2_20 (25 fields) is asked when VACCINEAPP2 matches the stated condition","any","database_missing","","approved","mathzero","2026-08-17","PDF page 40: VACCINEAPP2 =2 AND (Mail_Grp 1 OR (Mail_Grp 2 AND INDCONF=1))","Machine-extracted in the group-aware second pass. The displayed evidence may contain additional administrative or eligibility conditions that require human interpretation. Approved by mathzero in the checksum-fixed synthetic-routing-v1 review.","incomplete_context_do_not_claim_eligible"
"route_6f8f9579bdfb5cf626d384b3","react1.r16.individual","gate","QUARANTINE1 is asked when ABROAD matches the stated condition","any","database_missing","","approved","mathzero","2026-08-17","PDF page 49: ASK IF ABROAD =1","Machine-extracted candidate; requires direct human comparison with the displayed questionnaire page. Approved by mathzero in the checksum-fixed synthetic-routing-v1 review.","existing_question_gate_missing_codes_rejected"
"route_73735bed6b8380e451497054","react1.r16.individual","gate","WORKHOMEPOSS2 is asked when WORKHOME matches the stated condition","any","database_missing","","approved","mathzero","2026-08-17","PDF page 43: IF WORKHOME =2","Machine-extracted candidate; requires direct human comparison with the displayed questionnaire page. Approved by mathzero in the checksum-fixed synthetic-routing-v1 review.","existing_question_gate_missing_codes_rejected"
"route_75b39e792b026a2afae30f83","react1.r16.individual","gate","ABPREV4 is asked when ABPREV1 matches the stated condition","any","database_missing","","approved","mathzero","2026-08-17","PDF page 30: IF ABPREV1= 2 AND ABPREV3 = 2, 3 or 4","Machine-extracted in the group-aware second pass. The displayed evidence may contain additional administrative or eligibility conditions that require human interpretation. Approved by mathzero in the checksum-fixed synthetic-routing-v1 review.","existing_question_gate_missing_codes_rejected"
"route_76e005ac31018b6d9e68daa9","react1.r16.individual","gate","BACKTOWORK is asked when WORKHOMEPOSS2 matches the stated condition","any","database_missing","","approved","mathzero","2026-08-17","PDF page 44: IF WORKHOMEPOSS2=1 or 3","Machine-extracted candidate; requires direct human comparison with the displayed questionnaire page. Approved by mathzero in the checksum-fixed synthetic-routing-v1 review.","existing_question_gate_missing_codes_rejected"
"route_7c6d5051760c1d936c66898b","react1.r16.individual","gate","COVIDB_NEW, COVIDB_NEW_PNTA is asked when COVIDA matches the stated condition","any","database_missing","","approved","mathzero","2026-08-17","PDF page 14: IF COVIDA = 1, 2 or 3","Machine-extracted in the group-aware second pass. The displayed evidence may contain additional administrative or eligibility conditions that require human interpretation. Approved by mathzero in the checksum-fixed synthetic-routing-v1 review.","existing_question_gate_missing_codes_rejected"
"route_7d235b2903999e548a6daf2a","react1.r16.individual","gate","WORKHOME is asked when EMPL matches the stated condition","any","database_missing","","approved","mathzero","2026-08-17","PDF page 43: IF EMPL = 1, 2, 3","Machine-extracted candidate; requires direct human comparison with the displayed questionnaire page. Approved by mathzero in the checksum-fixed synthetic-routing-v1 review.","existing_question_gate_missing_codes_rejected"
"route_82a6f1c6a832fbcd9f6322b6","react1.r16.individual","gate","LONGCOVIDACTIV is asked when LONGCOVID1 matches the stated condition","any","database_missing","","approved","mathzero","2026-08-17","PDF page 17: IF LONGCOVID1 =1 OR 2 LONGCOVIDACTIV","Machine-extracted in the group-aware second pass. The displayed evidence may contain additional administrative or eligibility conditions that require human interpretation. Approved by mathzero in the checksum-fixed synthetic-routing-v1 review.","existing_question_gate_missing_codes_rejected"
"route_84b546d0eda9d7219c1fbc45","react1.r16.individual","gate","CAMPUS2 is asked when EMPL matches the stated condition","any","database_missing","","approved","mathzero","2026-08-17","PDF page 43: IF MAIL_GRP1 AND EMPL = 7","Machine-extracted candidate; requires direct human comparison with the displayed questionnaire page. Approved by mathzero in the checksum-fixed synthetic-routing-v1 review.","incomplete_context_do_not_claim_eligible"
"route_8b9112e94ef9794e59cf3383","react1.r16.individual","gate","INDCONFPARENT is asked when INDCONF matches the stated condition","any","database_missing","","approved","mathzero","2026-08-17","PDF page 4: IF INDCONF = 2 AND Mail_Grp 2","Machine-extracted candidate; requires direct human comparison with the displayed questionnaire page. Approved by mathzero in the checksum-fixed synthetic-routing-v1 review.","incomplete_context_do_not_claim_eligible"
"route_8c422622003f7e8c7ee4c6ad","react1.r16.individual","gate","LONGCOVIDMED_1 … LONGCOVIDMED_10 (13 fields) is asked when LONGCOVID1 matches the stated condition","any","database_missing","","approved","mathzero","2026-08-17","PDF page 18: IF LONGCOVID1 =1 OR 2 LONGCOVIDMED","Machine-extracted in the group-aware second pass. The displayed evidence may contain additional administrative or eligibility conditions that require human interpretation. Approved by mathzero in the checksum-fixed synthetic-routing-v1 review.","existing_question_gate_missing_codes_rejected"
"route_8d4cc32549c349e00364d210","react1.r16.individual","gate","LONGCOVID2_21 … LONGCOVID2_25 (12 fields) is asked when LONGCOVID1 matches the stated condition","any","database_missing","","approved","mathzero","2026-08-17","PDF page 15: IF LONGCOVID1=1, 2","Machine-extracted in the group-aware second pass. The displayed evidence may contain additional administrative or eligibility conditions that require human interpretation. Approved by mathzero in the checksum-fixed synthetic-routing-v1 review.","existing_question_gate_missing_codes_rejected"
"route_8ef72d583bff17ad231bdf91","react1.r16.individual","gate","COVIDCONHH is asked when COVIDCONPL_1 matches the stated condition","any","database_missing","","approved","mathzero","2026-08-17","PDF page 12: ASK IF COVIDCONPL=1","Machine-extracted in the group-aware second pass. The displayed evidence may contain additional administrative or eligibility conditions that require human interpretation. Approved by mathzero in the checksum-fixed synthetic-routing-v1 review.","existing_question_gate_missing_codes_rejected"
"route_909142651edcb40450067e6b","react1.r16.individual","gate","SWABTIME_PNTA is asked when SWASTATUS matches the stated condition","any","database_missing","","approved","mathzero","2026-08-17","PDF page 26: IF SWASTATUS = 1 or 4 (COMPLETED SWAB TEST)","Machine-extracted candidate; requires direct human comparison with the displayed questionnaire page. Approved by mathzero in the checksum-fixed synthetic-routing-v1 review.","existing_question_gate_missing_codes_rejected"
"route_9b3ac05c0bd889399df8f9c0","react1.r16.individual","gate","COVIDSYM3_1 … COVIDSYM3_11 (12 fields) is asked when LONGCOVID1 matches the stated condition","any","database_missing","","approved","mathzero","2026-08-17","PDF page 16: ASK IF LONGCOVID1=1, 2","Machine-extracted in the group-aware second pass. The displayed evidence may contain additional administrative or eligibility conditions that require human interpretation. Approved by mathzero in the checksum-fixed synthetic-routing-v1 review.","existing_question_gate_missing_codes_rejected"
"route_9f6e640ca5f76c408d5132b0","react1.r16.individual","gate","SMOKEFIVEYEAR is asked when SMOKENOW matches the stated condition","any","database_missing","","approved","mathzero","2026-08-17","PDF page 52: IF SMOKENOW =1","Machine-extracted candidate; requires direct human comparison with the displayed questionnaire page. Approved by mathzero in the checksum-fixed synthetic-routing-v1 review.","existing_question_gate_missing_codes_rejected"
"route_a2c9bd00e6a379334e5d213a","react1.r16.individual","gate","COUNTRYVISIT1, COUNTRYVISIT2 is asked when ABROAD matches the stated condition","any","database_missing","","approved","mathzero","2026-08-17","PDF page 47: IF ABROAD = 1","Machine-extracted in the group-aware second pass. The displayed evidence may contain additional administrative or eligibility conditions that require human interpretation. Approved by mathzero in the checksum-fixed synthetic-routing-v1 review.","existing_question_gate_missing_codes_rejected"
"route_a5e7fba30ed1546241c16887","react1.r16.individual","gate","SMOKECIGDATE_NEW is asked when SMOKECIG matches the stated condition","any","database_missing","","approved","mathzero","2026-08-17","PDF page 52: IF SMOKECIG= 1 AND SMOKENOW=2 ","Machine-extracted in the group-aware second pass. The displayed evidence may contain additional administrative or eligibility conditions that require human interpretation. Approved by mathzero in the checksum-fixed synthetic-routing-v1 review.","existing_question_gate_missing_codes_rejected"
"route_a6ff34acdec38b43eb0cc6a4","react1.r16.individual","gate","VACCINETHIRDSYM is asked when VACCDOSESYM matches the stated condition","any","database_missing","","approved","mathzero","2026-08-17","PDF page 35: IF VACCDOSESYM= 3 OR 4","Machine-extracted candidate; requires direct human comparison with the displayed questionnaire page. Approved by mathzero in the checksum-fixed synthetic-routing-v1 review.","existing_question_gate_missing_codes_rejected"
"route_aa1c29604b5e058597cec7ea","react1.r16.individual","gate","CONTACT6_1, CONTACT6_2, CONTACT6_3 is asked when CONTACT1 matches the stated condition","any","database_missing","","approved","mathzero","2026-08-17","PDF page 25: IF CONTACT1 = 1+","Machine-extracted in the group-aware second pass. The displayed evidence may contain additional administrative or eligibility conditions that require human interpretation. Approved by mathzero in the checksum-fixed synthetic-routing-v1 review.","existing_question_gate_missing_codes_rejected"
"route_ad739d1fb863fdd413426b64","react1.r16.individual","gate","LFTREPORT is asked when PREVTEST_2 matches the stated condition","any","database_missing","","approved","mathzero","2026-08-17","PDF page 29: IF PREVTEST=2 ","Machine-extracted in the group-aware second pass. The displayed evidence may contain additional administrative or eligibility conditions that require human interpretation. Approved by mathzero in the checksum-fixed synthetic-routing-v1 review.","existing_question_gate_missing_codes_rejected"
"route_adbd5add0159816ef60b2d6e","react1.r16.individual","gate","SWABDATE_NEW, SWABDATE_HOUR, SWABDATE_MIN is asked when SWASTATUS matches the stated condition","any","database_missing","","approved","mathzero","2026-08-17","PDF page 26: IF SWASTATUS = 1 or 4 (COMPLETED SWAB TEST)","Machine-extracted in the group-aware second pass. The displayed evidence may contain additional administrative or eligibility conditions that require human interpretation. Approved by mathzero in the checksum-fixed synthetic-routing-v1 review.","existing_question_gate_missing_codes_rejected"
"route_ae646d24bfca2ab6faac0697","react1.r16.individual","gate","OUTDOORNUMPEOPLE is asked when OUTDOOR_6 matches the stated condition","any","database_missing","","approved","mathzero","2026-08-17","PDF page 23: IF OUTDOOR=6","Machine-extracted in the group-aware second pass. The displayed evidence may contain additional administrative or eligibility conditions that require human interpretation. Approved by mathzero in the checksum-fixed synthetic-routing-v1 review.","existing_question_gate_missing_codes_rejected"
"route_b491799deed4825a01800701","react1.r16.individual","gate","LONGCOVIDDESC is asked when LONGCOVID1 matches the stated condition","any","database_missing","","approved","mathzero","2026-08-17","PDF page 14: IF LONGCOVID1 =1 OR 2","Machine-extracted candidate; requires direct human comparison with the displayed questionnaire page. Approved by mathzero in the checksum-fixed synthetic-routing-v1 review.","existing_question_gate_missing_codes_rejected"
"route_bb1822bd55f9c312252be0a9","react1.r16.individual","gate","COVIDCONSS_1 … COVIDCONSS_6 (6 fields) is asked when COVIDCONPL_4 matches the stated condition","any","database_missing","","approved","mathzero","2026-08-17","PDF page 13: ASK IF COVIDCONPL=4","Machine-extracted in the group-aware second pass. The displayed evidence may contain additional administrative or eligibility conditions that require human interpretation. Approved by mathzero in the checksum-fixed synthetic-routing-v1 review.","existing_question_gate_missing_codes_rejected"
"route_c0d32743cb43608dda386494","react1.r16.individual","gate","QCOVIDWORK_1 … QCOVIDWORK_10 (11 fields) is asked when QISOLLEAVEREASON_1 matches the stated condition","any","database_missing","","approved","mathzero","2026-08-17","PDF page 51: ASK IF QISOLLEAVEREASON=1 AND Mail_Grp1 or (Mail_grp2 AND age 16+ ONLY and INDCONF=1]","Machine-extracted in the group-aware second pass. The displayed evidence may contain additional administrative or eligibility conditions that require human interpretation. Approved by mathzero in the checksum-fixed synthetic-routing-v1 review.","incomplete_context_do_not_claim_eligible"
"route_c280d1a19795ca43487c4b1a","react1.r16.individual","gate","LONGCOVIDABILITY is asked when LONGCOVID1 matches the stated condition","any","database_missing","","approved","mathzero","2026-08-17","PDF page 17: IF LONGCOVID1 =1 OR 2 LONGCOVIDABILITY","Machine-extracted in the group-aware second pass. The displayed evidence may contain additional administrative or eligibility conditions that require human interpretation. Approved by mathzero in the checksum-fixed synthetic-routing-v1 review.","existing_question_gate_missing_codes_rejected"
"route_c2a14249ac605848d51523c6","react1.r16.individual","gate","SWABDATEPOST is asked when SWASTATUS matches the stated condition","any","database_missing","","approved","mathzero","2026-08-17","PDF page 26: IF SWASTATUS = 1 (COMPLETED SWAB TEST)","Machine-extracted candidate; requires direct human comparison with the displayed questionnaire page. Approved by mathzero in the checksum-fixed synthetic-routing-v1 review.","existing_question_gate_missing_codes_rejected"
"route_c53c11e76849474f31414d05","react1.r16.individual","gate","SICKPAY1 is asked when WORKHOMEPOSS2 matches the stated condition","any","database_missing","","approved","mathzero","2026-08-17","PDF page 45: IF WORKHOMEPOSS2 =1, 2 OR 3","Machine-extracted candidate; requires direct human comparison with the displayed questionnaire page. Approved by mathzero in the checksum-fixed synthetic-routing-v1 review.","existing_question_gate_missing_codes_rejected"
"route_c574d649e2bcddd8385351d1","react1.r16.individual","gate","VACCDOSESYM is asked when VACCINEREG matches the stated condition","any","database_missing","","approved","mathzero","2026-08-17","PDF page 34: IF VACCINEREG=1","Machine-extracted candidate; requires direct human comparison with the displayed questionnaire page. Approved by mathzero in the checksum-fixed synthetic-routing-v1 review.","existing_question_gate_missing_codes_rejected"
"route_c6f4d565c8faa02b73eef4b0","react1.r16.individual","gate","COVIDCONWP is asked when COVIDCONPL_2 matches the stated condition","any","database_missing","","approved","mathzero","2026-08-17","PDF page 12: ASK IF COVIDCONPL=2 AND MAIL_GRP1 OR MAIL_GRP2 AND INDONF-=1","Machine-extracted in the group-aware second pass. The displayed evidence may contain additional administrative or eligibility conditions that require human interpretation. Approved by mathzero in the checksum-fixed synthetic-routing-v1 review.","incomplete_context_do_not_claim_eligible"
"route_c734f8e86a86405950bf43ef","react1.r16.individual","gate","LONGINTERMIT is asked when LONGCOVID1 matches the stated condition","any","database_missing","","approved","mathzero","2026-08-17","PDF page 17: IF LONGCOVID1 =1 OR 2","Machine-extracted candidate; requires direct human comparison with the displayed questionnaire page. Approved by mathzero in the checksum-fixed synthetic-routing-v1 review.","existing_question_gate_missing_codes_rejected"
"route_c754850ddfac22bbebf8e180","react1.r16.individual","gate","VACCINEAPP1 is asked when VACCINE3SYM matches the stated condition","any","database_missing","","approved","mathzero","2026-08-17","PDF page 37: IF VACCINE3SYM = 2 or 3 AND (MAIL_GRP2 AND INDCONF=1).","Machine-extracted in the group-aware second pass. The displayed evidence may contain additional administrative or eligibility conditions that require human interpretation. Approved by mathzero in the checksum-fixed synthetic-routing-v1 review.","incomplete_context_do_not_claim_eligible"
"route_cd1df4dcf26e8ca0a9288cd9","react1.r16.individual","gate","INDOORNUMPEOPLE is asked when INDOOR_10 matches the stated condition","any","database_missing","","approved","mathzero","2026-08-17","PDF page 22: ASK IF INDOOR =10INDOORNUMPEOPLE","Machine-extracted in the group-aware second pass. The displayed evidence may contain additional administrative or eligibility conditions that require human interpretation. Approved by mathzero in the checksum-fixed synthetic-routing-v1 review.","existing_question_gate_missing_codes_rejected"
"route_cfc7fd187b76f8585bd2041e","react1.r16.individual","gate","SYMPTNOWAW_1 … SYMPTNOWAW_27 (29 fields) is asked when SYMPTANY1_1 … SYMPTANY3_1 (30 fields) matches the stated condition","any","database_missing","","approved","mathzero","2026-08-17","PDF page 8: IF ANY SELECTED AT SYMPTANY1, SYMPTANY2, SYMPTANY3","Machine-extracted in the group-aware second pass. The displayed evidence may contain additional administrative or eligibility conditions that require human interpretation. Approved by mathzero in the checksum-fixed synthetic-routing-v1 review.","existing_question_gate_missing_codes_rejected"
"route_d080fd7ddaffc4a68a5f97c4","react1.r16.individual","gate","WORKHOMEREASON_1 … WORKHOMEREASON_11 (13 fields) is asked when WORKHOMEPOSS2 matches the stated condition","any","database_missing","","approved","mathzero","2026-08-17","PDF page 44: IF WORKHOMEPOSS2=1, 3","Machine-extracted in the group-aware second pass. The displayed evidence may contain additional administrative or eligibility conditions that require human interpretation. Approved by mathzero in the checksum-fixed synthetic-routing-v1 review.","existing_question_gate_missing_codes_rejected"
"route_d2fc782dd2cf5fc11a49c855","react1.r16.individual","gate","VACCINEACCEPT is asked when VACCINEAPP1 matches the stated condition","any","database_missing","","approved","mathzero","2026-08-17","PDF page 38: IF VACCINEAPP1 =2, 3 or 4","Machine-extracted candidate; requires direct human comparison with the displayed questionnaire page. Approved by mathzero in the checksum-fixed synthetic-routing-v1 review.","existing_question_gate_missing_codes_rejected"
"route_d4f10a7dc331c1abf5a60cee","react1.r16.individual","gate","SYMPTANY3_2 … SYMPTANY3_1 (11 fields) is asked when FEELUN matches the stated condition","any","database_missing","","approved","mathzero","2026-08-17","PDF page 7: IF FEELUN =1","Machine-extracted in the group-aware second pass. The displayed evidence may contain additional administrative or eligibility conditions that require human interpretation. Approved by mathzero in the checksum-fixed synthetic-routing-v1 review.","existing_question_gate_missing_codes_rejected"
"route_d6b542c351b5705dd36ef326","react1.r16.individual","gate","COVIDTETW_NEW is asked when COVIDTETR matches the stated condition","any","database_missing","","approved","mathzero","2026-08-17","PDF page 31: ASK IF COVIDTETR = 1","Machine-extracted candidate; requires direct human comparison with the displayed questionnaire page. Approved by mathzero in the checksum-fixed synthetic-routing-v1 review.","existing_question_gate_missing_codes_rejected"
"route_d78ac38dcb0078cf498da8c8","react1.r16.individual","gate","VACCINEREG is asked when VACCINE3SYM matches the stated condition","any","database_missing","","approved","mathzero","2026-08-17","PDF page 34: IF VACCINE3SYM=1","Machine-extracted candidate; requires direct human comparison with the displayed questionnaire page. Approved by mathzero in the checksum-fixed synthetic-routing-v1 review.","existing_question_gate_missing_codes_rejected"
"route_db5d74e859e8bbdd20f0b4ec","react1.r16.individual","gate","PREVTESTPOS is asked when COVIDA matches the stated condition","any","database_missing","","approved","mathzero","2026-08-17","PDF page 28: IF COVIDA = 1,2 3 AND PREVTEST=1 OR 2","Machine-extracted candidate; requires direct human comparison with the displayed questionnaire page. Approved by mathzero in the checksum-fixed synthetic-routing-v1 review.","existing_question_gate_missing_codes_rejected"
"route_df06020374319d776ded0e5f","react1.r16.individual","gate","BOOSTERACCEPT is asked when BOOSTERDEC matches the stated condition","any","database_missing","","approved","mathzero","2026-08-17","PDF page 36: IF BOOSTERDEC =2, 3 or 4","Machine-extracted candidate; requires direct human comparison with the displayed questionnaire page. Approved by mathzero in the checksum-fixed synthetic-routing-v1 review.","existing_question_gate_missing_codes_rejected"
"route_e154a40806339d28658175a2","react1.r16.individual","gate","SICKPAY2 is asked when EMPL matches the stated condition","any","database_missing","","approved","mathzero","2026-08-17","PDF page 45: IF EMPL = 1, 2, 3","Machine-extracted candidate; requires direct human comparison with the displayed questionnaire page. Approved by mathzero in the checksum-fixed synthetic-routing-v1 review.","existing_question_gate_missing_codes_rejected"
"route_e50ef83b1e77bcb49d6d6174","react1.r16.individual","gate","CURRENTSYM is asked when SYMPTST matches the stated condition","any","database_missing","","approved","mathzero","2026-08-17","PDF page 9: ASK IF SYMPTST = 11 OR 12 or SYMPTFIRST = Don’t know =1","Machine-extracted candidate; requires direct human comparison with the displayed questionnaire page. Approved by mathzero in the checksum-fixed synthetic-routing-v1 review.","existing_question_gate_missing_codes_rejected"
"route_e89e8bbb50f36375639fd50d","react1.r16.individual","gate","BOOSTERBARRIERS_1 … BOOSTERBARRIERS_24 (25 fields) is asked when BOOSTERDEC matches the stated condition","any","database_missing","","approved","mathzero","2026-08-17","PDF page 37: IF BOOSTERDEC =2","Machine-extracted in the group-aware second pass. The displayed evidence may contain additional administrative or eligibility conditions that require human interpretation. Approved by mathzero in the checksum-fixed synthetic-routing-v1 review.","existing_question_gate_missing_codes_rejected"
"route_ea5c8799673f9d696d844574","react1.r16.individual","gate","QISOLLEAVEREASON_1 … QISOLLEAVEREASON_16 (19 fields) is asked when QISOLLEAVE matches the stated condition","any","database_missing","","approved","mathzero","2026-08-17","PDF page 50: ASK IF QISOLLEAVE = 1","Machine-extracted in the group-aware second pass. The displayed evidence may contain additional administrative or eligibility conditions that require human interpretation. Approved by mathzero in the checksum-fixed synthetic-routing-v1 review.","existing_question_gate_missing_codes_rejected"
"route_eb4c50604592bb560e149c07","react1.r16.individual","gate","COVIDPWP is asked when COVIDCONT matches the stated condition","any","database_missing","","approved","mathzero","2026-08-17","PDF page 13: ASK IF COVIDCON=1","Machine-extracted in the group-aware second pass. The displayed evidence may contain additional administrative or eligibility conditions that require human interpretation. Approved by mathzero in the checksum-fixed synthetic-routing-v1 review.","existing_question_gate_missing_codes_rejected"
"route_ed6067b9f60e0154921ef5a7","react1.r16.individual","gate","BOOSTERDEC is asked when BOOSTERHAD matches the stated condition","any","database_missing","","approved","mathzero","2026-08-17","PDF page 36: ASK IF BOOSTERHAD = 2 or 3","Machine-extracted candidate; requires direct human comparison with the displayed questionnaire page. Approved by mathzero in the checksum-fixed synthetic-routing-v1 review.","existing_question_gate_missing_codes_rejected"
"route_f10790cabdfe46fed4399163","react1.r16.individual","gate","EDTYPE is asked when EMPL matches the stated condition","any","database_missing","","approved","mathzero","2026-08-17","PDF page 42: IF MAIL_GRP1 AND EMPL = 7","Machine-extracted candidate; requires direct human comparison with the displayed questionnaire page. Approved by mathzero in the checksum-fixed synthetic-routing-v1 review.","incomplete_context_do_not_claim_eligible"
"route_f38f448a030ca46b469b8afe","react1.r16.individual","gate","SMOKEVAP is asked when VAPNOW matches the stated condition","any","database_missing","","approved","mathzero","2026-08-17","PDF page 53: IF VAPNOW = 2 or 3","Machine-extracted candidate; requires direct human comparison with the displayed questionnaire page. Approved by mathzero in the checksum-fixed synthetic-routing-v1 review.","existing_question_gate_missing_codes_rejected"
"route_f54eb97073ea11c61a04d500","react1.r16.individual","gate","BOOSTERHAD is asked when VACCINE3SYM matches the stated condition","any","database_missing","","approved","mathzero","2026-08-17","PDF page 35: ASK IF VACCINE3SYM=1 AND VACCINEREG =2 ","Machine-extracted in the group-aware second pass. The displayed evidence may contain additional administrative or eligibility conditions that require human interpretation. Approved by mathzero in the checksum-fixed synthetic-routing-v1 review.","existing_question_gate_missing_codes_rejected"
"route_f5c14cfd3c9e6b2d856843ed","react1.r16.individual","gate","INDCONFCARER is asked when INDCONF matches the stated condition","any","database_missing","","approved","mathzero","2026-08-17","PDF page 4: IF INDCONF =2 AND Mail_Grp 1","Machine-extracted candidate; requires direct human comparison with the displayed questionnaire page. Approved by mathzero in the checksum-fixed synthetic-routing-v1 review.","incomplete_context_do_not_claim_eligible"
"route_feb46ef6adb4d38e599d0234","react1.r16.individual","gate","VACCINETYPESYM is asked when VACCINEREG matches the stated condition","any","database_missing","","approved","mathzero","2026-08-17","PDF page 35: IF VACCINEREG=1","Machine-extracted candidate; requires direct human comparison with the displayed questionnaire page. Approved by mathzero in the checksum-fixed synthetic-routing-v1 review.","existing_question_gate_missing_codes_rejected"
"route_06d5aecfa85409f4483ce2bb","react1.r16.registration","gate","EMPLREG is asked when WORKTYP2_9 matches the stated condition","any","database_missing","","approved","mathzero","2026-08-17","PDF page 10: IF WORKTYP2 =9","Machine-extracted in the group-aware second pass. The displayed evidence may contain additional administrative or eligibility conditions that require human interpretation. Approved by mathzero in the checksum-fixed synthetic-routing-v1 review.","existing_question_gate_missing_codes_rejected"
"route_20188e1d6857d2c98c776896","react1.r16.registration","gate","NADULTS is asked when INDCONFPARENT matches the stated condition","any","database_missing","","approved","mathzero","2026-08-17","PDF page 6: IF AGED Mail_Grp=1 OR Mail_Grp=3 OR (Mail_Grp=2 INDCONFPARENT =1)","Machine-extracted candidate; requires direct human comparison with the displayed questionnaire page. Approved by mathzero in the checksum-fixed synthetic-routing-v1 review.","incomplete_context_do_not_claim_eligible"
"route_2293196fe7656bb0befcd476","react1.r16.registration","gate","WORKTYP2_1 … WORKTYP2_12 (13 fields) is asked when WORKTYP1_5, WORKTYP1_6, WORKTYP1_7 matches the stated condition","any","database_missing","","approved","mathzero","2026-08-17","PDF page 10: IF WORKTYP1= 5, 6, 7","Machine-extracted in the group-aware second pass. The displayed evidence may contain additional administrative or eligibility conditions that require human interpretation. Approved by mathzero in the checksum-fixed synthetic-routing-v1 review.","existing_question_gate_missing_codes_rejected"
"route_2b3a3ec2185579fe83a8a463","react1.r16.registration","gate","VACCINEFIRST is asked when VACCINE3 matches the stated condition","any","database_missing","","approved","mathzero","2026-08-17","PDF page 13: IF VACCINE3 =1","Machine-extracted candidate; requires direct human comparison with the displayed questionnaire page. Approved by mathzero in the checksum-fixed synthetic-routing-v1 review.","existing_question_gate_missing_codes_rejected"
"route_31623282a507f46d9a91d189","react1.r16.registration","gate","VACCINETHIRD is asked when VACCDOSE matches the stated condition","any","database_missing","","approved","mathzero","2026-08-17","PDF page 13: IF VACCDOSE= 3","Machine-extracted candidate; requires direct human comparison with the displayed questionnaire page. Approved by mathzero in the checksum-fixed synthetic-routing-v1 review.","existing_question_gate_missing_codes_rejected"
"route_3163fa8a5fb1616f9daa821c","react1.r16.registration","gate","PARNAME is asked when PARCONS matches the stated condition","any","database_missing","","approved","mathzero","2026-08-17","PDF page 5: IF PARCONS = 1","Machine-extracted candidate; requires direct human comparison with the displayed questionnaire page. Approved by mathzero in the checksum-fixed synthetic-routing-v1 review.","existing_question_gate_missing_codes_rejected"
"route_3cf80845e6f040fe453f42f6","react1.r16.registration","gate","WORKTYP4_1 … WORKTYP4_12 (13 fields) is asked when WORKTYP3_5, WORKTYP3_6, WORKTYP3_7 matches the stated condition","any","database_missing","","approved","mathzero","2026-08-17","PDF page 11: IF WORKTYP3= 5, 6, 7","Machine-extracted in the group-aware second pass. The displayed evidence may contain additional administrative or eligibility conditions that require human interpretation. Approved by mathzero in the checksum-fixed synthetic-routing-v1 review.","existing_question_gate_missing_codes_rejected"
"route_55b26331fdf328b2bace4bfb","react1.r16.registration","gate","WORKSTUDYPERS2REG_1 … WORKSTUDYPERS2REG_5 (5 fields) is asked when WORKTYP4_5 … WORKTYP4_7 (4 fields) matches the stated condition","any","database_missing","","approved","mathzero","2026-08-17","PDF page 12: IF WORKTYP4 = 5 or 12 or 8 or 7 ","Machine-extracted in the group-aware second pass. The displayed evidence may contain additional administrative or eligibility conditions that require human interpretation. Approved by mathzero in the checksum-fixed synthetic-routing-v1 review.","existing_question_gate_missing_codes_rejected"
"route_66b8df095401b9a74d959374","react1.r16.registration","gate","INDCONFPARENT is asked when INDCONF matches the stated condition","any","database_missing","","approved","mathzero","2026-08-17","PDF page 3: IF INDCONF = 2 AND Mail_Grp=2","Machine-extracted candidate; requires direct human comparison with the displayed questionnaire page. Approved by mathzero in the checksum-fixed synthetic-routing-v1 review.","incomplete_context_do_not_claim_eligible"
"route_798d88c6ddcf0ef3c5f77fd6","react1.r16.registration","gate","WORKSTUDYPERS1REG_1 … WORKSTUDYPERS1REG_5 (5 fields) is asked when WORKTYP2_5 … WORKTYP2_7 (4 fields) matches the stated condition","any","database_missing","","approved","mathzero","2026-08-17","PDF page 10: IF WORKTYP2 = 5 or 12 or 8 or 7","Machine-extracted in the group-aware second pass. The displayed evidence may contain additional administrative or eligibility conditions that require human interpretation. Approved by mathzero in the checksum-fixed synthetic-routing-v1 review.","existing_question_gate_missing_codes_rejected"
"route_af1bb86a2539a678fbeca9cb","react1.r16.registration","gate","CHILDAGE1_1 … CHILDAGE1_NA (15 fields) is asked when NCHILD1 matches the stated condition","any","database_missing","","approved","mathzero","2026-08-17","PDF page 9: IF NCHILD1 = 2+","Machine-extracted in the group-aware second pass. The displayed evidence may contain additional administrative or eligibility conditions that require human interpretation. Approved by mathzero in the checksum-fixed synthetic-routing-v1 review.","existing_question_gate_missing_codes_rejected"
"route_b01b80a81d35c0b6c603b733","react1.r16.registration","gate","VACCDOSE is asked when VACCINE3 matches the stated condition","any","database_missing","","approved","mathzero","2026-08-17","PDF page 12: IF VACCINE3 = 1","Machine-extracted candidate; requires direct human comparison with the displayed questionnaire page. Approved by mathzero in the checksum-fixed synthetic-routing-v1 review.","existing_question_gate_missing_codes_rejected"
"route_ccc6c989849a03bbeb67a230","react1.r16.registration","gate","INDCONFCARER is asked when INDCONF matches the stated condition","any","database_missing","","approved","mathzero","2026-08-17","PDF page 3: IF INDCONF =2 AND Mail_Grp=1","Machine-extracted candidate; requires direct human comparison with the displayed questionnaire page. Approved by mathzero in the checksum-fixed synthetic-routing-v1 review.","incomplete_context_do_not_claim_eligible"
"route_db76cea64113acbe4ed6f872","react1.r16.registration","gate","ADULTAGE_1 … ADULTAGE1_NA (22 fields) is asked when NADULTS matches the stated condition","any","database_missing","","approved","mathzero","2026-08-17","PDF page 6: IF NADULTS = 2+","Machine-extracted in the group-aware second pass. The displayed evidence may contain additional administrative or eligibility conditions that require human interpretation. Approved by mathzero in the checksum-fixed synthetic-routing-v1 review.","existing_question_gate_missing_codes_rejected"
"route_f379ebeb3c26a0cb50ab140d","react1.r16.registration","gate","ADULTAGE1_1 … ADULTAGE1_NA (11 fields) is asked when NADULTS1 matches the stated condition","any","database_missing","","approved","mathzero","2026-08-17","PDF page 7: IF NADULTS1 = 1+","Machine-extracted in the group-aware second pass. The displayed evidence may contain additional administrative or eligibility conditions that require human interpretation. Approved by mathzero in the checksum-fixed synthetic-routing-v1 review.","existing_question_gate_missing_codes_rejected"
"route_f86d41645a67594e44c90585","react1.r16.registration","gate","VACCINESECOND is asked when VACCDOSE matches the stated condition","any","database_missing","","approved","mathzero","2026-08-17","PDF page 13: IF VACCDOSE= 2 OR 3","Machine-extracted candidate; requires direct human comparison with the displayed questionnaire page. Approved by mathzero in the checksum-fixed synthetic-routing-v1 review.","existing_question_gate_missing_codes_rejected"
"route_01fcf12d2d8a48d6f1bcfdb5","react1.r17.individual","gate","SYMPTANY3_1 … SYMPTANY3_10 (11 fields) is asked when FEELUN matches the stated condition","any","database_missing","","approved","mathzero","2026-08-17","PDF page 7: IF FEELUN =1","Machine-extracted in the group-aware second pass. The displayed evidence may contain additional administrative or eligibility conditions that require human interpretation. Approved by mathzero in the checksum-fixed synthetic-routing-v1 review.","existing_question_gate_missing_codes_rejected"
"route_0226b1ce274999371e6c0027","react1.r17.individual","gate","VACCINEREG is asked when VACCINE3SYM matches the stated condition","any","database_missing","","approved","mathzero","2026-08-17","PDF page 33: IF VACCINE3SYM=1","Machine-extracted candidate; requires direct human comparison with the displayed questionnaire page. Approved by mathzero in the checksum-fixed synthetic-routing-v1 review.","existing_question_gate_missing_codes_rejected"
"route_0a9b2f11d53ee1060f7c5b80","react1.r17.individual","gate","VACCINEAPP1 is asked when VACCINE3SYM matches the stated condition","any","database_missing","","approved","mathzero","2026-08-17","PDF page 36: IF VACCINE3SYM = 2 or 3 AND (MAIL_GRP2 AND INDCONF=1) OR MAIL_GRP1.","Machine-extracted in the group-aware second pass. The displayed evidence may contain additional administrative or eligibility conditions that require human interpretation. Approved by mathzero in the checksum-fixed synthetic-routing-v1 review.","incomplete_context_do_not_claim_eligible"
"route_0c440fa95131c6de527675b9","react1.r17.individual","gate","SYMPTANY2_1 … SYMPTANY2_14 (14 fields) is asked when FEELUN matches the stated condition","any","database_missing","","approved","mathzero","2026-08-17","PDF page 6: IF FEELUN =1","Machine-extracted in the group-aware second pass. The displayed evidence may contain additional administrative or eligibility conditions that require human interpretation. Approved by mathzero in the checksum-fixed synthetic-routing-v1 review.","existing_question_gate_missing_codes_rejected"
"route_0e8513bb9fa6f881e778baea","react1.r17.individual","gate","CONTACT4_2 … CONTACT4_1 (5 fields) is asked when CONTACT1 matches the stated condition","any","database_missing","","approved","mathzero","2026-08-17","PDF page 23: IF CONTACT1 = 1+","Machine-extracted in the group-aware second pass. The displayed evidence may contain additional administrative or eligibility conditions that require human interpretation. Approved by mathzero in the checksum-fixed synthetic-routing-v1 review.","existing_question_gate_missing_codes_rejected"
"route_1004ac7010955f19e049a6be","react1.r17.individual","gate","LFTREPORT is asked when PREVTEST_2 matches the stated condition","any","database_missing","","approved","mathzero","2026-08-17","PDF page 29: IF PREVTEST=2","Machine-extracted in the group-aware second pass. The displayed evidence may contain additional administrative or eligibility conditions that require human interpretation. Approved by mathzero in the checksum-fixed synthetic-routing-v1 review.","existing_question_gate_missing_codes_rejected"
"route_18760f6c40d78134ffb4de41","react1.r17.individual","gate","BACKTOWORK is asked when WORKHOMEPOSS2 matches the stated condition","any","database_missing","","approved","mathzero","2026-08-17","PDF page 43: IF WORKHOMEPOSS2=1 or 3","Machine-extracted candidate; requires direct human comparison with the displayed questionnaire page. Approved by mathzero in the checksum-fixed synthetic-routing-v1 review.","existing_question_gate_missing_codes_rejected"
"route_1f2e8f40cb47691dca6fc999","react1.r17.individual","gate","VACCRUFUSE2_1 … VACCRUFUSE2_20 (25 fields) is asked when VACCINEAPP2 matches the stated condition","any","database_missing","","approved","mathzero","2026-08-17","PDF page 39: VACCINEAPP2 =2 AND (Mail_Grp 1 OR (Mail_Grp 2 AND INDCONF=1))","Machine-extracted in the group-aware second pass. The displayed evidence may contain additional administrative or eligibility conditions that require human interpretation. Approved by mathzero in the checksum-fixed synthetic-routing-v1 review.","incomplete_context_do_not_claim_eligible"
"route_203d74fcb94ae7060dab181e","react1.r17.individual","gate","COVIDB_NEW, COVIDB_NEW_PNTA is asked when COVIDA matches the stated condition","any","database_missing","","approved","mathzero","2026-08-17","PDF page 13: IF COVIDA = 1, 2 or 3","Machine-extracted in the group-aware second pass. The displayed evidence may contain additional administrative or eligibility conditions that require human interpretation. Approved by mathzero in the checksum-fixed synthetic-routing-v1 review.","existing_question_gate_missing_codes_rejected"
"route_24c0b560aeff399070b436d2","react1.r17.individual","gate","LONGINTERMIT is asked when LONGCOVID1 matches the stated condition","any","database_missing","","approved","mathzero","2026-08-17","PDF page 16: IF LONGCOVID1 =1 OR 2","Machine-extracted candidate; requires direct human comparison with the displayed questionnaire page. Approved by mathzero in the checksum-fixed synthetic-routing-v1 review.","existing_question_gate_missing_codes_rejected"
"route_263a2cf53effd9b1ff61c829","react1.r17.individual","gate","CAMPUS2 is asked when EMPL matches the stated condition","any","database_missing","","approved","mathzero","2026-08-17","PDF page 42: IF MAIL_GRP1 AND EMPL = 7","Machine-extracted candidate; requires direct human comparison with the displayed questionnaire page. Approved by mathzero in the checksum-fixed synthetic-routing-v1 review.","incomplete_context_do_not_claim_eligible"
"route_29c625db2da090affc563c73","react1.r17.individual","gate","EDTYPE is asked when EMPL matches the stated condition","any","database_missing","","approved","mathzero","2026-08-17","PDF page 41: IF MAIL_GRP1 AND EMPL = 7","Machine-extracted candidate; requires direct human comparison with the displayed questionnaire page. Approved by mathzero in the checksum-fixed synthetic-routing-v1 review.","incomplete_context_do_not_claim_eligible"
"route_2e31c82ef1f62f87fd9eca83","react1.r17.individual","gate","COVIDSYM2_1 … COVIDSYM2_12 (14 fields) is asked when LONGCOVID1 matches the stated condition","any","database_missing","","approved","mathzero","2026-08-17","PDF page 15: ASK IF LONGCOVID1=1, 2","Machine-extracted in the group-aware second pass. The displayed evidence may contain additional administrative or eligibility conditions that require human interpretation. Approved by mathzero in the checksum-fixed synthetic-routing-v1 review.","existing_question_gate_missing_codes_rejected"
"route_2fbd43e162d2f96ee6d6e0c5","react1.r17.individual","gate","SWASTATUS is asked when SWAATTEMPT matches the stated condition","any","database_missing","","approved","mathzero","2026-08-17","PDF page 25: IF SWAATTEMPT=1","Machine-extracted candidate; requires direct human comparison with the displayed questionnaire page. Approved by mathzero in the checksum-fixed synthetic-routing-v1 review.","existing_question_gate_missing_codes_rejected"
"route_319a8bde39f5c9a04d917c26","react1.r17.individual","gate","SWABTIME_PNTA is asked when SWASTATUS matches the stated condition","any","database_missing","","approved","mathzero","2026-08-17","PDF page 26: IF SWASTATUS = 1 or 4 (COMPLETED SWAB TEST)","Machine-extracted candidate; requires direct human comparison with the displayed questionnaire page. Approved by mathzero in the checksum-fixed synthetic-routing-v1 review.","existing_question_gate_missing_codes_rejected"
"route_33608092d2507f5c3465885c","react1.r17.individual","gate","COVIDOMICRON is asked when COVIDCONNUM matches the stated condition","any","database_missing","","approved","mathzero","2026-08-17","PDF page 11: ASK IF COVIDCONNUM = 1 TO 3","Machine-extracted candidate; requires direct human comparison with the displayed questionnaire page. Approved by mathzero in the checksum-fixed synthetic-routing-v1 review.","existing_question_gate_missing_codes_rejected"
"route_33caa905d9954ec3dd3414a4","react1.r17.individual","gate","SMOKEVAP is asked when VAPNOW matches the stated condition","any","database_missing","","approved","mathzero","2026-08-17","PDF page 52: IF VAPNOW = 2 or 3","Machine-extracted candidate; requires direct human comparison with the displayed questionnaire page. Approved by mathzero in the checksum-fixed synthetic-routing-v1 review.","existing_question_gate_missing_codes_rejected"
"route_3653c0457c562a0f52c1ab6b","react1.r17.individual","gate","SMOKECIG is asked when SMOKENOW matches the stated condition","any","database_missing","","approved","mathzero","2026-08-17","PDF page 50: IF SMOKENOW = 2 or 3","Machine-extracted candidate; requires direct human comparison with the displayed questionnaire page. Approved by mathzero in the checksum-fixed synthetic-routing-v1 review.","existing_question_gate_missing_codes_rejected"
"route_36e05d04e6bd2dff00003805","react1.r17.individual","gate","TETAHOW_1 … TETAHOW_6 (7 fields) is asked when COVIDTETR matches the stated condition","any","database_missing","","approved","mathzero","2026-08-17","PDF page 31: ASK IF COVIDTETR = 1","Machine-extracted in the group-aware second pass. The displayed evidence may contain additional administrative or eligibility conditions that require human interpretation. Approved by mathzero in the checksum-fixed synthetic-routing-v1 review.","existing_question_gate_missing_codes_rejected"
"route_377a3bf7ed1f41bc8982a79f","react1.r17.individual","gate","COVIDCONPL_1 … COVIDCONPL_5 (6 fields) is asked when COVIDCONT matches the stated condition","any","database_missing","","approved","mathzero","2026-08-17","PDF page 11: ASK IF COVIDCON=1 AND COVIDCONNUM = 1-3","Machine-extracted in the group-aware second pass. The displayed evidence may contain additional administrative or eligibility conditions that require human interpretation. Approved by mathzero in the checksum-fixed synthetic-routing-v1 review.","existing_question_gate_missing_codes_rejected"
"route_39a5a27a605eb864ef5a859d","react1.r17.individual","gate","CONTACT6_1, CONTACT6_2, CONTACT6_3 is asked when CONTACT1 matches the stated condition","any","database_missing","","approved","mathzero","2026-08-17","PDF page 24: IF CONTACT1 = 1+","Machine-extracted in the group-aware second pass. The displayed evidence may contain additional administrative or eligibility conditions that require human interpretation. Approved by mathzero in the checksum-fixed synthetic-routing-v1 review.","existing_question_gate_missing_codes_rejected"
"route_3becc0cad24fe39c1c9a1ff0","react1.r17.individual","gate","CHRISTMASBEHAVA_1 … CHRISTMASBEHAVA_7 (7 fields) is asked when CHRISTMASINDOOR matches the stated condition","any","database_missing","","approved","mathzero","2026-08-17","PDF page 25: ASK IF CHRISTMASINDOOR =1","Machine-extracted in the group-aware second pass. The displayed evidence may contain additional administrative or eligibility conditions that require human interpretation. Approved by mathzero in the checksum-fixed synthetic-routing-v1 review.","existing_question_gate_missing_codes_rejected"
"route_42d3e2a9304236023211d660","react1.r17.individual","gate","LASTABROAD_NEW is asked when NUMVISIT matches the stated condition","any","database_missing","","approved","mathzero","2026-08-17","PDF page 48: IF NUMVISIT =3+","Machine-extracted candidate; requires direct human comparison with the displayed questionnaire page. Approved by mathzero in the checksum-fixed synthetic-routing-v1 review.","existing_question_gate_missing_codes_rejected"
"route_457e31a6f65552c2cd465c8b","react1.r17.individual","gate","LONGCOVID2_21 … LONGCOVID2_25 (12 fields) is asked when LONGCOVID1 matches the stated condition","any","database_missing","","approved","mathzero","2026-08-17","PDF page 14: IF LONGCOVID1=1, 2","Machine-extracted in the group-aware second pass. The displayed evidence may contain additional administrative or eligibility conditions that require human interpretation. Approved by mathzero in the checksum-fixed synthetic-routing-v1 review.","existing_question_gate_missing_codes_rejected"
"route_4723a3569da41a6d8813e150","react1.r17.individual","gate","LONGCOVID1 is asked when COVIDA matches the stated condition","any","database_missing","","approved","mathzero","2026-08-17","PDF page 14: IF COVIDA=1, 2, 3","Machine-extracted candidate; requires direct human comparison with the displayed questionnaire page. Approved by mathzero in the checksum-fixed synthetic-routing-v1 review.","existing_question_gate_missing_codes_rejected"
"route_4c4d8623c161aa1bb2e16b84","react1.r17.individual","gate","VACCINETHIRDSYM is asked when VACCDOSESYM matches the stated condition","any","database_missing","","approved","mathzero","2026-08-17","PDF page 34: IF VACCDOSESYM= 3 OR 4","Machine-extracted candidate; requires direct human comparison with the displayed questionnaire page. Approved by mathzero in the checksum-fixed synthetic-routing-v1 review.","existing_question_gate_missing_codes_rejected"
"route_4d4d45f4ca76e1e3a4b03c15","react1.r17.individual","gate","SYMPTANY1_1 … SYMPTANY1_5 (5 fields) is asked when FEELUN matches the stated condition","any","database_missing","","approved","mathzero","2026-08-17","PDF page 5: IF FEELUN =1","Machine-extracted in the group-aware second pass. The displayed evidence may contain additional administrative or eligibility conditions that require human interpretation. Approved by mathzero in the checksum-fixed synthetic-routing-v1 review.","existing_question_gate_missing_codes_rejected"
"route_4d65ef01919180077ebed533","react1.r17.individual","gate","COVIDPWP is asked when COVIDCONT matches the stated condition","any","database_missing","","approved","mathzero","2026-08-17","PDF page 13: ASK IF COVIDCON=1","Machine-extracted in the group-aware second pass. The displayed evidence may contain additional administrative or eligibility conditions that require human interpretation. Approved by mathzero in the checksum-fixed synthetic-routing-v1 review.","existing_question_gate_missing_codes_rejected"
"route_4e1988aee559f649c1f2949a","react1.r17.individual","gate","INDCONFCARER is asked when INDCONF matches the stated condition","any","database_missing","","approved","mathzero","2026-08-17","PDF page 4: IF INDCONF =2 AND Mail_Grp 1","Machine-extracted candidate; requires direct human comparison with the displayed questionnaire page. Approved by mathzero in the checksum-fixed synthetic-routing-v1 review.","incomplete_context_do_not_claim_eligible"
"route_5017b519b889de8aa2b582dd","react1.r17.individual","gate","SWAHELP is asked when SWAATTEMPT matches the stated condition","any","database_missing","","approved","mathzero","2026-08-17","PDF page 27: IF SWAATTEMPT = 1 (ATTEMPTED SWAB TEST)","Machine-extracted candidate; requires direct human comparison with the displayed questionnaire page. Approved by mathzero in the checksum-fixed synthetic-routing-v1 review.","existing_question_gate_missing_codes_rejected"
"route_52cf9f73f34bbf5540a358bb","react1.r17.individual","gate","COVIDCONWP is asked when COVIDCONPL_2 matches the stated condition","any","database_missing","","approved","mathzero","2026-08-17","PDF page 12: ASK IF COVIDCONPL=2 AND MAIL_GRP1 OR MAIL_GRP2 AND INDONF-=1","Machine-extracted in the group-aware second pass. The displayed evidence may contain additional administrative or eligibility conditions that require human interpretation. Approved by mathzero in the checksum-fixed synthetic-routing-v1 review.","incomplete_context_do_not_claim_eligible"
"route_5609aede5b2324de946566bd","react1.r17.individual","gate","COVIDCONT is asked when BACKTOWORK matches the stated condition","any","database_missing","","approved","mathzero","2026-08-17","PDF page 44: IF BACKTOWORK = 1-6 or 8 or EMPL=7","Machine-extracted in the group-aware second pass. The displayed evidence may contain additional administrative or eligibility conditions that require human interpretation. Approved by mathzero in the checksum-fixed synthetic-routing-v1 review.","existing_question_gate_missing_codes_rejected"
"route_5a8816df415b1660dc08e372","react1.r17.individual","gate","INDOORNUMPEOPLE is asked when INDOOR_10 matches the stated condition","any","database_missing","","approved","mathzero","2026-08-17","PDF page 21: ASK IF INDOOR =10","Machine-extracted in the group-aware second pass. The displayed evidence may contain additional administrative or eligibility conditions that require human interpretation. Approved by mathzero in the checksum-fixed synthetic-routing-v1 review.","existing_question_gate_missing_codes_rejected"
"route_66051eae5478c775c02b0d96","react1.r17.individual","gate","LONGCOVIDACTIV is asked when LONGCOVID1 matches the stated condition","any","database_missing","","approved","mathzero","2026-08-17","PDF page 16: IF LONGCOVID1 =1 OR 2","Machine-extracted candidate; requires direct human comparison with the displayed questionnaire page. Approved by mathzero in the checksum-fixed synthetic-routing-v1 review.","existing_question_gate_missing_codes_rejected"
"route_6746008c14b18bd44b616edb","react1.r17.individual","gate","COVIDTETW_NEW is asked when COVIDTETR matches the stated condition","any","database_missing","","approved","mathzero","2026-08-17","PDF page 30: ASK IF COVIDTETR = 1","Machine-extracted candidate; requires direct human comparison with the displayed questionnaire page. Approved by mathzero in the checksum-fixed synthetic-routing-v1 review.","existing_question_gate_missing_codes_rejected"
"route_69dad25696d9f9af34fdce0d","react1.r17.individual","gate","ABPREV5_NEW is asked when ABPREV4 matches the stated condition","any","database_missing","","approved","mathzero","2026-08-17","PDF page 30: IF ABPREV4=1","Machine-extracted candidate; requires direct human comparison with the displayed questionnaire page. Approved by mathzero in the checksum-fixed synthetic-routing-v1 review.","existing_question_gate_missing_codes_rejected"
"route_6a537f096e033856bc5bcb0c","react1.r17.individual","gate","COVIDSYM3_1 … COVIDSYM3_11 (12 fields) is asked when LONGCOVID1 matches the stated condition","any","database_missing","","approved","mathzero","2026-08-17","PDF page 15: ASK IF LONGCOVID1=1, 2","Machine-extracted in the group-aware second pass. The displayed evidence may contain additional administrative or eligibility conditions that require human interpretation. Approved by mathzero in the checksum-fixed synthetic-routing-v1 review.","existing_question_gate_missing_codes_rejected"
"route_749aefa16b4de75c5451b155","react1.r17.individual","gate","SMOKEVAPDATE_NEW is asked when SMOKEVAP matches the stated condition","any","database_missing","","approved","mathzero","2026-08-17","PDF page 52: IF SMOKEVAP= 1","Machine-extracted candidate; requires direct human comparison with the displayed questionnaire page. Approved by mathzero in the checksum-fixed synthetic-routing-v1 review.","existing_question_gate_missing_codes_rejected"
"route_74f077738e4d9fd7186f452b","react1.r17.individual","gate","QISOLLEAVE is asked when QUARANTINE1 matches the stated condition","any","database_missing","","approved","mathzero","2026-08-17","PDF page 48: ASK IF QUARANTINE1=1","Machine-extracted candidate; requires direct human comparison with the displayed questionnaire page. Approved by mathzero in the checksum-fixed synthetic-routing-v1 review.","existing_question_gate_missing_codes_rejected"
"route_7691bc5f6a907df8fb748c1f","react1.r17.individual","gate","OUTDOORNUMPEOPLE is asked when OUTDOOR_6 matches the stated condition","any","database_missing","","approved","mathzero","2026-08-17","PDF page 22: IF OUTDOOR=6","Machine-extracted in the group-aware second pass. The displayed evidence may contain additional administrative or eligibility conditions that require human interpretation. Approved by mathzero in the checksum-fixed synthetic-routing-v1 review.","existing_question_gate_missing_codes_rejected"
"route_7d4fe79d8094cdc1c1f02f65","react1.r17.individual","gate","SICKPAY2 is asked when EMPL matches the stated condition","any","database_missing","","approved","mathzero","2026-08-17","PDF page 44: IF EMPL = 1, 2, 3","Machine-extracted candidate; requires direct human comparison with the displayed questionnaire page. Approved by mathzero in the checksum-fixed synthetic-routing-v1 review.","existing_question_gate_missing_codes_rejected"
"route_7f9c112ba3a5dcfa1c15f30c","react1.r17.individual","gate","ABPREV2_NEW is asked when ABPREV1 matches the stated condition","any","database_missing","","approved","mathzero","2026-08-17","PDF page 29: IF ABPREV1 = 1 or 2","Machine-extracted candidate; requires direct human comparison with the displayed questionnaire page. Approved by mathzero in the checksum-fixed synthetic-routing-v1 review.","existing_question_gate_missing_codes_rejected"
"route_8821279e24fe19149bd6eec9","react1.r17.individual","gate","WORKHOME is asked when EMPL matches the stated condition","any","database_missing","","approved","mathzero","2026-08-17","PDF page 42: IF EMPL = 1, 2, 3","Machine-extracted candidate; requires direct human comparison with the displayed questionnaire page. Approved by mathzero in the checksum-fixed synthetic-routing-v1 review.","existing_question_gate_missing_codes_rejected"
"route_8aedf07fd93c951ecf9edbfa","react1.r17.individual","gate","BOOSTERDEC is asked when BOOSTERHAD matches the stated condition","any","database_missing","","approved","mathzero","2026-08-17","PDF page 35: ASK IF BOOSTERHAD = 2 or 3","Machine-extracted candidate; requires direct human comparison with the displayed questionnaire page. Approved by mathzero in the checksum-fixed synthetic-routing-v1 review.","existing_question_gate_missing_codes_rejected"
"route_8bd80822cd569c09d74d154c","react1.r17.individual","gate","LONGCOVIDDESC is asked when LONGCOVID1 matches the stated condition","any","database_missing","","approved","mathzero","2026-08-17","PDF page 14: IF LONGCOVID1 =1 OR 2","Machine-extracted candidate; requires direct human comparison with the displayed questionnaire page. Approved by mathzero in the checksum-fixed synthetic-routing-v1 review.","existing_question_gate_missing_codes_rejected"
"route_8d107cad4663a744fe3f5ba2","react1.r17.individual","gate","WORKHOMEPOSS2 is asked when WORKHOME matches the stated condition","any","database_missing","","approved","mathzero","2026-08-17","PDF page 42: IF WORKHOME =2","Machine-extracted candidate; requires direct human comparison with the displayed questionnaire page. Approved by mathzero in the checksum-fixed synthetic-routing-v1 review.","existing_question_gate_missing_codes_rejected"
"route_8ec8842ffbbc3266ba6c1868","react1.r17.individual","gate","NHSCONTACTS2 is asked when NHSCONTACTS matches the stated condition","any","database_missing","","approved","mathzero","2026-08-17","PDF page 32: IF NHSCONTACTS=1","Machine-extracted candidate; requires direct human comparison with the displayed questionnaire page. Approved by mathzero in the checksum-fixed synthetic-routing-v1 review.","existing_question_gate_missing_codes_rejected"
"route_8f83056bc3a71d42f3fd8ee8","react1.r17.individual","gate","ABPREV3 is asked when ABPREV1 matches the stated condition","any","database_missing","","approved","mathzero","2026-08-17","PDF page 29: IF ABPREV1 = 1 or 2","Machine-extracted candidate; requires direct human comparison with the displayed questionnaire page. Approved by mathzero in the checksum-fixed synthetic-routing-v1 review.","existing_question_gate_missing_codes_rejected"
"route_90c11222a4c67cc5f3ec39c8","react1.r17.individual","gate","PREVTESTPOS is asked when COVIDA matches the stated condition","any","database_missing","","approved","mathzero","2026-08-17","PDF page 28: IF COVIDA = 1,2 3 AND PREVTEST=1 OR 2","Machine-extracted candidate; requires direct human comparison with the displayed questionnaire page. Approved by mathzero in the checksum-fixed synthetic-routing-v1 review.","existing_question_gate_missing_codes_rejected"
"route_95191f807fbd8242967d382f","react1.r17.individual","gate","VACCINESECONDSYM is asked when VACCDOSESYM matches the stated condition","any","database_missing","","approved","mathzero","2026-08-17","PDF page 34: IF VACCDOSESYM= 2 OR 3 OR 4","Machine-extracted candidate; requires direct human comparison with the displayed questionnaire page. Approved by mathzero in the checksum-fixed synthetic-routing-v1 review.","existing_question_gate_missing_codes_rejected"
"route_97ee3f2d1eb7fbbb308eba77","react1.r17.individual","gate","BACKTOUNI is asked when CAMPUS2 matches the stated condition","any","database_missing","","approved","mathzero","2026-08-17","PDF page 42: IF CAMPUS2=4, 5, 6, 7","Machine-extracted candidate; requires direct human comparison with the displayed questionnaire page. Approved by mathzero in the checksum-fixed synthetic-routing-v1 review.","existing_question_gate_missing_codes_rejected"
"route_99b4f12808ee7724a5676b7b","react1.r17.individual","gate","QUARANTINE1 is asked when ABROAD matches the stated condition","any","database_missing","","approved","mathzero","2026-08-17","PDF page 48: ASK IF ABROAD =1","Machine-extracted candidate; requires direct human comparison with the displayed questionnaire page. Approved by mathzero in the checksum-fixed synthetic-routing-v1 review.","existing_question_gate_missing_codes_rejected"
"route_9a78c78bef813ab9ed7b5611","react1.r17.individual","gate","VACCINETYPESYM is asked when VACCINEREG matches the stated condition","any","database_missing","","approved","mathzero","2026-08-17","PDF page 34: IF VACCINEREG=1","Machine-extracted candidate; requires direct human comparison with the displayed questionnaire page. Approved by mathzero in the checksum-fixed synthetic-routing-v1 review.","existing_question_gate_missing_codes_rejected"
"route_9d4fa0cd5d1988b5138ee20e","react1.r17.individual","gate","QCOVIDWORK_1 … QCOVIDWORK_10 (11 fields) is asked when QISOLLEAVEREASON_1 matches the stated condition","any","database_missing","","approved","mathzero","2026-08-17","PDF page 50: ASK IF QISOLLEAVEREASON=1 AND Mail_Grp1 or (Mail_grp2 AND age 16+ ONLY and INDCONF=1]","Machine-extracted in the group-aware second pass. The displayed evidence may contain additional administrative or eligibility conditions that require human interpretation. Approved by mathzero in the checksum-fixed synthetic-routing-v1 review.","incomplete_context_do_not_claim_eligible"
"route_a069571b564d21bf10c42259","react1.r17.individual","gate","QISOLLEAVEREASON_1 … QISOLLEAVEREASON_16 (19 fields) is asked when QISOLLEAVE matches the stated condition","any","database_missing","","approved","mathzero","2026-08-17","PDF page 49: ASK IF QISOLLEAVE = 1","Machine-extracted in the group-aware second pass. The displayed evidence may contain additional administrative or eligibility conditions that require human interpretation. Approved by mathzero in the checksum-fixed synthetic-routing-v1 review.","existing_question_gate_missing_codes_rejected"
"route_a0ca34a725cf1d9883ec8e44","react1.r17.individual","gate","COUNTRYVISIT1, COUNTRYVISIT2 is asked when ABROAD matches the stated condition","any","database_missing","","approved","mathzero","2026-08-17","PDF page 46: IF ABROAD = 1","Machine-extracted in the group-aware second pass. The displayed evidence may contain additional administrative or eligibility conditions that require human interpretation. Approved by mathzero in the checksum-fixed synthetic-routing-v1 review.","existing_question_gate_missing_codes_rejected"
"route_a1715c6e4baa4d2a27004305","react1.r17.individual","gate","BACKTOWORK2 is asked when BACKTOWORK matches the stated condition","any","database_missing","","approved","mathzero","2026-08-17","PDF page 44: IF BACKTOWORK = 1-6 or 8","Machine-extracted candidate; requires direct human comparison with the displayed questionnaire page. Approved by mathzero in the checksum-fixed synthetic-routing-v1 review.","existing_question_gate_missing_codes_rejected"
"route_a5d88309512fd52787a07982","react1.r17.individual","gate","INDCONFPARENT is asked when INDCONF matches the stated condition","any","database_missing","","approved","mathzero","2026-08-17","PDF page 4: IF INDCONF = 2 AND Mail_Grp 2","Machine-extracted candidate; requires direct human comparison with the displayed questionnaire page. Approved by mathzero in the checksum-fixed synthetic-routing-v1 review.","incomplete_context_do_not_claim_eligible"
"route_a648e71f14c9ee034dd0469e","react1.r17.individual","gate","WORKHOMEREASON_1 … WORKHOMEREASON_11 (13 fields) is asked when WORKHOMEPOSS2 matches the stated condition","any","database_missing","","approved","mathzero","2026-08-17","PDF page 43: IF WORKHOMEPOSS2=1, 3","Machine-extracted in the group-aware second pass. The displayed evidence may contain additional administrative or eligibility conditions that require human interpretation. Approved by mathzero in the checksum-fixed synthetic-routing-v1 review.","existing_question_gate_missing_codes_rejected"
"route_a745e99747e8b387996f3fe9","react1.r17.individual","gate","VACCINEACCEPT is asked when VACCINEAPP1 matches the stated condition","any","database_missing","","approved","mathzero","2026-08-17","PDF page 37: IF VACCINEAPP1 =2, 3 or 4 AND (MAIL_GRP2 AND INDCONF=1) OR MAIL_GRP1.","Machine-extracted in the group-aware second pass. The displayed evidence may contain additional administrative or eligibility conditions that require human interpretation. Approved by mathzero in the checksum-fixed synthetic-routing-v1 review.","incomplete_context_do_not_claim_eligible"
"route_a8766eae36717091c7f44152","react1.r17.individual","gate","VACCDOSESYM is asked when VACCINEREG matches the stated condition","any","database_missing","","approved","mathzero","2026-08-17","PDF page 33: IF VACCINEREG=1","Machine-extracted candidate; requires direct human comparison with the displayed questionnaire page. Approved by mathzero in the checksum-fixed synthetic-routing-v1 review.","existing_question_gate_missing_codes_rejected"
"route_ab470525949c6fb3ec3f7913","react1.r17.individual","gate","BOOSTERBARRIERS_1 … BOOSTERBARRIERS_25 (26 fields) is asked when BOOSTERDEC matches the stated condition","any","database_missing","","approved","mathzero","2026-08-17","PDF page 36: IF BOOSTERDEC =2 OR 3","Machine-extracted in the group-aware second pass. The displayed evidence may contain additional administrative or eligibility conditions that require human interpretation. Approved by mathzero in the checksum-fixed synthetic-routing-v1 review.","existing_question_gate_missing_codes_rejected"
"route_ac4df6ff0ff93bb53f349e82","react1.r17.individual","gate","SMOKEFIVEYEAR is asked when SMOKENOW matches the stated condition","any","database_missing","","approved","mathzero","2026-08-17","PDF page 51: IF SMOKENOW =1","Machine-extracted candidate; requires direct human comparison with the displayed questionnaire page. Approved by mathzero in the checksum-fixed synthetic-routing-v1 review.","existing_question_gate_missing_codes_rejected"
"route_ae76a2449e79c35f1f1fc821","react1.r17.individual","gate","COVIDCONHH is asked when COVIDCONPL_1 matches the stated condition","any","database_missing","","approved","mathzero","2026-08-17","PDF page 12: ASK IF COVIDCONPL=1","Machine-extracted in the group-aware second pass. The displayed evidence may contain additional administrative or eligibility conditions that require human interpretation. Approved by mathzero in the checksum-fixed synthetic-routing-v1 review.","existing_question_gate_missing_codes_rejected"
"route_af6365e19611306400c13a73","react1.r17.individual","gate","BOOSTERHAD is asked when VACCINE3SYM matches the stated condition","any","database_missing","","approved","mathzero","2026-08-17","PDF page 35: ASK IF VACCINE3SYM=1 AND VACCINEREG =2","Machine-extracted in the group-aware second pass. The displayed evidence may contain additional administrative or eligibility conditions that require human interpretation. Approved by mathzero in the checksum-fixed synthetic-routing-v1 review.","existing_question_gate_missing_codes_rejected"
"route_b038d220fdef15930ff8fef7","react1.r17.individual","gate","COVIDCONSS_1 … COVIDCONSS_6 (6 fields) is asked when COVIDCONPL_4 matches the stated condition","any","database_missing","","approved","mathzero","2026-08-17","PDF page 12: ASK IF COVIDCONPL=4","Machine-extracted in the group-aware second pass. The displayed evidence may contain additional administrative or eligibility conditions that require human interpretation. Approved by mathzero in the checksum-fixed synthetic-routing-v1 review.","existing_question_gate_missing_codes_rejected"
"route_b3baa8520d4bb7942d50b9d6","react1.r17.individual","gate","SMOKECIGDATE_NEW is asked when SMOKECIG matches the stated condition","any","database_missing","","approved","mathzero","2026-08-17","PDF page 51: IF SMOKECIG= 1 AND SMOKENOW=2","Machine-extracted in the group-aware second pass. The displayed evidence may contain additional administrative or eligibility conditions that require human interpretation. Approved by mathzero in the checksum-fixed synthetic-routing-v1 review.","existing_question_gate_missing_codes_rejected"
"route_b5e6df208e335a0fba6e7230","react1.r17.individual","gate","FLUVACCDATE is asked when FLUVACC matches the stated condition","any","database_missing","","approved","mathzero","2026-08-17","PDF page 33: IF FLUVACC=1","Machine-extracted candidate; requires direct human comparison with the displayed questionnaire page. Approved by mathzero in the checksum-fixed synthetic-routing-v1 review.","existing_question_gate_missing_codes_rejected"
"route_b96a13a4762103bc20cf14f6","react1.r17.individual","gate","KINDMED_1 … KINDMED_TXT (11 fields) is asked when SEEKMED matches the stated condition","any","database_missing","","approved","mathzero","2026-08-17","PDF page 10: IF SEEKMED = 1","Machine-extracted in the group-aware second pass. The displayed evidence may contain additional administrative or eligibility conditions that require human interpretation. Approved by mathzero in the checksum-fixed synthetic-routing-v1 review.","existing_question_gate_missing_codes_rejected"
"route_bca33d6995662adae88dd014","react1.r17.individual","gate","CURRENTSYM is asked when SYMPTST matches the stated condition","any","database_missing","","approved","mathzero","2026-08-17","PDF page 9: ASK IF SYMPTST = 11 OR 12 or SYMPTFIRST = Don’t know =1","Machine-extracted candidate; requires direct human comparison with the displayed questionnaire page. Approved by mathzero in the checksum-fixed synthetic-routing-v1 review.","existing_question_gate_missing_codes_rejected"
"route_bde8fd41c1a96d7108fbf20d","react1.r17.individual","gate","SWABDATEPOST is asked when SWASTATUS matches the stated condition","any","database_missing","","approved","mathzero","2026-08-17","PDF page 26: IF SWASTATUS = 1 (COMPLETED SWAB TEST)","Machine-extracted candidate; requires direct human comparison with the displayed questionnaire page. Approved by mathzero in the checksum-fixed synthetic-routing-v1 review.","existing_question_gate_missing_codes_rejected"
"route_bf0909ada7d600e07156ed5b","react1.r17.individual","gate","COVIDCONNUM is asked when COVIDCONT matches the stated condition","any","database_missing","","approved","mathzero","2026-08-17","PDF page 11: ASK IF COVIDCON=1","Machine-extracted in the group-aware second pass. The displayed evidence may contain additional administrative or eligibility conditions that require human interpretation. Approved by mathzero in the checksum-fixed synthetic-routing-v1 review.","existing_question_gate_missing_codes_rejected"
"route_c13fcd6ec22c9135d31c6ff1","react1.r17.individual","gate","LONGCOVIDABILITY is asked when LONGCOVID1 matches the stated condition","any","database_missing","","approved","mathzero","2026-08-17","PDF page 17: IF LONGCOVID1 =1 OR 2","Machine-extracted candidate; requires direct human comparison with the displayed questionnaire page. Approved by mathzero in the checksum-fixed synthetic-routing-v1 review.","existing_question_gate_missing_codes_rejected"
"route_c21ac5ae485eb68b99a268ea","react1.r17.individual","gate","FRIDG is asked when SWASTATUS matches the stated condition","any","database_missing","","approved","mathzero","2026-08-17","PDF page 26: IF SWASTATUS = 1 or 4 (COMPLETED SWAB TEST)","Machine-extracted candidate; requires direct human comparison with the displayed questionnaire page. Approved by mathzero in the checksum-fixed synthetic-routing-v1 review.","existing_question_gate_missing_codes_rejected"
"route_c86415add30eef74d01e690b","react1.r17.individual","gate","ABPREV4 is asked when ABPREV1 matches the stated condition","any","database_missing","","approved","mathzero","2026-08-17","PDF page 30: IF ABPREV1= 2 AND ABPREV3 = 2, 3 or 4","Machine-extracted in the group-aware second pass. The displayed evidence may contain additional administrative or eligibility conditions that require human interpretation. Approved by mathzero in the checksum-fixed synthetic-routing-v1 review.","existing_question_gate_missing_codes_rejected"
"route_d07b705e9b89e6eb955681a6","react1.r17.individual","gate","NHSCONTACTS is asked when TETAHOW_2, TETAHOW_3, TETAHOW_4 matches the stated condition","any","database_missing","","approved","mathzero","2026-08-17","PDF page 31: IF TETAHOW = 2, 3 OR 4","Machine-extracted in the group-aware second pass. The displayed evidence may contain additional administrative or eligibility conditions that require human interpretation. Approved by mathzero in the checksum-fixed synthetic-routing-v1 review.","existing_question_gate_missing_codes_rejected"
"route_d653a9a0ba1c3d6b2760c31b","react1.r17.individual","gate","SWABDATE_NEW, SWABDATE_HOUR, SWABDATE_MIN is asked when SWASTATUS matches the stated condition","any","database_missing","","approved","mathzero","2026-08-17","PDF page 26: IF SWASTATUS = 1 or 4 (COMPLETED SWAB TEST)","Machine-extracted in the group-aware second pass. The displayed evidence may contain additional administrative or eligibility conditions that require human interpretation. Approved by mathzero in the checksum-fixed synthetic-routing-v1 review.","existing_question_gate_missing_codes_rejected"
"route_da4898db7d9e22991964acd2","react1.r17.individual","gate","CONTACT5 is asked when CONTACT1 matches the stated condition","any","database_missing","","approved","mathzero","2026-08-17","PDF page 24: IF CONTACT1 = 1+ AND LEAVE2=1 AND MAIL_GRP1","Machine-extracted candidate; requires direct human comparison with the displayed questionnaire page. Approved by mathzero in the checksum-fixed synthetic-routing-v1 review.","incomplete_context_do_not_claim_eligible"
"route_dcfbc4c63f106220e61be987","react1.r17.individual","gate","SYMPTNOWAW_1 … SYMPTNOWAW_27 (29 fields) is asked when SYMPTANY1_1 … SYMPTANY3_10 (30 fields) matches the stated condition","any","database_missing","","approved","mathzero","2026-08-17","PDF page 8: IF ANY SELECTED AT SYMPTANY1, SYMPTANY2, SYMPTANY3","Machine-extracted in the group-aware second pass. The displayed evidence may contain additional administrative or eligibility conditions that require human interpretation. Approved by mathzero in the checksum-fixed synthetic-routing-v1 review.","existing_question_gate_missing_codes_rejected"
"route_dd27d706f65074a61b50e227","react1.r17.individual","gate","VACCRUFUSE1_1 … VACCRUFUSE1_20 (25 fields) is asked when VACCINEACCEPT matches the stated condition","any","database_missing","","approved","mathzero","2026-08-17","PDF page 38: IF VACCINEACCEPT=2 or 3 AND (Mail_Grp 2 AND INDCONF=1) OR MAIL_GRP1","Machine-extracted in the group-aware second pass. The displayed evidence may contain additional administrative or eligibility conditions that require human interpretation. Approved by mathzero in the checksum-fixed synthetic-routing-v1 review.","incomplete_context_do_not_claim_eligible"
"route_dde2bfe5b879aebaad4a6946","react1.r17.individual","gate","SICKPAY3 is asked when EMPL matches the stated condition","any","database_missing","","approved","mathzero","2026-08-17","PDF page 45: IF EMPL = 1, 2, 3","Machine-extracted candidate; requires direct human comparison with the displayed questionnaire page. Approved by mathzero in the checksum-fixed synthetic-routing-v1 review.","existing_question_gate_missing_codes_rejected"
"route_ebb2db80b53955ed20a6f262","react1.r17.individual","gate","VACCINEAPP2 is asked when VACCINEAPP1 matches the stated condition","any","database_missing","","approved","mathzero","2026-08-17","PDF page 37: IF VACCINEAPP1 =1","Machine-extracted candidate; requires direct human comparison with the displayed questionnaire page. Approved by mathzero in the checksum-fixed synthetic-routing-v1 review.","existing_question_gate_missing_codes_rejected"
"route_efbbb0447dfee13152ddbd2f","react1.r17.individual","gate","VACCINEFIRSTSYM is asked when VACCINEREG matches the stated condition","any","database_missing","","approved","mathzero","2026-08-17","PDF page 34: IF VACCINEREG=1","Machine-extracted candidate; requires direct human comparison with the displayed questionnaire page. Approved by mathzero in the checksum-fixed synthetic-routing-v1 review.","existing_question_gate_missing_codes_rejected"
"route_f9614b67bb9348de20dca9b6","react1.r17.individual","gate","LONGCOVIDMED_1 … LONGCOVIDMED_10 (13 fields) is asked when LONGCOVID1 matches the stated condition","any","database_missing","","approved","mathzero","2026-08-17","PDF page 17: IF LONGCOVID1 =1 OR 2","Machine-extracted in the group-aware second pass. The displayed evidence may contain additional administrative or eligibility conditions that require human interpretation. Approved by mathzero in the checksum-fixed synthetic-routing-v1 review.","existing_question_gate_missing_codes_rejected"
"route_fa94d966cee06ca5c923587a","react1.r17.individual","gate","SICKPAY1 is asked when WORKHOMEPOSS2 matches the stated condition","any","database_missing","","approved","mathzero","2026-08-17","PDF page 44: IF WORKHOMEPOSS2 =1, 2 OR 3","Machine-extracted candidate; requires direct human comparison with the displayed questionnaire page. Approved by mathzero in the checksum-fixed synthetic-routing-v1 review.","existing_question_gate_missing_codes_rejected"
"route_0e84895f26c884895ebb4d34","react1.r17.registration","gate","ADULTAGE_1 … ADULTAGE1_NA (22 fields) is asked when NADULTS matches the stated condition","any","database_missing","","approved","mathzero","2026-08-17","PDF page 7: IF NADULTS = 2+","Machine-extracted in the group-aware second pass. The displayed evidence may contain additional administrative or eligibility conditions that require human interpretation. Approved by mathzero in the checksum-fixed synthetic-routing-v1 review.","existing_question_gate_missing_codes_rejected"
"route_2a04975f541a295860d10a80","react1.r17.registration","gate","VACCINESECOND is asked when VACCDOSE matches the stated condition","any","database_missing","","approved","mathzero","2026-08-17","PDF page 14: IF VACCDOSE= 2 OR 3","Machine-extracted candidate; requires direct human comparison with the displayed questionnaire page. Approved by mathzero in the checksum-fixed synthetic-routing-v1 review.","existing_question_gate_missing_codes_rejected"
"route_2e88428ecc9d9708f04dcdaa","react1.r17.registration","gate","WORKTYP4_1 … WORKTYP4_12 (13 fields) is asked when WORKTYP3_5, WORKTYP3_6, WORKTYP3_7 matches the stated condition","any","database_missing","","approved","mathzero","2026-08-17","PDF page 13: IF WORKTYP3= 5, 6, 7","Machine-extracted in the group-aware second pass. The displayed evidence may contain additional administrative or eligibility conditions that require human interpretation. Approved by mathzero in the checksum-fixed synthetic-routing-v1 review.","existing_question_gate_missing_codes_rejected"
"route_3ba616558dad72f931e8eb1a","react1.r17.registration","gate","CONTACT4_2 … CONTACT4_1 (12 fields) is asked when RESPCHK matches the stated condition","any","database_missing","","approved","mathzero","2026-08-17","PDF page 19: ASK IF RESPCHK =1","Machine-extracted in the group-aware second pass. The displayed evidence may contain additional administrative or eligibility conditions that require human interpretation. Approved by mathzero in the checksum-fixed synthetic-routing-v1 review.","existing_question_gate_missing_codes_rejected"
"route_4ff70cf2499dd1d3bbbc983a","react1.r17.registration","gate","INDCONFCARER is asked when INDCONF matches the stated condition","any","database_missing","","approved","mathzero","2026-08-17","PDF page 4: IF INDCONF =2 AND Mail_Grp=1","Machine-extracted candidate; requires direct human comparison with the displayed questionnaire page. Approved by mathzero in the checksum-fixed synthetic-routing-v1 review.","incomplete_context_do_not_claim_eligible"
"route_534c8c2735b64ec40ecc91ed","react1.r17.registration","gate","INDCONFPARENT is asked when INDCONF matches the stated condition","any","database_missing","","approved","mathzero","2026-08-17","PDF page 4: IF INDCONF = 2 AND Mail_Grp=2","Machine-extracted candidate; requires direct human comparison with the displayed questionnaire page. Approved by mathzero in the checksum-fixed synthetic-routing-v1 review.","incomplete_context_do_not_claim_eligible"
"route_53dfa63df3f859f8ac182adc","react1.r17.registration","gate","WORKSTUDYPERS1REG_1 … WORKSTUDYPERS1REG_5 (5 fields) is asked when WORKTYP2_5 … WORKTYP2_7 (4 fields) matches the stated condition","any","database_missing","","approved","mathzero","2026-08-17","PDF page 12: IF WORKTYP2 = 5 or 12 or 8 or 7","Machine-extracted in the group-aware second pass. The displayed evidence may contain additional administrative or eligibility conditions that require human interpretation. Approved by mathzero in the checksum-fixed synthetic-routing-v1 review.","existing_question_gate_missing_codes_rejected"
"route_64dcef6c4f51f0814a96816c","react1.r17.registration","gate","WORKSTUDYPERS2REG_1 … WORKSTUDYPERS2REG_5 (5 fields) is asked when WORKTYP4_5 … WORKTYP4_7 (4 fields) matches the stated condition","any","database_missing","","approved","mathzero","2026-08-17","PDF page 13: IF WORKTYP4 = 5 or 12 or 8 or 7","Machine-extracted in the group-aware second pass. The displayed evidence may contain additional administrative or eligibility conditions that require human interpretation. Approved by mathzero in the checksum-fixed synthetic-routing-v1 review.","existing_question_gate_missing_codes_rejected"
"route_681717612677db70064cbcf8","react1.r17.registration","gate","WORKTYP2_1 … WORKTYP2_12 (13 fields) is asked when WORKTYP1_5, WORKTYP1_6, WORKTYP1_7 matches the stated condition","any","database_missing","","approved","mathzero","2026-08-17","PDF page 11: IF WORKTYP1= 5, 6, 7","Machine-extracted in the group-aware second pass. The displayed evidence may contain additional administrative or eligibility conditions that require human interpretation. Approved by mathzero in the checksum-fixed synthetic-routing-v1 review.","existing_question_gate_missing_codes_rejected"
"route_826781db8dd310a79c10df54","react1.r17.registration","gate","VACCINETHIRD is asked when VACCDOSE matches the stated condition","any","database_missing","","approved","mathzero","2026-08-17","PDF page 15: IF VACCDOSE= 3","Machine-extracted candidate; requires direct human comparison with the displayed questionnaire page. Approved by mathzero in the checksum-fixed synthetic-routing-v1 review.","existing_question_gate_missing_codes_rejected"
"route_9cd17e1bf871dfae5589a647","react1.r17.registration","gate","VACCDOSE is asked when VACCINE3 matches the stated condition","any","database_missing","","approved","mathzero","2026-08-17","PDF page 14: IF VACCINE3 = 1","Machine-extracted candidate; requires direct human comparison with the displayed questionnaire page. Approved by mathzero in the checksum-fixed synthetic-routing-v1 review.","existing_question_gate_missing_codes_rejected"
"route_9fad539eafde1313ac5ce93a","react1.r17.registration","gate","VACCINEFIRST is asked when VACCINE3 matches the stated condition","any","database_missing","","approved","mathzero","2026-08-17","PDF page 14: IF VACCINE3 =1","Machine-extracted candidate; requires direct human comparison with the displayed questionnaire page. Approved by mathzero in the checksum-fixed synthetic-routing-v1 review.","existing_question_gate_missing_codes_rejected"
"route_b4492ed55c5ad5c634a9fa42","react1.r17.registration","gate","PARNAME is asked when PARCONS matches the stated condition","any","database_missing","","approved","mathzero","2026-08-17","PDF page 6: IF PARCONS = 1","Machine-extracted candidate; requires direct human comparison with the displayed questionnaire page. Approved by mathzero in the checksum-fixed synthetic-routing-v1 review.","existing_question_gate_missing_codes_rejected"
"route_b67e10eca57980a7c82d7975","react1.r17.registration","gate","ADULTAGE1_1 … ADULTAGE1_NA (11 fields) is asked when NADULTS1 matches the stated condition","any","database_missing","","approved","mathzero","2026-08-17","PDF page 8: IF NADULTS1 = 1+","Machine-extracted in the group-aware second pass. The displayed evidence may contain additional administrative or eligibility conditions that require human interpretation. Approved by mathzero in the checksum-fixed synthetic-routing-v1 review.","existing_question_gate_missing_codes_rejected"
"route_bd30aa7a4db5761245287b96","react1.r17.registration","gate","NADULTS is asked when INDCONFPARENT matches the stated condition","any","database_missing","","approved","mathzero","2026-08-17","PDF page 7: IF AGED Mail_Grp=1 OR Mail_Grp=3 OR (Mail_Grp=2 INDCONFPARENT =1)","Machine-extracted candidate; requires direct human comparison with the displayed questionnaire page. Approved by mathzero in the checksum-fixed synthetic-routing-v1 review.","incomplete_context_do_not_claim_eligible"
"route_c6b321dcc6fc13ff4b1934cf","react1.r17.registration","gate","EMPLREG is asked when WORKTYP2_9 matches the stated condition","any","database_missing","","approved","mathzero","2026-08-17","PDF page 11: IF WORKTYP2 =9","Machine-extracted in the group-aware second pass. The displayed evidence may contain additional administrative or eligibility conditions that require human interpretation. Approved by mathzero in the checksum-fixed synthetic-routing-v1 review.","existing_question_gate_missing_codes_rejected"
"route_ed1c9f51fdea804d884036cd","react1.r17.registration","gate","CHILDAGE1_1 … CHILDAGE1_NA (15 fields) is asked when NCHILD1 matches the stated condition","any","database_missing","","approved","mathzero","2026-08-17","PDF page 10: IF NCHILD1 = 2+","Machine-extracted in the group-aware second pass. The displayed evidence may contain additional administrative or eligibility conditions that require human interpretation. Approved by mathzero in the checksum-fixed synthetic-routing-v1 review.","existing_question_gate_missing_codes_rejected"
"route_0122db49b5dc97f9e5d48861","react1.r18.individual","gate","COVIDCONPL_1 … COVIDCONPL_5 (6 fields) is asked when COVIDCONT matches the stated condition","any","database_missing","","approved","mathzero","2026-08-17","PDF page 11: ASK IF COVIDCON=1 AND COVIDCONNUM = 1-3","Machine-extracted in the group-aware second pass. The displayed evidence may contain additional administrative or eligibility conditions that require human interpretation. Approved by mathzero in the checksum-fixed synthetic-routing-v1 review.","existing_question_gate_missing_codes_rejected"
"route_015a2c948817416733f1f237","react1.r18.individual","gate","VACCINEAPP1 is asked when VACCINE3SYM matches the stated condition","any","database_missing","","approved","mathzero","2026-08-17","PDF page 38: IF VACCINE3SYM = 2 or 3 AND (MAIL_GRP2 AND INDCONF=1) OR MAIL_GRP1.","Machine-extracted in the group-aware second pass. The displayed evidence may contain additional administrative or eligibility conditions that require human interpretation. Approved by mathzero in the checksum-fixed synthetic-routing-v1 review.","incomplete_context_do_not_claim_eligible"
"route_032942a9eef9c68f349797eb","react1.r18.individual","gate","SWABDATEPOST is asked when SWASTATUS matches the stated condition","any","database_missing","","approved","mathzero","2026-08-17","PDF page 26: IF SWASTATUS = 1 (COMPLETED SWAB TEST)","Machine-extracted candidate; requires direct human comparison with the displayed questionnaire page. Approved by mathzero in the checksum-fixed synthetic-routing-v1 review.","existing_question_gate_missing_codes_rejected"
"route_03371118d4c1eec8d35674f4","react1.r18.individual","gate","LONGCOVID2_21 … LONGCOVID2_25 (12 fields) is asked when LONGCOVID1 matches the stated condition","any","database_missing","","approved","mathzero","2026-08-17","PDF page 14: IF LONGCOVID1=1, 2","Machine-extracted in the group-aware second pass. The displayed evidence may contain additional administrative or eligibility conditions that require human interpretation. Approved by mathzero in the checksum-fixed synthetic-routing-v1 review.","existing_question_gate_missing_codes_rejected"
"route_03645796b3aa4c3b7ffcee79","react1.r18.individual","gate","LONGCOVIDDESC is asked when LONGCOVID1 matches the stated condition","any","database_missing","","approved","mathzero","2026-08-17","PDF page 14: IF LONGCOVID1 =1 OR 2","Machine-extracted candidate; requires direct human comparison with the displayed questionnaire page. Approved by mathzero in the checksum-fixed synthetic-routing-v1 review.","existing_question_gate_missing_codes_rejected"
"route_042d336ae43184b398184394","react1.r18.individual","gate","SWABTIME_PNTA is asked when SWASTATUS matches the stated condition","any","database_missing","","approved","mathzero","2026-08-17","PDF page 25: IF SWASTATUS = 1 or 4 (COMPLETED SWAB TEST)","Machine-extracted candidate; requires direct human comparison with the displayed questionnaire page. Approved by mathzero in the checksum-fixed synthetic-routing-v1 review.","existing_question_gate_missing_codes_rejected"
"route_05981830a5971ae5c269715a","react1.r18.individual","gate","INDCONFCARER is asked when INDCONF matches the stated condition","any","database_missing","","approved","mathzero","2026-08-17","PDF page 4: IF INDCONF =2 AND Mail_Grp 1","Machine-extracted candidate; requires direct human comparison with the displayed questionnaire page. Approved by mathzero in the checksum-fixed synthetic-routing-v1 review.","incomplete_context_do_not_claim_eligible"
"route_06c90882e0d3f756bef816c3","react1.r18.individual","gate","BOOSTERHAD is asked when VACCINE3SYM matches the stated condition","any","database_missing","","approved","mathzero","2026-08-17","PDF page 36: ASK IF VACCINE3SYM=1 AND VACCINEREG =2","Machine-extracted in the group-aware second pass. The displayed evidence may contain additional administrative or eligibility conditions that require human interpretation. Approved by mathzero in the checksum-fixed synthetic-routing-v1 review.","existing_question_gate_missing_codes_rejected"
"route_082462fa07e0b9745225301d","react1.r18.individual","gate","LASTABROAD_NEW is asked when NUMVISIT matches the stated condition","any","database_missing","","approved","mathzero","2026-08-17","PDF page 49: IF NUMVISIT =3+","Machine-extracted candidate; requires direct human comparison with the displayed questionnaire page. Approved by mathzero in the checksum-fixed synthetic-routing-v1 review.","existing_question_gate_missing_codes_rejected"
"route_096deeeb63b8072b769cd2cd","react1.r18.individual","gate","COVIDPWP is asked when COVIDCONT matches the stated condition","any","database_missing","","approved","mathzero","2026-08-17","PDF page 12: ASK IF COVIDCON=1","Machine-extracted in the group-aware second pass. The displayed evidence may contain additional administrative or eligibility conditions that require human interpretation. Approved by mathzero in the checksum-fixed synthetic-routing-v1 review.","existing_question_gate_missing_codes_rejected"
"route_10302bda3b070fa45c5b274b","react1.r18.individual","gate","INDOORNUMPEOPLE is asked when INDOOR_10 matches the stated condition","any","database_missing","","approved","mathzero","2026-08-17","PDF page 21: ASK IF INDOOR =10","Machine-extracted in the group-aware second pass. The displayed evidence may contain additional administrative or eligibility conditions that require human interpretation. Approved by mathzero in the checksum-fixed synthetic-routing-v1 review.","existing_question_gate_missing_codes_rejected"
"route_17e34f3a5956da63831bf3b8","react1.r18.individual","gate","COVIDCONNUM is asked when COVIDCONT matches the stated condition","any","database_missing","","approved","mathzero","2026-08-17","PDF page 11: ASK IF COVIDCON=1","Machine-extracted in the group-aware second pass. The displayed evidence may contain additional administrative or eligibility conditions that require human interpretation. Approved by mathzero in the checksum-fixed synthetic-routing-v1 review.","existing_question_gate_missing_codes_rejected"
"route_1d5ee57d8df7eff631827cc0","react1.r18.individual","gate","LONGINTERMIT is asked when LONGCOVID1 matches the stated condition","any","database_missing","","approved","mathzero","2026-08-17","PDF page 16: IF LONGCOVID1 =1 OR 2","Machine-extracted candidate; requires direct human comparison with the displayed questionnaire page. Approved by mathzero in the checksum-fixed synthetic-routing-v1 review.","existing_question_gate_missing_codes_rejected"
"route_1ef40548c00c405d0263302c","react1.r18.individual","gate","NHSCONTACTS is asked when TETAHOW_2, TETAHOW_3, TETAHOW_4 matches the stated condition","any","database_missing","","approved","mathzero","2026-08-17","PDF page 32: IF TETAHOW = 2, 3 OR 4","Machine-extracted in the group-aware second pass. The displayed evidence may contain additional administrative or eligibility conditions that require human interpretation. Approved by mathzero in the checksum-fixed synthetic-routing-v1 review.","existing_question_gate_missing_codes_rejected"
"route_2458203e3ed696b91053c082","react1.r18.individual","gate","COVIDCONSS_1 … COVIDCONSS_6 (6 fields) is asked when COVIDCONPL_4 matches the stated condition","any","database_missing","","approved","mathzero","2026-08-17","PDF page 12: ASK IF COVIDCONPL=4","Machine-extracted in the group-aware second pass. The displayed evidence may contain additional administrative or eligibility conditions that require human interpretation. Approved by mathzero in the checksum-fixed synthetic-routing-v1 review.","existing_question_gate_missing_codes_rejected"
"route_260d89881c4a6201e740c42d","react1.r18.individual","gate","COVIDB_NEW, COVIDB_NEW_PNTA is asked when COVIDA matches the stated condition","any","database_missing","","approved","mathzero","2026-08-17","PDF page 13: IF COVIDA = 1, 2 or 3","Machine-extracted in the group-aware second pass. The displayed evidence may contain additional administrative or eligibility conditions that require human interpretation. Approved by mathzero in the checksum-fixed synthetic-routing-v1 review.","existing_question_gate_missing_codes_rejected"
"route_2670067f10b09a1cc34f5cf3","react1.r18.individual","gate","SYMPTNOWAW_1 … SYMPTNOWAW_27 (29 fields) is asked when SYMPTANY1_1 … SYMPTANY3_10 (30 fields) matches the stated condition","any","database_missing","","approved","mathzero","2026-08-17","PDF page 7: IF ANY SELECTED AT SYMPTANY1, SYMPTANY2, SYMPTANY3","Machine-extracted in the group-aware second pass. The displayed evidence may contain additional administrative or eligibility conditions that require human interpretation. Approved by mathzero in the checksum-fixed synthetic-routing-v1 review.","existing_question_gate_missing_codes_rejected"
"route_267f68552792d750d9f1e733","react1.r18.individual","gate","BOOSTERBARRIERS_1 … BOOSTERBARRIERS_25 (26 fields) is asked when BOOSTERDEC matches the stated condition","any","database_missing","","approved","mathzero","2026-08-17","PDF page 37: IF BOOSTERDEC =2 OR 3","Machine-extracted in the group-aware second pass. The displayed evidence may contain additional administrative or eligibility conditions that require human interpretation. Approved by mathzero in the checksum-fixed synthetic-routing-v1 review.","existing_question_gate_missing_codes_rejected"
"route_27e01c1e4f7f13d548a3c287","react1.r18.individual","gate","FLUVACCDATE is asked when FLUVACC matches the stated condition","any","database_missing","","approved","mathzero","2026-08-17","PDF page 34: IF FLUVACC=1.","Machine-extracted candidate; requires direct human comparison with the displayed questionnaire page. Approved by mathzero in the checksum-fixed synthetic-routing-v1 review.","existing_question_gate_missing_codes_rejected"
"route_27e4f19b6dae1d1a70e8fad6","react1.r18.individual","gate","CONTACT6_1, CONTACT6_2, CONTACT6_3 is asked when CONTACT1 matches the stated condition","any","database_missing","","approved","mathzero","2026-08-17","PDF page 24: IF CONTACT1 = 1+","Machine-extracted in the group-aware second pass. The displayed evidence may contain additional administrative or eligibility conditions that require human interpretation. Approved by mathzero in the checksum-fixed synthetic-routing-v1 review.","existing_question_gate_missing_codes_rejected"
"route_27fff748d2c790780e8d37f1","react1.r18.individual","gate","QISOLLEAVE is asked when QUARANTINE1 matches the stated condition","any","database_missing","","approved","mathzero","2026-08-17","PDF page 49: ASK IF QUARANTINE1=1","Machine-extracted candidate; requires direct human comparison with the displayed questionnaire page. Approved by mathzero in the checksum-fixed synthetic-routing-v1 review.","existing_question_gate_missing_codes_rejected"
"route_2a6ecca9db31bebdcc7df190","react1.r18.individual","gate","ABPREV4 is asked when ABPREV1 matches the stated condition","any","database_missing","","approved","mathzero","2026-08-17","PDF page 31: IF ABPREV1= 2 AND ABPREV3 = 2, 3 or 4","Machine-extracted in the group-aware second pass. The displayed evidence may contain additional administrative or eligibility conditions that require human interpretation. Approved by mathzero in the checksum-fixed synthetic-routing-v1 review.","existing_question_gate_missing_codes_rejected"
"route_2b2eba80b078888c7172e44b","react1.r18.individual","gate","KINDMED_1 … KINDMED_TXT (11 fields) is asked when SEEKMED matches the stated condition","any","database_missing","","approved","mathzero","2026-08-17","PDF page 10: IF SEEKMED = 1","Machine-extracted in the group-aware second pass. The displayed evidence may contain additional administrative or eligibility conditions that require human interpretation. Approved by mathzero in the checksum-fixed synthetic-routing-v1 review.","existing_question_gate_missing_codes_rejected"
"route_31fae063b37d43214e31d399","react1.r18.individual","gate","PCRPREV is asked when PREVTEST_1 matches the stated condition","any","database_missing","","approved","mathzero","2026-08-17","PDF page 28: ASK IF PREVTEST =1 AND PREVTESTPOS >0 ","Machine-extracted in the group-aware second pass. The displayed evidence may contain additional administrative or eligibility conditions that require human interpretation. Approved by mathzero in the checksum-fixed synthetic-routing-v1 review.","existing_question_gate_missing_codes_rejected"
"route_33a425f78c272285c4a3303f","react1.r18.individual","gate","CONTACT5 is asked when CONTACT1 matches the stated condition","any","database_missing","","approved","mathzero","2026-08-17","PDF page 24: IF CONTACT1 = 1+ AND LEAVE2=1 AND MAIL_GRP1","Machine-extracted candidate; requires direct human comparison with the displayed questionnaire page. Approved by mathzero in the checksum-fixed synthetic-routing-v1 review.","incomplete_context_do_not_claim_eligible"
"route_35fa62dd28b19f4274e14893","react1.r18.individual","gate","SWAHELP is asked when SWAATTEMPT matches the stated condition","any","database_missing","","approved","mathzero","2026-08-17","PDF page 27: IF SWAATTEMPT = 1 (ATTEMPTED SWAB TEST)","Machine-extracted candidate; requires direct human comparison with the displayed questionnaire page. Approved by mathzero in the checksum-fixed synthetic-routing-v1 review.","existing_question_gate_missing_codes_rejected"
"route_365605bbba4b21cff1b2c806","react1.r18.individual","gate","VACCINEREG is asked when VACCINE3SYM matches the stated condition","any","database_missing","","approved","mathzero","2026-08-17","PDF page 34: IF VACCINE3SYM=1","Machine-extracted candidate; requires direct human comparison with the displayed questionnaire page. Approved by mathzero in the checksum-fixed synthetic-routing-v1 review.","existing_question_gate_missing_codes_rejected"
"route_3f4e76c8177a860bd0332707","react1.r18.individual","gate","VACCINETYPESYM is asked when VACCINEREG matches the stated condition","any","database_missing","","approved","mathzero","2026-08-17","PDF page 35: IF VACCINEREG=1","Machine-extracted candidate; requires direct human comparison with the displayed questionnaire page. Approved by mathzero in the checksum-fixed synthetic-routing-v1 review.","existing_question_gate_missing_codes_rejected"
"route_45dfc226687fe35535c5880d","react1.r18.individual","gate","VACCDOSESYM is asked when VACCINEREG matches the stated condition","any","database_missing","","approved","mathzero","2026-08-17","PDF page 34: IF VACCINEREG=1","Machine-extracted candidate; requires direct human comparison with the displayed questionnaire page. Approved by mathzero in the checksum-fixed synthetic-routing-v1 review.","existing_question_gate_missing_codes_rejected"
"route_47a7fe450fd234e0f7cf6a9c","react1.r18.individual","gate","CONTACT4_1 … CONTACT4_5 (5 fields) is asked when CONTACT1 matches the stated condition","any","database_missing","","approved","mathzero","2026-08-17","PDF page 24: IF CONTACT1 = 1+","Machine-extracted in the group-aware second pass. The displayed evidence may contain additional administrative or eligibility conditions that require human interpretation. Approved by mathzero in the checksum-fixed synthetic-routing-v1 review.","existing_question_gate_missing_codes_rejected"
"route_48fdaf1a805ee9c31c39c1f3","react1.r18.individual","gate","ABPREV3 is asked when ABPREV1 matches the stated condition","any","database_missing","","approved","mathzero","2026-08-17","PDF page 30: IF ABPREV1 = 1 or 2","Machine-extracted candidate; requires direct human comparison with the displayed questionnaire page. Approved by mathzero in the checksum-fixed synthetic-routing-v1 review.","existing_question_gate_missing_codes_rejected"
"route_49e8f7359a16532bbd166efa","react1.r18.individual","gate","INDCONFPARENT is asked when INDCONF matches the stated condition","any","database_missing","","approved","mathzero","2026-08-17","PDF page 4: IF INDCONF = 2 AND Mail_Grp 2","Machine-extracted candidate; requires direct human comparison with the displayed questionnaire page. Approved by mathzero in the checksum-fixed synthetic-routing-v1 review.","incomplete_context_do_not_claim_eligible"
"route_4e516d14003f1a8336a21059","react1.r18.individual","gate","COVIDCONHH is asked when COVIDCONPL_1 matches the stated condition","any","database_missing","","approved","mathzero","2026-08-17","PDF page 11: ASK IF COVIDCONPL=1","Machine-extracted in the group-aware second pass. The displayed evidence may contain additional administrative or eligibility conditions that require human interpretation. Approved by mathzero in the checksum-fixed synthetic-routing-v1 review.","existing_question_gate_missing_codes_rejected"
"route_5683c2aad1ca81d1be766148","react1.r18.individual","gate","COUNTRYVISIT1, COUNTRYVISIT2 is asked when ABROAD matches the stated condition","any","database_missing","","approved","mathzero","2026-08-17","PDF page 47: IF ABROAD = 1","Machine-extracted in the group-aware second pass. The displayed evidence may contain additional administrative or eligibility conditions that require human interpretation. Approved by mathzero in the checksum-fixed synthetic-routing-v1 review.","existing_question_gate_missing_codes_rejected"
"route_650f569b272d3b8ec01d36d0","react1.r18.individual","gate","SYMPTANY1_1 … SYMPTANY1_5 (5 fields) is asked when FEELUN matches the stated condition","any","database_missing","","approved","mathzero","2026-08-17","PDF page 5: IF FEELUN =1","Machine-extracted in the group-aware second pass. The displayed evidence may contain additional administrative or eligibility conditions that require human interpretation. Approved by mathzero in the checksum-fixed synthetic-routing-v1 review.","existing_question_gate_missing_codes_rejected"
"route_66c95bda51a600b128827716","react1.r18.individual","gate","WORKHOMEPOSS2 is asked when WORKHOME matches the stated condition","any","database_missing","","approved","mathzero","2026-08-17","PDF page 43: IF WORKHOME =2","Machine-extracted candidate; requires direct human comparison with the displayed questionnaire page. Approved by mathzero in the checksum-fixed synthetic-routing-v1 review.","existing_question_gate_missing_codes_rejected"
"route_6a7fd072ae1521826a37581b","react1.r18.individual","gate","LONGCOVIDABILITY is asked when LONGCOVID1 matches the stated condition","any","database_missing","","approved","mathzero","2026-08-17","PDF page 17: IF LONGCOVID1 =1 OR 2","Machine-extracted candidate; requires direct human comparison with the displayed questionnaire page. Approved by mathzero in the checksum-fixed synthetic-routing-v1 review.","existing_question_gate_missing_codes_rejected"
"route_6e69491a2e158aa2cafb0963","react1.r18.individual","gate","VACCRUFUSE1_1 … VACCRUFUSE1_20 (25 fields) is asked when VACCINEACCEPT matches the stated condition","any","database_missing","","approved","mathzero","2026-08-17","PDF page 39: IF VACCINEACCEPT=2 or 3 AND (Mail_Grp 2 AND INDCONF=1) OR MAIL_GRP1","Machine-extracted in the group-aware second pass. The displayed evidence may contain additional administrative or eligibility conditions that require human interpretation. Approved by mathzero in the checksum-fixed synthetic-routing-v1 review.","incomplete_context_do_not_claim_eligible"
"route_74c12c0960533e27318e9ae4","react1.r18.individual","gate","SWASTATUS is asked when SWAATTEMPT matches the stated condition","any","database_missing","","approved","mathzero","2026-08-17","PDF page 25: IF SWAATTEMPT=1","Machine-extracted candidate; requires direct human comparison with the displayed questionnaire page. Approved by mathzero in the checksum-fixed synthetic-routing-v1 review.","existing_question_gate_missing_codes_rejected"
"route_76c08d2894a9ce942c52b26f","react1.r18.individual","gate","COVIDSYM3_1 … COVIDSYM3_11 (12 fields) is asked when LONGCOVID1 matches the stated condition","any","database_missing","","approved","mathzero","2026-08-17","PDF page 15: ASK IF LONGCOVID1=1, 2","Machine-extracted in the group-aware second pass. The displayed evidence may contain additional administrative or eligibility conditions that require human interpretation. Approved by mathzero in the checksum-fixed synthetic-routing-v1 review.","existing_question_gate_missing_codes_rejected"
"route_79a8afdd8779271d4b4381ef","react1.r18.individual","gate","TETAHOW_1 … TETAHOW_6 (7 fields) is asked when COVIDTETR matches the stated condition","any","database_missing","","approved","mathzero","2026-08-17","PDF page 32: ASK IF COVIDTETR = 1","Machine-extracted in the group-aware second pass. The displayed evidence may contain additional administrative or eligibility conditions that require human interpretation. Approved by mathzero in the checksum-fixed synthetic-routing-v1 review.","existing_question_gate_missing_codes_rejected"
"route_7daa7f0fb65d73f6156e04a0","react1.r18.individual","gate","EDTYPE is asked when EMPL matches the stated condition","any","database_missing","","approved","mathzero","2026-08-17","PDF page 42: IF MAIL_GRP1 AND EMPL = 7","Machine-extracted candidate; requires direct human comparison with the displayed questionnaire page. Approved by mathzero in the checksum-fixed synthetic-routing-v1 review.","incomplete_context_do_not_claim_eligible"
"route_7e53330b1724811630baa87e","react1.r18.individual","gate","VACCINETHIRDSYM is asked when VACCDOSESYM matches the stated condition","any","database_missing","","approved","mathzero","2026-08-17","PDF page 35: IF VACCDOSESYM= 3 OR 4","Machine-extracted candidate; requires direct human comparison with the displayed questionnaire page. Approved by mathzero in the checksum-fixed synthetic-routing-v1 review.","existing_question_gate_missing_codes_rejected"
"route_7e6ef06d035939a4b89fccee","react1.r18.individual","gate","WORKHOMEREASON_1 … WORKHOMEREASON_11 (13 fields) is asked when WORKHOMEPOSS2 matches the stated condition","any","database_missing","","approved","mathzero","2026-08-17","PDF page 44: IF WORKHOMEPOSS2=1, 3","Machine-extracted in the group-aware second pass. The displayed evidence may contain additional administrative or eligibility conditions that require human interpretation. Approved by mathzero in the checksum-fixed synthetic-routing-v1 review.","existing_question_gate_missing_codes_rejected"
"route_7e9ccc82c7078a13145d153a","react1.r18.individual","gate","WORKHOME is asked when EMPL matches the stated condition","any","database_missing","","approved","mathzero","2026-08-17","PDF page 43: IF EMPL = 1, 2, 3","Machine-extracted candidate; requires direct human comparison with the displayed questionnaire page. Approved by mathzero in the checksum-fixed synthetic-routing-v1 review.","existing_question_gate_missing_codes_rejected"
"route_807fcc2318d413bedd2fdff7","react1.r18.individual","gate","SMOKEVAP is asked when VAPNOW matches the stated condition","any","database_missing","","approved","mathzero","2026-08-17","PDF page 53: IF VAPNOW = 2 or 3","Machine-extracted candidate; requires direct human comparison with the displayed questionnaire page. Approved by mathzero in the checksum-fixed synthetic-routing-v1 review.","existing_question_gate_missing_codes_rejected"
"route_80958b85ba9014013e365b3a","react1.r18.individual","gate","BOOSTERDEC is asked when BOOSTERHAD matches the stated condition","any","database_missing","","approved","mathzero","2026-08-17","PDF page 36: ASK IF BOOSTERHAD = 2 or 3","Machine-extracted candidate; requires direct human comparison with the displayed questionnaire page. Approved by mathzero in the checksum-fixed synthetic-routing-v1 review.","existing_question_gate_missing_codes_rejected"
"route_8bb391a8bcfde24d07796c3c","react1.r18.individual","gate","COVIDCONT is asked when BACKTOWORK matches the stated condition","any","database_missing","","approved","mathzero","2026-08-17","PDF page 45: IF BACKTOWORK = 1-6 or 8 or EMPL=7","Machine-extracted in the group-aware second pass. The displayed evidence may contain additional administrative or eligibility conditions that require human interpretation. Approved by mathzero in the checksum-fixed synthetic-routing-v1 review.","existing_question_gate_missing_codes_rejected"
"route_94b078d24d466b248609c47b","react1.r18.individual","gate","BACKTOWORK is asked when WORKHOMEPOSS2 matches the stated condition","any","database_missing","","approved","mathzero","2026-08-17","PDF page 44: IF WORKHOMEPOSS2=1 or 3","Machine-extracted candidate; requires direct human comparison with the displayed questionnaire page. Approved by mathzero in the checksum-fixed synthetic-routing-v1 review.","existing_question_gate_missing_codes_rejected"
"route_953cd44e4e882f76d3bebc85","react1.r18.individual","gate","ABPREV2_NEW is asked when ABPREV1 matches the stated condition","any","database_missing","","approved","mathzero","2026-08-17","PDF page 30: IF ABPREV1 = 1 or 2","Machine-extracted candidate; requires direct human comparison with the displayed questionnaire page. Approved by mathzero in the checksum-fixed synthetic-routing-v1 review.","existing_question_gate_missing_codes_rejected"
"route_964810f4ffc25b8d64097029","react1.r18.individual","gate","QUARANTINE1 is asked when ABROAD matches the stated condition","any","database_missing","","approved","mathzero","2026-08-17","PDF page 49: ASK IF ABROAD =1","Machine-extracted candidate; requires direct human comparison with the displayed questionnaire page. Approved by mathzero in the checksum-fixed synthetic-routing-v1 review.","existing_question_gate_missing_codes_rejected"
"route_9acfe07ff918b92ff1b3fe5e","react1.r18.individual","gate","NHSCONTACTS2 is asked when NHSCONTACTS matches the stated condition","any","database_missing","","approved","mathzero","2026-08-17","PDF page 33: IF NHSCONTACTS=1","Machine-extracted candidate; requires direct human comparison with the displayed questionnaire page. Approved by mathzero in the checksum-fixed synthetic-routing-v1 review.","existing_question_gate_missing_codes_rejected"
"route_9ce33abcd0c537468e9b4c9f","react1.r18.individual","gate","LFTREPORT is asked when PREVTEST_2 matches the stated condition","any","database_missing","","approved","mathzero","2026-08-17","PDF page 30: IF PREVTEST=2","Machine-extracted in the group-aware second pass. The displayed evidence may contain additional administrative or eligibility conditions that require human interpretation. Approved by mathzero in the checksum-fixed synthetic-routing-v1 review.","existing_question_gate_missing_codes_rejected"
"route_9d0eb21e8f2ce96c1fa6329c","react1.r18.individual","gate","RECENTLFD is asked when PREVTEST_2 matches the stated condition","any","database_missing","","approved","mathzero","2026-08-17","PDF page 29: ASK IF PREVTEST=2","Machine-extracted in the group-aware second pass. The displayed evidence may contain additional administrative or eligibility conditions that require human interpretation. Approved by mathzero in the checksum-fixed synthetic-routing-v1 review.","existing_question_gate_missing_codes_rejected"
"route_a04e15a8adceee664267826a","react1.r18.individual","gate","SMOKEFIVEYEAR is asked when SMOKENOW matches the stated condition","any","database_missing","","approved","mathzero","2026-08-17","PDF page 52: IF SMOKENOW =1","Machine-extracted candidate; requires direct human comparison with the displayed questionnaire page. Approved by mathzero in the checksum-fixed synthetic-routing-v1 review.","existing_question_gate_missing_codes_rejected"
"route_a6549297ca8bba046835a55d","react1.r18.individual","gate","VACCINEACCEPT is asked when VACCINEAPP1 matches the stated condition","any","database_missing","","approved","mathzero","2026-08-17","PDF page 38: IF VACCINEAPP1 =2, 3 or 4 AND (MAIL_GRP2 AND INDCONF=1) OR MAIL_GRP1.","Machine-extracted in the group-aware second pass. The displayed evidence may contain additional administrative or eligibility conditions that require human interpretation. Approved by mathzero in the checksum-fixed synthetic-routing-v1 review.","incomplete_context_do_not_claim_eligible"
"route_adb499520ffb3cc79a7e207e","react1.r18.individual","gate","SMOKEVAPDATE_NEW is asked when SMOKEVAP matches the stated condition","any","database_missing","","approved","mathzero","2026-08-17","PDF page 53: IF SMOKEVAP= 1","Machine-extracted candidate; requires direct human comparison with the displayed questionnaire page. Approved by mathzero in the checksum-fixed synthetic-routing-v1 review.","existing_question_gate_missing_codes_rejected"
"route_b2b66189ac21c857fea93d1f","react1.r18.individual","gate","PREVTESTPOS is asked when COVIDA matches the stated condition","any","database_missing","","approved","mathzero","2026-08-17","PDF page 27: IF COVIDA = 1,2 3 AND PREVTEST=1 OR 2","Machine-extracted candidate; requires direct human comparison with the displayed questionnaire page. Approved by mathzero in the checksum-fixed synthetic-routing-v1 review.","existing_question_gate_missing_codes_rejected"
"route_b43bf01f5067e0f4f26c9b56","react1.r18.individual","gate","BACKTOUNI is asked when CAMPUS2 matches the stated condition","any","database_missing","","approved","mathzero","2026-08-17","PDF page 43: IF CAMPUS2=4, 5, 6, 7","Machine-extracted candidate; requires direct human comparison with the displayed questionnaire page. Approved by mathzero in the checksum-fixed synthetic-routing-v1 review.","existing_question_gate_missing_codes_rejected"
"route_b4981cde6aa9de396bf5d7f8","react1.r18.individual","gate","SMOKECIG is asked when SMOKENOW matches the stated condition","any","database_missing","","approved","mathzero","2026-08-17","PDF page 51: IF SMOKENOW = 2 or 3","Machine-extracted candidate; requires direct human comparison with the displayed questionnaire page. Approved by mathzero in the checksum-fixed synthetic-routing-v1 review.","existing_question_gate_missing_codes_rejected"
"route_b5c00a1309f721c4449b5e7f","react1.r18.individual","gate","LONGCOVIDMED_1 … LONGCOVIDMED_10 (13 fields) is asked when LONGCOVID1 matches the stated condition","any","database_missing","","approved","mathzero","2026-08-17","PDF page 17: IF LONGCOVID1 =1 OR 2","Machine-extracted in the group-aware second pass. The displayed evidence may contain additional administrative or eligibility conditions that require human interpretation. Approved by mathzero in the checksum-fixed synthetic-routing-v1 review.","existing_question_gate_missing_codes_rejected"
"route_b67da01b92679710a206734b","react1.r18.individual","gate","VACCRUFUSE2_1 … VACCRUFUSE2_20 (25 fields) is asked when VACCINEAPP2 matches the stated condition","any","database_missing","","approved","mathzero","2026-08-17","PDF page 40: VACCINEAPP2 =2 AND (Mail_Grp 1 OR (Mail_Grp 2 AND INDCONF=1))","Machine-extracted in the group-aware second pass. The displayed evidence may contain additional administrative or eligibility conditions that require human interpretation. Approved by mathzero in the checksum-fixed synthetic-routing-v1 review.","incomplete_context_do_not_claim_eligible"
"route_b848b215ed3ec27e1497f499","react1.r18.individual","gate","SICKPAY1 is asked when WORKHOMEPOSS2 matches the stated condition","any","database_missing","","approved","mathzero","2026-08-17","PDF page 45: IF WORKHOMEPOSS2 =1, 2 OR 3","Machine-extracted candidate; requires direct human comparison with the displayed questionnaire page. Approved by mathzero in the checksum-fixed synthetic-routing-v1 review.","existing_question_gate_missing_codes_rejected"
"route_bcd672ac8359664660442e10","react1.r18.individual","gate","COVIDCONWP is asked when COVIDCONPL_2 matches the stated condition","any","database_missing","","approved","mathzero","2026-08-17","PDF page 12: ASK IF COVIDCONPL=2 AND MAIL_GRP1 OR MAIL_GRP2 AND INDONF-=1","Machine-extracted in the group-aware second pass. The displayed evidence may contain additional administrative or eligibility conditions that require human interpretation. Approved by mathzero in the checksum-fixed synthetic-routing-v1 review.","incomplete_context_do_not_claim_eligible"
"route_be9550ff8fab97f5a5de8538","react1.r18.individual","gate","LONGCOVIDACTIV is asked when LONGCOVID1 matches the stated condition","any","database_missing","","approved","mathzero","2026-08-17","PDF page 16: IF LONGCOVID1 =1 OR 2","Machine-extracted candidate; requires direct human comparison with the displayed questionnaire page. Approved by mathzero in the checksum-fixed synthetic-routing-v1 review.","existing_question_gate_missing_codes_rejected"
"route_c1f025f92d94fb96b3dad9e9","react1.r18.individual","gate","CURRENTSYM is asked when SYMPTST matches the stated condition","any","database_missing","","approved","mathzero","2026-08-17","PDF page 8: ASK IF SYMPTST = 11 OR 12 or SYMPTFIRST = Don’t know =1","Machine-extracted candidate; requires direct human comparison with the displayed questionnaire page. Approved by mathzero in the checksum-fixed synthetic-routing-v1 review.","existing_question_gate_missing_codes_rejected"
"route_c2f1f2e5dbf86521f2f0d3ff","react1.r18.individual","gate","COVIDTETW_NEW is asked when COVIDTETR matches the stated condition","any","database_missing","","approved","mathzero","2026-08-17","PDF page 31: ASK IF COVIDTETR = 1","Machine-extracted candidate; requires direct human comparison with the displayed questionnaire page. Approved by mathzero in the checksum-fixed synthetic-routing-v1 review.","existing_question_gate_missing_codes_rejected"
"route_ca4f8beb982f7c879a489f04","react1.r18.individual","gate","VACCINEAPP2 is asked when VACCINEAPP1 matches the stated condition","any","database_missing","","approved","mathzero","2026-08-17","PDF page 38: IF VACCINEAPP1 =1","Machine-extracted candidate; requires direct human comparison with the displayed questionnaire page. Approved by mathzero in the checksum-fixed synthetic-routing-v1 review.","existing_question_gate_missing_codes_rejected"
"route_cab798b1949ebb2810d98c47","react1.r18.individual","gate","ABPREV5_NEW is asked when ABPREV4 matches the stated condition","any","database_missing","","approved","mathzero","2026-08-17","PDF page 31: IF ABPREV4=1","Machine-extracted candidate; requires direct human comparison with the displayed questionnaire page. Approved by mathzero in the checksum-fixed synthetic-routing-v1 review.","existing_question_gate_missing_codes_rejected"
"route_cad7ea1966f89f7538c4dbdc","react1.r18.individual","gate","BACKTOWORK2 is asked when BACKTOWORK matches the stated condition","any","database_missing","","approved","mathzero","2026-08-17","PDF page 45: IF BACKTOWORK = 1-6 or 8","Machine-extracted candidate; requires direct human comparison with the displayed questionnaire page. Approved by mathzero in the checksum-fixed synthetic-routing-v1 review.","existing_question_gate_missing_codes_rejected"
"route_cc2c0bf1484f560df89bca36","react1.r18.individual","gate","SMOKECIGDATE_NEW is asked when SMOKECIG matches the stated condition","any","database_missing","","approved","mathzero","2026-08-17","PDF page 52: IF SMOKECIG= 1 AND SMOKENOW=2","Machine-extracted in the group-aware second pass. The displayed evidence may contain additional administrative or eligibility conditions that require human interpretation. Approved by mathzero in the checksum-fixed synthetic-routing-v1 review.","existing_question_gate_missing_codes_rejected"
"route_d1afd5b4ae7c20904f85fa3d","react1.r18.individual","gate","QCOVIDWORK_1 … QCOVIDWORK_10 (11 fields) is asked when QISOLLEAVEREASON_1 matches the stated condition","any","database_missing","","approved","mathzero","2026-08-17","PDF page 51: ASK IF QISOLLEAVEREASON=1 AND Mail_Grp1 or (Mail_grp2 AND age 16+ ONLY and INDCONF=1]","Machine-extracted in the group-aware second pass. The displayed evidence may contain additional administrative or eligibility conditions that require human interpretation. Approved by mathzero in the checksum-fixed synthetic-routing-v1 review.","incomplete_context_do_not_claim_eligible"
"route_d39676079578aa8a98122eb8","react1.r18.individual","gate","SYMPTANY2_1 … SYMPTANY2_14 (14 fields) is asked when FEELUN matches the stated condition","any","database_missing","","approved","mathzero","2026-08-17","PDF page 6: IF FEELUN =1","Machine-extracted in the group-aware second pass. The displayed evidence may contain additional administrative or eligibility conditions that require human interpretation. Approved by mathzero in the checksum-fixed synthetic-routing-v1 review.","existing_question_gate_missing_codes_rejected"
"route_d498853b370aeca9bc86bee7","react1.r18.individual","gate","CAMPUS2 is asked when EMPL matches the stated condition","any","database_missing","","approved","mathzero","2026-08-17","PDF page 43: IF MAIL_GRP1 AND EMPL = 7","Machine-extracted candidate; requires direct human comparison with the displayed questionnaire page. Approved by mathzero in the checksum-fixed synthetic-routing-v1 review.","incomplete_context_do_not_claim_eligible"
"route_d7195950ebcef14cf61cc18b","react1.r18.individual","gate","SYMPTANY3_1 … SYMPTANY3_10 (11 fields) is asked when FEELUN matches the stated condition","any","database_missing","","approved","mathzero","2026-08-17","PDF page 6: IF FEELUN =1","Machine-extracted in the group-aware second pass. The displayed evidence may contain additional administrative or eligibility conditions that require human interpretation. Approved by mathzero in the checksum-fixed synthetic-routing-v1 review.","existing_question_gate_missing_codes_rejected"
"route_d94144deba99b964c633f311","react1.r18.individual","gate","SWABDATE_NEW, SWABDATE_HOUR, SWABDATE_MIN is asked when SWASTATUS matches the stated condition","any","database_missing","","approved","mathzero","2026-08-17","PDF page 25: IF SWASTATUS = 1 or 4 (COMPLETED SWAB TEST)","Machine-extracted in the group-aware second pass. The displayed evidence may contain additional administrative or eligibility conditions that require human interpretation. Approved by mathzero in the checksum-fixed synthetic-routing-v1 review.","existing_question_gate_missing_codes_rejected"
"route_dab68266d9212391a20b124a","react1.r18.individual","gate","QISOLLEAVEREASON_1 … QISOLLEAVEREASON_16 (19 fields) is asked when QISOLLEAVE matches the stated condition","any","database_missing","","approved","mathzero","2026-08-17","PDF page 50: ASK IF QISOLLEAVE = 1","Machine-extracted in the group-aware second pass. The displayed evidence may contain additional administrative or eligibility conditions that require human interpretation. Approved by mathzero in the checksum-fixed synthetic-routing-v1 review.","existing_question_gate_missing_codes_rejected"
"route_e1be7994208930bb0ce4a099","react1.r18.individual","gate","LONGCOVID1 is asked when COVIDA matches the stated condition","any","database_missing","","approved","mathzero","2026-08-17","PDF page 13: IF COVIDA=1, 2, 3","Machine-extracted candidate; requires direct human comparison with the displayed questionnaire page. Approved by mathzero in the checksum-fixed synthetic-routing-v1 review.","existing_question_gate_missing_codes_rejected"
"route_e6e3a4b2ad21d9171ddae74c","react1.r18.individual","gate","VACCINESECONDSYM is asked when VACCDOSESYM matches the stated condition","any","database_missing","","approved","mathzero","2026-08-17","PDF page 35: IF VACCDOSESYM= 2 OR 3 OR 4","Machine-extracted candidate; requires direct human comparison with the displayed questionnaire page. Approved by mathzero in the checksum-fixed synthetic-routing-v1 review.","existing_question_gate_missing_codes_rejected"
"route_e8ae8ecde0c868a487f66c4e","react1.r18.individual","gate","SICKPAY2 is asked when EMPL matches the stated condition","any","database_missing","","approved","mathzero","2026-08-17","PDF page 45: IF EMPL = 1, 2, 3","Machine-extracted candidate; requires direct human comparison with the displayed questionnaire page. Approved by mathzero in the checksum-fixed synthetic-routing-v1 review.","existing_question_gate_missing_codes_rejected"
"route_e8de0923439c21ffc6251c47","react1.r18.individual","gate","COVIDSYM2_1 … COVIDSYM2_12 (14 fields) is asked when LONGCOVID1 matches the stated condition","any","database_missing","","approved","mathzero","2026-08-17","PDF page 15: ASK IF LONGCOVID1=1, 2","Machine-extracted in the group-aware second pass. The displayed evidence may contain additional administrative or eligibility conditions that require human interpretation. Approved by mathzero in the checksum-fixed synthetic-routing-v1 review.","existing_question_gate_missing_codes_rejected"
"route_ec70b6bdd2dafdeba9474de4","react1.r18.individual","gate","VACCINEFIRSTSYM is asked when VACCINEREG matches the stated condition","any","database_missing","","approved","mathzero","2026-08-17","PDF page 35: IF VACCINEREG=1","Machine-extracted candidate; requires direct human comparison with the displayed questionnaire page. Approved by mathzero in the checksum-fixed synthetic-routing-v1 review.","existing_question_gate_missing_codes_rejected"
"route_edab35f9d76956802a99b9d1","react1.r18.individual","gate","OUTDOORNUMPEOPLE is asked when OUTDOOR_6 matches the stated condition","any","database_missing","","approved","mathzero","2026-08-17","PDF page 22: IF OUTDOOR=6","Machine-extracted in the group-aware second pass. The displayed evidence may contain additional administrative or eligibility conditions that require human interpretation. Approved by mathzero in the checksum-fixed synthetic-routing-v1 review.","existing_question_gate_missing_codes_rejected"
"route_edcf48ed802fe6caa09609cf","react1.r18.individual","gate","SICKPAY3 is asked when EMPL matches the stated condition","any","database_missing","","approved","mathzero","2026-08-17","PDF page 46: IF EMPL = 1, 2, 3","Machine-extracted candidate; requires direct human comparison with the displayed questionnaire page. Approved by mathzero in the checksum-fixed synthetic-routing-v1 review.","existing_question_gate_missing_codes_rejected"
"route_ff4f9d6434f27897e6e6ae0d","react1.r18.individual","gate","FRIDG is asked when SWASTATUS matches the stated condition","any","database_missing","","approved","mathzero","2026-08-17","PDF page 26: IF SWASTATUS = 1 or 4 (COMPLETED SWAB TEST)","Machine-extracted candidate; requires direct human comparison with the displayed questionnaire page. Approved by mathzero in the checksum-fixed synthetic-routing-v1 review.","existing_question_gate_missing_codes_rejected"
"route_14c12ff02b9a533df7d86186","react1.r18.registration","gate","NADULTS is asked when INDCONFPARENT matches the stated condition","any","database_missing","","approved","mathzero","2026-08-17","PDF page 7: IF AGED Mail_Grp=1 OR Mail_Grp=3 OR (Mail_Grp=2 INDCONFPARENT =1)","Machine-extracted candidate; requires direct human comparison with the displayed questionnaire page. Approved by mathzero in the checksum-fixed synthetic-routing-v1 review.","incomplete_context_do_not_claim_eligible"
"route_154419e1ff143f9fec00c560","react1.r18.registration","gate","VACCINEFIRST is asked when VACCINE3 matches the stated condition","any","database_missing","","approved","mathzero","2026-08-17","PDF page 14: IF VACCINE3 =1","Machine-extracted candidate; requires direct human comparison with the displayed questionnaire page. Approved by mathzero in the checksum-fixed synthetic-routing-v1 review.","existing_question_gate_missing_codes_rejected"
"route_28ab7539832ce2e3eff63d86","react1.r18.registration","gate","INDCONFCARER is asked when INDCONF matches the stated condition","any","database_missing","","approved","mathzero","2026-08-17","PDF page 4: IF INDCONF =2 AND Mail_Grp=1","Machine-extracted candidate; requires direct human comparison with the displayed questionnaire page. Approved by mathzero in the checksum-fixed synthetic-routing-v1 review.","incomplete_context_do_not_claim_eligible"
"route_337cf62be0bc69418d915b86","react1.r18.registration","gate","INDCONFPARENT is asked when INDCONF matches the stated condition","any","database_missing","","approved","mathzero","2026-08-17","PDF page 4: IF INDCONF = 2 AND Mail_Grp=2","Machine-extracted candidate; requires direct human comparison with the displayed questionnaire page. Approved by mathzero in the checksum-fixed synthetic-routing-v1 review.","incomplete_context_do_not_claim_eligible"
"route_3c5d9a4710d2f6a2722831bb","react1.r18.registration","gate","VACCINESECOND is asked when VACCDOSE matches the stated condition","any","database_missing","","approved","mathzero","2026-08-17","PDF page 15: IF VACCDOSE= 2 OR 3","Machine-extracted candidate; requires direct human comparison with the displayed questionnaire page. Approved by mathzero in the checksum-fixed synthetic-routing-v1 review.","existing_question_gate_missing_codes_rejected"
"route_50136b781b523961081c987a","react1.r18.registration","gate","PARNAME is asked when PARCONS matches the stated condition","any","database_missing","","approved","mathzero","2026-08-17","PDF page 6: IF PARCONS = 1","Machine-extracted candidate; requires direct human comparison with the displayed questionnaire page. Approved by mathzero in the checksum-fixed synthetic-routing-v1 review.","existing_question_gate_missing_codes_rejected"
"route_6572ce4c676ca91b4f9eff45","react1.r18.registration","gate","CHILDAGE1_1 … CHILDAGE1_NA (15 fields) is asked when NCHILD1 matches the stated condition","any","database_missing","","approved","mathzero","2026-08-17","PDF page 10: IF NCHILD1 = 2+","Machine-extracted in the group-aware second pass. The displayed evidence may contain additional administrative or eligibility conditions that require human interpretation. Approved by mathzero in the checksum-fixed synthetic-routing-v1 review.","existing_question_gate_missing_codes_rejected"
"route_6b95aab106dc35e51e93affc","react1.r18.registration","gate","EMPLREG is asked when WORKTYP2_9 matches the stated condition","any","database_missing","","approved","mathzero","2026-08-17","PDF page 12: IF WORKTYP2 =9","Machine-extracted in the group-aware second pass. The displayed evidence may contain additional administrative or eligibility conditions that require human interpretation. Approved by mathzero in the checksum-fixed synthetic-routing-v1 review.","existing_question_gate_missing_codes_rejected"
"route_8fbc1aeb563256b7d248f907","react1.r18.registration","gate","VACCDOSE is asked when VACCINE3 matches the stated condition","any","database_missing","","approved","mathzero","2026-08-17","PDF page 14: IF VACCINE3 = 1","Machine-extracted candidate; requires direct human comparison with the displayed questionnaire page. Approved by mathzero in the checksum-fixed synthetic-routing-v1 review.","existing_question_gate_missing_codes_rejected"
"route_91102bd7fab25d34054d5c98","react1.r18.registration","gate","WORKTYP2_1 … WORKTYP2_12 (13 fields) is asked when WORKTYP1_5, WORKTYP1_6, WORKTYP1_7 matches the stated condition","any","database_missing","","approved","mathzero","2026-08-17","PDF page 11: IF WORKTYP1= 5, 6, 7","Machine-extracted in the group-aware second pass. The displayed evidence may contain additional administrative or eligibility conditions that require human interpretation. Approved by mathzero in the checksum-fixed synthetic-routing-v1 review.","existing_question_gate_missing_codes_rejected"
"route_95ad0109aafabddc2a65ff51","react1.r18.registration","gate","WORKTYP4_1 … WORKTYP4_12 (13 fields) is asked when WORKTYP3_5, WORKTYP3_6, WORKTYP3_7 matches the stated condition","any","database_missing","","approved","mathzero","2026-08-17","PDF page 13: IF WORKTYP3= 5, 6, 7","Machine-extracted in the group-aware second pass. The displayed evidence may contain additional administrative or eligibility conditions that require human interpretation. Approved by mathzero in the checksum-fixed synthetic-routing-v1 review.","existing_question_gate_missing_codes_rejected"
"route_a089d61d2755284325fbad30","react1.r18.registration","gate","ADULTAGE1_1 … ADULTAGE1_NA (11 fields) is asked when NADULTS1 matches the stated condition","any","database_missing","","approved","mathzero","2026-08-17","PDF page 8: IF NADULTS1 = 1+","Machine-extracted in the group-aware second pass. The displayed evidence may contain additional administrative or eligibility conditions that require human interpretation. Approved by mathzero in the checksum-fixed synthetic-routing-v1 review.","existing_question_gate_missing_codes_rejected"
"route_d08a37d265659d02bf0fbca3","react1.r18.registration","gate","CONTACT1 … CONTACT6DK (12 fields) is asked when RESPCHK matches the stated condition","any","database_missing","","approved","mathzero","2026-08-17","PDF page 19: ASK IF RESPCHK =1","Machine-extracted in the group-aware second pass. The displayed evidence may contain additional administrative or eligibility conditions that require human interpretation. Approved by mathzero in the checksum-fixed synthetic-routing-v1 review.","existing_question_gate_missing_codes_rejected"
"route_de181840d1e2578392dbf7dd","react1.r18.registration","gate","VACCINETHIRD is asked when VACCDOSE matches the stated condition","any","database_missing","","approved","mathzero","2026-08-17","PDF page 15: IF VACCDOSE= 3","Machine-extracted candidate; requires direct human comparison with the displayed questionnaire page. Approved by mathzero in the checksum-fixed synthetic-routing-v1 review.","existing_question_gate_missing_codes_rejected"
"route_de54a70969285c2f73d270d3","react1.r18.registration","gate","WORKSTUDYPERS1REG_1 … WORKSTUDYPERS1REG_5 (5 fields) is asked when WORKTYP2_5 … WORKTYP2_7 (4 fields) matches the stated condition","any","database_missing","","approved","mathzero","2026-08-17","PDF page 12: IF WORKTYP2 = 5 or 12 or 8 or 7","Machine-extracted in the group-aware second pass. The displayed evidence may contain additional administrative or eligibility conditions that require human interpretation. Approved by mathzero in the checksum-fixed synthetic-routing-v1 review.","existing_question_gate_missing_codes_rejected"
"route_e62357f8d6bc938d9fc7602f","react1.r18.registration","gate","WORKSTUDYPERS2REG_1 … WORKSTUDYPERS2REG_5 (5 fields) is asked when WORKTYP4_5 … WORKTYP4_7 (4 fields) matches the stated condition","any","database_missing","","approved","mathzero","2026-08-17","PDF page 13: IF WORKTYP4 = 5 or 12 or 8 or 7","Machine-extracted in the group-aware second pass. The displayed evidence may contain additional administrative or eligibility conditions that require human interpretation. Approved by mathzero in the checksum-fixed synthetic-routing-v1 review.","existing_question_gate_missing_codes_rejected"
"route_f93b2d0f46908e11d48ffb55","react1.r18.registration","gate","ADULTAGE_1 … ADULTAGE1_NA (22 fields) is asked when NADULTS matches the stated condition","any","database_missing","","approved","mathzero","2026-08-17","PDF page 7: IF NADULTS = 2+","Machine-extracted in the group-aware second pass. The displayed evidence may contain additional administrative or eligibility conditions that require human interpretation. Approved by mathzero in the checksum-fixed synthetic-routing-v1 review.","existing_question_gate_missing_codes_rejected"
"route_0050dcd2abe38479d19a5f23","react1.r19.individual","gate","COVIDSYM2_1 … COVIDSYM2_12 (14 fields) is asked when LONGCOVID1 matches the stated condition","any","database_missing","","approved","mathzero","2026-08-17","PDF page 15: ASK IF LONGCOVID1=1, 2","Machine-extracted in the group-aware second pass. The displayed evidence may contain additional administrative or eligibility conditions that require human interpretation. Approved by mathzero in the checksum-fixed synthetic-routing-v1 review.","existing_question_gate_missing_codes_rejected"
"route_0305993f9fa13337505d20d0","react1.r19.individual","gate","SWAHELP is asked when SWAATTEMPT matches the stated condition","any","database_missing","","approved","mathzero","2026-08-17","PDF page 27: IF SWAATTEMPT = 1 (ATTEMPTED SWAB TEST)","Machine-extracted candidate; requires direct human comparison with the displayed questionnaire page. Approved by mathzero in the checksum-fixed synthetic-routing-v1 review.","existing_question_gate_missing_codes_rejected"
"route_07a585e4217ebd06615c01bf","react1.r19.individual","gate","LASTABROAD_NEW is asked when NUMVISIT matches the stated condition","any","database_missing","","approved","mathzero","2026-08-17","PDF page 50: IF NUMVISIT =3+","Machine-extracted candidate; requires direct human comparison with the displayed questionnaire page. Approved by mathzero in the checksum-fixed synthetic-routing-v1 review.","existing_question_gate_missing_codes_rejected"
"route_1218c39869af6578f9317443","react1.r19.individual","gate","ABPREV5_NEW is asked when ABPREV4 matches the stated condition","any","database_missing","","approved","mathzero","2026-08-17","PDF page 32: IF ABPREV4=1","Machine-extracted candidate; requires direct human comparison with the displayed questionnaire page. Approved by mathzero in the checksum-fixed synthetic-routing-v1 review.","existing_question_gate_missing_codes_rejected"
"route_14eb1f52fdb5c4bc95b87cee","react1.r19.individual","gate","VACCINEFIRSTSYM is asked when VACCINEREG matches the stated condition","any","database_missing","","approved","mathzero","2026-08-17","PDF page 36: IF VACCINEREG=1","Machine-extracted candidate; requires direct human comparison with the displayed questionnaire page. Approved by mathzero in the checksum-fixed synthetic-routing-v1 review.","existing_question_gate_missing_codes_rejected"
"route_150e0eec86930acc9767d16b","react1.r19.individual","gate","BOOSTERBARRIERS_1 … BOOSTERBARRIERS_25 (26 fields) is asked when BOOSTERDEC matches the stated condition","any","database_missing","","approved","mathzero","2026-08-17","PDF page 38: IF BOOSTERDEC =2 OR 3","Machine-extracted in the group-aware second pass. The displayed evidence may contain additional administrative or eligibility conditions that require human interpretation. Approved by mathzero in the checksum-fixed synthetic-routing-v1 review.","existing_question_gate_missing_codes_rejected"
"route_199f37fccbfcc62a8de7fa8f","react1.r19.individual","gate","INDCONFPARENT is asked when INDCONF matches the stated condition","any","database_missing","","approved","mathzero","2026-08-17","PDF page 4: IF INDCONF = 2 AND Mail_Grp 2","Machine-extracted candidate; requires direct human comparison with the displayed questionnaire page. Approved by mathzero in the checksum-fixed synthetic-routing-v1 review.","incomplete_context_do_not_claim_eligible"
"route_1b4b0756318c203aa5b4016d","react1.r19.individual","gate","VACCRUFUSE2_1 … VACCRUFUSE2_20 (25 fields) is asked when VACCINEAPP2 matches the stated condition","any","database_missing","","approved","mathzero","2026-08-17","PDF page 41: VACCINEAPP2 =2 AND (Mail_Grp 1 OR (Mail_Grp 2 AND INDCONF=1))","Machine-extracted in the group-aware second pass. The displayed evidence may contain additional administrative or eligibility conditions that require human interpretation. Approved by mathzero in the checksum-fixed synthetic-routing-v1 review.","incomplete_context_do_not_claim_eligible"
"route_1d3a55f505c20c7e9a1c3e7b","react1.r19.individual","gate","SMOKECIGDATE_NEW is asked when SMOKECIG matches the stated condition","any","database_missing","","approved","mathzero","2026-08-17","PDF page 50: IF SMOKECIG= 1 AND SMOKENOW=2","Machine-extracted in the group-aware second pass. The displayed evidence may contain additional administrative or eligibility conditions that require human interpretation. Approved by mathzero in the checksum-fixed synthetic-routing-v1 review.","existing_question_gate_missing_codes_rejected"
"route_1ecbf13767a40989d3b74e0b","react1.r19.individual","gate","INDOORNUMPEOPLE is asked when INDOOR_10 matches the stated condition","any","database_missing","","approved","mathzero","2026-08-17","PDF page 21: ASK IF INDOOR =10","Machine-extracted in the group-aware second pass. The displayed evidence may contain additional administrative or eligibility conditions that require human interpretation. Approved by mathzero in the checksum-fixed synthetic-routing-v1 review.","existing_question_gate_missing_codes_rejected"
"route_20254b2e3925e3f654450a07","react1.r19.individual","gate","WORKHOMEPOSS2 is asked when WORKHOME matches the stated condition","any","database_missing","","approved","mathzero","2026-08-17","PDF page 44: IF WORKHOME =2","Machine-extracted candidate; requires direct human comparison with the displayed questionnaire page. Approved by mathzero in the checksum-fixed synthetic-routing-v1 review.","existing_question_gate_missing_codes_rejected"
"route_2093ed33b1ae2ebba1c59335","react1.r19.individual","gate","COVIDCONSS_1 … COVIDCONSS_6 (6 fields) is asked when COVIDCONPL_4 matches the stated condition","any","database_missing","","approved","mathzero","2026-08-17","PDF page 12: ASK IF COVIDCONPL=4","Machine-extracted in the group-aware second pass. The displayed evidence may contain additional administrative or eligibility conditions that require human interpretation. Approved by mathzero in the checksum-fixed synthetic-routing-v1 review.","existing_question_gate_missing_codes_rejected"
"route_2235116181a1529e8f9b10a0","react1.r19.individual","gate","CURRENTSYM is asked when SYMPTST matches the stated condition","any","database_missing","","approved","mathzero","2026-08-17","PDF page 8: ASK IF SYMPTST = 11 OR 12 or SYMPTFIRST = Don’t know =1","Machine-extracted candidate; requires direct human comparison with the displayed questionnaire page. Approved by mathzero in the checksum-fixed synthetic-routing-v1 review.","existing_question_gate_missing_codes_rejected"
"route_24db2b49daa7477e49887677","react1.r19.individual","gate","CONTACT6_1, CONTACT6_2, CONTACT6_3 is asked when CONTACT1 matches the stated condition","any","database_missing","","approved","mathzero","2026-08-17","PDF page 24: IF CONTACT1 = 1+","Machine-extracted in the group-aware second pass. The displayed evidence may contain additional administrative or eligibility conditions that require human interpretation. Approved by mathzero in the checksum-fixed synthetic-routing-v1 review.","existing_question_gate_missing_codes_rejected"
"route_285cd0696c8093a3c12d274d","react1.r19.individual","gate","WORKHOME is asked when EMPL matches the stated condition","any","database_missing","","approved","mathzero","2026-08-17","PDF page 44: IF EMPL = 1, 2, 3","Machine-extracted candidate; requires direct human comparison with the displayed questionnaire page. Approved by mathzero in the checksum-fixed synthetic-routing-v1 review.","existing_question_gate_missing_codes_rejected"
"route_291032eb75ee910d73746743","react1.r19.individual","gate","BOOSTERHAD is asked when VACCINE3SYM matches the stated condition","any","database_missing","","approved","mathzero","2026-08-17","PDF page 37: ASK IF VACCINE3SYM=1 AND VACCINEREG =2","Machine-extracted in the group-aware second pass. The displayed evidence may contain additional administrative or eligibility conditions that require human interpretation. Approved by mathzero in the checksum-fixed synthetic-routing-v1 review.","existing_question_gate_missing_codes_rejected"
"route_2c2f92b8b88bac5d80ea2ec5","react1.r19.individual","gate","PREVTESTPOS is asked when COVIDA matches the stated condition","any","database_missing","","approved","mathzero","2026-08-17","PDF page 27: IF COVIDA = 1,2 3 AND PREVTEST=1 OR 2","Machine-extracted candidate; requires direct human comparison with the displayed questionnaire page. Approved by mathzero in the checksum-fixed synthetic-routing-v1 review.","existing_question_gate_missing_codes_rejected"
"route_2d6cbd5886f91b01aec69204","react1.r19.individual","gate","COVIDCONT is asked when BACKTOWORK matches the stated condition","any","database_missing","","approved","mathzero","2026-08-17","PDF page 46: IF BACKTOWORK = 1-6 or 8 or EMPL=7","Machine-extracted in the group-aware second pass. The displayed evidence may contain additional administrative or eligibility conditions that require human interpretation. Approved by mathzero in the checksum-fixed synthetic-routing-v1 review.","existing_question_gate_missing_codes_rejected"
"route_3376e47fa42e3374c472931f","react1.r19.individual","gate","PCRPREV is asked when PREVTEST_1 matches the stated condition","any","database_missing","","approved","mathzero","2026-08-17","PDF page 28: ASK IF PREVTEST =1 AND PREVTESTPOS >0 ","Machine-extracted in the group-aware second pass. The displayed evidence may contain additional administrative or eligibility conditions that require human interpretation. Approved by mathzero in the checksum-fixed synthetic-routing-v1 review.","existing_question_gate_missing_codes_rejected"
"route_371ec7cb77f65e034fc16f38","react1.r19.individual","gate","COVIDSYM3_1 … COVIDSYM3_11 (12 fields) is asked when LONGCOVID1 matches the stated condition","any","database_missing","","approved","mathzero","2026-08-17","PDF page 15: ASK IF LONGCOVID1=1, 2","Machine-extracted in the group-aware second pass. The displayed evidence may contain additional administrative or eligibility conditions that require human interpretation. Approved by mathzero in the checksum-fixed synthetic-routing-v1 review.","existing_question_gate_missing_codes_rejected"
"route_40aab94b942165b7d6842a7e","react1.r19.individual","gate","BACKTOUNI is asked when CAMPUS2 matches the stated condition","any","database_missing","","approved","mathzero","2026-08-17","PDF page 44: IF CAMPUS2=4, 5, 6, 7","Machine-extracted candidate; requires direct human comparison with the displayed questionnaire page. Approved by mathzero in the checksum-fixed synthetic-routing-v1 review.","existing_question_gate_missing_codes_rejected"
"route_431807c74d71aa40eac8e263","react1.r19.individual","gate","BACKTOWORK is asked when WORKHOMEPOSS2 matches the stated condition","any","database_missing","","approved","mathzero","2026-08-17","PDF page 45: IF WORKHOMEPOSS2=1 or 3","Machine-extracted candidate; requires direct human comparison with the displayed questionnaire page. Approved by mathzero in the checksum-fixed synthetic-routing-v1 review.","existing_question_gate_missing_codes_rejected"
"route_437758ef0d6eeb072f68ad1a","react1.r19.individual","gate","FRIDG is asked when SWASTATUS matches the stated condition","any","database_missing","","approved","mathzero","2026-08-17","PDF page 26: IF SWASTATUS = 1 or 4 (COMPLETED SWAB TEST)","Machine-extracted candidate; requires direct human comparison with the displayed questionnaire page. Approved by mathzero in the checksum-fixed synthetic-routing-v1 review.","existing_question_gate_missing_codes_rejected"
"route_4979326814650e05dad0764d","react1.r19.individual","gate","LONGCOVID1 is asked when COVIDA matches the stated condition","any","database_missing","","approved","mathzero","2026-08-17","PDF page 13: IF COVIDA=1, 2, 3","Machine-extracted candidate; requires direct human comparison with the displayed questionnaire page. Approved by mathzero in the checksum-fixed synthetic-routing-v1 review.","existing_question_gate_missing_codes_rejected"
"route_49eaefac51866769dec7dca7","react1.r19.individual","gate","SMOKEVAP is asked when VAPNOW matches the stated condition","any","database_missing","","approved","mathzero","2026-08-17","PDF page 51: IF VAPNOW = 2 or 3","Machine-extracted candidate; requires direct human comparison with the displayed questionnaire page. Approved by mathzero in the checksum-fixed synthetic-routing-v1 review.","existing_question_gate_missing_codes_rejected"
"route_4e05db51195a444b154fcb76","react1.r19.individual","gate","LONGCOVIDDESC is asked when LONGCOVID1 matches the stated condition","any","database_missing","","approved","mathzero","2026-08-17","PDF page 14: IF LONGCOVID1 =1 OR 2","Machine-extracted candidate; requires direct human comparison with the displayed questionnaire page. Approved by mathzero in the checksum-fixed synthetic-routing-v1 review.","existing_question_gate_missing_codes_rejected"
"route_51cc3c23f23fd4338e0516be","react1.r19.individual","gate","BOOSTERDEC is asked when BOOSTERHAD matches the stated condition","any","database_missing","","approved","mathzero","2026-08-17","PDF page 37: ASK IF BOOSTERHAD = 2 or 3","Machine-extracted candidate; requires direct human comparison with the displayed questionnaire page. Approved by mathzero in the checksum-fixed synthetic-routing-v1 review.","existing_question_gate_missing_codes_rejected"
"route_5cb149175102c6c16a17f836","react1.r19.individual","gate","VACCINEACCEPT is asked when VACCINEAPP1 matches the stated condition","any","database_missing","","approved","mathzero","2026-08-17","PDF page 39: IF VACCINEAPP1 =2, 3 or 4 AND (MAIL_GRP2 AND INDCONF=1) OR MAIL_GRP1.","Machine-extracted in the group-aware second pass. The displayed evidence may contain additional administrative or eligibility conditions that require human interpretation. Approved by mathzero in the checksum-fixed synthetic-routing-v1 review.","incomplete_context_do_not_claim_eligible"
"route_5dc663b37abf7965dca1eb38","react1.r19.individual","gate","NHSCONTACTS is asked when TETAHOW_2, TETAHOW_3, TETAHOW_4 matches the stated condition","any","database_missing","","approved","mathzero","2026-08-17","PDF page 34: IF TETAHOW = 2, 3 OR 4","Machine-extracted in the group-aware second pass. The displayed evidence may contain additional administrative or eligibility conditions that require human interpretation. Approved by mathzero in the checksum-fixed synthetic-routing-v1 review.","existing_question_gate_missing_codes_rejected"
"route_6026ec44b779bf32a646e455","react1.r19.individual","gate","WORKHOMEREASON_1 … WORKHOMEREASON_11 (13 fields) is asked when WORKHOMEPOSS2 matches the stated condition","any","database_missing","","approved","mathzero","2026-08-17","PDF page 45: IF WORKHOMEPOSS2=1, 3","Machine-extracted in the group-aware second pass. The displayed evidence may contain additional administrative or eligibility conditions that require human interpretation. Approved by mathzero in the checksum-fixed synthetic-routing-v1 review.","existing_question_gate_missing_codes_rejected"
"route_63aac90eac0d2db4a813948a","react1.r19.individual","gate","SWABDATEPOST is asked when SWASTATUS matches the stated condition","any","database_missing","","approved","mathzero","2026-08-17","PDF page 26: IF SWASTATUS = 1 (COMPLETED SWAB TEST)","Machine-extracted candidate; requires direct human comparison with the displayed questionnaire page. Approved by mathzero in the checksum-fixed synthetic-routing-v1 review.","existing_question_gate_missing_codes_rejected"
"route_64780bddbcbace7596c6deca","react1.r19.individual","gate","LFTREPORT is asked when PREVTEST_2 matches the stated condition","any","database_missing","","approved","mathzero","2026-08-17","PDF page 30: IF PREVTEST=2","Machine-extracted in the group-aware second pass. The displayed evidence may contain additional administrative or eligibility conditions that require human interpretation. Approved by mathzero in the checksum-fixed synthetic-routing-v1 review.","existing_question_gate_missing_codes_rejected"
"route_67224a8df6449312d5e295ca","react1.r19.individual","gate","COVIDCONNUM is asked when COVIDCONT matches the stated condition","any","database_missing","","approved","mathzero","2026-08-17","PDF page 11: ASK IF COVIDCON=1","Machine-extracted in the group-aware second pass. The displayed evidence may contain additional administrative or eligibility conditions that require human interpretation. Approved by mathzero in the checksum-fixed synthetic-routing-v1 review.","existing_question_gate_missing_codes_rejected"
"route_68dd045e611c3d1f438c3b8f","react1.r19.individual","gate","NHSCONTACTS2 is asked when NHSCONTACTS matches the stated condition","any","database_missing","","approved","mathzero","2026-08-17","PDF page 34: IF NHSCONTACTS=1","Machine-extracted candidate; requires direct human comparison with the displayed questionnaire page. Approved by mathzero in the checksum-fixed synthetic-routing-v1 review.","existing_question_gate_missing_codes_rejected"
"route_6b7d17eb9b4301a5c58f40dd","react1.r19.individual","gate","LONGCOVID2_21 … LONGCOVID2_25 (12 fields) is asked when LONGCOVID1 matches the stated condition","any","database_missing","","approved","mathzero","2026-08-17","PDF page 14: IF LONGCOVID1=1, 2","Machine-extracted in the group-aware second pass. The displayed evidence may contain additional administrative or eligibility conditions that require human interpretation. Approved by mathzero in the checksum-fixed synthetic-routing-v1 review.","existing_question_gate_missing_codes_rejected"
"route_6d828bde7a735b7c1f6ac6e4","react1.r19.individual","gate","LONGINTERMIT is asked when LONGCOVID1 matches the stated condition","any","database_missing","","approved","mathzero","2026-08-17","PDF page 16: IF LONGCOVID1 =1 OR 2","Machine-extracted candidate; requires direct human comparison with the displayed questionnaire page. Approved by mathzero in the checksum-fixed synthetic-routing-v1 review.","existing_question_gate_missing_codes_rejected"
"route_708ced3b7c91d26bbff93282","react1.r19.individual","gate","SYMPTNOWAW_1 … SYMPTNOWAW_27 (29 fields) is asked when SYMPTANY1_1 … SYMPTANY3_10 (30 fields) matches the stated condition","any","database_missing","","approved","mathzero","2026-08-17","PDF page 7: IF ANY SELECTED AT SYMPTANY1, SYMPTANY2, SYMPTANY3","Machine-extracted in the group-aware second pass. The displayed evidence may contain additional administrative or eligibility conditions that require human interpretation. Approved by mathzero in the checksum-fixed synthetic-routing-v1 review.","existing_question_gate_missing_codes_rejected"
"route_7669e5aa2ed7ea2c10f8bb61","react1.r19.individual","gate","SYMPTANY1_1 … SYMPTANY1_5 (5 fields) is asked when FEELUN matches the stated condition","any","database_missing","","approved","mathzero","2026-08-17","PDF page 5: IF FEELUN =1","Machine-extracted in the group-aware second pass. The displayed evidence may contain additional administrative or eligibility conditions that require human interpretation. Approved by mathzero in the checksum-fixed synthetic-routing-v1 review.","existing_question_gate_missing_codes_rejected"
"route_77aaaacb4491bcbba8b85d01","react1.r19.individual","gate","BACKTOWORK2 is asked when BACKTOWORK matches the stated condition","any","database_missing","","approved","mathzero","2026-08-17","PDF page 46: IF BACKTOWORK = 1-6 or 8","Machine-extracted candidate; requires direct human comparison with the displayed questionnaire page. Approved by mathzero in the checksum-fixed synthetic-routing-v1 review.","existing_question_gate_missing_codes_rejected"
"route_7ff39f05aaaace84d6a8a896","react1.r19.individual","gate","FLUVACCDATE is asked when FLUVACC matches the stated condition","any","database_missing","","approved","mathzero","2026-08-17","PDF page 35: IF FLUVACC=1.","Machine-extracted candidate; requires direct human comparison with the displayed questionnaire page. Approved by mathzero in the checksum-fixed synthetic-routing-v1 review.","existing_question_gate_missing_codes_rejected"
"route_8314631fa231309d551a64d3","react1.r19.individual","gate","KINDMED_1 … KINDMED_TXT (11 fields) is asked when SEEKMED matches the stated condition","any","database_missing","","approved","mathzero","2026-08-17","PDF page 10: IF SEEKMED = 1","Machine-extracted in the group-aware second pass. The displayed evidence may contain additional administrative or eligibility conditions that require human interpretation. Approved by mathzero in the checksum-fixed synthetic-routing-v1 review.","existing_question_gate_missing_codes_rejected"
"route_8503f07b6f1977e63e61f705","react1.r19.individual","gate","COVIDCONHH is asked when COVIDCONPL_1 matches the stated condition","any","database_missing","","approved","mathzero","2026-08-17","PDF page 11: ASK IF COVIDCONPL=1","Machine-extracted in the group-aware second pass. The displayed evidence may contain additional administrative or eligibility conditions that require human interpretation. Approved by mathzero in the checksum-fixed synthetic-routing-v1 review.","existing_question_gate_missing_codes_rejected"
"route_90c0aad228325e8a5e446813","react1.r19.individual","gate","TETAHOW_1 … TETAHOW_6 (7 fields) is asked when COVIDTETR matches the stated condition","any","database_missing","","approved","mathzero","2026-08-17","PDF page 33: ASK IF COVIDTETR = 1","Machine-extracted in the group-aware second pass. The displayed evidence may contain additional administrative or eligibility conditions that require human interpretation. Approved by mathzero in the checksum-fixed synthetic-routing-v1 review.","existing_question_gate_missing_codes_rejected"
"route_9dca3b4c471041931652f319","react1.r19.individual","gate","OUTDOORNUMPEOPLE is asked when OUTDOOR_6 matches the stated condition","any","database_missing","","approved","mathzero","2026-08-17","PDF page 22: IF OUTDOOR=6","Machine-extracted in the group-aware second pass. The displayed evidence may contain additional administrative or eligibility conditions that require human interpretation. Approved by mathzero in the checksum-fixed synthetic-routing-v1 review.","existing_question_gate_missing_codes_rejected"
"route_9dd0971e7ef7173771a73195","react1.r19.individual","gate","SWABTIME_PNTA is asked when SWASTATUS matches the stated condition","any","database_missing","","approved","mathzero","2026-08-17","PDF page 25: IF SWASTATUS = 1 or 4 (COMPLETED SWAB TEST)","Machine-extracted candidate; requires direct human comparison with the displayed questionnaire page. Approved by mathzero in the checksum-fixed synthetic-routing-v1 review.","existing_question_gate_missing_codes_rejected"
"route_9f13af966c1e380c288fbfeb","react1.r19.individual","gate","SMOKEVAPDATE_NEW is asked when SMOKEVAP matches the stated condition","any","database_missing","","approved","mathzero","2026-08-17","PDF page 52: IF SMOKEVAP= 1","Machine-extracted candidate; requires direct human comparison with the displayed questionnaire page. Approved by mathzero in the checksum-fixed synthetic-routing-v1 review.","existing_question_gate_missing_codes_rejected"
"route_a1e9a8c0d3c56d6bae5a0c28","react1.r19.individual","gate","ABPREV4 is asked when ABPREV1 matches the stated condition","any","database_missing","","approved","mathzero","2026-08-17","PDF page 32: IF ABPREV1= 2 AND ABPREV3 = 2, 3 or 4","Machine-extracted in the group-aware second pass. The displayed evidence may contain additional administrative or eligibility conditions that require human interpretation. Approved by mathzero in the checksum-fixed synthetic-routing-v1 review.","existing_question_gate_missing_codes_rejected"
"route_a254e9a78d15f318f8609e2d","react1.r19.individual","gate","SELFISOPOS1 is asked when INDCONF matches the stated condition","any","database_missing","","approved","mathzero","2026-08-17","PDF page 30: ASK IF MAIL_GRP3 OR (MAIL_GRP2 AND INDCONF=1) OR MAIL_GRP1","Machine-extracted candidate; requires direct human comparison with the displayed questionnaire page. Approved by mathzero in the checksum-fixed synthetic-routing-v1 review.","incomplete_context_do_not_claim_eligible"
"route_a5fb875f93a6b20920f776b3","react1.r19.individual","gate","VACCINEREG is asked when VACCINE3SYM matches the stated condition","any","database_missing","","approved","mathzero","2026-08-17","PDF page 35: IF VACCINE3SYM=1","Machine-extracted candidate; requires direct human comparison with the displayed questionnaire page. Approved by mathzero in the checksum-fixed synthetic-routing-v1 review.","existing_question_gate_missing_codes_rejected"
"route_a8c66c92c876eadb73dc22ee","react1.r19.individual","gate","VACCRUFUSE1_1 … VACCRUFUSE1_20 (25 fields) is asked when VACCINEACCEPT matches the stated condition","any","database_missing","","approved","mathzero","2026-08-17","PDF page 40: IF VACCINEACCEPT=2 or 3 AND (Mail_Grp 2 AND INDCONF=1) OR MAIL_GRP1","Machine-extracted in the group-aware second pass. The displayed evidence may contain additional administrative or eligibility conditions that require human interpretation. Approved by mathzero in the checksum-fixed synthetic-routing-v1 review.","incomplete_context_do_not_claim_eligible"
"route_a9d4fd4a81af8c2d762fda4f","react1.r19.individual","gate","VACCINEAPP2 is asked when VACCINEAPP1 matches the stated condition","any","database_missing","","approved","mathzero","2026-08-17","PDF page 39: IF VACCINEAPP1 =1","Machine-extracted candidate; requires direct human comparison with the displayed questionnaire page. Approved by mathzero in the checksum-fixed synthetic-routing-v1 review.","existing_question_gate_missing_codes_rejected"
"route_aca30c4a1ef01e5c4ca35131","react1.r19.individual","gate","VACCINETYPESYM is asked when VACCINEREG matches the stated condition","any","database_missing","","approved","mathzero","2026-08-17","PDF page 36: IF VACCINEREG=1","Machine-extracted candidate; requires direct human comparison with the displayed questionnaire page. Approved by mathzero in the checksum-fixed synthetic-routing-v1 review.","existing_question_gate_missing_codes_rejected"
"route_b5d6e0ae2c14bacfa748d5c5","react1.r19.individual","gate","SMOKECIG is asked when SMOKENOW matches the stated condition","any","database_missing","","approved","mathzero","2026-08-17","PDF page 50: IF SMOKENOW = 2 or 3","Machine-extracted candidate; requires direct human comparison with the displayed questionnaire page. Approved by mathzero in the checksum-fixed synthetic-routing-v1 review.","existing_question_gate_missing_codes_rejected"
"route_b8e32230ab4db26faa5ef241","react1.r19.individual","gate","SICKPAY1 is asked when WORKHOMEPOSS2 matches the stated condition","any","database_missing","","approved","mathzero","2026-08-17","PDF page 46: IF WORKHOMEPOSS2 =1, 2 OR 3","Machine-extracted candidate; requires direct human comparison with the displayed questionnaire page. Approved by mathzero in the checksum-fixed synthetic-routing-v1 review.","existing_question_gate_missing_codes_rejected"
"route_ba86e813968a0f0d777960ef","react1.r19.individual","gate","COUNTRYVISIT1, COUNTRYVISIT2 is asked when ABROAD matches the stated condition","any","database_missing","","approved","mathzero","2026-08-17","PDF page 48: IF ABROAD = 1","Machine-extracted in the group-aware second pass. The displayed evidence may contain additional administrative or eligibility conditions that require human interpretation. Approved by mathzero in the checksum-fixed synthetic-routing-v1 review.","existing_question_gate_missing_codes_rejected"
"route_bbfd67fa85407e50de005f1c","react1.r19.individual","gate","SMOKEFIVEYEAR is asked when SMOKENOW matches the stated condition","any","database_missing","","approved","mathzero","2026-08-17","PDF page 51: IF SMOKENOW =1","Machine-extracted candidate; requires direct human comparison with the displayed questionnaire page. Approved by mathzero in the checksum-fixed synthetic-routing-v1 review.","existing_question_gate_missing_codes_rejected"
"route_be101df3a2562580223fcaf3","react1.r19.individual","gate","ABPREV2_NEW is asked when ABPREV1 matches the stated condition","any","database_missing","","approved","mathzero","2026-08-17","PDF page 31: IF ABPREV1 = 1 or 2","Machine-extracted candidate; requires direct human comparison with the displayed questionnaire page. Approved by mathzero in the checksum-fixed synthetic-routing-v1 review.","existing_question_gate_missing_codes_rejected"
"route_c139dc7c55ece0b3ec929592","react1.r19.individual","gate","CONTACT5 is asked when CONTACT1 matches the stated condition","any","database_missing","","approved","mathzero","2026-08-17","PDF page 24: IF CONTACT1 = 1+ AND LEAVE2=1 AND MAIL_GRP1","Machine-extracted candidate; requires direct human comparison with the displayed questionnaire page. Approved by mathzero in the checksum-fixed synthetic-routing-v1 review.","incomplete_context_do_not_claim_eligible"
"route_c434e83ff15ada9c5893d946","react1.r19.individual","gate","SICKPAY3 is asked when EMPL matches the stated condition","any","database_missing","","approved","mathzero","2026-08-17","PDF page 47: IF EMPL = 1, 2, 3","Machine-extracted candidate; requires direct human comparison with the displayed questionnaire page. Approved by mathzero in the checksum-fixed synthetic-routing-v1 review.","existing_question_gate_missing_codes_rejected"
"route_c4ab36c09a4596a2796381bf","react1.r19.individual","gate","SICKPAY2 is asked when EMPL matches the stated condition","any","database_missing","","approved","mathzero","2026-08-17","PDF page 46: IF EMPL = 1, 2, 3","Machine-extracted candidate; requires direct human comparison with the displayed questionnaire page. Approved by mathzero in the checksum-fixed synthetic-routing-v1 review.","existing_question_gate_missing_codes_rejected"
"route_c60ca327b90d6fd8e3a09211","react1.r19.individual","gate","LONGCOVIDMED_1 … LONGCOVIDMED_10 (13 fields) is asked when LONGCOVID1 matches the stated condition","any","database_missing","","approved","mathzero","2026-08-17","PDF page 17: IF LONGCOVID1 =1 OR 2","Machine-extracted in the group-aware second pass. The displayed evidence may contain additional administrative or eligibility conditions that require human interpretation. Approved by mathzero in the checksum-fixed synthetic-routing-v1 review.","existing_question_gate_missing_codes_rejected"
"route_c90733e747ee2e6bae1f1948","react1.r19.individual","gate","LONGCOVIDABILITY is asked when LONGCOVID1 matches the stated condition","any","database_missing","","approved","mathzero","2026-08-17","PDF page 17: IF LONGCOVID1 =1 OR 2","Machine-extracted candidate; requires direct human comparison with the displayed questionnaire page. Approved by mathzero in the checksum-fixed synthetic-routing-v1 review.","existing_question_gate_missing_codes_rejected"
"route_cbb8d7689b033e8039dc88eb","react1.r19.individual","gate","SWABDATE_NEW, SWABDATE_HOUR, SWABDATE_MIN is asked when SWASTATUS matches the stated condition","any","database_missing","","approved","mathzero","2026-08-17","PDF page 25: IF SWASTATUS = 1 or 4 (COMPLETED SWAB TEST)","Machine-extracted in the group-aware second pass. The displayed evidence may contain additional administrative or eligibility conditions that require human interpretation. Approved by mathzero in the checksum-fixed synthetic-routing-v1 review.","existing_question_gate_missing_codes_rejected"
"route_d0b410748c41be8382215281","react1.r19.individual","gate","COVIDTETW_NEW is asked when COVIDTETR matches the stated condition","any","database_missing","","approved","mathzero","2026-08-17","PDF page 33: ASK IF COVIDTETR = 1","Machine-extracted candidate; requires direct human comparison with the displayed questionnaire page. Approved by mathzero in the checksum-fixed synthetic-routing-v1 review.","existing_question_gate_missing_codes_rejected"
"route_d6ea1a62cfd3d38edf26d10b","react1.r19.individual","gate","EDTYPE is asked when EMPL matches the stated condition","any","database_missing","","approved","mathzero","2026-08-17","PDF page 43: IF MAIL_GRP1 AND EMPL = 7","Machine-extracted candidate; requires direct human comparison with the displayed questionnaire page. Approved by mathzero in the checksum-fixed synthetic-routing-v1 review.","incomplete_context_do_not_claim_eligible"
"route_d72f9f6932d54acab23b9728","react1.r19.individual","gate","LONGCOVIDACTIV is asked when LONGCOVID1 matches the stated condition","any","database_missing","","approved","mathzero","2026-08-17","PDF page 16: IF LONGCOVID1 =1 OR 2","Machine-extracted candidate; requires direct human comparison with the displayed questionnaire page. Approved by mathzero in the checksum-fixed synthetic-routing-v1 review.","existing_question_gate_missing_codes_rejected"
"route_d91f7b27c144938ed357ec43","react1.r19.individual","gate","COVIDPWP is asked when COVIDCONT matches the stated condition","any","database_missing","","approved","mathzero","2026-08-17","PDF page 12: ASK IF COVIDCON=1","Machine-extracted in the group-aware second pass. The displayed evidence may contain additional administrative or eligibility conditions that require human interpretation. Approved by mathzero in the checksum-fixed synthetic-routing-v1 review.","existing_question_gate_missing_codes_rejected"
"route_dc6f0afcd1714f7cbb0bef02","react1.r19.individual","gate","RECENTLFD is asked when PREVTEST_2 matches the stated condition","any","database_missing","","approved","mathzero","2026-08-17","PDF page 29: ASK IF PREVTEST=2","Machine-extracted in the group-aware second pass. The displayed evidence may contain additional administrative or eligibility conditions that require human interpretation. Approved by mathzero in the checksum-fixed synthetic-routing-v1 review.","existing_question_gate_missing_codes_rejected"
"route_ded7789ce71d213c7f32f31d","react1.r19.individual","gate","VACCINETHIRDSYM is asked when VACCDOSESYM matches the stated condition","any","database_missing","","approved","mathzero","2026-08-17","PDF page 36: IF VACCDOSESYM= 3 OR 4","Machine-extracted candidate; requires direct human comparison with the displayed questionnaire page. Approved by mathzero in the checksum-fixed synthetic-routing-v1 review.","existing_question_gate_missing_codes_rejected"
"route_e0d42d237c9dd44bc50b2107","react1.r19.individual","gate","VACCDOSESYM is asked when VACCINEREG matches the stated condition","any","database_missing","","approved","mathzero","2026-08-17","PDF page 35: IF VACCINEREG=1","Machine-extracted candidate; requires direct human comparison with the displayed questionnaire page. Approved by mathzero in the checksum-fixed synthetic-routing-v1 review.","existing_question_gate_missing_codes_rejected"
"route_e14d2f7a0e6b66e20e05ec2d","react1.r19.individual","gate","INDCONFCARER is asked when INDCONF matches the stated condition","any","database_missing","","approved","mathzero","2026-08-17","PDF page 4: IF INDCONF =2 AND Mail_Grp 1","Machine-extracted candidate; requires direct human comparison with the displayed questionnaire page. Approved by mathzero in the checksum-fixed synthetic-routing-v1 review.","incomplete_context_do_not_claim_eligible"
"route_e23d9076004e5d35c41d6189","react1.r19.individual","gate","SYMPTANY2_1 … SYMPTANY2_14 (14 fields) is asked when FEELUN matches the stated condition","any","database_missing","","approved","mathzero","2026-08-17","PDF page 6: IF FEELUN =1","Machine-extracted in the group-aware second pass. The displayed evidence may contain additional administrative or eligibility conditions that require human interpretation. Approved by mathzero in the checksum-fixed synthetic-routing-v1 review.","existing_question_gate_missing_codes_rejected"
"route_e2f5d25e2489de0d08e46b93","react1.r19.individual","gate","SYMPTANY3_1 … SYMPTANY3_10 (11 fields) is asked when FEELUN matches the stated condition","any","database_missing","","approved","mathzero","2026-08-17","PDF page 6: IF FEELUN =1","Machine-extracted in the group-aware second pass. The displayed evidence may contain additional administrative or eligibility conditions that require human interpretation. Approved by mathzero in the checksum-fixed synthetic-routing-v1 review.","existing_question_gate_missing_codes_rejected"
"route_e754b5266af41f980edc98d0","react1.r19.individual","gate","SELFISOPOS2_1 … SELFISOPOS2_9 (9 fields) is asked when INDCONF matches the stated condition","any","database_missing","","approved","mathzero","2026-08-17","PDF page 31: ASK IF MAIL_GRP3 OR (MAIL_GRP2 AND INDCONF=1) OR MAIL_GRP1","Machine-extracted in the group-aware second pass. The displayed evidence may contain additional administrative or eligibility conditions that require human interpretation. Approved by mathzero in the checksum-fixed synthetic-routing-v1 review.","incomplete_context_do_not_claim_eligible"
"route_e981b691091146bf3a2e0e8e","react1.r19.individual","gate","CAMPUS2 is asked when EMPL matches the stated condition","any","database_missing","","approved","mathzero","2026-08-17","PDF page 44: IF MAIL_GRP1 AND EMPL = 7","Machine-extracted candidate; requires direct human comparison with the displayed questionnaire page. Approved by mathzero in the checksum-fixed synthetic-routing-v1 review.","incomplete_context_do_not_claim_eligible"
"route_ea706f17acd632d108a30f13","react1.r19.individual","gate","COVIDB_NEW, COVIDB_NEW_PNTA is asked when COVIDA matches the stated condition","any","database_missing","","approved","mathzero","2026-08-17","PDF page 13: IF COVIDA = 1, 2 or 3","Machine-extracted in the group-aware second pass. The displayed evidence may contain additional administrative or eligibility conditions that require human interpretation. Approved by mathzero in the checksum-fixed synthetic-routing-v1 review.","existing_question_gate_missing_codes_rejected"
"route_ec422941c4cb347b813e7f32","react1.r19.individual","gate","VACCINEAPP1 is asked when VACCINE3SYM matches the stated condition","any","database_missing","","approved","mathzero","2026-08-17","PDF page 39: IF VACCINE3SYM = 2 or 3 AND (MAIL_GRP2 AND INDCONF=1) OR MAIL_GRP1.","Machine-extracted in the group-aware second pass. The displayed evidence may contain additional administrative or eligibility conditions that require human interpretation. Approved by mathzero in the checksum-fixed synthetic-routing-v1 review.","incomplete_context_do_not_claim_eligible"
"route_eebed9354be8ae50c2ce8361","react1.r19.individual","gate","SWASTATUS is asked when SWAATTEMPT matches the stated condition","any","database_missing","","approved","mathzero","2026-08-17","PDF page 25: IF SWAATTEMPT=1","Machine-extracted candidate; requires direct human comparison with the displayed questionnaire page. Approved by mathzero in the checksum-fixed synthetic-routing-v1 review.","existing_question_gate_missing_codes_rejected"
"route_ef9d49f97bd611c36c3da6c8","react1.r19.individual","gate","COVIDCONWP is asked when COVIDCONPL_2 matches the stated condition","any","database_missing","","approved","mathzero","2026-08-17","PDF page 12: ASK IF COVIDCONPL=2 AND MAIL_GRP1 OR MAIL_GRP2 AND INDONF-=1","Machine-extracted in the group-aware second pass. The displayed evidence may contain additional administrative or eligibility conditions that require human interpretation. Approved by mathzero in the checksum-fixed synthetic-routing-v1 review.","incomplete_context_do_not_claim_eligible"
"route_f069c78437cc2e79ef8845eb","react1.r19.individual","gate","VACCINESECONDSYM is asked when VACCDOSESYM matches the stated condition","any","database_missing","","approved","mathzero","2026-08-17","PDF page 36: IF VACCDOSESYM= 2 OR 3 OR 4","Machine-extracted candidate; requires direct human comparison with the displayed questionnaire page. Approved by mathzero in the checksum-fixed synthetic-routing-v1 review.","existing_question_gate_missing_codes_rejected"
"route_f773f0c6e883598fbf024214","react1.r19.individual","gate","CONTACT4_1 … CONTACT4_5 (5 fields) is asked when CONTACT1 matches the stated condition","any","database_missing","","approved","mathzero","2026-08-17","PDF page 24: IF CONTACT1 = 1+","Machine-extracted in the group-aware second pass. The displayed evidence may contain additional administrative or eligibility conditions that require human interpretation. Approved by mathzero in the checksum-fixed synthetic-routing-v1 review.","existing_question_gate_missing_codes_rejected"
"route_fc6a304f99619cb59b390380","react1.r19.individual","gate","COVIDCONPL_1 … COVIDCONPL_5 (6 fields) is asked when COVIDCONT matches the stated condition","any","database_missing","","approved","mathzero","2026-08-17","PDF page 11: ASK IF COVIDCON=1 AND COVIDCONNUM = 1-3","Machine-extracted in the group-aware second pass. The displayed evidence may contain additional administrative or eligibility conditions that require human interpretation. Approved by mathzero in the checksum-fixed synthetic-routing-v1 review.","existing_question_gate_missing_codes_rejected"
"route_fd279952121678a463b35e91","react1.r19.individual","gate","ABPREV3 is asked when ABPREV1 matches the stated condition","any","database_missing","","approved","mathzero","2026-08-17","PDF page 32: IF ABPREV1 = 1 or 2","Machine-extracted candidate; requires direct human comparison with the displayed questionnaire page. Approved by mathzero in the checksum-fixed synthetic-routing-v1 review.","existing_question_gate_missing_codes_rejected"
"route_086d0d381070165828fd1e87","react1.r19.registration","gate","PARNAME is asked when PARCONS matches the stated condition","any","database_missing","","approved","mathzero","2026-08-17","PDF page 6: IF PARCONS = 1","Machine-extracted candidate; requires direct human comparison with the displayed questionnaire page. Approved by mathzero in the checksum-fixed synthetic-routing-v1 review.","existing_question_gate_missing_codes_rejected"
"route_1d4d1132349152ea2faf6ff4","react1.r19.registration","gate","ADULTAGE_1 … ADULTAGE1_NA (22 fields) is asked when NADULTS matches the stated condition","any","database_missing","","approved","mathzero","2026-08-17","PDF page 7: IF NADULTS = 2+","Machine-extracted in the group-aware second pass. The displayed evidence may contain additional administrative or eligibility conditions that require human interpretation. Approved by mathzero in the checksum-fixed synthetic-routing-v1 review.","existing_question_gate_missing_codes_rejected"
"route_1de019b70ef447ed5814a6e0","react1.r19.registration","gate","WORKTYP4_1 … WORKTYP4_12 (13 fields) is asked when WORKTYP3_5, WORKTYP3_6, WORKTYP3_7 matches the stated condition","any","database_missing","","approved","mathzero","2026-08-17","PDF page 12: IF WORKTYP3= 5, 6, 7","Machine-extracted in the group-aware second pass. The displayed evidence may contain additional administrative or eligibility conditions that require human interpretation. Approved by mathzero in the checksum-fixed synthetic-routing-v1 review.","existing_question_gate_missing_codes_rejected"
"route_408b447289037daccbdeea8d","react1.r19.registration","gate","VACCDOSE is asked when VACCINE3 matches the stated condition","any","database_missing","","approved","mathzero","2026-08-17","PDF page 13: IF VACCINE3 = 1","Machine-extracted candidate; requires direct human comparison with the displayed questionnaire page. Approved by mathzero in the checksum-fixed synthetic-routing-v1 review.","existing_question_gate_missing_codes_rejected"
"route_51f0348627367adc2c3242ea","react1.r19.registration","gate","INDCONFPARENT is asked when INDCONF matches the stated condition","any","database_missing","","approved","mathzero","2026-08-17","PDF page 4: IF INDCONF = 2 AND Mail_Grp=2","Machine-extracted candidate; requires direct human comparison with the displayed questionnaire page. Approved by mathzero in the checksum-fixed synthetic-routing-v1 review.","incomplete_context_do_not_claim_eligible"
"route_572f3872ee7358d4acffeece","react1.r19.registration","gate","EMPLREG is asked when WORKTYP2_9 matches the stated condition","any","database_missing","","approved","mathzero","2026-08-17","PDF page 11: IF WORKTYP2 =9","Machine-extracted in the group-aware second pass. The displayed evidence may contain additional administrative or eligibility conditions that require human interpretation. Approved by mathzero in the checksum-fixed synthetic-routing-v1 review.","existing_question_gate_missing_codes_rejected"
"route_692deff5887e1ab83ac8c734","react1.r19.registration","gate","WORKSTUDYPERS1REG_1 … WORKSTUDYPERS1REG_5 (5 fields) is asked when WORKTYP2_5 … WORKTYP2_7 (4 fields) matches the stated condition","any","database_missing","","approved","mathzero","2026-08-17","PDF page 11: IF WORKTYP2 = 5 or 12 or 8 or 7","Machine-extracted in the group-aware second pass. The displayed evidence may contain additional administrative or eligibility conditions that require human interpretation. Approved by mathzero in the checksum-fixed synthetic-routing-v1 review.","existing_question_gate_missing_codes_rejected"
"route_6dd054701eb63f8ecd5c11a5","react1.r19.registration","gate","CONTACT1 … CONTACT6DK (12 fields) is asked when RESPCHK matches the stated condition","any","database_missing","","approved","mathzero","2026-08-17","PDF page 17: ASK IF RESPCHK =1","Machine-extracted in the group-aware second pass. The displayed evidence may contain additional administrative or eligibility conditions that require human interpretation. Approved by mathzero in the checksum-fixed synthetic-routing-v1 review.","existing_question_gate_missing_codes_rejected"
"route_78898ffffdad792cdfc73d8e","react1.r19.registration","gate","WORKTYP2_1 … WORKTYP2_12 (13 fields) is asked when WORKTYP1_5, WORKTYP1_6, WORKTYP1_7 matches the stated condition","any","database_missing","","approved","mathzero","2026-08-17","PDF page 11: IF WORKTYP1= 5, 6, 7","Machine-extracted in the group-aware second pass. The displayed evidence may contain additional administrative or eligibility conditions that require human interpretation. Approved by mathzero in the checksum-fixed synthetic-routing-v1 review.","existing_question_gate_missing_codes_rejected"
"route_924318e1c6b922604905d953","react1.r19.registration","gate","ADULTAGE1_1 … ADULTAGE1_NA (11 fields) is asked when NADULTS1 matches the stated condition","any","database_missing","","approved","mathzero","2026-08-17","PDF page 8: IF NADULTS1 = 1+","Machine-extracted in the group-aware second pass. The displayed evidence may contain additional administrative or eligibility conditions that require human interpretation. Approved by mathzero in the checksum-fixed synthetic-routing-v1 review.","existing_question_gate_missing_codes_rejected"
"route_b0cffec711f8ea691bb24571","react1.r19.registration","gate","VACCINETHIRD is asked when VACCDOSE matches the stated condition","any","database_missing","","approved","mathzero","2026-08-17","PDF page 14: IF VACCDOSE= 3","Machine-extracted candidate; requires direct human comparison with the displayed questionnaire page. Approved by mathzero in the checksum-fixed synthetic-routing-v1 review.","existing_question_gate_missing_codes_rejected"
"route_b5706f485348506e7f627c49","react1.r19.registration","gate","WORKSTUDYPERS2REG_1 … WORKSTUDYPERS2REG_5 (5 fields) is asked when WORKTYP4_5 … WORKTYP4_7 (4 fields) matches the stated condition","any","database_missing","","approved","mathzero","2026-08-17","PDF page 13: IF WORKTYP4 = 5 or 12 or 8 or 7","Machine-extracted in the group-aware second pass. The displayed evidence may contain additional administrative or eligibility conditions that require human interpretation. Approved by mathzero in the checksum-fixed synthetic-routing-v1 review.","existing_question_gate_missing_codes_rejected"
"route_be5c8b687fb215f52b9cda28","react1.r19.registration","gate","INDCONFCARER is asked when INDCONF matches the stated condition","any","database_missing","","approved","mathzero","2026-08-17","PDF page 4: IF INDCONF =2 AND Mail_Grp=1","Machine-extracted candidate; requires direct human comparison with the displayed questionnaire page. Approved by mathzero in the checksum-fixed synthetic-routing-v1 review.","incomplete_context_do_not_claim_eligible"
"route_cceaed3f0de93e9773c03b75","react1.r19.registration","gate","CHILDAGE1_1 … CHILDAGE1_NA (15 fields) is asked when NCHILD1 matches the stated condition","any","database_missing","","approved","mathzero","2026-08-17","PDF page 10: IF NCHILD1 = 2+","Machine-extracted in the group-aware second pass. The displayed evidence may contain additional administrative or eligibility conditions that require human interpretation. Approved by mathzero in the checksum-fixed synthetic-routing-v1 review.","existing_question_gate_missing_codes_rejected"
"route_d66eca8ed96d52cb35a678b0","react1.r19.registration","gate","VACCINESECOND is asked when VACCDOSE matches the stated condition","any","database_missing","","approved","mathzero","2026-08-17","PDF page 14: IF VACCDOSE= 2 OR 3","Machine-extracted candidate; requires direct human comparison with the displayed questionnaire page. Approved by mathzero in the checksum-fixed synthetic-routing-v1 review.","existing_question_gate_missing_codes_rejected"
"route_db4e387a12c5e71b300e1a08","react1.r19.registration","gate","NADULTS is asked when INDCONFPARENT matches the stated condition","any","database_missing","","approved","mathzero","2026-08-17","PDF page 7: IF AGED Mail_Grp=1 OR Mail_Grp=3 OR (Mail_Grp=2 INDCONFPARENT =1)","Machine-extracted candidate; requires direct human comparison with the displayed questionnaire page. Approved by mathzero in the checksum-fixed synthetic-routing-v1 review.","incomplete_context_do_not_claim_eligible"
"route_e5b5db02c39d1a6a091cbaf2","react1.r19.registration","gate","VACCINEFIRST is asked when VACCINE3 matches the stated condition","any","database_missing","","approved","mathzero","2026-08-17","PDF page 14: IF VACCINE3 =1","Machine-extracted candidate; requires direct human comparison with the displayed questionnaire page. Approved by mathzero in the checksum-fixed synthetic-routing-v1 review.","existing_question_gate_missing_codes_rejected"
"route_1441787ef3a0117182d0b262","react2.s5.r01.individual","gate","SYMPTWHEN_01 … SYMPTWHEN_10 (10 fields) is asked when SYMPTANY_01 … SYMPTANY_27 (27 fields) matches the stated condition","any","database_missing","","approved","mathzero","2026-08-17","PDF page 8: IF SYMPTANY = ANY OF 1-26 ","Machine-extracted in the group-aware second pass. The displayed evidence may contain additional administrative or eligibility conditions that require human interpretation. Approved by mathzero in the checksum-fixed synthetic-routing-react2-v1 review.","existing_question_gate_missing_codes_rejected"
"route_178dabfdccfc74b1ab219b36","react2.s5.r01.individual","gate","ABHELP is asked when ABATTEMPT matches the stated condition","any","database_missing","","approved","mathzero","2026-08-17","PDF page 15: IF ABATTEPT = 1 ","Machine-extracted in the group-aware second pass. The displayed evidence may contain additional administrative or eligibility conditions that require human interpretation. Approved by mathzero in the checksum-fixed synthetic-routing-react2-v1 review.","existing_question_gate_missing_codes_rejected"
"route_1aed3e877a05772a29360aaf","react2.s5.r01.individual","gate","ABDATE is asked when ABATTEMPT matches the stated condition","any","database_missing","","approved","mathzero","2026-08-17","PDF page 15: ASK IF ABATTEMPT = 1","Machine-extracted candidate; requires direct human comparison with the displayed questionnaire page. Approved by mathzero in the checksum-fixed synthetic-routing-react2-v1 review.","existing_question_gate_missing_codes_rejected"
"route_4b6e2d4e15dd23dbe8284af6","react2.s5.r01.individual","gate","SYMPTANY_01 … SYMPTANY_27 (27 fields) is asked when COVIDA matches the stated condition","any","database_missing","","approved","mathzero","2026-08-17","PDF page 7: IF COVIDA = 4 ","Machine-extracted in the group-aware second pass. The displayed evidence may contain additional administrative or eligibility conditions that require human interpretation. Approved by mathzero in the checksum-fixed synthetic-routing-react2-v1 review.","existing_question_gate_missing_codes_rejected"
"route_5ad54122aad02232780e85cb","react2.s5.r01.individual","gate","ABWHYN_01 … ABWHYN_11 (12 fields) is asked when ABATTEMPT matches the stated condition","any","database_missing","","approved","mathzero","2026-08-17","PDF page 15: ASK IF ABATTEMPT = 2","Machine-extracted in the group-aware second pass. The displayed evidence may contain additional administrative or eligibility conditions that require human interpretation. Approved by mathzero in the checksum-fixed synthetic-routing-react2-v1 review.","existing_question_gate_missing_codes_rejected"
"route_6b8e8109a8beef6595c90fb2","react2.s5.r01.individual","gate","COVIDEND_DATE, COVIDEND_STILL_SYMPTOMS is asked when COVIDC matches the stated condition","any","database_missing","","approved","mathzero","2026-08-17","PDF page 6: IF ANSWER TO COVIDC NOT 1 ","Machine-extracted in the group-aware second pass. The displayed evidence may contain additional administrative or eligibility conditions that require human interpretation. Approved by mathzero in the checksum-fixed synthetic-routing-react2-v1 review.","existing_question_gate_missing_codes_rejected"
"route_6faf35854927c9579e730426","react2.s5.r01.individual","gate","COVIDSYM_01 … COVIDSYM_27 (27 fields) is asked when COVIDC matches the stated condition","any","database_missing","","approved","mathzero","2026-08-17","PDF page 6: IF ANSWER TO COVIDC NOT 1 ","Machine-extracted in the group-aware second pass. The displayed evidence may contain additional administrative or eligibility conditions that require human interpretation. Approved by mathzero in the checksum-fixed synthetic-routing-react2-v1 review.","existing_question_gate_missing_codes_rejected"
"route_70db78cfa53bada670c1da3a","react2.s5.r01.individual","gate","RESCONF is asked when NEWRESULT matches the stated condition","any","database_missing","","approved","mathzero","2026-08-17","PDF page 17: IF NEWRESULT = 0-4","Machine-extracted candidate; requires direct human comparison with the displayed questionnaire page. Approved by mathzero in the checksum-fixed synthetic-routing-react2-v1 review.","existing_question_gate_missing_codes_rejected"
"route_81298091c213bed412ea3002","react2.s5.r01.individual","gate","COVIDD_1 … COVIDD_10_OTHER (11 fields) is asked when COVIDC matches the stated condition","any","database_missing","","approved","mathzero","2026-08-17","PDF page 5: IF ANSWER TO COVIDC NOT 1 ","Machine-extracted in the group-aware second pass. The displayed evidence may contain additional administrative or eligibility conditions that require human interpretation. Approved by mathzero in the checksum-fixed synthetic-routing-react2-v1 review.","existing_question_gate_missing_codes_rejected"
"route_94dedb98d14843d6058bc490","react2.s5.r01.individual","gate","PHOTO1 is asked when NEWRESULT matches the stated condition","any","database_missing","","approved","mathzero","2026-08-17","PDF page 17: IF NEWRESULT = 0-5","Machine-extracted candidate; requires direct human comparison with the displayed questionnaire page. Approved by mathzero in the checksum-fixed synthetic-routing-react2-v1 review.","existing_question_gate_missing_codes_rejected"
"route_a62fa0566476498a156f294c","react2.s5.r01.individual","gate","PHOTO2_NAME, PHOTO2_SIZE, PHOTO2_UNABLE is asked when PHOTO1 matches the stated condition","any","database_missing","","approved","mathzero","2026-08-17","PDF page 17: IF PHOTO1 = 1","Machine-extracted in the group-aware second pass. The displayed evidence may contain additional administrative or eligibility conditions that require human interpretation. Approved by mathzero in the checksum-fixed synthetic-routing-react2-v1 review.","existing_question_gate_missing_codes_rejected"
"route_ad388f98fdf4c714c9d34aae","react2.s5.r01.individual","gate","NEWRESULT is asked when ABCOMP matches the stated condition","any","database_missing","","approved","mathzero","2026-08-17","PDF page 16: IF ABCOMP = 1","Machine-extracted candidate; requires direct human comparison with the displayed questionnaire page. Approved by mathzero in the checksum-fixed synthetic-routing-react2-v1 review.","existing_question_gate_missing_codes_rejected"
"route_adf28635c90b8061cdbbef52","react2.s5.r01.individual","gate","CONTACT4_1 … CONTACT4_4 (4 fields) is asked when CONTACT1 matches the stated condition","any","database_missing","","approved","mathzero","2026-08-17","PDF page 13: IF CONTACT1=1+ ","Machine-extracted in the group-aware second pass. The displayed evidence may contain additional administrative or eligibility conditions that require human interpretation. Approved by mathzero in the checksum-fixed synthetic-routing-react2-v1 review.","existing_question_gate_missing_codes_rejected"
"route_b359acd8e07d6a53f882745d","react2.s5.r01.individual","gate","ABCOMP is asked when ABATTEMPT matches the stated condition","any","database_missing","","approved","mathzero","2026-08-17","PDF page 15: ASK IF ABATTEMPT = 1","Machine-extracted candidate; requires direct human comparison with the displayed questionnaire page. Approved by mathzero in the checksum-fixed synthetic-routing-react2-v1 review.","existing_question_gate_missing_codes_rejected"
"route_c217e2025f6145a9ca0c40dc","react2.s5.r01.individual","gate","PERSCARE is asked when CAREHOME matches the stated condition","any","database_missing","","approved","mathzero","2026-08-17","PDF page 19: IF CAREHOME=2","Machine-extracted candidate; requires direct human comparison with the displayed questionnaire page. Approved by mathzero in the checksum-fixed synthetic-routing-react2-v1 review.","existing_question_gate_missing_codes_rejected"
"route_ddb10aa66779314fb99aa799","react2.s5.r01.individual","gate","COVIDSTA is asked when COVIDC matches the stated condition","any","database_missing","","approved","mathzero","2026-08-17","PDF page 5: IF ANSWER TO COVIDC NOT 1","Machine-extracted candidate; requires direct human comparison with the displayed questionnaire page. Approved by mathzero in the checksum-fixed synthetic-routing-react2-v1 review.","existing_question_gate_missing_codes_rejected"
"route_e3f02122296ea97c966b1b21","react2.s5.r01.individual","gate","ABWHYN2_01 … ABWHYN2_13 (14 fields) is asked when ABCOMP matches the stated condition","any","database_missing","","approved","mathzero","2026-08-17","PDF page 16: ASK IF ABCOMP = 2 OR 3","Machine-extracted in the group-aware second pass. The displayed evidence may contain additional administrative or eligibility conditions that require human interpretation. Approved by mathzero in the checksum-fixed synthetic-routing-react2-v1 review.","existing_question_gate_missing_codes_rejected"
"route_e740d0c8c017d0b87e41ed07","react2.s5.r01.individual","gate","CARETYPE is asked when CAREHOME matches the stated condition","any","database_missing","","approved","mathzero","2026-08-17","PDF page 19: IF CAREHOME=1","Machine-extracted candidate; requires direct human comparison with the displayed questionnaire page. Approved by mathzero in the checksum-fixed synthetic-routing-react2-v1 review.","existing_question_gate_missing_codes_rejected"
"route_e9df7517da31ddd455a3c209","react2.s5.r01.individual","gate","CONTACT5 is asked when CONTACT1, LEAVE2_1 matches the stated condition","any","database_missing","","approved","mathzero","2026-08-17","PDF page 14: IF CONTACT1 = 1+ AND LEAVE2 =1 CONTACT5","Machine-extracted in the group-aware second pass. The displayed evidence may contain additional administrative or eligibility conditions that require human interpretation. Approved by mathzero in the checksum-fixed synthetic-routing-react2-v1 review.","existing_question_gate_missing_codes_rejected"
"route_ed29e82ef85b84f807e3c835","react2.s5.r01.individual","gate","COVIDC is asked when COVIDA matches the stated condition","any","database_missing","","approved","mathzero","2026-08-17","PDF page 5: IF COVIDA = 1, 2 OR 3","Machine-extracted candidate; requires direct human comparison with the displayed questionnaire page. Approved by mathzero in the checksum-fixed synthetic-routing-react2-v1 review.","existing_question_gate_missing_codes_rejected"
"route_ff64abd5d1e3ceff422dc604","react2.s5.r01.individual","gate","COVIDB is asked when COVIDA matches the stated condition","any","database_missing","","approved","mathzero","2026-08-17","PDF page 4: IF COVIDA = 1","Machine-extracted candidate; requires direct human comparison with the displayed questionnaire page. Approved by mathzero in the checksum-fixed synthetic-routing-react2-v1 review.","existing_question_gate_missing_codes_rejected"
"route_8f2951ca2cef43385d6527f0","react2.s5.r01.registration","gate","CHILDAGE_1 … CHILDAGE_NA (16 fields) is asked when NCHILD matches the stated condition","any","database_missing","","approved","mathzero","2026-08-17","PDF page 5: IF NCHILD = 1+","Machine-extracted in the group-aware second pass. The displayed evidence may contain additional administrative or eligibility conditions that require human interpretation. Approved by mathzero in the checksum-fixed synthetic-routing-react2-v1 review.","existing_question_gate_missing_codes_rejected"
"route_abc8ba2793c16588eaa5e182","react2.s5.r01.registration","gate","WORKTYP_1 … WORKTYP_7 (7 fields) is asked when EMPL matches the stated condition","any","database_missing","","approved","mathzero","2026-08-17","PDF page 6: IF EMPL = 1, 2 or 3 ","Machine-extracted in the group-aware second pass. The displayed evidence may contain additional administrative or eligibility conditions that require human interpretation. Approved by mathzero in the checksum-fixed synthetic-routing-react2-v1 review.","existing_question_gate_missing_codes_rejected"
"route_f550aef2d8abde127314d83e","react2.s5.r01.registration","gate","ADULTAGE_1 … ADULTAGE_NA (10 fields) is asked when NADULTS matches the stated condition","any","database_missing","","approved","mathzero","2026-08-17","PDF page 5: IF NADULTS = 2+ ","Machine-extracted in the group-aware second pass. The displayed evidence may contain additional administrative or eligibility conditions that require human interpretation. Approved by mathzero in the checksum-fixed synthetic-routing-react2-v1 review.","existing_question_gate_missing_codes_rejected"
"route_05038b70fb05b21dd307c074","react2.s5.r02.individual","gate","ABPREV4 is asked when ABPREV1, ABPREV3 matches the stated condition","any","database_missing","","approved","mathzero","2026-08-17","PDF page 9: IF ABPREV1= 2 AND ABPREV3 = 2, 3 or 4 ","Machine-extracted in the group-aware second pass. The displayed evidence may contain additional administrative or eligibility conditions that require human interpretation. Approved by mathzero in the checksum-fixed synthetic-routing-react2-v1 review.","existing_question_gate_missing_codes_rejected"
"route_105a8135cf749ee49802bb0c","react2.s5.r02.individual","gate","PERSCARE_1 … PERSCARE_4 (4 fields) is asked when CAREHOME matches the stated condition","any","database_missing","","approved","mathzero","2026-08-17","PDF page 24: IF CAREHOME=2 (DO NOT LIVE IN CARE HOME)","Machine-extracted in the group-aware second pass. The displayed evidence may contain additional administrative or eligibility conditions that require human interpretation. Approved by mathzero in the checksum-fixed synthetic-routing-react2-v1 review.","existing_question_gate_missing_codes_rejected"
"route_10bbf7815356161fc2a2e2ee","react2.s5.r02.individual","gate","SMOKECIGW2 is asked when SMOKENOWW2 matches the stated condition","any","database_missing","","approved","mathzero","2026-08-17","PDF page 17: IF SMOKENOWW2 = 2 or 3","Machine-extracted candidate; requires direct human comparison with the displayed questionnaire page. Approved by mathzero in the checksum-fixed synthetic-routing-react2-v1 review.","existing_question_gate_missing_codes_rejected"
"route_212a9815e039f235fdd80ba3","react2.s5.r02.individual","gate","PCRPREV3 is asked when PCRPREV1 matches the stated condition","any","database_missing","","approved","mathzero","2026-08-17","PDF page 7: IF PCRPREV1 = 1 or 2","Machine-extracted candidate; requires direct human comparison with the displayed questionnaire page. Approved by mathzero in the checksum-fixed synthetic-routing-react2-v1 review.","existing_question_gate_missing_codes_rejected"
"route_267665205baa484ae882ecf9","react2.s5.r02.individual","gate","PCRPREV4 is asked when PCRPREV1, PCRPREV3 matches the stated condition","any","database_missing","","approved","mathzero","2026-08-17","PDF page 7: IF PCRPREV1= 2 AND PCPREV3 = 2, 3 or 4 ","Machine-extracted in the group-aware second pass. The displayed evidence may contain additional administrative or eligibility conditions that require human interpretation. Approved by mathzero in the checksum-fixed synthetic-routing-react2-v1 review.","existing_question_gate_missing_codes_rejected"
"route_29c9e954462ea9ec81ca9ad3","react2.s5.r02.individual","gate","ABPREV2 is asked when ABPREV1 matches the stated condition","any","database_missing","","approved","mathzero","2026-08-17","PDF page 8: IF ABPREV1 = 1 or 2","Machine-extracted candidate; requires direct human comparison with the displayed questionnaire page. Approved by mathzero in the checksum-fixed synthetic-routing-react2-v1 review.","existing_question_gate_missing_codes_rejected"
"route_2af93cb70eeb12d0bf3fd45c","react2.s5.r02.individual","gate","PCRPREV5 is asked when PCRPREV4 matches the stated condition","any","database_missing","","approved","mathzero","2026-08-17","PDF page 8: IF PCRPREV4=1","Machine-extracted candidate; requires direct human comparison with the displayed questionnaire page. Approved by mathzero in the checksum-fixed synthetic-routing-react2-v1 review.","existing_question_gate_missing_codes_rejected"
"route_2b42995beeece4c7ccf7701a","react2.s5.r02.individual","gate","SYMPTWHEN_01 … SYMPTWHEN_11 (11 fields) is asked when SYMPTANY_01 … SYMPTANY_27 (27 fields) matches the stated condition","any","database_missing","","approved","mathzero","2026-08-17","PDF page 10: IF SYMPTANY = ANY OF 1-26 ","Machine-extracted in the group-aware second pass. The displayed evidence may contain additional administrative or eligibility conditions that require human interpretation. Approved by mathzero in the checksum-fixed synthetic-routing-react2-v1 review.","existing_question_gate_missing_codes_rejected"
"route_2f8f669d6a303bf1cef4c530","react2.s5.r02.individual","gate","FLATTYP is asked when DWELLTYP matches the stated condition","any","database_missing","","approved","mathzero","2026-08-17","PDF page 22: IF DWELLTYP = 2","Machine-extracted candidate; requires direct human comparison with the displayed questionnaire page. Approved by mathzero in the checksum-fixed synthetic-routing-react2-v1 review.","existing_question_gate_missing_codes_rejected"
"route_3764b0411559b48bb34aa8f8","react2.s5.r02.individual","gate","SYMPTANY_01 … SYMPTANY_27 (27 fields) is asked when COVIDA matches the stated condition","any","database_missing","","approved","mathzero","2026-08-17","PDF page 9: IF COVIDA = 4 ","Machine-extracted in the group-aware second pass. The displayed evidence may contain additional administrative or eligibility conditions that require human interpretation. Approved by mathzero in the checksum-fixed synthetic-routing-react2-v1 review.","existing_question_gate_missing_codes_rejected"
"route_3a16966daff826df82a8d407","react2.s5.r02.individual","gate","CONTACT5 is asked when CONTACT1, LEAVE2_1 matches the stated condition","any","database_missing","","approved","mathzero","2026-08-17","PDF page 17: IF CONTACT1 = 1+ AND LEAVE2 =1 CONTACT5","Machine-extracted in the group-aware second pass. The displayed evidence may contain additional administrative or eligibility conditions that require human interpretation. Approved by mathzero in the checksum-fixed synthetic-routing-react2-v1 review.","existing_question_gate_missing_codes_rejected"
"route_44fab18b9f4b45d4b0be737b","react2.s5.r02.individual","gate","ABDATE is asked when ABATTEMPT matches the stated condition","any","database_missing","","approved","mathzero","2026-08-17","PDF page 18: ASK IF ABATTEMPT = 1","Machine-extracted candidate; requires direct human comparison with the displayed questionnaire page. Approved by mathzero in the checksum-fixed synthetic-routing-react2-v1 review.","existing_question_gate_missing_codes_rejected"
"route_5c22cae8ef7745bfeb9e401a","react2.s5.r02.individual","gate","NEWRESULT is asked when ABCOMP matches the stated condition","any","database_missing","","approved","mathzero","2026-08-17","PDF page 20: IF ABCOMP = 1","Machine-extracted candidate; requires direct human comparison with the displayed questionnaire page. Approved by mathzero in the checksum-fixed synthetic-routing-react2-v1 review.","existing_question_gate_missing_codes_rejected"
"route_6c03b98a537dc5681ddd8f2c","react2.s5.r02.individual","gate","COVIDB is asked when COVIDA matches the stated condition","any","database_missing","","approved","mathzero","2026-08-17","PDF page 4: IF COVIDA = 1","Machine-extracted candidate; requires direct human comparison with the displayed questionnaire page. Approved by mathzero in the checksum-fixed synthetic-routing-react2-v1 review.","existing_question_gate_missing_codes_rejected"
"route_76dd59c78906ca652fa8e2f4","react2.s5.r02.individual","gate","PCRPREV2 is asked when PCRPREV1 matches the stated condition","any","database_missing","","approved","mathzero","2026-08-17","PDF page 7: IF PCRPREV1 = 1 or 2","Machine-extracted candidate; requires direct human comparison with the displayed questionnaire page. Approved by mathzero in the checksum-fixed synthetic-routing-react2-v1 review.","existing_question_gate_missing_codes_rejected"
"route_7988a6e5063111d555bbefa1","react2.s5.r02.individual","gate","PHOTO2_NAME, PHOTO2_SIZE, PHOTO2_UNABLE is asked when PHOTO1 matches the stated condition","any","database_missing","","approved","mathzero","2026-08-17","PDF page 21: IF PHOTO1 = 1","Machine-extracted in the group-aware second pass. The displayed evidence may contain additional administrative or eligibility conditions that require human interpretation. Approved by mathzero in the checksum-fixed synthetic-routing-react2-v1 review.","existing_question_gate_missing_codes_rejected"
"route_7aa22741aca2460489a8b51a","react2.s5.r02.individual","gate","ABPREV5 is asked when ABPREV4 matches the stated condition","any","database_missing","","approved","mathzero","2026-08-17","PDF page 9: IF ABPREV4=1","Machine-extracted candidate; requires direct human comparison with the displayed questionnaire page. Approved by mathzero in the checksum-fixed synthetic-routing-react2-v1 review.","existing_question_gate_missing_codes_rejected"
"route_7e554daca486e7bed08c74dc","react2.s5.r02.individual","gate","COVIDC is asked when COVIDA matches the stated condition","any","database_missing","","approved","mathzero","2026-08-17","PDF page 5: IF COVIDA = 1, 2 OR 3","Machine-extracted candidate; requires direct human comparison with the displayed questionnaire page. Approved by mathzero in the checksum-fixed synthetic-routing-react2-v1 review.","existing_question_gate_missing_codes_rejected"
"route_7ece25034918514163f63318","react2.s5.r02.individual","gate","SMOKECIGDATE is asked when SMOKECIGW2 matches the stated condition","any","database_missing","","approved","mathzero","2026-08-17","PDF page 18: IF SMOKECIGW2= 1","Machine-extracted candidate; requires direct human comparison with the displayed questionnaire page. Approved by mathzero in the checksum-fixed synthetic-routing-react2-v1 review.","existing_question_gate_missing_codes_rejected"
"route_87d1f822a14192b338a1cc23","react2.s5.r02.individual","gate","ABPREV3 is asked when ABPREV1 matches the stated condition","any","database_missing","","approved","mathzero","2026-08-17","PDF page 8: IF ABPREV1 = 1 or 2","Machine-extracted candidate; requires direct human comparison with the displayed questionnaire page. Approved by mathzero in the checksum-fixed synthetic-routing-react2-v1 review.","existing_question_gate_missing_codes_rejected"
"route_9c9eaffe8b8805ae94f57843","react2.s5.r02.individual","gate","COVIDSTA is asked when COVIDC matches the stated condition","any","database_missing","","approved","mathzero","2026-08-17","PDF page 5: IF ANSWER TO COVIDC NOT 1","Machine-extracted candidate; requires direct human comparison with the displayed questionnaire page. Approved by mathzero in the checksum-fixed synthetic-routing-react2-v1 review.","existing_question_gate_missing_codes_rejected"
"route_9e3c344efd345912f57db1c2","react2.s5.r02.individual","gate","ABCOMP is asked when ABATTEMPT matches the stated condition","any","database_missing","","approved","mathzero","2026-08-17","PDF page 19: ASK IF ABATTEMPT = 1","Machine-extracted candidate; requires direct human comparison with the displayed questionnaire page. Approved by mathzero in the checksum-fixed synthetic-routing-react2-v1 review.","existing_question_gate_missing_codes_rejected"
"route_9ff981b4d83ade8253b5bfd0","react2.s5.r02.individual","gate","HOUSTYP is asked when DWELLTYP matches the stated condition","any","database_missing","","approved","mathzero","2026-08-17","PDF page 22: IF DWELLTYP = 1","Machine-extracted candidate; requires direct human comparison with the displayed questionnaire page. Approved by mathzero in the checksum-fixed synthetic-routing-react2-v1 review.","existing_question_gate_missing_codes_rejected"
"route_ab596c7a3a4b1e0c5ab5e43b","react2.s5.r02.individual","gate","CONTACT4_1 … CONTACT4_EX (5 fields) is asked when CONTACT1 matches the stated condition","any","database_missing","","approved","mathzero","2026-08-17","PDF page 17: IF CONTACT1=1+ ","Machine-extracted in the group-aware second pass. The displayed evidence may contain additional administrative or eligibility conditions that require human interpretation. Approved by mathzero in the checksum-fixed synthetic-routing-react2-v1 review.","existing_question_gate_missing_codes_rejected"
"route_b9bf3eb57cac9a29e982ca76","react2.s5.r02.individual","gate","RESCONF is asked when NEWRESULT matches the stated condition","any","database_missing","","approved","mathzero","2026-08-17","PDF page 20: IF NEWRESULT = 0-4","Machine-extracted candidate; requires direct human comparison with the displayed questionnaire page. Approved by mathzero in the checksum-fixed synthetic-routing-react2-v1 review.","existing_question_gate_missing_codes_rejected"
"route_bb1a5615794a7bb3698a4af5","react2.s5.r02.individual","gate","CARETYPE is asked when CAREHOME matches the stated condition","any","database_missing","","approved","mathzero","2026-08-17","PDF page 24: IF CAREHOME=1","Machine-extracted candidate; requires direct human comparison with the displayed questionnaire page. Approved by mathzero in the checksum-fixed synthetic-routing-react2-v1 review.","existing_question_gate_missing_codes_rejected"
"route_bf819467e572425bacf1032c","react2.s5.r02.individual","gate","ABWHYN_01 … ABWHYN_11 (12 fields) is asked when ABATTEMPT matches the stated condition","any","database_missing","","approved","mathzero","2026-08-17","PDF page 18: ASK IF ABATTEMPT = 2","Machine-extracted in the group-aware second pass. The displayed evidence may contain additional administrative or eligibility conditions that require human interpretation. Approved by mathzero in the checksum-fixed synthetic-routing-react2-v1 review.","existing_question_gate_missing_codes_rejected"
"route_c18407fcb0ca959316462cde","react2.s5.r02.individual","gate","COVIDEND_DATE, COVIDEND_STILL_SYMPTOMS is asked when COVIDC matches the stated condition","any","database_missing","","approved","mathzero","2026-08-17","PDF page 5: IF ANSWER TO COVIDC NOT 1","Machine-extracted in the group-aware second pass. The displayed evidence may contain additional administrative or eligibility conditions that require human interpretation. Approved by mathzero in the checksum-fixed synthetic-routing-react2-v1 review.","existing_question_gate_missing_codes_rejected"
"route_c49b2b6826445ddc9502c976","react2.s5.r02.individual","gate","COVIDSYM_01 … COVIDSYM_27 (27 fields) is asked when COVIDC matches the stated condition","any","database_missing","","approved","mathzero","2026-08-17","PDF page 6: IF ANSWER TO COVIDC NOT 1 ","Machine-extracted in the group-aware second pass. The displayed evidence may contain additional administrative or eligibility conditions that require human interpretation. Approved by mathzero in the checksum-fixed synthetic-routing-react2-v1 review.","existing_question_gate_missing_codes_rejected"
"route_cc14f6c2c9ca0d172e14e3ff","react2.s5.r02.individual","gate","ABHELP is asked when ABATTEMPT matches the stated condition","any","database_missing","","approved","mathzero","2026-08-17","PDF page 19: IF ABATTEMPT = 1","Machine-extracted candidate; requires direct human comparison with the displayed questionnaire page. Approved by mathzero in the checksum-fixed synthetic-routing-react2-v1 review.","existing_question_gate_missing_codes_rejected"
"route_d1e8ee422565167c1801b207","react2.s5.r02.individual","gate","ABWHYN2_01 … ABWHYN2_13 (14 fields) is asked when ABCOMP matches the stated condition","any","database_missing","","approved","mathzero","2026-08-17","PDF page 19: ASK IF ABCOMP = 2 OR 3","Machine-extracted in the group-aware second pass. The displayed evidence may contain additional administrative or eligibility conditions that require human interpretation. Approved by mathzero in the checksum-fixed synthetic-routing-react2-v1 review.","existing_question_gate_missing_codes_rejected"
"route_da89eeade2cd074a022de979","react2.s5.r02.individual","gate","PHOTO1 is asked when NEWRESULT matches the stated condition","any","database_missing","","approved","mathzero","2026-08-17","PDF page 21: IF NEWRESULT = 0-5","Machine-extracted candidate; requires direct human comparison with the displayed questionnaire page. Approved by mathzero in the checksum-fixed synthetic-routing-react2-v1 review.","existing_question_gate_missing_codes_rejected"
"route_e85a6e99127ad3f326059ce3","react2.s5.r02.individual","gate","COVIDD_1 … COVIDD_10_OTHER (11 fields) is asked when COVIDC matches the stated condition","any","database_missing","","approved","mathzero","2026-08-17","PDF page 5: IF ANSWER TO COVIDC NOT 1","Machine-extracted in the group-aware second pass. The displayed evidence may contain additional administrative or eligibility conditions that require human interpretation. Approved by mathzero in the checksum-fixed synthetic-routing-react2-v1 review.","existing_question_gate_missing_codes_rejected"
"route_885316076606565b4b65671e","react2.s5.r02.registration","gate","ADULTAGE_1 … ADULTAGE_NA (10 fields) is asked when NADULTS matches the stated condition","any","database_missing","","approved","mathzero","2026-08-17","PDF page 5: IF NADULTS = 2+ ","Machine-extracted in the group-aware second pass. The displayed evidence may contain additional administrative or eligibility conditions that require human interpretation. Approved by mathzero in the checksum-fixed synthetic-routing-react2-v1 review.","existing_question_gate_missing_codes_rejected"
"route_9f30e17e963710b55657951d","react2.s5.r02.registration","gate","CHILDAGE_1 … CHILDAGE_NA (16 fields) is asked when NCHILD matches the stated condition","any","database_missing","","approved","mathzero","2026-08-17","PDF page 5: IF NCHILD = 1+","Machine-extracted in the group-aware second pass. The displayed evidence may contain additional administrative or eligibility conditions that require human interpretation. Approved by mathzero in the checksum-fixed synthetic-routing-react2-v1 review.","existing_question_gate_missing_codes_rejected"
"route_0195a3bbf258b617ea6fc30c","react2.s5.r03.individual","gate","PERSCARE_1 … PERSCARE_4 (4 fields) is asked when CAREHOME matches the stated condition","any","database_missing","","approved","mathzero","2026-08-17","PDF page 30: IF CAREHOME=2 (DO NOT LIVE IN CARE HOME)","Machine-extracted in the group-aware second pass. The displayed evidence may contain additional administrative or eligibility conditions that require human interpretation. Approved by mathzero in the checksum-fixed synthetic-routing-react2-v1 review.","existing_question_gate_missing_codes_rejected"
"route_09de0c5bd09af65c053fbf6c","react2.s5.r03.individual","gate","CARETYPE is asked when CAREHOME matches the stated condition","any","database_missing","","approved","mathzero","2026-08-17","PDF page 30: IF CAREHOME=1","Machine-extracted candidate; requires direct human comparison with the displayed questionnaire page. Approved by mathzero in the checksum-fixed synthetic-routing-react2-v1 review.","existing_question_gate_missing_codes_rejected"
"route_0ba373316a5a9b50ad2a239c","react2.s5.r03.individual","gate","LONGCOVIDA_16 is asked when COVIDSYM_16 matches the stated condition","any","database_missing","","approved","mathzero","2026-08-17","PDF page 7: IF COVIDSYM =1 TO 30 ","Machine-extracted candidate; requires direct human comparison with the displayed questionnaire page. Approved by mathzero in the checksum-fixed synthetic-routing-react2-v1 review.","existing_question_gate_missing_codes_rejected"
"route_0c39e1f042cc5b9154bd3dd9","react2.s5.r03.individual","gate","LONGCOVIDA_11 is asked when COVIDSYM_11 matches the stated condition","any","database_missing","","approved","mathzero","2026-08-17","PDF page 7: IF COVIDSYM =1 TO 30 ","Machine-extracted candidate; requires direct human comparison with the displayed questionnaire page. Approved by mathzero in the checksum-fixed synthetic-routing-react2-v1 review.","existing_question_gate_missing_codes_rejected"
"route_13ab1191d13f185d1c9b517f","react2.s5.r03.individual","gate","FLATTYP is asked when DWELLTYP matches the stated condition","any","database_missing","","approved","mathzero","2026-08-17","PDF page 26: IF DWELLTYP = 2","Machine-extracted candidate; requires direct human comparison with the displayed questionnaire page. Approved by mathzero in the checksum-fixed synthetic-routing-react2-v1 review.","existing_question_gate_missing_codes_rejected"
"route_17bee9f3891dcff32ca96d33","react2.s5.r03.individual","gate","COUNTRYVISIT1, COUNTRYVISIT2 is asked when ABROAD matches the stated condition","any","database_missing","","approved","mathzero","2026-08-17","PDF page 31: IF ABROAD = 1","Machine-extracted in the group-aware second pass. The displayed evidence may contain additional administrative or eligibility conditions that require human interpretation. Approved by mathzero in the checksum-fixed synthetic-routing-react2-v1 review.","existing_question_gate_missing_codes_rejected"
"route_1dc814b60cede8659fedf26e","react2.s5.r03.individual","gate","LONGCOVIDA_2 is asked when COVIDSYM_02 matches the stated condition","any","database_missing","","approved","mathzero","2026-08-17","PDF page 7: IF COVIDSYM =1 TO 30 ","Machine-extracted candidate; requires direct human comparison with the displayed questionnaire page. Approved by mathzero in the checksum-fixed synthetic-routing-react2-v1 review.","existing_question_gate_missing_codes_rejected"
"route_1e4b512ecc95a3eb830c6456","react2.s5.r03.individual","gate","LONGCOVIDA_22 is asked when COVIDSYM_22 matches the stated condition","any","database_missing","","approved","mathzero","2026-08-17","PDF page 7: IF COVIDSYM =1 TO 30 ","Machine-extracted candidate; requires direct human comparison with the displayed questionnaire page. Approved by mathzero in the checksum-fixed synthetic-routing-react2-v1 review.","existing_question_gate_missing_codes_rejected"
"route_2494bf131ff01b0e584a95d9","react2.s5.r03.individual","gate","LONGCOVIDA_5 is asked when COVIDSYM_05 matches the stated condition","any","database_missing","","approved","mathzero","2026-08-17","PDF page 7: IF COVIDSYM =1 TO 30 ","Machine-extracted candidate; requires direct human comparison with the displayed questionnaire page. Approved by mathzero in the checksum-fixed synthetic-routing-react2-v1 review.","existing_question_gate_missing_codes_rejected"
"route_34e9c479a39be6a56546873f","react2.s5.r03.individual","gate","LONGCOVIDA_1 is asked when COVIDSYM_01 matches the stated condition","any","database_missing","","approved","mathzero","2026-08-17","PDF page 7: IF COVIDSYM =1 TO 30 ","Machine-extracted candidate; requires direct human comparison with the displayed questionnaire page. Approved by mathzero in the checksum-fixed synthetic-routing-react2-v1 review.","existing_question_gate_missing_codes_rejected"
"route_3ced129f890621ccd550b199","react2.s5.r03.individual","gate","HOUSTYP is asked when DWELLTYP matches the stated condition","any","database_missing","","approved","mathzero","2026-08-17","PDF page 26: IF DWELLTYP = 1","Machine-extracted candidate; requires direct human comparison with the displayed questionnaire page. Approved by mathzero in the checksum-fixed synthetic-routing-react2-v1 review.","existing_question_gate_missing_codes_rejected"
"route_3e9143cf8a87df9063a09d25","react2.s5.r03.individual","gate","ABPREV5 is asked when ABPREV4 matches the stated condition","any","database_missing","","approved","mathzero","2026-08-17","PDF page 10: IF ABPREV4=1","Machine-extracted candidate; requires direct human comparison with the displayed questionnaire page. Approved by mathzero in the checksum-fixed synthetic-routing-react2-v1 review.","existing_question_gate_missing_codes_rejected"
"route_401d3075711f455b916e437e","react2.s5.r03.individual","gate","SMOKEVAP is asked when VAPNOW matches the stated condition","any","database_missing","","approved","mathzero","2026-08-17","PDF page 21: IF VAPNOW = 2 or 3","Machine-extracted candidate; requires direct human comparison with the displayed questionnaire page. Approved by mathzero in the checksum-fixed synthetic-routing-react2-v1 review.","existing_question_gate_missing_codes_rejected"
"route_404b05ed0e7f0db051991796","react2.s5.r03.individual","gate","LONGCOVIDA_20 is asked when COVIDSYM_20 matches the stated condition","any","database_missing","","approved","mathzero","2026-08-17","PDF page 7: IF COVIDSYM =1 TO 30 ","Machine-extracted candidate; requires direct human comparison with the displayed questionnaire page. Approved by mathzero in the checksum-fixed synthetic-routing-react2-v1 review.","existing_question_gate_missing_codes_rejected"
"route_4900b15c8a6fed2b309f3efe","react2.s5.r03.individual","gate","CONTACT4_1 … CONTACT4_4 (4 fields) is asked when CONTACT1 matches the stated condition","any","database_missing","","approved","mathzero","2026-08-17","PDF page 19: IF CONTACT1=1+ ","Machine-extracted in the group-aware second pass. The displayed evidence may contain additional administrative or eligibility conditions that require human interpretation. Approved by mathzero in the checksum-fixed synthetic-routing-react2-v1 review.","existing_question_gate_missing_codes_rejected"
"route_4967e2aff1da5cfebab5d930","react2.s5.r03.individual","gate","ABPREV3 is asked when ABPREV1 matches the stated condition","any","database_missing","","approved","mathzero","2026-08-17","PDF page 10: IF ABPREV1 = 1 or 2","Machine-extracted candidate; requires direct human comparison with the displayed questionnaire page. Approved by mathzero in the checksum-fixed synthetic-routing-react2-v1 review.","existing_question_gate_missing_codes_rejected"
"route_4cb2d16f8655f6ac6891d073","react2.s5.r03.individual","gate","LONGCOVIDA_13 is asked when COVIDSYM_13 matches the stated condition","any","database_missing","","approved","mathzero","2026-08-17","PDF page 7: IF COVIDSYM =1 TO 30 ","Machine-extracted candidate; requires direct human comparison with the displayed questionnaire page. Approved by mathzero in the checksum-fixed synthetic-routing-react2-v1 review.","existing_question_gate_missing_codes_rejected"
"route_4fad91dbf6832879930cdeaf","react2.s5.r03.individual","gate","PCRPREV4 is asked when PCRPREV1, PCRPREV3 matches the stated condition","any","database_missing","","approved","mathzero","2026-08-17","PDF page 9: IF PCRPREV1= 2 AND PCPREV3 = 2, 3 or 4 ","Machine-extracted in the group-aware second pass. The displayed evidence may contain additional administrative or eligibility conditions that require human interpretation. Approved by mathzero in the checksum-fixed synthetic-routing-react2-v1 review.","existing_question_gate_missing_codes_rejected"
"route_54b59f5aaf34ecad90c0c8da","react2.s5.r03.individual","gate","PHOTO2_NAME, PHOTO2_SIZE, PHOTO2_UNABLE is asked when PHOTO1 matches the stated condition","any","database_missing","","approved","mathzero","2026-08-17","PDF page 25: IF PHOTO1 = 1","Machine-extracted in the group-aware second pass. The displayed evidence may contain additional administrative or eligibility conditions that require human interpretation. Approved by mathzero in the checksum-fixed synthetic-routing-react2-v1 review.","existing_question_gate_missing_codes_rejected"
"route_54f6c5611b6bffd88a864143","react2.s5.r03.individual","gate","COVIDEND_DATE, COVIDEND_STILL_SYMPTOMS is asked when COVIDC matches the stated condition","any","database_missing","","approved","mathzero","2026-08-17","PDF page 6: IF ANSWER TO COVIDC NOT 1 ","Machine-extracted in the group-aware second pass. The displayed evidence may contain additional administrative or eligibility conditions that require human interpretation. Approved by mathzero in the checksum-fixed synthetic-routing-react2-v1 review.","existing_question_gate_missing_codes_rejected"
"route_5eb0a6c4d8033dc1f61d85b3","react2.s5.r03.individual","gate","LONGCOVIDA_8 is asked when COVIDSYM_08 matches the stated condition","any","database_missing","","approved","mathzero","2026-08-17","PDF page 7: IF COVIDSYM =1 TO 30 ","Machine-extracted candidate; requires direct human comparison with the displayed questionnaire page. Approved by mathzero in the checksum-fixed synthetic-routing-react2-v1 review.","existing_question_gate_missing_codes_rejected"
"route_609e184818b82b0ba496759d","react2.s5.r03.individual","gate","SMOKEVAPDATE is asked when SMOKEVAP matches the stated condition","any","database_missing","","approved","mathzero","2026-08-17","PDF page 22: IF SMOKEVAP= 1","Machine-extracted candidate; requires direct human comparison with the displayed questionnaire page. Approved by mathzero in the checksum-fixed synthetic-routing-react2-v1 review.","existing_question_gate_missing_codes_rejected"
"route_616ff7a058a40d3da6b48ff2","react2.s5.r03.individual","gate","RESCONF is asked when NEWRESULT matches the stated condition","any","database_missing","","approved","mathzero","2026-08-17","PDF page 24: IF NEWRESULT = 0-4","Machine-extracted candidate; requires direct human comparison with the displayed questionnaire page. Approved by mathzero in the checksum-fixed synthetic-routing-react2-v1 review.","existing_question_gate_missing_codes_rejected"
"route_62be08df062fd034ed3e88e4","react2.s5.r03.individual","gate","SYMPTWHEN_01 … SYMPTWHEN_12 (12 fields) is asked when SYMPTANY_01 … SYMPTANY_31_OTHER (32 fields) matches the stated condition","any","database_missing","","approved","mathzero","2026-08-17","PDF page 12: IF SYMPTANY = ANY OF 1-29 ","Machine-extracted in the group-aware second pass. The displayed evidence may contain additional administrative or eligibility conditions that require human interpretation. Approved by mathzero in the checksum-fixed synthetic-routing-react2-v1 review.","existing_question_gate_missing_codes_rejected"
"route_65d8e26bdb6b0977363e45bd","react2.s5.r03.individual","gate","NEWRESULT is asked when ABCOMP matches the stated condition","any","database_missing","","approved","mathzero","2026-08-17","PDF page 24: IF ABCOMP = 1","Machine-extracted candidate; requires direct human comparison with the displayed questionnaire page. Approved by mathzero in the checksum-fixed synthetic-routing-react2-v1 review.","existing_question_gate_missing_codes_rejected"
"route_6b377206714c785ab64f53af","react2.s5.r03.individual","gate","PCRPREV2 is asked when PCRPREV1 matches the stated condition","any","database_missing","","approved","mathzero","2026-08-17","PDF page 8: IF PCRPREV1 = 1 or 2","Machine-extracted candidate; requires direct human comparison with the displayed questionnaire page. Approved by mathzero in the checksum-fixed synthetic-routing-react2-v1 review.","existing_question_gate_missing_codes_rejected"
"route_702efc1beb050c4b9b01e251","react2.s5.r03.individual","gate","PCRPREV3 is asked when PCRPREV1 matches the stated condition","any","database_missing","","approved","mathzero","2026-08-17","PDF page 8: IF PCRPREV1 = 1 or 2","Machine-extracted candidate; requires direct human comparison with the displayed questionnaire page. Approved by mathzero in the checksum-fixed synthetic-routing-react2-v1 review.","existing_question_gate_missing_codes_rejected"
"route_71f00d736c6baeba5c4c4778","react2.s5.r03.individual","gate","PCRPREV5 is asked when PCRPREV4 matches the stated condition","any","database_missing","","approved","mathzero","2026-08-17","PDF page 9: IF PCRPREV4=1","Machine-extracted candidate; requires direct human comparison with the displayed questionnaire page. Approved by mathzero in the checksum-fixed synthetic-routing-react2-v1 review.","existing_question_gate_missing_codes_rejected"
"route_730a93f414160104b83d3b95","react2.s5.r03.individual","gate","LONGCOVIDA_15 is asked when COVIDSYM_15 matches the stated condition","any","database_missing","","approved","mathzero","2026-08-17","PDF page 7: IF COVIDSYM =1 TO 30 ","Machine-extracted candidate; requires direct human comparison with the displayed questionnaire page. Approved by mathzero in the checksum-fixed synthetic-routing-react2-v1 review.","existing_question_gate_missing_codes_rejected"
"route_7347fa61c522ccbc12b4efad","react2.s5.r03.individual","gate","EDTYPE is asked when EMPL matches the stated condition","any","database_missing","","approved","mathzero","2026-08-17","PDF page 28: IF EMPL = 7","Machine-extracted candidate; requires direct human comparison with the displayed questionnaire page. Approved by mathzero in the checksum-fixed synthetic-routing-react2-v1 review.","existing_question_gate_missing_codes_rejected"
"route_749a5b25a512f2f51b6cea94","react2.s5.r03.individual","gate","PHOTO1 is asked when NEWRESULT matches the stated condition","any","database_missing","","approved","mathzero","2026-08-17","PDF page 24: IF NEWRESULT = 0-5","Machine-extracted candidate; requires direct human comparison with the displayed questionnaire page. Approved by mathzero in the checksum-fixed synthetic-routing-react2-v1 review.","existing_question_gate_missing_codes_rejected"
"route_791e72285d974136ad93e398","react2.s5.r03.individual","gate","LONGCOVIDA_21 is asked when COVIDSYM_21 matches the stated condition","any","database_missing","","approved","mathzero","2026-08-17","PDF page 7: IF COVIDSYM =1 TO 30 ","Machine-extracted candidate; requires direct human comparison with the displayed questionnaire page. Approved by mathzero in the checksum-fixed synthetic-routing-react2-v1 review.","existing_question_gate_missing_codes_rejected"
"route_7ae1aea959457c6aec8e3009","react2.s5.r03.individual","gate","LONGCOVIDA_12 is asked when COVIDSYM_12 matches the stated condition","any","database_missing","","approved","mathzero","2026-08-17","PDF page 7: IF COVIDSYM =1 TO 30 ","Machine-extracted candidate; requires direct human comparison with the displayed questionnaire page. Approved by mathzero in the checksum-fixed synthetic-routing-react2-v1 review.","existing_question_gate_missing_codes_rejected"
"route_7c36f3052fdff8adde84f06d","react2.s5.r03.individual","gate","LONGCOVIDA_27 is asked when COVIDSYM_28 matches the stated condition","any","database_missing","","approved","mathzero","2026-08-17","PDF page 7: IF COVIDSYM =1 TO 30 ","Machine-extracted candidate; requires direct human comparison with the displayed questionnaire page. Approved by mathzero in the checksum-fixed synthetic-routing-react2-v1 review.","existing_question_gate_missing_codes_rejected"
"route_7f3a3fc252dbeb933c3a00a0","react2.s5.r03.individual","gate","ABWHYN2_01 … ABWHYN2_13 (14 fields) is asked when ABCOMP matches the stated condition","any","database_missing","","approved","mathzero","2026-08-17","PDF page 23: ASK IF ABCOMP = 2 OR 3","Machine-extracted in the group-aware second pass. The displayed evidence may contain additional administrative or eligibility conditions that require human interpretation. Approved by mathzero in the checksum-fixed synthetic-routing-react2-v1 review.","existing_question_gate_missing_codes_rejected"
"route_80e847482fccc15846baef15","react2.s5.r03.individual","gate","LONGCOVIDA_3 is asked when COVIDSYM_03 matches the stated condition","any","database_missing","","approved","mathzero","2026-08-17","PDF page 7: IF COVIDSYM =1 TO 30 ","Machine-extracted candidate; requires direct human comparison with the displayed questionnaire page. Approved by mathzero in the checksum-fixed synthetic-routing-react2-v1 review.","existing_question_gate_missing_codes_rejected"
"route_84c6fb9971337eec09e04e09","react2.s5.r03.individual","gate","COVIDD_1 … COVIDD_10_OTHER (11 fields) is asked when COVIDC matches the stated condition","any","database_missing","","approved","mathzero","2026-08-17","PDF page 5: IF ANSWER TO COVIDC NOT 1 ","Machine-extracted in the group-aware second pass. The displayed evidence may contain additional administrative or eligibility conditions that require human interpretation. Approved by mathzero in the checksum-fixed synthetic-routing-react2-v1 review.","existing_question_gate_missing_codes_rejected"
"route_85c7c51011e9e9a1758e95ce","react2.s5.r03.individual","gate","CONTACT5 is asked when CONTACT1, LEAVE2_1 matches the stated condition","any","database_missing","","approved","mathzero","2026-08-17","PDF page 19: IF CONTACT1 = 1+ AND LEAVE2 =1 CONTACT5","Machine-extracted in the group-aware second pass. The displayed evidence may contain additional administrative or eligibility conditions that require human interpretation. Approved by mathzero in the checksum-fixed synthetic-routing-react2-v1 review.","existing_question_gate_missing_codes_rejected"
"route_8e00f9e37248acd448236f43","react2.s5.r03.individual","gate","LONGCOVIDA_25 is asked when COVIDSYM_25 matches the stated condition","any","database_missing","","approved","mathzero","2026-08-17","PDF page 7: IF COVIDSYM =1 TO 30 ","Machine-extracted candidate; requires direct human comparison with the displayed questionnaire page. Approved by mathzero in the checksum-fixed synthetic-routing-react2-v1 review.","existing_question_gate_missing_codes_rejected"
"route_97679643a480da8b4c740805","react2.s5.r03.individual","gate","ABHELP is asked when ABATTEMPT matches the stated condition","any","database_missing","","approved","mathzero","2026-08-17","PDF page 23: IF ABATTEMPT = 1","Machine-extracted candidate; requires direct human comparison with the displayed questionnaire page. Approved by mathzero in the checksum-fixed synthetic-routing-react2-v1 review.","existing_question_gate_missing_codes_rejected"
"route_988a74072dff7f0f211d5955","react2.s5.r03.individual","gate","ABPREV2 is asked when ABPREV1 matches the stated condition","any","database_missing","","approved","mathzero","2026-08-17","PDF page 9: IF ABPREV1 = 1 or 2","Machine-extracted candidate; requires direct human comparison with the displayed questionnaire page. Approved by mathzero in the checksum-fixed synthetic-routing-react2-v1 review.","existing_question_gate_missing_codes_rejected"
"route_99d68a9a91d3aab7d1e694f5","react2.s5.r03.individual","gate","LONGCOVIDA_14 is asked when COVIDSYM_14 matches the stated condition","any","database_missing","","approved","mathzero","2026-08-17","PDF page 7: IF COVIDSYM =1 TO 30 ","Machine-extracted candidate; requires direct human comparison with the displayed questionnaire page. Approved by mathzero in the checksum-fixed synthetic-routing-react2-v1 review.","existing_question_gate_missing_codes_rejected"
"route_9ed6cb26c8defbe2c5a87a82","react2.s5.r03.individual","gate","LONGCOVIDA_26 is asked when COVIDSYM_26 matches the stated condition","any","database_missing","","approved","mathzero","2026-08-17","PDF page 7: IF COVIDSYM =1 TO 30 ","Machine-extracted candidate; requires direct human comparison with the displayed questionnaire page. Approved by mathzero in the checksum-fixed synthetic-routing-react2-v1 review.","existing_question_gate_missing_codes_rejected"
"route_9f4e69f259f561ce0d7f9a38","react2.s5.r03.individual","gate","ABDATE is asked when ABATTEMPT matches the stated condition","any","database_missing","","approved","mathzero","2026-08-17","PDF page 22: ASK IF ABATTEMPT = 1","Machine-extracted candidate; requires direct human comparison with the displayed questionnaire page. Approved by mathzero in the checksum-fixed synthetic-routing-react2-v1 review.","existing_question_gate_missing_codes_rejected"
"route_9fca981885f3fb4f95cd4e0a","react2.s5.r03.individual","gate","LONGCOVIDA_24 is asked when COVIDSYM_24 matches the stated condition","any","database_missing","","approved","mathzero","2026-08-17","PDF page 7: IF COVIDSYM =1 TO 30 ","Machine-extracted candidate; requires direct human comparison with the displayed questionnaire page. Approved by mathzero in the checksum-fixed synthetic-routing-react2-v1 review.","existing_question_gate_missing_codes_rejected"
"route_a3ed22cac8e8c7fb5ea0da48","react2.s5.r03.individual","gate","LONGCOVIDA_18 is asked when COVIDSYM_18 matches the stated condition","any","database_missing","","approved","mathzero","2026-08-17","PDF page 7: IF COVIDSYM =1 TO 30 ","Machine-extracted candidate; requires direct human comparison with the displayed questionnaire page. Approved by mathzero in the checksum-fixed synthetic-routing-react2-v1 review.","existing_question_gate_missing_codes_rejected"
"route_a74454bd0299560311b07359","react2.s5.r03.individual","gate","ABWHYN_01 … ABWHYN_11 (12 fields) is asked when ABATTEMPT matches the stated condition","any","database_missing","","approved","mathzero","2026-08-17","PDF page 22: ASK IF ABATTEMPT = 2","Machine-extracted in the group-aware second pass. The displayed evidence may contain additional administrative or eligibility conditions that require human interpretation. Approved by mathzero in the checksum-fixed synthetic-routing-react2-v1 review.","existing_question_gate_missing_codes_rejected"
"route_b2cfb467b00e7dba1554fe16","react2.s5.r03.individual","gate","LONGCOVIDA_7 is asked when COVIDSYM_07 matches the stated condition","any","database_missing","","approved","mathzero","2026-08-17","PDF page 7: IF COVIDSYM =1 TO 30 ","Machine-extracted candidate; requires direct human comparison with the displayed questionnaire page. Approved by mathzero in the checksum-fixed synthetic-routing-react2-v1 review.","existing_question_gate_missing_codes_rejected"
"route_b47cf78ba0d8fc3e9cdba6a1","react2.s5.r03.individual","gate","LONGCOVIDA_28 is asked when COVIDSYM_29 matches the stated condition","any","database_missing","","approved","mathzero","2026-08-17","PDF page 7: IF COVIDSYM =1 TO 30 ","Machine-extracted candidate; requires direct human comparison with the displayed questionnaire page. Approved by mathzero in the checksum-fixed synthetic-routing-react2-v1 review.","existing_question_gate_missing_codes_rejected"
"route_b485d936d3674efbb919fd94","react2.s5.r03.individual","gate","UNIMOVE is asked when EMPL matches the stated condition","any","database_missing","","approved","mathzero","2026-08-17","PDF page 29: IF EMPL = 7","Machine-extracted candidate; requires direct human comparison with the displayed questionnaire page. Approved by mathzero in the checksum-fixed synthetic-routing-react2-v1 review.","existing_question_gate_missing_codes_rejected"
"route_b91cc1e6a48de73abfd16bb5","react2.s5.r03.individual","gate","COVIDB is asked when COVIDA matches the stated condition","any","database_missing","","approved","mathzero","2026-08-17","PDF page 5: IF COVIDA = 1","Machine-extracted candidate; requires direct human comparison with the displayed questionnaire page. Approved by mathzero in the checksum-fixed synthetic-routing-react2-v1 review.","existing_question_gate_missing_codes_rejected"
"route_b9b375d86669df4e8bb11c5e","react2.s5.r03.individual","gate","COVIDSTA is asked when COVIDC matches the stated condition","any","database_missing","","approved","mathzero","2026-08-17","PDF page 6: IF ANSWER TO COVIDC NOT 1","Machine-extracted candidate; requires direct human comparison with the displayed questionnaire page. Approved by mathzero in the checksum-fixed synthetic-routing-react2-v1 review.","existing_question_gate_missing_codes_rejected"
"route_bb8a38a78770e817d533734b","react2.s5.r03.individual","gate","LONGCOVIDA_29 is asked when COVIDSYM_30 matches the stated condition","any","database_missing","","approved","mathzero","2026-08-17","PDF page 7: IF COVIDSYM =1 TO 30 ","Machine-extracted candidate; requires direct human comparison with the displayed questionnaire page. Approved by mathzero in the checksum-fixed synthetic-routing-react2-v1 review.","existing_question_gate_missing_codes_rejected"
"route_bf813ff3ef6b3d7a4b2ded63","react2.s5.r03.individual","gate","ABPREV4 is asked when ABPREV1, ABPREV3 matches the stated condition","any","database_missing","","approved","mathzero","2026-08-17","PDF page 10: IF ABPREV1= 2 AND ABPREV3 = 2, 3 or 4 ","Machine-extracted in the group-aware second pass. The displayed evidence may contain additional administrative or eligibility conditions that require human interpretation. Approved by mathzero in the checksum-fixed synthetic-routing-react2-v1 review.","existing_question_gate_missing_codes_rejected"
"route_c69d62625e390c86be5b51c5","react2.s5.r03.individual","gate","LONGCOVIDA_17 is asked when COVIDSYM_17 matches the stated condition","any","database_missing","","approved","mathzero","2026-08-17","PDF page 7: IF COVIDSYM =1 TO 30 ","Machine-extracted candidate; requires direct human comparison with the displayed questionnaire page. Approved by mathzero in the checksum-fixed synthetic-routing-react2-v1 review.","existing_question_gate_missing_codes_rejected"
"route_c6cad005223796c7ce192ef0","react2.s5.r03.individual","gate","COVIDSYM_01 … COVIDSYM_31_OTHER (32 fields) is asked when COVIDC matches the stated condition","any","database_missing","","approved","mathzero","2026-08-17","PDF page 6: IF ANSWER TO COVIDC NOT 1 ","Machine-extracted in the group-aware second pass. The displayed evidence may contain additional administrative or eligibility conditions that require human interpretation. Approved by mathzero in the checksum-fixed synthetic-routing-react2-v1 review.","existing_question_gate_missing_codes_rejected"
"route_d0931c42057122d20d3dead6","react2.s5.r03.individual","gate","LONGCOVIDA_6 is asked when COVIDSYM_06 matches the stated condition","any","database_missing","","approved","mathzero","2026-08-17","PDF page 7: IF COVIDSYM =1 TO 30 ","Machine-extracted candidate; requires direct human comparison with the displayed questionnaire page. Approved by mathzero in the checksum-fixed synthetic-routing-react2-v1 review.","existing_question_gate_missing_codes_rejected"
"route_d74d35e1debdb25cb00ed3d7","react2.s5.r03.individual","gate","SYMPTANY_01 … SYMPTANY_31_OTHER (32 fields) is asked when COVIDA matches the stated condition","any","database_missing","","approved","mathzero","2026-08-17","PDF page 11: IF COVIDA = 4 ","Machine-extracted in the group-aware second pass. The displayed evidence may contain additional administrative or eligibility conditions that require human interpretation. Approved by mathzero in the checksum-fixed synthetic-routing-react2-v1 review.","existing_question_gate_missing_codes_rejected"
"route_db9aff9a3382a4347621ecb9","react2.s5.r03.individual","gate","CAMPUS1 is asked when UNIMOVE matches the stated condition","any","database_missing","","approved","mathzero","2026-08-17","PDF page 29: IF UNIMOVE=1","Machine-extracted candidate; requires direct human comparison with the displayed questionnaire page. Approved by mathzero in the checksum-fixed synthetic-routing-react2-v1 review.","existing_question_gate_missing_codes_rejected"
"route_e3b6fdb38fb0bf8594cbaf9c","react2.s5.r03.individual","gate","LONGCOVIDA_10 is asked when COVIDSYM_10 matches the stated condition","any","database_missing","","approved","mathzero","2026-08-17","PDF page 7: IF COVIDSYM =1 TO 30 ","Machine-extracted candidate; requires direct human comparison with the displayed questionnaire page. Approved by mathzero in the checksum-fixed synthetic-routing-react2-v1 review.","existing_question_gate_missing_codes_rejected"
"route_e41a7fb96208a98b4f4bb2bc","react2.s5.r03.individual","gate","ABCOMP is asked when ABATTEMPT matches the stated condition","any","database_missing","","approved","mathzero","2026-08-17","PDF page 23: ASK IF ABATTEMPT = 1","Machine-extracted candidate; requires direct human comparison with the displayed questionnaire page. Approved by mathzero in the checksum-fixed synthetic-routing-react2-v1 review.","existing_question_gate_missing_codes_rejected"
"route_e84f8bc18d7b9fa61f5bac6e","react2.s5.r03.individual","gate","LONGCOVIDA_19 is asked when COVIDSYM_19 matches the stated condition","any","database_missing","","approved","mathzero","2026-08-17","PDF page 7: IF COVIDSYM =1 TO 30 ","Machine-extracted candidate; requires direct human comparison with the displayed questionnaire page. Approved by mathzero in the checksum-fixed synthetic-routing-react2-v1 review.","existing_question_gate_missing_codes_rejected"
"route_e996cf4f7df43fa14d2a77fc","react2.s5.r03.individual","gate","LONGCOVIDA_23 is asked when COVIDSYM_23 matches the stated condition","any","database_missing","","approved","mathzero","2026-08-17","PDF page 7: IF COVIDSYM =1 TO 30 ","Machine-extracted candidate; requires direct human comparison with the displayed questionnaire page. Approved by mathzero in the checksum-fixed synthetic-routing-react2-v1 review.","existing_question_gate_missing_codes_rejected"
"route_f961606c56ac8e447bee7ec4","react2.s5.r03.individual","gate","COVIDC is asked when COVIDA matches the stated condition","any","database_missing","","approved","mathzero","2026-08-17","PDF page 5: IF COVIDA = 1, 2 OR 3","Machine-extracted candidate; requires direct human comparison with the displayed questionnaire page. Approved by mathzero in the checksum-fixed synthetic-routing-react2-v1 review.","existing_question_gate_missing_codes_rejected"
"route_fb810a2f9a844cd5635df1dd","react2.s5.r03.individual","gate","LONGCOVIDA_4 is asked when COVIDSYM_04 matches the stated condition","any","database_missing","","approved","mathzero","2026-08-17","PDF page 7: IF COVIDSYM =1 TO 30 ","Machine-extracted candidate; requires direct human comparison with the displayed questionnaire page. Approved by mathzero in the checksum-fixed synthetic-routing-react2-v1 review.","existing_question_gate_missing_codes_rejected"
"route_fdcc9fcb7e623fb2ce794ed0","react2.s5.r03.individual","gate","LONGCOVIDA_9 is asked when COVIDSYM_09 matches the stated condition","any","database_missing","","approved","mathzero","2026-08-17","PDF page 7: IF COVIDSYM =1 TO 30 ","Machine-extracted candidate; requires direct human comparison with the displayed questionnaire page. Approved by mathzero in the checksum-fixed synthetic-routing-react2-v1 review.","existing_question_gate_missing_codes_rejected"
"route_5972090959021d412feac18c","react2.s5.r03.registration","gate","ADULTAGE_1 … ADULTAGE_NA (10 fields) is asked when NADULTS matches the stated condition","any","database_missing","","approved","mathzero","2026-08-17","PDF page 5: IF NADULTS = 2+ ","Machine-extracted in the group-aware second pass. The displayed evidence may contain additional administrative or eligibility conditions that require human interpretation. Approved by mathzero in the checksum-fixed synthetic-routing-react2-v1 review.","existing_question_gate_missing_codes_rejected"
"route_e2fc4c4e57f6576ca42855bf","react2.s5.r03.registration","gate","CHILDAGE_1 … CHILDAGE_NA (16 fields) is asked when NCHILD matches the stated condition","any","database_missing","","approved","mathzero","2026-08-17","PDF page 5: IF NCHILD = 1+","Machine-extracted in the group-aware second pass. The displayed evidence may contain additional administrative or eligibility conditions that require human interpretation. Approved by mathzero in the checksum-fixed synthetic-routing-react2-v1 review.","existing_question_gate_missing_codes_rejected"
"route_01d914fae94fe66463a43649","react2.s5.r04.individual","gate","SYMPTANY_01 … SYMPTANY_31_OTHER (32 fields) is asked when COVIDA matches the stated condition","any","database_missing","","approved","mathzero","2026-08-17","PDF page 11: IF COVIDA = 4 ","Machine-extracted in the group-aware second pass. The displayed evidence may contain additional administrative or eligibility conditions that require human interpretation. Approved by mathzero in the checksum-fixed synthetic-routing-react2-v1 review.","existing_question_gate_missing_codes_rejected"
"route_035a8295fb906666e581f2a9","react2.s5.r04.individual","gate","ABPREV2 is asked when ABPREV1 matches the stated condition","any","database_missing","","approved","mathzero","2026-08-17","PDF page 9: IF ABPREV1 = 1 or 2","Machine-extracted candidate; requires direct human comparison with the displayed questionnaire page. Approved by mathzero in the checksum-fixed synthetic-routing-react2-v1 review.","existing_question_gate_missing_codes_rejected"
"route_059a0006953c932428ce4eec","react2.s5.r04.individual","gate","PCRPREV4 is asked when PCRPREV1, PCRPREV3 matches the stated condition","any","database_missing","","approved","mathzero","2026-08-17","PDF page 9: IF PCRPREV1= 2 AND PCPREV3 = 2, 3 or 4 ","Machine-extracted in the group-aware second pass. The displayed evidence may contain additional administrative or eligibility conditions that require human interpretation. Approved by mathzero in the checksum-fixed synthetic-routing-react2-v1 review.","existing_question_gate_missing_codes_rejected"
"route_06b84111e4d20ea801856891","react2.s5.r04.individual","gate","LONGCOVIDA_10 is asked when COVIDSYM_10 matches the stated condition","any","database_missing","","approved","mathzero","2026-08-17","PDF page 7: IF COVIDSYM =1 TO 30 ","Machine-extracted candidate; requires direct human comparison with the displayed questionnaire page. Approved by mathzero in the checksum-fixed synthetic-routing-react2-v1 review.","existing_question_gate_missing_codes_rejected"
"route_0a38fd48cab2fb797f019c18","react2.s5.r04.individual","gate","ABPREV5 is asked when ABPREV4 matches the stated condition","any","database_missing","","approved","mathzero","2026-08-17","PDF page 10: IF ABPREV4=1","Machine-extracted candidate; requires direct human comparison with the displayed questionnaire page. Approved by mathzero in the checksum-fixed synthetic-routing-react2-v1 review.","existing_question_gate_missing_codes_rejected"
"route_0a7e85d7a1a52c1419856179","react2.s5.r04.individual","gate","PCRPREV5 is asked when PCRPREV4 matches the stated condition","any","database_missing","","approved","mathzero","2026-08-17","PDF page 9: IF PCRPREV4=1","Machine-extracted candidate; requires direct human comparison with the displayed questionnaire page. Approved by mathzero in the checksum-fixed synthetic-routing-react2-v1 review.","existing_question_gate_missing_codes_rejected"
"route_0c5672a5a47cc4b344784550","react2.s5.r04.individual","gate","UNIMOVE is asked when EMPL matches the stated condition","any","database_missing","","approved","mathzero","2026-08-17","PDF page 29: IF EMPL = 7","Machine-extracted candidate; requires direct human comparison with the displayed questionnaire page. Approved by mathzero in the checksum-fixed synthetic-routing-react2-v1 review.","existing_question_gate_missing_codes_rejected"
"route_13e58e1f72b0cc2e0ce86123","react2.s5.r04.individual","gate","COVIDC is asked when COVIDA matches the stated condition","any","database_missing","","approved","mathzero","2026-08-17","PDF page 5: IF COVIDA = 1, 2 OR 3","Machine-extracted candidate; requires direct human comparison with the displayed questionnaire page. Approved by mathzero in the checksum-fixed synthetic-routing-react2-v1 review.","existing_question_gate_missing_codes_rejected"
"route_16087633d66d9005724e846c","react2.s5.r04.individual","gate","ABPREV4 is asked when ABPREV1, ABPREV3 matches the stated condition","any","database_missing","","approved","mathzero","2026-08-17","PDF page 10: IF ABPREV1= 2 AND ABPREV3 = 2, 3 or 4 ","Machine-extracted in the group-aware second pass. The displayed evidence may contain additional administrative or eligibility conditions that require human interpretation. Approved by mathzero in the checksum-fixed synthetic-routing-react2-v1 review.","existing_question_gate_missing_codes_rejected"
"route_22a8cbfa1727b0c02b5fe5ce","react2.s5.r04.individual","gate","LONGCOVIDA_6 is asked when COVIDSYM_06 matches the stated condition","any","database_missing","","approved","mathzero","2026-08-17","PDF page 7: IF COVIDSYM =1 TO 30 ","Machine-extracted candidate; requires direct human comparison with the displayed questionnaire page. Approved by mathzero in the checksum-fixed synthetic-routing-react2-v1 review.","existing_question_gate_missing_codes_rejected"
"route_2b25acfa42b9a3d3a54e0e91","react2.s5.r04.individual","gate","LONGCOVIDA_5 is asked when COVIDSYM_05 matches the stated condition","any","database_missing","","approved","mathzero","2026-08-17","PDF page 7: IF COVIDSYM =1 TO 30 ","Machine-extracted candidate; requires direct human comparison with the displayed questionnaire page. Approved by mathzero in the checksum-fixed synthetic-routing-react2-v1 review.","existing_question_gate_missing_codes_rejected"
"route_31d82af23dbe108f6573220f","react2.s5.r04.individual","gate","CAMPUS1 is asked when UNIMOVE matches the stated condition","any","database_missing","","approved","mathzero","2026-08-17","PDF page 30: IF UNIMOVE=1","Machine-extracted candidate; requires direct human comparison with the displayed questionnaire page. Approved by mathzero in the checksum-fixed synthetic-routing-react2-v1 review.","existing_question_gate_missing_codes_rejected"
"route_3992235931d7baa0b8affe78","react2.s5.r04.individual","gate","LONGCOVIDA_28 is asked when COVIDSYM_29 matches the stated condition","any","database_missing","","approved","mathzero","2026-08-17","PDF page 7: IF COVIDSYM =1 TO 30 ","Machine-extracted candidate; requires direct human comparison with the displayed questionnaire page. Approved by mathzero in the checksum-fixed synthetic-routing-react2-v1 review.","existing_question_gate_missing_codes_rejected"
"route_3cbb92567070752a21c3256f","react2.s5.r04.individual","gate","LONGCOVIDA_26 is asked when COVIDSYM_26 matches the stated condition","any","database_missing","","approved","mathzero","2026-08-17","PDF page 7: IF COVIDSYM =1 TO 30 ","Machine-extracted candidate; requires direct human comparison with the displayed questionnaire page. Approved by mathzero in the checksum-fixed synthetic-routing-react2-v1 review.","existing_question_gate_missing_codes_rejected"
"route_44618966362404e367b2641d","react2.s5.r04.individual","gate","LONGCOVIDA_11 is asked when COVIDSYM_11 matches the stated condition","any","database_missing","","approved","mathzero","2026-08-17","PDF page 7: IF COVIDSYM =1 TO 30 ","Machine-extracted candidate; requires direct human comparison with the displayed questionnaire page. Approved by mathzero in the checksum-fixed synthetic-routing-react2-v1 review.","existing_question_gate_missing_codes_rejected"
"route_4728dde6405a36afe00b6885","react2.s5.r04.individual","gate","LONGCOVIDA_9 is asked when COVIDSYM_09 matches the stated condition","any","database_missing","","approved","mathzero","2026-08-17","PDF page 7: IF COVIDSYM =1 TO 30 ","Machine-extracted candidate; requires direct human comparison with the displayed questionnaire page. Approved by mathzero in the checksum-fixed synthetic-routing-react2-v1 review.","existing_question_gate_missing_codes_rejected"
"route_523ea08bda9ab135580d0e17","react2.s5.r04.individual","gate","LONGCOVIDA_24 is asked when COVIDSYM_24 matches the stated condition","any","database_missing","","approved","mathzero","2026-08-17","PDF page 7: IF COVIDSYM =1 TO 30 ","Machine-extracted candidate; requires direct human comparison with the displayed questionnaire page. Approved by mathzero in the checksum-fixed synthetic-routing-react2-v1 review.","existing_question_gate_missing_codes_rejected"
"route_577397c3f7e5ade667fd95d0","react2.s5.r04.individual","gate","LONGCOVIDA_14 is asked when COVIDSYM_14 matches the stated condition","any","database_missing","","approved","mathzero","2026-08-17","PDF page 7: IF COVIDSYM =1 TO 30 ","Machine-extracted candidate; requires direct human comparison with the displayed questionnaire page. Approved by mathzero in the checksum-fixed synthetic-routing-react2-v1 review.","existing_question_gate_missing_codes_rejected"
"route_59a1b73c8a7c6b3d781c1271","react2.s5.r04.individual","gate","COVIDB is asked when COVIDA matches the stated condition","any","database_missing","","approved","mathzero","2026-08-17","PDF page 4: IF COVIDA = 1","Machine-extracted candidate; requires direct human comparison with the displayed questionnaire page. Approved by mathzero in the checksum-fixed synthetic-routing-react2-v1 review.","existing_question_gate_missing_codes_rejected"
"route_5d0e7826e6f9b20d49058e3b","react2.s5.r04.individual","gate","LONGCOVIDA_4 is asked when COVIDSYM_04 matches the stated condition","any","database_missing","","approved","mathzero","2026-08-17","PDF page 7: IF COVIDSYM =1 TO 30 ","Machine-extracted candidate; requires direct human comparison with the displayed questionnaire page. Approved by mathzero in the checksum-fixed synthetic-routing-react2-v1 review.","existing_question_gate_missing_codes_rejected"
"route_61dc864b70acae106a10c57a","react2.s5.r04.individual","gate","PERSCARE_1 … PERSCARE_4 (4 fields) is asked when CAREHOME matches the stated condition","any","database_missing","","approved","mathzero","2026-08-17","PDF page 31: IF CAREHOME=2 (DO NOT LIVE IN CARE HOME)","Machine-extracted in the group-aware second pass. The displayed evidence may contain additional administrative or eligibility conditions that require human interpretation. Approved by mathzero in the checksum-fixed synthetic-routing-react2-v1 review.","existing_question_gate_missing_codes_rejected"
"route_6513b9d0ef1700a46fc62126","react2.s5.r04.individual","gate","LONGCOVIDA_8 is asked when COVIDSYM_08 matches the stated condition","any","database_missing","","approved","mathzero","2026-08-17","PDF page 7: IF COVIDSYM =1 TO 30 ","Machine-extracted candidate; requires direct human comparison with the displayed questionnaire page. Approved by mathzero in the checksum-fixed synthetic-routing-react2-v1 review.","existing_question_gate_missing_codes_rejected"
"route_6e0d41012bdea4ed516feb84","react2.s5.r04.individual","gate","LONGCOVIDA_19 is asked when COVIDSYM_19 matches the stated condition","any","database_missing","","approved","mathzero","2026-08-17","PDF page 7: IF COVIDSYM =1 TO 30 ","Machine-extracted candidate; requires direct human comparison with the displayed questionnaire page. Approved by mathzero in the checksum-fixed synthetic-routing-react2-v1 review.","existing_question_gate_missing_codes_rejected"
"route_6fc112a8746e8a9f4381eb0e","react2.s5.r04.individual","gate","PHOTO1 is asked when NEWRESULT matches the stated condition","any","database_missing","","approved","mathzero","2026-08-17","PDF page 25: IF NEWRESULT = 0-5","Machine-extracted candidate; requires direct human comparison with the displayed questionnaire page. Approved by mathzero in the checksum-fixed synthetic-routing-react2-v1 review.","existing_question_gate_missing_codes_rejected"
"route_75a6697fb26c1fce1b658173","react2.s5.r04.individual","gate","PCRPREV2 is asked when PCRPREV1 matches the stated condition","any","database_missing","","approved","mathzero","2026-08-17","PDF page 8: IF PCRPREV1 = 1 or 2","Machine-extracted candidate; requires direct human comparison with the displayed questionnaire page. Approved by mathzero in the checksum-fixed synthetic-routing-react2-v1 review.","existing_question_gate_missing_codes_rejected"
"route_7720f5798b286c5bb7ace025","react2.s5.r04.individual","gate","ABCOMP is asked when ABATTEMPT matches the stated condition","any","database_missing","","approved","mathzero","2026-08-17","PDF page 24: ASK IF ABATTEMPT = 1","Machine-extracted candidate; requires direct human comparison with the displayed questionnaire page. Approved by mathzero in the checksum-fixed synthetic-routing-react2-v1 review.","existing_question_gate_missing_codes_rejected"
"route_776ef3e43bdb29aac3420721","react2.s5.r04.individual","gate","ABHELP is asked when ABATTEMPT matches the stated condition","any","database_missing","","approved","mathzero","2026-08-17","PDF page 24: IF ABATTEMPT = 1","Machine-extracted candidate; requires direct human comparison with the displayed questionnaire page. Approved by mathzero in the checksum-fixed synthetic-routing-react2-v1 review.","existing_question_gate_missing_codes_rejected"
"route_7affec464162b5b0b8ca8849","react2.s5.r04.individual","gate","ABDATE is asked when ABATTEMPT matches the stated condition","any","database_missing","","approved","mathzero","2026-08-17","PDF page 23: ASK IF ABATTEMPT = 1","Machine-extracted candidate; requires direct human comparison with the displayed questionnaire page. Approved by mathzero in the checksum-fixed synthetic-routing-react2-v1 review.","existing_question_gate_missing_codes_rejected"
"route_7de80c4661c41b73fbddb6eb","react2.s5.r04.individual","gate","LONGCOVIDA_3 is asked when COVIDSYM_03 matches the stated condition","any","database_missing","","approved","mathzero","2026-08-17","PDF page 7: IF COVIDSYM =1 TO 30 ","Machine-extracted candidate; requires direct human comparison with the displayed questionnaire page. Approved by mathzero in the checksum-fixed synthetic-routing-react2-v1 review.","existing_question_gate_missing_codes_rejected"
"route_83a73f14a36a9127f8db71b6","react2.s5.r04.individual","gate","COVIDEND_DATE, COVIDEND_STILL_SYMPTOMS is asked when COVIDC matches the stated condition","any","database_missing","","approved","mathzero","2026-08-17","PDF page 6: IF ANSWER TO COVIDC NOT 1 ","Machine-extracted in the group-aware second pass. The displayed evidence may contain additional administrative or eligibility conditions that require human interpretation. Approved by mathzero in the checksum-fixed synthetic-routing-react2-v1 review.","existing_question_gate_missing_codes_rejected"
"route_84df51744f38f0b27aa4a525","react2.s5.r04.individual","gate","ABWHYN2_01 … ABWHYN2_13 (14 fields) is asked when ABCOMP matches the stated condition","any","database_missing","","approved","mathzero","2026-08-17","PDF page 24: ASK IF ABCOMP = 2 OR 3","Machine-extracted in the group-aware second pass. The displayed evidence may contain additional administrative or eligibility conditions that require human interpretation. Approved by mathzero in the checksum-fixed synthetic-routing-react2-v1 review.","existing_question_gate_missing_codes_rejected"
"route_868f198d744150c82a4a8440","react2.s5.r04.individual","gate","PHOTO2_NAME, PHOTO2_SIZE, PHOTO2_UNABLE is asked when PHOTO1 matches the stated condition","any","database_missing","","approved","mathzero","2026-08-17","PDF page 26: IF PHOTO1 = 1","Machine-extracted in the group-aware second pass. The displayed evidence may contain additional administrative or eligibility conditions that require human interpretation. Approved by mathzero in the checksum-fixed synthetic-routing-react2-v1 review.","existing_question_gate_missing_codes_rejected"
"route_882ccb9408c54fb78b0861fb","react2.s5.r04.individual","gate","SMOKEVAP is asked when VAPNOW matches the stated condition","any","database_missing","","approved","mathzero","2026-08-17","PDF page 22: IF VAPNOW = 2 or 3","Machine-extracted candidate; requires direct human comparison with the displayed questionnaire page. Approved by mathzero in the checksum-fixed synthetic-routing-react2-v1 review.","existing_question_gate_missing_codes_rejected"
"route_88bacd5d4c106146eb2632d1","react2.s5.r04.individual","gate","SMOKEVAPDATE is asked when SMOKEVAP matches the stated condition","any","database_missing","","approved","mathzero","2026-08-17","PDF page 22: IF SMOKEVAP= 1","Machine-extracted candidate; requires direct human comparison with the displayed questionnaire page. Approved by mathzero in the checksum-fixed synthetic-routing-react2-v1 review.","existing_question_gate_missing_codes_rejected"
"route_890250985770751b72952069","react2.s5.r04.individual","gate","COVIDD_1 … COVIDD_10_OTHER (11 fields) is asked when COVIDC matches the stated condition","any","database_missing","","approved","mathzero","2026-08-17","PDF page 5: IF ANSWER TO COVIDC NOT 1 ","Machine-extracted in the group-aware second pass. The displayed evidence may contain additional administrative or eligibility conditions that require human interpretation. Approved by mathzero in the checksum-fixed synthetic-routing-react2-v1 review.","existing_question_gate_missing_codes_rejected"
"route_8a67ccfadf46e6c48e3f205a","react2.s5.r04.individual","gate","LONGCOVIDA_2 is asked when COVIDSYM_02 matches the stated condition","any","database_missing","","approved","mathzero","2026-08-17","PDF page 7: IF COVIDSYM =1 TO 30 ","Machine-extracted candidate; requires direct human comparison with the displayed questionnaire page. Approved by mathzero in the checksum-fixed synthetic-routing-react2-v1 review.","existing_question_gate_missing_codes_rejected"
"route_8e673e37d0248ea2b94d7180","react2.s5.r04.individual","gate","CARETYPE is asked when CAREHOME matches the stated condition","any","database_missing","","approved","mathzero","2026-08-17","PDF page 31: IF CAREHOME=1","Machine-extracted candidate; requires direct human comparison with the displayed questionnaire page. Approved by mathzero in the checksum-fixed synthetic-routing-react2-v1 review.","existing_question_gate_missing_codes_rejected"
"route_9340a015f2f4bbbf0e3951c2","react2.s5.r04.individual","gate","EDTYPE is asked when EMPL matches the stated condition","any","database_missing","","approved","mathzero","2026-08-17","PDF page 29: IF EMPL = 7","Machine-extracted candidate; requires direct human comparison with the displayed questionnaire page. Approved by mathzero in the checksum-fixed synthetic-routing-react2-v1 review.","existing_question_gate_missing_codes_rejected"
"route_95f1d61dfbc0cbf92b3e931a","react2.s5.r04.individual","gate","LONGCOVIDA_23 is asked when COVIDSYM_23 matches the stated condition","any","database_missing","","approved","mathzero","2026-08-17","PDF page 7: IF COVIDSYM =1 TO 30 ","Machine-extracted candidate; requires direct human comparison with the displayed questionnaire page. Approved by mathzero in the checksum-fixed synthetic-routing-react2-v1 review.","existing_question_gate_missing_codes_rejected"
"route_9d053e892161735fe0da36f0","react2.s5.r04.individual","gate","HOUSTYP is asked when DWELLTYP matches the stated condition","any","database_missing","","approved","mathzero","2026-08-17","PDF page 27: IF DWELLTYP = 1","Machine-extracted candidate; requires direct human comparison with the displayed questionnaire page. Approved by mathzero in the checksum-fixed synthetic-routing-react2-v1 review.","existing_question_gate_missing_codes_rejected"
"route_9ec9688b5d71b1be92b9a86c","react2.s5.r04.individual","gate","LONGCOVIDA_17 is asked when COVIDSYM_17 matches the stated condition","any","database_missing","","approved","mathzero","2026-08-17","PDF page 7: IF COVIDSYM =1 TO 30 ","Machine-extracted candidate; requires direct human comparison with the displayed questionnaire page. Approved by mathzero in the checksum-fixed synthetic-routing-react2-v1 review.","existing_question_gate_missing_codes_rejected"
"route_a2fe97a7024dde9c07e059fc","react2.s5.r04.individual","gate","LONGCOVIDA_27 is asked when COVIDSYM_28 matches the stated condition","any","database_missing","","approved","mathzero","2026-08-17","PDF page 7: IF COVIDSYM =1 TO 30 ","Machine-extracted candidate; requires direct human comparison with the displayed questionnaire page. Approved by mathzero in the checksum-fixed synthetic-routing-react2-v1 review.","existing_question_gate_missing_codes_rejected"
"route_a69feea923ed9fb35c787d2a","react2.s5.r04.individual","gate","CONTACT5 is asked when CONTACT1, LEAVE2_1 matches the stated condition","any","database_missing","","approved","mathzero","2026-08-17","PDF page 20: IF CONTACT1 = 1+ AND LEAVE2 =1 ","Machine-extracted in the group-aware second pass. The displayed evidence may contain additional administrative or eligibility conditions that require human interpretation. Approved by mathzero in the checksum-fixed synthetic-routing-react2-v1 review.","existing_question_gate_missing_codes_rejected"
"route_a8c853046a26a4a278c2cc89","react2.s5.r04.individual","gate","LONGCOVIDA_21 is asked when COVIDSYM_21 matches the stated condition","any","database_missing","","approved","mathzero","2026-08-17","PDF page 7: IF COVIDSYM =1 TO 30 ","Machine-extracted candidate; requires direct human comparison with the displayed questionnaire page. Approved by mathzero in the checksum-fixed synthetic-routing-react2-v1 review.","existing_question_gate_missing_codes_rejected"
"route_ac97f7620af7db7ba3591289","react2.s5.r04.individual","gate","COUNTRYVISIT1, COUNTRYVISIT2 is asked when ABROAD matches the stated condition","any","database_missing","","approved","mathzero","2026-08-17","PDF page 32: IF ABROAD = 1","Machine-extracted in the group-aware second pass. The displayed evidence may contain additional administrative or eligibility conditions that require human interpretation. Approved by mathzero in the checksum-fixed synthetic-routing-react2-v1 review.","existing_question_gate_missing_codes_rejected"
"route_b4d8a61c6689f64e9e469420","react2.s5.r04.individual","gate","SYMPTWHEN_01 … SYMPTWHEN_13 (13 fields) is asked when SYMPTANY_01 … SYMPTANY_31_OTHER (32 fields) matches the stated condition","any","database_missing","","approved","mathzero","2026-08-17","PDF page 12: IF SYMPTANY = ANY OF 1-30 ","Machine-extracted in the group-aware second pass. The displayed evidence may contain additional administrative or eligibility conditions that require human interpretation. Approved by mathzero in the checksum-fixed synthetic-routing-react2-v1 review.","existing_question_gate_missing_codes_rejected"
"route_b56d8b21336c01b4b20ed619","react2.s5.r04.individual","gate","LONGCOVIDA_16 is asked when COVIDSYM_16 matches the stated condition","any","database_missing","","approved","mathzero","2026-08-17","PDF page 7: IF COVIDSYM =1 TO 30 ","Machine-extracted candidate; requires direct human comparison with the displayed questionnaire page. Approved by mathzero in the checksum-fixed synthetic-routing-react2-v1 review.","existing_question_gate_missing_codes_rejected"
"route_b570a40eb7c552160bfa2c9a","react2.s5.r04.individual","gate","COVIDSYM_01 … COVIDSYM_31_OTHER (32 fields) is asked when COVIDC matches the stated condition","any","database_missing","","approved","mathzero","2026-08-17","PDF page 6: IF ANSWER TO COVIDC NOT 1 ","Machine-extracted in the group-aware second pass. The displayed evidence may contain additional administrative or eligibility conditions that require human interpretation. Approved by mathzero in the checksum-fixed synthetic-routing-react2-v1 review.","existing_question_gate_missing_codes_rejected"
"route_b7b4e43ac19cd293f1c0a631","react2.s5.r04.individual","gate","COVIDSTA is asked when COVIDC matches the stated condition","any","database_missing","","approved","mathzero","2026-08-17","PDF page 5: IF ANSWER TO COVIDC NOT 1","Machine-extracted candidate; requires direct human comparison with the displayed questionnaire page. Approved by mathzero in the checksum-fixed synthetic-routing-react2-v1 review.","existing_question_gate_missing_codes_rejected"
"route_b9ec3e382d7659be73ac19c5","react2.s5.r04.individual","gate","ABWHYN_01 … ABWHYN_11 (12 fields) is asked when ABATTEMPT matches the stated condition","any","database_missing","","approved","mathzero","2026-08-17","PDF page 23: ASK IF ABATTEMPT = 2","Machine-extracted in the group-aware second pass. The displayed evidence may contain additional administrative or eligibility conditions that require human interpretation. Approved by mathzero in the checksum-fixed synthetic-routing-react2-v1 review.","existing_question_gate_missing_codes_rejected"
"route_bcd8ca2ec85a27bdf67f5d76","react2.s5.r04.individual","gate","LONGCOVIDA_25 is asked when COVIDSYM_25 matches the stated condition","any","database_missing","","approved","mathzero","2026-08-17","PDF page 7: IF COVIDSYM =1 TO 30 ","Machine-extracted candidate; requires direct human comparison with the displayed questionnaire page. Approved by mathzero in the checksum-fixed synthetic-routing-react2-v1 review.","existing_question_gate_missing_codes_rejected"
"route_cbdad643391694ee79a9d917","react2.s5.r04.individual","gate","LONGCOVIDA_1 is asked when COVIDSYM_01 matches the stated condition","any","database_missing","","approved","mathzero","2026-08-17","PDF page 7: IF COVIDSYM =1 TO 30 ","Machine-extracted candidate; requires direct human comparison with the displayed questionnaire page. Approved by mathzero in the checksum-fixed synthetic-routing-react2-v1 review.","existing_question_gate_missing_codes_rejected"
"route_ccce7913d4a889f476633d34","react2.s5.r04.individual","gate","LONGCOVIDA_22 is asked when COVIDSYM_22 matches the stated condition","any","database_missing","","approved","mathzero","2026-08-17","PDF page 7: IF COVIDSYM =1 TO 30 ","Machine-extracted candidate; requires direct human comparison with the displayed questionnaire page. Approved by mathzero in the checksum-fixed synthetic-routing-react2-v1 review.","existing_question_gate_missing_codes_rejected"
"route_cd57d6001ec4ec7664cd2f2a","react2.s5.r04.individual","gate","CONTACT4_1 … CONTACT4_4 (4 fields) is asked when CONTACT1 matches the stated condition","any","database_missing","","approved","mathzero","2026-08-17","PDF page 20: IF CONTACT1=1+ ","Machine-extracted in the group-aware second pass. The displayed evidence may contain additional administrative or eligibility conditions that require human interpretation. Approved by mathzero in the checksum-fixed synthetic-routing-react2-v1 review.","existing_question_gate_missing_codes_rejected"
"route_d52be23327805febde4db469","react2.s5.r04.individual","gate","FLATTYP is asked when DWELLTYP matches the stated condition","any","database_missing","","approved","mathzero","2026-08-17","PDF page 27: IF DWELLTYP = 2","Machine-extracted candidate; requires direct human comparison with the displayed questionnaire page. Approved by mathzero in the checksum-fixed synthetic-routing-react2-v1 review.","existing_question_gate_missing_codes_rejected"
"route_d9cc94a80defbf681e592293","react2.s5.r04.individual","gate","ABPREV3 is asked when ABPREV1 matches the stated condition","any","database_missing","","approved","mathzero","2026-08-17","PDF page 10: IF ABPREV1 = 1 or 2","Machine-extracted candidate; requires direct human comparison with the displayed questionnaire page. Approved by mathzero in the checksum-fixed synthetic-routing-react2-v1 review.","existing_question_gate_missing_codes_rejected"
"route_da319bdc7074d912a34530c6","react2.s5.r04.individual","gate","LONGCOVIDA_29 is asked when COVIDSYM_30 matches the stated condition","any","database_missing","","approved","mathzero","2026-08-17","PDF page 7: IF COVIDSYM =1 TO 30 ","Machine-extracted candidate; requires direct human comparison with the displayed questionnaire page. Approved by mathzero in the checksum-fixed synthetic-routing-react2-v1 review.","existing_question_gate_missing_codes_rejected"
"route_dd78722f7d3cbbff2b3cb484","react2.s5.r04.individual","gate","LONGCOVIDA_7 is asked when COVIDSYM_07 matches the stated condition","any","database_missing","","approved","mathzero","2026-08-17","PDF page 7: IF COVIDSYM =1 TO 30 ","Machine-extracted candidate; requires direct human comparison with the displayed questionnaire page. Approved by mathzero in the checksum-fixed synthetic-routing-react2-v1 review.","existing_question_gate_missing_codes_rejected"
"route_de41517ab4dd6f9bd2802f4d","react2.s5.r04.individual","gate","LONGCOVIDA_13 is asked when COVIDSYM_13 matches the stated condition","any","database_missing","","approved","mathzero","2026-08-17","PDF page 7: IF COVIDSYM =1 TO 30 ","Machine-extracted candidate; requires direct human comparison with the displayed questionnaire page. Approved by mathzero in the checksum-fixed synthetic-routing-react2-v1 review.","existing_question_gate_missing_codes_rejected"
"route_df3c85b45482f058ecbb6935","react2.s5.r04.individual","gate","LONGCOVIDA_20 is asked when COVIDSYM_20 matches the stated condition","any","database_missing","","approved","mathzero","2026-08-17","PDF page 7: IF COVIDSYM =1 TO 30 ","Machine-extracted candidate; requires direct human comparison with the displayed questionnaire page. Approved by mathzero in the checksum-fixed synthetic-routing-react2-v1 review.","existing_question_gate_missing_codes_rejected"
"route_e17416571329dbd1330b7033","react2.s5.r04.individual","gate","PCRPREV3 is asked when PCRPREV1 matches the stated condition","any","database_missing","","approved","mathzero","2026-08-17","PDF page 8: IF PCRPREV1 = 1 or 2","Machine-extracted candidate; requires direct human comparison with the displayed questionnaire page. Approved by mathzero in the checksum-fixed synthetic-routing-react2-v1 review.","existing_question_gate_missing_codes_rejected"
"route_e2f37c6e11312fd8e2bfdc10","react2.s5.r04.individual","gate","LONGCOVIDA_15 is asked when COVIDSYM_15 matches the stated condition","any","database_missing","","approved","mathzero","2026-08-17","PDF page 7: IF COVIDSYM =1 TO 30 ","Machine-extracted candidate; requires direct human comparison with the displayed questionnaire page. Approved by mathzero in the checksum-fixed synthetic-routing-react2-v1 review.","existing_question_gate_missing_codes_rejected"
"route_e7bfd056d8558b6a3a31b258","react2.s5.r04.individual","gate","LONGCOVIDA_12 is asked when COVIDSYM_12 matches the stated condition","any","database_missing","","approved","mathzero","2026-08-17","PDF page 7: IF COVIDSYM =1 TO 30 ","Machine-extracted candidate; requires direct human comparison with the displayed questionnaire page. Approved by mathzero in the checksum-fixed synthetic-routing-react2-v1 review.","existing_question_gate_missing_codes_rejected"
"route_e82bbf3b73d71a37867ae6f0","react2.s5.r04.individual","gate","NEWRESULT is asked when ABCOMP matches the stated condition","any","database_missing","","approved","mathzero","2026-08-17","PDF page 25: IF ABCOMP = 1","Machine-extracted candidate; requires direct human comparison with the displayed questionnaire page. Approved by mathzero in the checksum-fixed synthetic-routing-react2-v1 review.","existing_question_gate_missing_codes_rejected"
"route_e87e44141a943545a5ed31f2","react2.s5.r04.individual","gate","RESCONF is asked when NEWRESULT matches the stated condition","any","database_missing","","approved","mathzero","2026-08-17","PDF page 25: IF NEWRESULT = 0-4","Machine-extracted candidate; requires direct human comparison with the displayed questionnaire page. Approved by mathzero in the checksum-fixed synthetic-routing-react2-v1 review.","existing_question_gate_missing_codes_rejected"
"route_e9686135ca40fa9d1fc08892","react2.s5.r04.individual","gate","LONGCOVIDA_18 is asked when COVIDSYM_18 matches the stated condition","any","database_missing","","approved","mathzero","2026-08-17","PDF page 7: IF COVIDSYM =1 TO 30 ","Machine-extracted candidate; requires direct human comparison with the displayed questionnaire page. Approved by mathzero in the checksum-fixed synthetic-routing-react2-v1 review.","existing_question_gate_missing_codes_rejected"
"route_3666d0db2dde826ba6abe34f","react2.s5.r04.registration","gate","CHILDAGE_1 … CHILDAGE_NA (16 fields) is asked when NCHILD matches the stated condition","any","database_missing","","approved","mathzero","2026-08-17","PDF page 5: IF NCHILD = 1+","Machine-extracted in the group-aware second pass. The displayed evidence may contain additional administrative or eligibility conditions that require human interpretation. Approved by mathzero in the checksum-fixed synthetic-routing-react2-v1 review.","existing_question_gate_missing_codes_rejected"
"route_af584bf4df16bf4271cdac9b","react2.s5.r04.registration","gate","ADULTAGE_1 … ADULTAGE_NA (10 fields) is asked when NADULTS matches the stated condition","any","database_missing","","approved","mathzero","2026-08-17","PDF page 4: IF NADULTS = 2+ ","Machine-extracted in the group-aware second pass. The displayed evidence may contain additional administrative or eligibility conditions that require human interpretation. Approved by mathzero in the checksum-fixed synthetic-routing-react2-v1 review.","existing_question_gate_missing_codes_rejected"
"route_02cdeaefd4d7ed2fbde6bcfb","react2.s5.r05.individual","gate","LONGCOVIDA_5 is asked when COVIDSYM_05 matches the stated condition","any","database_missing","","approved","mathzero","2026-08-17","PDF page 7: IF COVIDSYM =1 TO 31 ","Machine-extracted candidate; requires direct human comparison with the displayed questionnaire page. Approved by mathzero in the checksum-fixed synthetic-routing-react2-v1 review.","existing_question_gate_missing_codes_rejected"
"route_076735fe5ad87440f611ba6a","react2.s5.r05.individual","gate","LONGCOVIDA_15 is asked when COVIDSYM_15 matches the stated condition","any","database_missing","","approved","mathzero","2026-08-17","PDF page 7: IF COVIDSYM =1 TO 31 ","Machine-extracted candidate; requires direct human comparison with the displayed questionnaire page. Approved by mathzero in the checksum-fixed synthetic-routing-react2-v1 review.","existing_question_gate_missing_codes_rejected"
"route_0f982676b87514f9c151be9c","react2.s5.r05.individual","gate","COVIDC is asked when COVIDA matches the stated condition","any","database_missing","","approved","mathzero","2026-08-17","PDF page 5: IF COVIDA = 1, 2 OR 3","Machine-extracted candidate; requires direct human comparison with the displayed questionnaire page. Approved by mathzero in the checksum-fixed synthetic-routing-react2-v1 review.","existing_question_gate_missing_codes_rejected"
"route_122e177a0b5e6984196cf337","react2.s5.r05.individual","gate","LONGCOVIDA_23 is asked when COVIDSYM_23 matches the stated condition","any","database_missing","","approved","mathzero","2026-08-17","PDF page 7: IF COVIDSYM =1 TO 31 ","Machine-extracted candidate; requires direct human comparison with the displayed questionnaire page. Approved by mathzero in the checksum-fixed synthetic-routing-react2-v1 review.","existing_question_gate_missing_codes_rejected"
"route_140b7ebe343bfd3762114b93","react2.s5.r05.individual","gate","ABPREV3 is asked when ABPREV1 matches the stated condition","any","database_missing","","approved","mathzero","2026-08-17","PDF page 10: IF ABPREV1 = 1 or 2","Machine-extracted candidate; requires direct human comparison with the displayed questionnaire page. Approved by mathzero in the checksum-fixed synthetic-routing-react2-v1 review.","existing_question_gate_missing_codes_rejected"
"route_14535ff93ff197b88b084a22","react2.s5.r05.individual","gate","LONGCOVIDA_8 is asked when COVIDSYM_08 matches the stated condition","any","database_missing","","approved","mathzero","2026-08-17","PDF page 7: IF COVIDSYM =1 TO 31 ","Machine-extracted candidate; requires direct human comparison with the displayed questionnaire page. Approved by mathzero in the checksum-fixed synthetic-routing-react2-v1 review.","existing_question_gate_missing_codes_rejected"
"route_14552d4ae77b6dc507d1f266","react2.s5.r05.individual","gate","PCRPREV3 is asked when PCRPREV1 matches the stated condition","any","database_missing","","approved","mathzero","2026-08-17","PDF page 8: IF PCRPREV1 = 1 or 2","Machine-extracted candidate; requires direct human comparison with the displayed questionnaire page. Approved by mathzero in the checksum-fixed synthetic-routing-react2-v1 review.","existing_question_gate_missing_codes_rejected"
"route_1e05c94e49bce55943c82567","react2.s5.r05.individual","gate","LONGCOVIDA_13 is asked when COVIDSYM_13 matches the stated condition","any","database_missing","","approved","mathzero","2026-08-17","PDF page 7: IF COVIDSYM =1 TO 31 ","Machine-extracted candidate; requires direct human comparison with the displayed questionnaire page. Approved by mathzero in the checksum-fixed synthetic-routing-react2-v1 review.","existing_question_gate_missing_codes_rejected"
"route_23070b72036463185f0e141e","react2.s5.r05.individual","gate","LONGCOVIDA_27 is asked when COVIDSYM_28 matches the stated condition","any","database_missing","","approved","mathzero","2026-08-17","PDF page 7: IF COVIDSYM =1 TO 31 ","Machine-extracted candidate; requires direct human comparison with the displayed questionnaire page. Approved by mathzero in the checksum-fixed synthetic-routing-react2-v1 review.","existing_question_gate_missing_codes_rejected"
"route_230907e1ca95cdc0ad5881d6","react2.s5.r05.individual","gate","ABDATE is asked when ABATTEMPT matches the stated condition","any","database_missing","","approved","mathzero","2026-08-17","PDF page 23: ASK IF ABATTEMPT = 1","Machine-extracted candidate; requires direct human comparison with the displayed questionnaire page. Approved by mathzero in the checksum-fixed synthetic-routing-react2-v1 review.","existing_question_gate_missing_codes_rejected"
"route_244acf354afc4d10c995b6e8","react2.s5.r05.individual","gate","LONGCOVIDA_14 is asked when COVIDSYM_14 matches the stated condition","any","database_missing","","approved","mathzero","2026-08-17","PDF page 7: IF COVIDSYM =1 TO 31 ","Machine-extracted candidate; requires direct human comparison with the displayed questionnaire page. Approved by mathzero in the checksum-fixed synthetic-routing-react2-v1 review.","existing_question_gate_missing_codes_rejected"
"route_26bf803bbe7f4bd403bb00a5","react2.s5.r05.individual","gate","SYMPTANY_01 … SYMPTANY_31_OTHER (33 fields) is asked when COVIDA matches the stated condition","any","database_missing","","approved","mathzero","2026-08-17","PDF page 11: IF COVIDA = 4 ","Machine-extracted in the group-aware second pass. The displayed evidence may contain additional administrative or eligibility conditions that require human interpretation. Approved by mathzero in the checksum-fixed synthetic-routing-react2-v1 review.","existing_question_gate_missing_codes_rejected"
"route_27192d51a7bc68fb41d2a3dc","react2.s5.r05.individual","gate","LONGCOVIDA_18 is asked when COVIDSYM_18 matches the stated condition","any","database_missing","","approved","mathzero","2026-08-17","PDF page 7: IF COVIDSYM =1 TO 31 ","Machine-extracted candidate; requires direct human comparison with the displayed questionnaire page. Approved by mathzero in the checksum-fixed synthetic-routing-react2-v1 review.","existing_question_gate_missing_codes_rejected"
"route_3141b932d8564b3feadbc1d2","react2.s5.r05.individual","gate","LONGCOVIDA_16 is asked when COVIDSYM_16 matches the stated condition","any","database_missing","","approved","mathzero","2026-08-17","PDF page 7: IF COVIDSYM =1 TO 31 ","Machine-extracted candidate; requires direct human comparison with the displayed questionnaire page. Approved by mathzero in the checksum-fixed synthetic-routing-react2-v1 review.","existing_question_gate_missing_codes_rejected"
"route_327cbbb6dee49e89b068151a","react2.s5.r05.individual","gate","FLATTYP is asked when DWELLTYP matches the stated condition","any","database_missing","","approved","mathzero","2026-08-17","PDF page 30: IF DWELLTYP = 2","Machine-extracted candidate; requires direct human comparison with the displayed questionnaire page. Approved by mathzero in the checksum-fixed synthetic-routing-react2-v1 review.","existing_question_gate_missing_codes_rejected"
"route_373da5ecb473dd1c8a65be3e","react2.s5.r05.individual","gate","LEAVE2_1 … LEAVE2_11_OTHER (13 fields) is asked when LEAVE1 matches the stated condition","any","database_missing","","approved","mathzero","2026-08-17","PDF page 15: IF LEAVE1 =1 ","Machine-extracted in the group-aware second pass. The displayed evidence may contain additional administrative or eligibility conditions that require human interpretation. Approved by mathzero in the checksum-fixed synthetic-routing-react2-v1 review.","existing_question_gate_missing_codes_rejected"
"route_389e93451eb0eb584b467c21","react2.s5.r05.individual","gate","VACCDOSE is asked when VACCINE3 matches the stated condition","any","database_missing","","approved","mathzero","2026-08-17","PDF page 26: IF VACCINE3 = 1","Machine-extracted candidate; requires direct human comparison with the displayed questionnaire page. Approved by mathzero in the checksum-fixed synthetic-routing-react2-v1 review.","existing_question_gate_missing_codes_rejected"
"route_38e4cb7a49037bce8adecaab","react2.s5.r05.individual","gate","EDTYPE is asked when EMPL matches the stated condition","any","database_missing","","approved","mathzero","2026-08-17","PDF page 34: IF EMPL = 7","Machine-extracted candidate; requires direct human comparison with the displayed questionnaire page. Approved by mathzero in the checksum-fixed synthetic-routing-react2-v1 review.","existing_question_gate_missing_codes_rejected"
"route_3cb318a94c10c61d044e1606","react2.s5.r05.individual","gate","LONGCOVIDA_29 is asked when COVIDSYM_30 matches the stated condition","any","database_missing","","approved","mathzero","2026-08-17","PDF page 7: IF COVIDSYM =1 TO 31 ","Machine-extracted candidate; requires direct human comparison with the displayed questionnaire page. Approved by mathzero in the checksum-fixed synthetic-routing-react2-v1 review.","existing_question_gate_missing_codes_rejected"
"route_3f0091d42e8371f15b444643","react2.s5.r05.individual","gate","LONGCOVIDA_3 is asked when COVIDSYM_03 matches the stated condition","any","database_missing","","approved","mathzero","2026-08-17","PDF page 7: IF COVIDSYM =1 TO 31 ","Machine-extracted candidate; requires direct human comparison with the displayed questionnaire page. Approved by mathzero in the checksum-fixed synthetic-routing-react2-v1 review.","existing_question_gate_missing_codes_rejected"
"route_42be114a9e598361a1c6382d","react2.s5.r05.individual","gate","COVIDD_1 … COVIDD_10_OTHER (11 fields) is asked when COVIDC matches the stated condition","any","database_missing","","approved","mathzero","2026-08-17","PDF page 5: IF ANSWER TO COVIDC NOT 1 ","Machine-extracted in the group-aware second pass. The displayed evidence may contain additional administrative or eligibility conditions that require human interpretation. Approved by mathzero in the checksum-fixed synthetic-routing-react2-v1 review.","existing_question_gate_missing_codes_rejected"
"route_4541bb552520705e2f1ada20","react2.s5.r05.individual","gate","COUNTRYVISIT1, COUNTRYVISIT2 is asked when ABROAD matches the stated condition","any","database_missing","","approved","mathzero","2026-08-17","PDF page 37: IF ABROAD = 1","Machine-extracted in the group-aware second pass. The displayed evidence may contain additional administrative or eligibility conditions that require human interpretation. Approved by mathzero in the checksum-fixed synthetic-routing-react2-v1 review.","existing_question_gate_missing_codes_rejected"
"route_4932d374cf7a327be70928ec","react2.s5.r05.individual","gate","WORKSTUDYPERS1REG_1 … WORKSTUDYPERS1REG_5 (5 fields) is asked when WORKTYP2_5, WORKTYP2_12 matches the stated condition","any","database_missing","","approved","mathzero","2026-08-17","PDF page 32: IF WORKTYP2 = 5 or 12 ","Machine-extracted in the group-aware second pass. The displayed evidence may contain additional administrative or eligibility conditions that require human interpretation. Approved by mathzero in the checksum-fixed synthetic-routing-react2-v1 review.","existing_question_gate_missing_codes_rejected"
"route_4b7153f429e50d911a13bb7a","react2.s5.r05.individual","gate","LONGCOVIDA_4 is asked when COVIDSYM_04 matches the stated condition","any","database_missing","","approved","mathzero","2026-08-17","PDF page 7: IF COVIDSYM =1 TO 31 ","Machine-extracted candidate; requires direct human comparison with the displayed questionnaire page. Approved by mathzero in the checksum-fixed synthetic-routing-react2-v1 review.","existing_question_gate_missing_codes_rejected"
"route_4c28d633052967cb9b327224","react2.s5.r05.individual","gate","LONGCOVIDA_22 is asked when COVIDSYM_22 matches the stated condition","any","database_missing","","approved","mathzero","2026-08-17","PDF page 7: IF COVIDSYM =1 TO 31 ","Machine-extracted candidate; requires direct human comparison with the displayed questionnaire page. Approved by mathzero in the checksum-fixed synthetic-routing-react2-v1 review.","existing_question_gate_missing_codes_rejected"
"route_5075ba7f8b24aa636e82875c","react2.s5.r05.individual","gate","ABPREV4 is asked when ABPREV1, ABPREV3 matches the stated condition","any","database_missing","","approved","mathzero","2026-08-17","PDF page 10: IF ABPREV1= 2 AND ABPREV3 = 2, 3 or 4 ","Machine-extracted in the group-aware second pass. The displayed evidence may contain additional administrative or eligibility conditions that require human interpretation. Approved by mathzero in the checksum-fixed synthetic-routing-react2-v1 review.","existing_question_gate_missing_codes_rejected"
"route_5109c2e96514d3577fdb26ad","react2.s5.r05.individual","gate","SYMPTWHEN_01 … SYMPTWHEN_18 (17 fields) is asked when SYMPTANY_01 … SYMPTANY_31_OTHER (33 fields) matches the stated condition","any","database_missing","","approved","mathzero","2026-08-17","PDF page 12: IF SYMPTANY = ANY OF 1-31 ","Machine-extracted in the group-aware second pass. The displayed evidence may contain additional administrative or eligibility conditions that require human interpretation. Approved by mathzero in the checksum-fixed synthetic-routing-react2-v1 review.","existing_question_gate_missing_codes_rejected"
"route_519d7874a99f52bb803e9474","react2.s5.r05.individual","gate","PCRPREV4 is asked when PCRPREV1, PCRPREV3 matches the stated condition","any","database_missing","","approved","mathzero","2026-08-17","PDF page 9: IF PCRPREV1= 2 AND PCPREV3 = 2, 3 or 4 ","Machine-extracted in the group-aware second pass. The displayed evidence may contain additional administrative or eligibility conditions that require human interpretation. Approved by mathzero in the checksum-fixed synthetic-routing-react2-v1 review.","existing_question_gate_missing_codes_rejected"
"route_5aa30860d11ec5c6c12b44e2","react2.s5.r05.individual","gate","VACCRUFUSE1_1 … VACCRUFUSE1_20 (21 fields) is asked when VACCINEACCEPT matches the stated condition","any","database_missing","","approved","mathzero","2026-08-17","PDF page 28: IF VACCINEACCEPT=2 or 3 ","Machine-extracted in the group-aware second pass. The displayed evidence may contain additional administrative or eligibility conditions that require human interpretation. Approved by mathzero in the checksum-fixed synthetic-routing-react2-v1 review.","existing_question_gate_missing_codes_rejected"
"route_5d99d96502f2d4d7dbc241dd","react2.s5.r05.individual","gate","VACCRUFUSE2_1 … VACCRUFUSE2_20 (21 fields) is asked when VACCINEAPP2 matches the stated condition","any","database_missing","","approved","mathzero","2026-08-17","PDF page 29: IF VACCINEAPP2=2 ","Machine-extracted in the group-aware second pass. The displayed evidence may contain additional administrative or eligibility conditions that require human interpretation. Approved by mathzero in the checksum-fixed synthetic-routing-react2-v1 review.","existing_question_gate_missing_codes_rejected"
"route_5eb465c7b2fa5900b7d2ae94","react2.s5.r05.individual","gate","VACCINEFIRST is asked when VACCINE3 matches the stated condition","any","database_missing","","approved","mathzero","2026-08-17","PDF page 26: IF VACCINE3 =1","Machine-extracted candidate; requires direct human comparison with the displayed questionnaire page. Approved by mathzero in the checksum-fixed synthetic-routing-react2-v1 review.","existing_question_gate_missing_codes_rejected"
"route_6c3eecdaa2bf43a0c6b71e97","react2.s5.r05.individual","gate","ABCOMP is asked when ABATTEMPT matches the stated condition","any","database_missing","","approved","mathzero","2026-08-17","PDF page 23: ASK IF ABATTEMPT = 1","Machine-extracted candidate; requires direct human comparison with the displayed questionnaire page. Approved by mathzero in the checksum-fixed synthetic-routing-react2-v1 review.","existing_question_gate_missing_codes_rejected"
"route_76d7e862093342dae705a794","react2.s5.r05.individual","gate","LONGCOVIDA_21 is asked when COVIDSYM_21 matches the stated condition","any","database_missing","","approved","mathzero","2026-08-17","PDF page 7: IF COVIDSYM =1 TO 31 ","Machine-extracted candidate; requires direct human comparison with the displayed questionnaire page. Approved by mathzero in the checksum-fixed synthetic-routing-react2-v1 review.","existing_question_gate_missing_codes_rejected"
"route_777a0996fef92394f517b0bc","react2.s5.r05.individual","gate","COVIDB is asked when COVIDA matches the stated condition","any","database_missing","","approved","mathzero","2026-08-17","PDF page 5: IF COVIDA = 1","Machine-extracted candidate; requires direct human comparison with the displayed questionnaire page. Approved by mathzero in the checksum-fixed synthetic-routing-react2-v1 review.","existing_question_gate_missing_codes_rejected"
"route_7825ccfecd5068f43dcdefa2","react2.s5.r05.individual","gate","LONGCOVIDA_20 is asked when COVIDSYM_20 matches the stated condition","any","database_missing","","approved","mathzero","2026-08-17","PDF page 7: IF COVIDSYM =1 TO 31 ","Machine-extracted candidate; requires direct human comparison with the displayed questionnaire page. Approved by mathzero in the checksum-fixed synthetic-routing-react2-v1 review.","existing_question_gate_missing_codes_rejected"
"route_7e289f187a16397a49870be6","react2.s5.r05.individual","gate","LONGCOVIDA_1 is asked when COVIDSYM_01 matches the stated condition","any","database_missing","","approved","mathzero","2026-08-17","PDF page 7: IF COVIDSYM =1 TO 31 ","Machine-extracted candidate; requires direct human comparison with the displayed questionnaire page. Approved by mathzero in the checksum-fixed synthetic-routing-react2-v1 review.","existing_question_gate_missing_codes_rejected"
"route_811c0cc913d6d80b6b811807","react2.s5.r05.individual","gate","ABPREV5 is asked when ABPREV4 matches the stated condition","any","database_missing","","approved","mathzero","2026-08-17","PDF page 10: IF ABPREV4=1","Machine-extracted candidate; requires direct human comparison with the displayed questionnaire page. Approved by mathzero in the checksum-fixed synthetic-routing-react2-v1 review.","existing_question_gate_missing_codes_rejected"
"route_8138a69055745922f75296ee","react2.s5.r05.individual","gate","ABHELP is asked when ABATTEMPT matches the stated condition","any","database_missing","","approved","mathzero","2026-08-17","PDF page 24: IF ABATTEMPT = 1","Machine-extracted candidate; requires direct human comparison with the displayed questionnaire page. Approved by mathzero in the checksum-fixed synthetic-routing-react2-v1 review.","existing_question_gate_missing_codes_rejected"
"route_867e7663da55d2abf790e7fa","react2.s5.r05.individual","gate","SMOKEVAP is asked when VAPNOW matches the stated condition","any","database_missing","","approved","mathzero","2026-08-17","PDF page 22: IF VAPNOW = 2 or 3","Machine-extracted candidate; requires direct human comparison with the displayed questionnaire page. Approved by mathzero in the checksum-fixed synthetic-routing-react2-v1 review.","existing_question_gate_missing_codes_rejected"
"route_8a470bdec819e8f29d2c4e0c","react2.s5.r05.individual","gate","ABPREV2 is asked when ABPREV1 matches the stated condition","any","database_missing","","approved","mathzero","2026-08-17","PDF page 9: IF ABPREV1 = 1 or 2","Machine-extracted candidate; requires direct human comparison with the displayed questionnaire page. Approved by mathzero in the checksum-fixed synthetic-routing-react2-v1 review.","existing_question_gate_missing_codes_rejected"
"route_8ae87039eabf7a506aeff1ed","react2.s5.r05.individual","gate","CONTACT5 is asked when CONTACT1, LEAVE2_1 matches the stated condition","any","database_missing","","approved","mathzero","2026-08-17","PDF page 20: IF CONTACT1 = 1+ AND LEAVE2 =1 ","Machine-extracted in the group-aware second pass. The displayed evidence may contain additional administrative or eligibility conditions that require human interpretation. Approved by mathzero in the checksum-fixed synthetic-routing-react2-v1 review.","existing_question_gate_missing_codes_rejected"
"route_91a32bc4362bddef09487f9a","react2.s5.r05.individual","gate","VACCINEAPP2 is asked when VACCINEAPP1 matches the stated condition","any","database_missing","","approved","mathzero","2026-08-17","PDF page 27: IF VACCINEAPP1 =1","Machine-extracted candidate; requires direct human comparison with the displayed questionnaire page. Approved by mathzero in the checksum-fixed synthetic-routing-react2-v1 review.","existing_question_gate_missing_codes_rejected"
"route_91c5c71243885cb10af8f286","react2.s5.r05.individual","gate","HOUSTYP is asked when DWELLTYP matches the stated condition","any","database_missing","","approved","mathzero","2026-08-17","PDF page 30: IF DWELLTYP = 1","Machine-extracted candidate; requires direct human comparison with the displayed questionnaire page. Approved by mathzero in the checksum-fixed synthetic-routing-react2-v1 review.","existing_question_gate_missing_codes_rejected"
"route_9781da15bab8d35b0a9dfd59","react2.s5.r05.individual","gate","WORKSTUDYPERS2REG_1 … WORKSTUDYPERS2REG_5 (5 fields) is asked when NADULTS matches the stated condition","any","database_missing","","approved","mathzero","2026-08-17","PDF page 34: IF NADULTS=2+ ","Machine-extracted in the group-aware second pass. The displayed evidence may contain additional administrative or eligibility conditions that require human interpretation. Approved by mathzero in the checksum-fixed synthetic-routing-react2-v1 review.","existing_question_gate_missing_codes_rejected"
"route_988f7cdf8680932745fc07e2","react2.s5.r05.individual","gate","LONGCOVIDA_12 is asked when COVIDSYM_12 matches the stated condition","any","database_missing","","approved","mathzero","2026-08-17","PDF page 7: IF COVIDSYM =1 TO 31 ","Machine-extracted candidate; requires direct human comparison with the displayed questionnaire page. Approved by mathzero in the checksum-fixed synthetic-routing-react2-v1 review.","existing_question_gate_missing_codes_rejected"
"route_996ff2b57106e95e76f4135f","react2.s5.r05.individual","gate","LONGCOVIDA_26 is asked when COVIDSYM_26 matches the stated condition","any","database_missing","","approved","mathzero","2026-08-17","PDF page 7: IF COVIDSYM =1 TO 31 ","Machine-extracted candidate; requires direct human comparison with the displayed questionnaire page. Approved by mathzero in the checksum-fixed synthetic-routing-react2-v1 review.","existing_question_gate_missing_codes_rejected"
"route_9a6afdfa507da4d9817e782c","react2.s5.r05.individual","gate","PCRPREV5 is asked when PCRPREV4 matches the stated condition","any","database_missing","","approved","mathzero","2026-08-17","PDF page 9: IF PCRPREV4=1","Machine-extracted candidate; requires direct human comparison with the displayed questionnaire page. Approved by mathzero in the checksum-fixed synthetic-routing-react2-v1 review.","existing_question_gate_missing_codes_rejected"
"route_9c3e5cc656352ef39362a4ef","react2.s5.r05.individual","gate","PCRPREV2 is asked when PCRPREV1 matches the stated condition","any","database_missing","","approved","mathzero","2026-08-17","PDF page 8: IF PCRPREV1 = 1 or 2","Machine-extracted candidate; requires direct human comparison with the displayed questionnaire page. Approved by mathzero in the checksum-fixed synthetic-routing-react2-v1 review.","existing_question_gate_missing_codes_rejected"
"route_9e0ad8497b87a58813d29c04","react2.s5.r05.individual","gate","LONGCOVIDA_25 is asked when COVIDSYM_25 matches the stated condition","any","database_missing","","approved","mathzero","2026-08-17","PDF page 7: IF COVIDSYM =1 TO 31 ","Machine-extracted candidate; requires direct human comparison with the displayed questionnaire page. Approved by mathzero in the checksum-fixed synthetic-routing-react2-v1 review.","existing_question_gate_missing_codes_rejected"
"route_9e171a57f74b778f46aad6ec","react2.s5.r05.individual","gate","VACCINESECOND is asked when VACCDOSE matches the stated condition","any","database_missing","","approved","mathzero","2026-08-17","PDF page 26: IF VACCDOSE= 2 OR 3","Machine-extracted candidate; requires direct human comparison with the displayed questionnaire page. Approved by mathzero in the checksum-fixed synthetic-routing-react2-v1 review.","existing_question_gate_missing_codes_rejected"
"route_a087123779815f2848143c24","react2.s5.r05.individual","gate","SMOKEVAPDATE is asked when SMOKEVAP matches the stated condition","any","database_missing","","approved","mathzero","2026-08-17","PDF page 23: IF SMOKEVAP= 1","Machine-extracted candidate; requires direct human comparison with the displayed questionnaire page. Approved by mathzero in the checksum-fixed synthetic-routing-react2-v1 review.","existing_question_gate_missing_codes_rejected"
"route_a4fe250cc616f2d4a1631f18","react2.s5.r05.individual","gate","LONGCOVIDA_2 is asked when COVIDSYM_02 matches the stated condition","any","database_missing","","approved","mathzero","2026-08-17","PDF page 7: IF COVIDSYM =1 TO 31 ","Machine-extracted candidate; requires direct human comparison with the displayed questionnaire page. Approved by mathzero in the checksum-fixed synthetic-routing-react2-v1 review.","existing_question_gate_missing_codes_rejected"
"route_aab586198862eff901f10451","react2.s5.r05.individual","gate","RESCONF is asked when NEWRESULT matches the stated condition","any","database_missing","","approved","mathzero","2026-08-17","PDF page 24: IF NEWRESULT = 0-4","Machine-extracted candidate; requires direct human comparison with the displayed questionnaire page. Approved by mathzero in the checksum-fixed synthetic-routing-react2-v1 review.","existing_question_gate_missing_codes_rejected"
"route_ac02c0758409e75ba3c1b4dc","react2.s5.r05.individual","gate","WORKTYP4_1 … WORKTYP4_9 (13 fields) is asked when NADULTS … WORKTYP3_7 (4 fields) matches the stated condition","any","database_missing","","approved","mathzero","2026-08-17","PDF page 33: IF NADULTS=2+ AND WORKTYP3= 5, 6, 7 ","Machine-extracted in the group-aware second pass. The displayed evidence may contain additional administrative or eligibility conditions that require human interpretation. Approved by mathzero in the checksum-fixed synthetic-routing-react2-v1 review.","existing_question_gate_missing_codes_rejected"
"route_b7bf398541953751c9cccbf9","react2.s5.r05.individual","gate","WORKTYP3_1 … WORKTYP3_7 (7 fields) is asked when NADULTS matches the stated condition","any","database_missing","","approved","mathzero","2026-08-17","PDF page 33: IF NADULTS=2+ ","Machine-extracted in the group-aware second pass. The displayed evidence may contain additional administrative or eligibility conditions that require human interpretation. Approved by mathzero in the checksum-fixed synthetic-routing-react2-v1 review.","existing_question_gate_missing_codes_rejected"
"route_bd6ff0305161e0d094e5af8c","react2.s5.r05.individual","gate","PHOTO1 is asked when NEWRESULT matches the stated condition","any","database_missing","","approved","mathzero","2026-08-17","PDF page 25: IF NEWRESULT = 0-5","Machine-extracted candidate; requires direct human comparison with the displayed questionnaire page. Approved by mathzero in the checksum-fixed synthetic-routing-react2-v1 review.","existing_question_gate_missing_codes_rejected"
"route_befc55c5e20f6e3baa6428db","react2.s5.r05.individual","gate","COVIDSTA is asked when COVIDC matches the stated condition","any","database_missing","","approved","mathzero","2026-08-17","PDF page 6: IF ANSWER TO COVIDC NOT 1","Machine-extracted candidate; requires direct human comparison with the displayed questionnaire page. Approved by mathzero in the checksum-fixed synthetic-routing-react2-v1 review.","existing_question_gate_missing_codes_rejected"
"route_bfde0edde24ec8a578fba2dc","react2.s5.r05.individual","gate","CONTACTBUB is asked when BUBBLE2 matches the stated condition","any","database_missing","","approved","mathzero","2026-08-17","PDF page 18: ASK IF BUBBLE2 =1","Machine-extracted candidate; requires direct human comparison with the displayed questionnaire page. Approved by mathzero in the checksum-fixed synthetic-routing-react2-v1 review.","existing_question_gate_missing_codes_rejected"
"route_c3a0c30c1fb5d009cff9ccc0","react2.s5.r05.individual","gate","LONGCOVIDA_30 is asked when COVIDSYM_31 matches the stated condition","any","database_missing","","approved","mathzero","2026-08-17","PDF page 7: IF COVIDSYM =1 TO 31 ","Machine-extracted candidate; requires direct human comparison with the displayed questionnaire page. Approved by mathzero in the checksum-fixed synthetic-routing-react2-v1 review.","existing_question_gate_missing_codes_rejected"
"route_c880386b4b4aca7d1bea2240","react2.s5.r05.individual","gate","LONGCOVIDA_19 is asked when COVIDSYM_19 matches the stated condition","any","database_missing","","approved","mathzero","2026-08-17","PDF page 7: IF COVIDSYM =1 TO 31 ","Machine-extracted candidate; requires direct human comparison with the displayed questionnaire page. Approved by mathzero in the checksum-fixed synthetic-routing-react2-v1 review.","existing_question_gate_missing_codes_rejected"
"route_cc98a52e957d2870a9e5eafe","react2.s5.r05.individual","gate","PERSCARE_1 … PERSCARE_4 (4 fields) is asked when CAREHOME matches the stated condition","any","database_missing","","approved","mathzero","2026-08-17","PDF page 35: IF CAREHOME=2 (DO NOT LIVE IN CARE HOME)","Machine-extracted in the group-aware second pass. The displayed evidence may contain additional administrative or eligibility conditions that require human interpretation. Approved by mathzero in the checksum-fixed synthetic-routing-react2-v1 review.","existing_question_gate_missing_codes_rejected"
"route_cd97989bceff71b17678a630","react2.s5.r05.individual","gate","LONGCOVIDA_9 is asked when COVIDSYM_09 matches the stated condition","any","database_missing","","approved","mathzero","2026-08-17","PDF page 7: IF COVIDSYM =1 TO 31 ","Machine-extracted candidate; requires direct human comparison with the displayed questionnaire page. Approved by mathzero in the checksum-fixed synthetic-routing-react2-v1 review.","existing_question_gate_missing_codes_rejected"
"route_cdf6b08b3b474a45f2d69adb","react2.s5.r05.individual","gate","VACCINEAPP1 is asked when VACCINE3 matches the stated condition","any","database_missing","","approved","mathzero","2026-08-17","PDF page 27: IF VACCINE3 = 2 or 3","Machine-extracted candidate; requires direct human comparison with the displayed questionnaire page. Approved by mathzero in the checksum-fixed synthetic-routing-react2-v1 review.","existing_question_gate_missing_codes_rejected"
"route_ce11ce0d0aba2556da875dd0","react2.s5.r05.individual","gate","LONGCOVIDA_24 is asked when COVIDSYM_24 matches the stated condition","any","database_missing","","approved","mathzero","2026-08-17","PDF page 7: IF COVIDSYM =1 TO 31 ","Machine-extracted candidate; requires direct human comparison with the displayed questionnaire page. Approved by mathzero in the checksum-fixed synthetic-routing-react2-v1 review.","existing_question_gate_missing_codes_rejected"
"route_ce5f5251759fac8089e36a60","react2.s5.r05.individual","gate","VACCINEACCEPT is asked when VACCINEAPP1 matches the stated condition","any","database_missing","","approved","mathzero","2026-08-17","PDF page 27: IF VACCINEAPP1 =2, 3 or 4","Machine-extracted candidate; requires direct human comparison with the displayed questionnaire page. Approved by mathzero in the checksum-fixed synthetic-routing-react2-v1 review.","existing_question_gate_missing_codes_rejected"
"route_ce62c0b38a635b1b1c534f35","react2.s5.r05.individual","gate","BUBBLENUM is asked when BUBBLE2 matches the stated condition","any","database_missing","","approved","mathzero","2026-08-17","PDF page 18: ASK IF BUBBLE2 =1","Machine-extracted candidate; requires direct human comparison with the displayed questionnaire page. Approved by mathzero in the checksum-fixed synthetic-routing-react2-v1 review.","existing_question_gate_missing_codes_rejected"
"route_cf0b2a165c1ca868cdc316d2","react2.s5.r05.individual","gate","COVIDEND_DATE, COVIDEND_STILL_SYMPTOMS is asked when COVIDC matches the stated condition","any","database_missing","","approved","mathzero","2026-08-17","PDF page 6: IF ANSWER TO COVIDC NOT 1 ","Machine-extracted in the group-aware second pass. The displayed evidence may contain additional administrative or eligibility conditions that require human interpretation. Approved by mathzero in the checksum-fixed synthetic-routing-react2-v1 review.","existing_question_gate_missing_codes_rejected"
"route_cf75349a2fbc061caecbf184","react2.s5.r05.individual","gate","CONTACT6BUB_1 … CONTACT6BUB_DK (4 fields) is asked when BUBBLE2, CONTACTBUB matches the stated condition","any","database_missing","","approved","mathzero","2026-08-17","PDF page 19: ASK IF BUBBLE2 =1 AND CONTACTBUB = 1+","Machine-extracted in the group-aware second pass. The displayed evidence may contain additional administrative or eligibility conditions that require human interpretation. Approved by mathzero in the checksum-fixed synthetic-routing-react2-v1 review.","existing_question_gate_missing_codes_rejected"
"route_d0ab870aaefd6bd7672010f2","react2.s5.r05.individual","gate","LONGCOVIDA_17 is asked when COVIDSYM_17 matches the stated condition","any","database_missing","","approved","mathzero","2026-08-17","PDF page 7: IF COVIDSYM =1 TO 31 ","Machine-extracted candidate; requires direct human comparison with the displayed questionnaire page. Approved by mathzero in the checksum-fixed synthetic-routing-react2-v1 review.","existing_question_gate_missing_codes_rejected"
"route_d1ba0f0a0ed442a8014e3bc7","react2.s5.r05.individual","gate","LONGCOVIDA_7 is asked when COVIDSYM_07 matches the stated condition","any","database_missing","","approved","mathzero","2026-08-17","PDF page 7: IF COVIDSYM =1 TO 31 ","Machine-extracted candidate; requires direct human comparison with the displayed questionnaire page. Approved by mathzero in the checksum-fixed synthetic-routing-react2-v1 review.","existing_question_gate_missing_codes_rejected"
"route_d29fb5677da7806f819c5054","react2.s5.r05.individual","gate","NEWRESULT is asked when ABCOMP matches the stated condition","any","database_missing","","approved","mathzero","2026-08-17","PDF page 24: IF ABCOMP = 1","Machine-extracted candidate; requires direct human comparison with the displayed questionnaire page. Approved by mathzero in the checksum-fixed synthetic-routing-react2-v1 review.","existing_question_gate_missing_codes_rejected"
"route_d4a7add00432aafee2560553","react2.s5.r05.individual","gate","INDMASK is asked when FACECOV matches the stated condition","any","database_missing","","approved","mathzero","2026-08-17","PDF page 17: IF CODES 2-4 AT FACECOV","Machine-extracted candidate; requires direct human comparison with the displayed questionnaire page. Approved by mathzero in the checksum-fixed synthetic-routing-react2-v1 review.","existing_question_gate_missing_codes_rejected"
"route_d5124a282dfdb99cadeb8606","react2.s5.r05.individual","gate","WORKTYP1_1 … WORKTYP1_7 (7 fields) is asked when EMPL matches the stated condition","any","database_missing","","approved","mathzero","2026-08-17","PDF page 31: IF EMPL = 1, 2 or 3 ","Machine-extracted in the group-aware second pass. The displayed evidence may contain additional administrative or eligibility conditions that require human interpretation. Approved by mathzero in the checksum-fixed synthetic-routing-react2-v1 review.","existing_question_gate_missing_codes_rejected"
"route_d60695650b8a35a53cf05616","react2.s5.r05.individual","gate","OUTMASK is asked when FACECOV matches the stated condition","any","database_missing","","approved","mathzero","2026-08-17","PDF page 17: IF CODES 2-4 AT FACECOV","Machine-extracted candidate; requires direct human comparison with the displayed questionnaire page. Approved by mathzero in the checksum-fixed synthetic-routing-react2-v1 review.","existing_question_gate_missing_codes_rejected"
"route_e32cb8670a93dfaf5f68d894","react2.s5.r05.individual","gate","TRANSP_1 … TRANSP_13_OTHER (14 fields) is asked when LEAVE1 matches the stated condition","any","database_missing","","approved","mathzero","2026-08-17","PDF page 16: IF LEAVE1 = 1","Machine-extracted in the group-aware second pass. The displayed evidence may contain additional administrative or eligibility conditions that require human interpretation. Approved by mathzero in the checksum-fixed synthetic-routing-react2-v1 review.","existing_question_gate_missing_codes_rejected"
"route_e32da6d2f8a16b02c65596ed","react2.s5.r05.individual","gate","LONGCOVIDA_10 is asked when COVIDSYM_10 matches the stated condition","any","database_missing","","approved","mathzero","2026-08-17","PDF page 7: IF COVIDSYM =1 TO 31 ","Machine-extracted candidate; requires direct human comparison with the displayed questionnaire page. Approved by mathzero in the checksum-fixed synthetic-routing-react2-v1 review.","existing_question_gate_missing_codes_rejected"
"route_e46cf49491f9af03545f53a5","react2.s5.r05.individual","gate","CONTACTBUB4_1 … CONTACTBUB4_DK (5 fields) is asked when BUBBLE2, CONTACTBUB matches the stated condition","any","database_missing","","approved","mathzero","2026-08-17","PDF page 19: ASK IF BUBBLE2 =1 AND CONTACTBUB = 1+","Machine-extracted in the group-aware second pass. The displayed evidence may contain additional administrative or eligibility conditions that require human interpretation. Approved by mathzero in the checksum-fixed synthetic-routing-react2-v1 review.","existing_question_gate_missing_codes_rejected"
"route_e893fff31c93cb6e8d3aa3a7","react2.s5.r05.individual","gate","PHOTO2_NAME, PHOTO2_SIZE, PHOTO2_UNABLE is asked when PHOTO1 matches the stated condition","any","database_missing","","approved","mathzero","2026-08-17","PDF page 25: IF PHOTO1 = 1","Machine-extracted in the group-aware second pass. The displayed evidence may contain additional administrative or eligibility conditions that require human interpretation. Approved by mathzero in the checksum-fixed synthetic-routing-react2-v1 review.","existing_question_gate_missing_codes_rejected"
"route_e90948b2eb0dcd324104dd95","react2.s5.r05.individual","gate","CONTACT4_1 … CONTACT4_4 (4 fields) is asked when CONTACT1 matches the stated condition","any","database_missing","","approved","mathzero","2026-08-17","PDF page 20: IF CONTACT1=1+ ","Machine-extracted in the group-aware second pass. The displayed evidence may contain additional administrative or eligibility conditions that require human interpretation. Approved by mathzero in the checksum-fixed synthetic-routing-react2-v1 review.","existing_question_gate_missing_codes_rejected"
"route_ec18b273f7f3d9c0116b7689","react2.s5.r05.individual","gate","LONGCOVIDA_6 is asked when COVIDSYM_06 matches the stated condition","any","database_missing","","approved","mathzero","2026-08-17","PDF page 7: IF COVIDSYM =1 TO 31 ","Machine-extracted candidate; requires direct human comparison with the displayed questionnaire page. Approved by mathzero in the checksum-fixed synthetic-routing-react2-v1 review.","existing_question_gate_missing_codes_rejected"
"route_ec49034ca31aa0d25b3371af","react2.s5.r05.individual","gate","SHIELDVULN is asked when SHIELD1 matches the stated condition","any","database_missing","","approved","mathzero","2026-08-17","PDF page 14: IF SHIELD1 = YES","Machine-extracted in the group-aware second pass. The displayed evidence may contain additional administrative or eligibility conditions that require human interpretation. Approved by mathzero in the checksum-fixed synthetic-routing-react2-v1 review.","existing_question_gate_missing_codes_rejected"
"route_f5d879487a66525094fb858b","react2.s5.r05.individual","gate","CARETYPE is asked when CAREHOME matches the stated condition","any","database_missing","","approved","mathzero","2026-08-17","PDF page 35: IF CAREHOME=1","Machine-extracted candidate; requires direct human comparison with the displayed questionnaire page. Approved by mathzero in the checksum-fixed synthetic-routing-react2-v1 review.","existing_question_gate_missing_codes_rejected"
"route_fbf02ff9edf9e46985a00b9a","react2.s5.r05.individual","gate","COVIDSYM_01 … COVIDSYM_32 (33 fields) is asked when COVIDC matches the stated condition","any","database_missing","","approved","mathzero","2026-08-17","PDF page 6: IF ANSWER TO COVIDC NOT 1 ","Machine-extracted in the group-aware second pass. The displayed evidence may contain additional administrative or eligibility conditions that require human interpretation. Approved by mathzero in the checksum-fixed synthetic-routing-react2-v1 review.","existing_question_gate_missing_codes_rejected"
"route_fc1e9945557db354d2845770","react2.s5.r05.individual","gate","LONGCOVIDA_28 is asked when COVIDSYM_29 matches the stated condition","any","database_missing","","approved","mathzero","2026-08-17","PDF page 7: IF COVIDSYM =1 TO 31 ","Machine-extracted candidate; requires direct human comparison with the displayed questionnaire page. Approved by mathzero in the checksum-fixed synthetic-routing-react2-v1 review.","existing_question_gate_missing_codes_rejected"
"route_fd0b9dd0dc014b36d6822f56","react2.s5.r05.individual","gate","LONGCOVIDA_11 is asked when COVIDSYM_11 matches the stated condition","any","database_missing","","approved","mathzero","2026-08-17","PDF page 7: IF COVIDSYM =1 TO 31 ","Machine-extracted candidate; requires direct human comparison with the displayed questionnaire page. Approved by mathzero in the checksum-fixed synthetic-routing-react2-v1 review.","existing_question_gate_missing_codes_rejected"
"route_feee007c51b51b0d00805a5a","react2.s5.r05.individual","gate","WORKTYP2_1 … WORKTYP2_9 (13 fields) is asked when WORKTYP1_5, WORKTYP1_6, WORKTYP1_7 matches the stated condition","any","database_missing","","approved","mathzero","2026-08-17","PDF page 32: IF WORKTYP1= 5, 6 or 7 ","Machine-extracted in the group-aware second pass. The displayed evidence may contain additional administrative or eligibility conditions that require human interpretation. Approved by mathzero in the checksum-fixed synthetic-routing-react2-v1 review.","existing_question_gate_missing_codes_rejected"
"route_157dab8dc2dfc160005ce3c2","react2.s5.r05.registration","gate","ADULTAGE_1 … ADULTAGE_NA (10 fields) is asked when NADULTS matches the stated condition","any","database_missing","","approved","mathzero","2026-08-17","PDF page 5: IF NADULTS = 2+  ","Machine-extracted in the group-aware second pass. The displayed evidence may contain additional administrative or eligibility conditions that require human interpretation. Approved by mathzero in the checksum-fixed synthetic-routing-react2-v1 review.","existing_question_gate_missing_codes_rejected"
"route_02829e5157bf8a85e355dadb","react2.s5.r06.individual","gate","VACCINEAPP2 is asked when VACCINEAPP1 matches the stated condition","any","database_missing","","approved","mathzero","2026-08-17","PDF page 31: IF VACCINEAPP1 =1","Machine-extracted candidate; requires direct human comparison with the displayed questionnaire page. Approved by mathzero in the checksum-fixed synthetic-routing-react2-v1 review.","existing_question_gate_missing_codes_rejected"
"route_0727b649e4421b7f365b3d08","react2.s5.r06.individual","gate","QCOVIDWORK_1 … QCOVIDWORK_10 (11 fields) is asked when QISOLLEAVEREASON_1 matches the stated condition","any","database_missing","","approved","mathzero","2026-08-17","PDF page 44: ASK IF QISOLLEAVEREASON=1 ","Machine-extracted in the group-aware second pass. The displayed evidence may contain additional administrative or eligibility conditions that require human interpretation. Approved by mathzero in the checksum-fixed synthetic-routing-react2-v1 review.","existing_question_gate_missing_codes_rejected"
"route_0b81f7c54ae20f5d793df263","react2.s5.r06.individual","gate","PREG is asked when U_GENDER, U_AGE matches the stated condition","any","database_missing","","approved","mathzero","2026-08-17","PDF page 17: ASK IF U_GENDER = FEMALE AND U_AGE< 55 ","Machine-extracted in the group-aware second pass. The displayed evidence may contain additional administrative or eligibility conditions that require human interpretation. Approved by mathzero in the checksum-fixed synthetic-routing-react2-v1 review.","existing_question_gate_missing_codes_rejected"
"route_0d19eb2f127c050e155d1d71","react2.s5.r06.individual","gate","PERSCARE_1 … PERSCARE_4 (4 fields) is asked when CAREHOME matches the stated condition","any","database_missing","","approved","mathzero","2026-08-17","PDF page 40: IF CAREHOME=2 (DO NOT LIVE IN CARE HOME) ","Machine-extracted in the group-aware second pass. The displayed evidence may contain additional administrative or eligibility conditions that require human interpretation. Approved by mathzero in the checksum-fixed synthetic-routing-react2-v1 review.","existing_question_gate_missing_codes_rejected"
"route_16160b40faba0cde2ff02719","react2.s5.r06.individual","gate","LONGCOVIDACTIV is asked when LONGCOVIDDESC matches the stated condition","any","database_missing","","approved","mathzero","2026-08-17","PDF page 10: ASK IF LONGCOVIDDESC = 1 OR 2","Machine-extracted candidate; requires direct human comparison with the displayed questionnaire page. Approved by mathzero in the checksum-fixed synthetic-routing-react2-v1 review.","existing_question_gate_missing_codes_rejected"
"route_226f9975c1444a77a424cb13","react2.s5.r06.individual","gate","SMOKEVAP is asked when VAPNOW matches the stated condition","any","database_missing","","approved","mathzero","2026-08-17","PDF page 45: IF VAPNOW = 2 or 3","Machine-extracted candidate; requires direct human comparison with the displayed questionnaire page. Approved by mathzero in the checksum-fixed synthetic-routing-react2-v1 review.","existing_question_gate_missing_codes_rejected"
"route_22740188e19c22fb6525f768","react2.s5.r06.individual","gate","WORKHOMEREASON_1 … WORKHOMEREASON_11 (13 fields) is asked when WORKHOMEPOSS matches the stated condition","any","database_missing","","approved","mathzero","2026-08-17","PDF page 38: IF WORKHOMEPOSS=1 or 3 ","Machine-extracted in the group-aware second pass. The displayed evidence may contain additional administrative or eligibility conditions that require human interpretation. Approved by mathzero in the checksum-fixed synthetic-routing-react2-v1 review.","existing_question_gate_missing_codes_rejected"
"route_239909fef44d93c825d85a37","react2.s5.r06.individual","gate","WORKSTUDYPERS1REG_1 … WORKSTUDYPERS1REG_5 (5 fields) is asked when WORKTYP2_5, WORKTYP2_12 matches the stated condition","any","database_missing","","approved","mathzero","2026-08-17","PDF page 36: IF WORKTYP2 = 5 or 12 ","Machine-extracted in the group-aware second pass. The displayed evidence may contain additional administrative or eligibility conditions that require human interpretation. Approved by mathzero in the checksum-fixed synthetic-routing-react2-v1 review.","existing_question_gate_missing_codes_rejected"
"route_29fe437053cf641103570136","react2.s5.r06.individual","gate","WORKHOME is asked when EMPL matches the stated condition","any","database_missing","","approved","mathzero","2026-08-17","PDF page 37: IF EMPL = 1, 2, 3","Machine-extracted candidate; requires direct human comparison with the displayed questionnaire page. Approved by mathzero in the checksum-fixed synthetic-routing-react2-v1 review.","existing_question_gate_missing_codes_rejected"
"route_2f8226cceb286495b5b2af24","react2.s5.r06.individual","gate","QUARANTINE1 is asked when ABROAD matches the stated condition","any","database_missing","","approved","mathzero","2026-08-17","PDF page 42: ASK IF ABROAD =1","Machine-extracted candidate; requires direct human comparison with the displayed questionnaire page. Approved by mathzero in the checksum-fixed synthetic-routing-react2-v1 review.","existing_question_gate_missing_codes_rejected"
"route_32e6f0ea4c16917119b345e5","react2.s5.r06.individual","gate","WORKTYP2_1 … WORKTYP2_9 (13 fields) is asked when WORKTYP1_5, WORKTYP1_6, WORKTYP1_7 matches the stated condition","any","database_missing","","approved","mathzero","2026-08-17","PDF page 36: IF WORKTYP1= 5, 6 or 7 ","Machine-extracted in the group-aware second pass. The displayed evidence may contain additional administrative or eligibility conditions that require human interpretation. Approved by mathzero in the checksum-fixed synthetic-routing-react2-v1 review.","existing_question_gate_missing_codes_rejected"
"route_3354535a0a0214c701b8c073","react2.s5.r06.individual","gate","COVIDD_1 … COVIDD_10_OTHER (11 fields) is asked when COVIDC matches the stated condition","any","database_missing","","approved","mathzero","2026-08-17","PDF page 5: IF ANSWER TO COVIDC NOT 1 ","Machine-extracted in the group-aware second pass. The displayed evidence may contain additional administrative or eligibility conditions that require human interpretation. Approved by mathzero in the checksum-fixed synthetic-routing-react2-v1 review.","existing_question_gate_missing_codes_rejected"
"route_35254c33f309ade9b3ebe0d1","react2.s5.r06.individual","gate","LONGCOVIDMED_1 … LONGCOVIDMED_10 (12 fields) is asked when LONGCOVIDDESC matches the stated condition","any","database_missing","","approved","mathzero","2026-08-17","PDF page 10: ASK IF LONGCOVIDDESC = 1 OR 2 ","Machine-extracted in the group-aware second pass. The displayed evidence may contain additional administrative or eligibility conditions that require human interpretation. Approved by mathzero in the checksum-fixed synthetic-routing-react2-v1 review.","existing_question_gate_missing_codes_rejected"
"route_369b2eee628350cc216c0556","react2.s5.r06.individual","gate","QISOLLEAVEREASON_1 … QISOLLEAVEREASON_16 (19 fields) is asked when QISOLLEAVE matches the stated condition","any","database_missing","","approved","mathzero","2026-08-17","PDF page 43: ASK IF QISOLLEAVE = 1 ","Machine-extracted in the group-aware second pass. The displayed evidence may contain additional administrative or eligibility conditions that require human interpretation. Approved by mathzero in the checksum-fixed synthetic-routing-react2-v1 review.","existing_question_gate_missing_codes_rejected"
"route_3b4c3df91ebff073208c7217","react2.s5.r06.individual","gate","HOUSTYP is asked when DWELLTYP matches the stated condition","any","database_missing","","approved","mathzero","2026-08-17","PDF page 34: IF DWELLTYP = 1","Machine-extracted candidate; requires direct human comparison with the displayed questionnaire page. Approved by mathzero in the checksum-fixed synthetic-routing-react2-v1 review.","existing_question_gate_missing_codes_rejected"
"route_3d45f104fab3ce9a9bc41d1a","react2.s5.r06.individual","gate","COVIDB is asked when COVIDA matches the stated condition","any","database_missing","","approved","mathzero","2026-08-17","PDF page 5: IF COVIDA = 1","Machine-extracted candidate; requires direct human comparison with the displayed questionnaire page. Approved by mathzero in the checksum-fixed synthetic-routing-react2-v1 review.","existing_question_gate_missing_codes_rejected"
"route_41cec277232b1eb49de8ce5c","react2.s5.r06.individual","gate","ISOLDAYS is asked when SELFISO2_1 … SELFISO2_6 (6 fields) matches the stated condition","any","database_missing","","approved","mathzero","2026-08-17","PDF page 22: ASK IF SELFISO2 =1 TO 6 ","Machine-extracted in the group-aware second pass. The displayed evidence may contain additional administrative or eligibility conditions that require human interpretation. Approved by mathzero in the checksum-fixed synthetic-routing-react2-v1 review.","existing_question_gate_missing_codes_rejected"
"route_431615cd7ffae255ddfc0979","react2.s5.r06.individual","gate","LONGCOVIDDESC is asked when LONGCOVID1 matches the stated condition","any","database_missing","","approved","mathzero","2026-08-17","PDF page 7: IF LONGCOVIVD1 =1 OR 2 ","Machine-extracted in the group-aware second pass. The displayed evidence may contain additional administrative or eligibility conditions that require human interpretation. Approved by mathzero in the checksum-fixed synthetic-routing-react2-v1 review.","existing_question_gate_missing_codes_rejected"
"route_43766bf8f4f14a17e2444e3f","react2.s5.r06.individual","gate","CONTACT6_1 … CONTACT6_4 (4 fields) is asked when CONTACT1 matches the stated condition","any","database_missing","","approved","mathzero","2026-08-17","PDF page 27: IF CONTACT1 = 1+ ","Machine-extracted in the group-aware second pass. The displayed evidence may contain additional administrative or eligibility conditions that require human interpretation. Approved by mathzero in the checksum-fixed synthetic-routing-react2-v1 review.","existing_question_gate_missing_codes_rejected"
"route_48c78206496b5323e0afaae7","react2.s5.r06.individual","gate","COVIDSYM3_1 … COVIDSYM3_11 (12 fields) is asked when LONGCOVID1 matches the stated condition","any","database_missing","","approved","mathzero","2026-08-17","PDF page 9: ASK IF LONGCOVID1=1 OR 2 ","Machine-extracted in the group-aware second pass. The displayed evidence may contain additional administrative or eligibility conditions that require human interpretation. Approved by mathzero in the checksum-fixed synthetic-routing-react2-v1 review.","existing_question_gate_missing_codes_rejected"
"route_5459801adc960e87d3c0295a","react2.s5.r06.individual","gate","RESCONF is asked when NEWRESULT matches the stated condition","any","database_missing","","approved","mathzero","2026-08-17","PDF page 28: IF NEWRESULT = 0-4","Machine-extracted candidate; requires direct human comparison with the displayed questionnaire page. Approved by mathzero in the checksum-fixed synthetic-routing-react2-v1 review.","existing_question_gate_missing_codes_rejected"
"route_54906c29f1117350f8ae73ff","react2.s5.r06.individual","gate","ABPREV2 is asked when ABPREV1 matches the stated condition","any","database_missing","","approved","mathzero","2026-08-17","PDF page 12: IF ABPREV1 = 1 or 2","Machine-extracted candidate; requires direct human comparison with the displayed questionnaire page. Approved by mathzero in the checksum-fixed synthetic-routing-react2-v1 review.","existing_question_gate_missing_codes_rejected"
"route_55800ca669f64d199ef9a20e","react2.s5.r06.individual","gate","PHOTO2_NAME, PHOTO2_SIZE, PHOTO2_UNABLE is asked when PHOTO1 matches the stated condition","any","database_missing","","approved","mathzero","2026-08-17","PDF page 29: IF PHOTO1 = 1 ","Machine-extracted in the group-aware second pass. The displayed evidence may contain additional administrative or eligibility conditions that require human interpretation. Approved by mathzero in the checksum-fixed synthetic-routing-react2-v1 review.","existing_question_gate_missing_codes_rejected"
"route_56e7fc495193ddab9c06150f","react2.s5.r06.individual","gate","PCRPREV2 is asked when PCRPREV1 matches the stated condition","any","database_missing","","approved","mathzero","2026-08-17","PDF page 11: IF PCRPREV1 = 1 or 2","Machine-extracted candidate; requires direct human comparison with the displayed questionnaire page. Approved by mathzero in the checksum-fixed synthetic-routing-react2-v1 review.","existing_question_gate_missing_codes_rejected"
"route_5771d0ad674d0c49f9ea27c9","react2.s5.r06.individual","gate","CONTACT4_1 … CONTACT4_5 (5 fields) is asked when CONTACT1 matches the stated condition","any","database_missing","","approved","mathzero","2026-08-17","PDF page 26: IF CONTACT1=1+ ","Machine-extracted in the group-aware second pass. The displayed evidence may contain additional administrative or eligibility conditions that require human interpretation. Approved by mathzero in the checksum-fixed synthetic-routing-react2-v1 review.","existing_question_gate_missing_codes_rejected"
"route_57cc47b48a029331a8614f6e","react2.s5.r06.individual","gate","CONTACTBUB is asked when BUBBLE2 matches the stated condition","any","database_missing","","approved","mathzero","2026-08-17","PDF page 25: ASK IF BUBBLE2 =1","Machine-extracted candidate; requires direct human comparison with the displayed questionnaire page. Approved by mathzero in the checksum-fixed synthetic-routing-react2-v1 review.","existing_question_gate_missing_codes_rejected"
"route_58917011fa8086fb52f48442","react2.s5.r06.individual","gate","INDMASK is asked when FACECOV matches the stated condition","any","database_missing","","approved","mathzero","2026-08-17","PDF page 20: IF CODES 2-4 AT FACECOV","Machine-extracted candidate; requires direct human comparison with the displayed questionnaire page. Approved by mathzero in the checksum-fixed synthetic-routing-react2-v1 review.","existing_question_gate_missing_codes_rejected"
"route_5fb313eda3e6d9836fc4fd10","react2.s5.r06.individual","gate","LEAVE2_1 … LEAVE2_11_OTHER (16 fields) is asked when LEAVE1 matches the stated condition","any","database_missing","","approved","mathzero","2026-08-17","PDF page 18: IF LEAVE1 =1 ","Machine-extracted in the group-aware second pass. The displayed evidence may contain additional administrative or eligibility conditions that require human interpretation. Approved by mathzero in the checksum-fixed synthetic-routing-react2-v1 review.","existing_question_gate_missing_codes_rejected"
"route_647351f113dca5757879c890","react2.s5.r06.individual","gate","CONTACTBUB4_1 … CONTACTBUB4_5 (5 fields) is asked when BUBBLE2, CONTACTBUB matches the stated condition","any","database_missing","","approved","mathzero","2026-08-17","PDF page 25: ASK IF BUBBLE2 =1 AND CONTACTBUB = 1+ ","Machine-extracted in the group-aware second pass. The displayed evidence may contain additional administrative or eligibility conditions that require human interpretation. Approved by mathzero in the checksum-fixed synthetic-routing-react2-v1 review.","existing_question_gate_missing_codes_rejected"
"route_6ad96a0ac72aaf84f5a45fc4","react2.s5.r06.individual","gate","ABCOMP is asked when ABATTEMPT matches the stated condition","any","database_missing","","approved","mathzero","2026-08-17","PDF page 27: ASK IF ABATTEMPT = 1","Machine-extracted candidate; requires direct human comparison with the displayed questionnaire page. Approved by mathzero in the checksum-fixed synthetic-routing-react2-v1 review.","existing_question_gate_missing_codes_rejected"
"route_74cb9bc2b1d79b182c48f964","react2.s5.r06.individual","gate","ABPREV4 is asked when ABPREV1, ABPREV3 matches the stated condition","any","database_missing","","approved","mathzero","2026-08-17","PDF page 13: IF ABPREV1= 2 AND ABPREV3 = 2, 3 or 4 ","Machine-extracted in the group-aware second pass. The displayed evidence may contain additional administrative or eligibility conditions that require human interpretation. Approved by mathzero in the checksum-fixed synthetic-routing-react2-v1 review.","existing_question_gate_missing_codes_rejected"
"route_7678af31ddd731debd5dcac1","react2.s5.r06.individual","gate","LONGCOVIDABILITY is asked when LONGCOVIDDESC matches the stated condition","any","database_missing","","approved","mathzero","2026-08-17","PDF page 10: ASK IF LONGCOVIDDESC = 1 OR 2","Machine-extracted candidate; requires direct human comparison with the displayed questionnaire page. Approved by mathzero in the checksum-fixed synthetic-routing-react2-v1 review.","existing_question_gate_missing_codes_rejected"
"route_769451dd5e0419d300db55fd","react2.s5.r06.individual","gate","SMOKEVAPDATE is asked when SMOKEVAP matches the stated condition","any","database_missing","","approved","mathzero","2026-08-17","PDF page 46: IF SMOKEVAP= 1","Machine-extracted candidate; requires direct human comparison with the displayed questionnaire page. Approved by mathzero in the checksum-fixed synthetic-routing-react2-v1 review.","existing_question_gate_missing_codes_rejected"
"route_7698911534d461949b261eda","react2.s5.r06.individual","gate","FLATTYP is asked when DWELLTYP matches the stated condition","any","database_missing","","approved","mathzero","2026-08-17","PDF page 34: IF DWELLTYP = 2","Machine-extracted candidate; requires direct human comparison with the displayed questionnaire page. Approved by mathzero in the checksum-fixed synthetic-routing-react2-v1 review.","existing_question_gate_missing_codes_rejected"
"route_76a6c60a744d82b7b8da992c","react2.s5.r06.individual","gate","OUTMASK is asked when FACECOV matches the stated condition","any","database_missing","","approved","mathzero","2026-08-17","PDF page 21: IF CODES 2-4 AT FACECOV","Machine-extracted candidate; requires direct human comparison with the displayed questionnaire page. Approved by mathzero in the checksum-fixed synthetic-routing-react2-v1 review.","existing_question_gate_missing_codes_rejected"
"route_785f4fd194361f9b2e54000d","react2.s5.r06.individual","gate","VACCINEACCEPT is asked when VACCINEAPP1 matches the stated condition","any","database_missing","","approved","mathzero","2026-08-17","PDF page 32: IF VACCINEAPP1 =2, 3 or 4","Machine-extracted candidate; requires direct human comparison with the displayed questionnaire page. Approved by mathzero in the checksum-fixed synthetic-routing-react2-v1 review.","existing_question_gate_missing_codes_rejected"
"route_7bcfaea94eefa2fa2d7c66c8","react2.s5.r06.individual","gate","COVIDSYM2_1 … COVIDSYM2_14 (14 fields) is asked when LONGCOVID1 matches the stated condition","any","database_missing","","approved","mathzero","2026-08-17","PDF page 8: ASK IF LONGCOVID1=1 OR 2 ","Machine-extracted in the group-aware second pass. The displayed evidence may contain additional administrative or eligibility conditions that require human interpretation. Approved by mathzero in the checksum-fixed synthetic-routing-react2-v1 review.","existing_question_gate_missing_codes_rejected"
"route_7cc2bb54dd3a0dfddc8cf041","react2.s5.r06.individual","gate","SICKPAY2 is asked when EMPL matches the stated condition","any","database_missing","","approved","mathzero","2026-08-17","PDF page 38: IF EMPL = 1, 2, 3","Machine-extracted candidate; requires direct human comparison with the displayed questionnaire page. Approved by mathzero in the checksum-fixed synthetic-routing-react2-v1 review.","existing_question_gate_missing_codes_rejected"
"route_7d4e3e443f0b1b1156645b87","react2.s5.r06.individual","gate","CARETYPE is asked when CAREHOME matches the stated condition","any","database_missing","","approved","mathzero","2026-08-17","PDF page 39: IF CAREHOME=1","Machine-extracted candidate; requires direct human comparison with the displayed questionnaire page. Approved by mathzero in the checksum-fixed synthetic-routing-react2-v1 review.","existing_question_gate_missing_codes_rejected"
"route_7ef2c4f76635e45afff48d64","react2.s5.r06.individual","gate","PCRPREV5 is asked when PCRPREV4 matches the stated condition","any","database_missing","","approved","mathzero","2026-08-17","PDF page 12: IF PCRPREV4=1","Machine-extracted candidate; requires direct human comparison with the displayed questionnaire page. Approved by mathzero in the checksum-fixed synthetic-routing-react2-v1 review.","existing_question_gate_missing_codes_rejected"
"route_854bdf912ae46fd00dc056aa","react2.s5.r06.individual","gate","BUBBLENUM is asked when BUBBLE2 matches the stated condition","any","database_missing","","approved","mathzero","2026-08-17","PDF page 24: ASK IF BUBBLE2 =1","Machine-extracted candidate; requires direct human comparison with the displayed questionnaire page. Approved by mathzero in the checksum-fixed synthetic-routing-react2-v1 review.","existing_question_gate_missing_codes_rejected"
"route_881d08a72df94725b2fde022","react2.s5.r06.individual","gate","PHOTO1 is asked when NEWRESULT matches the stated condition","any","database_missing","","approved","mathzero","2026-08-17","PDF page 29: IF NEWRESULT = 0-5","Machine-extracted candidate; requires direct human comparison with the displayed questionnaire page. Approved by mathzero in the checksum-fixed synthetic-routing-react2-v1 review.","existing_question_gate_missing_codes_rejected"
"route_944b2f5b75b39caf7d3cc319","react2.s5.r06.individual","gate","COUNTRYVISIT1, COUNTRYVISIT2 is asked when ABROAD matches the stated condition","any","database_missing","","approved","mathzero","2026-08-17","PDF page 41: IF ABROAD = 1 ","Machine-extracted in the group-aware second pass. The displayed evidence may contain additional administrative or eligibility conditions that require human interpretation. Approved by mathzero in the checksum-fixed synthetic-routing-react2-v1 review.","existing_question_gate_missing_codes_rejected"
"route_965932e1ea06a8be303ec749","react2.s5.r06.individual","gate","ISOLLEAVE is asked when SELFISO2_1 … SELFISO2_6 (6 fields) matches the stated condition","any","database_missing","","approved","mathzero","2026-08-17","PDF page 22: ASK IF SELFISO2 =1 TO 6 ","Machine-extracted in the group-aware second pass. The displayed evidence may contain additional administrative or eligibility conditions that require human interpretation. Approved by mathzero in the checksum-fixed synthetic-routing-react2-v1 review.","existing_question_gate_missing_codes_rejected"
"route_9df0dd9fae77b8380ecd0e06","react2.s5.r06.individual","gate","VACCDOSESYM is asked when VACCINE3SYM matches the stated condition","any","database_missing","","approved","mathzero","2026-08-17","PDF page 30: IF VACCINE3SYM = 1","Machine-extracted candidate; requires direct human comparison with the displayed questionnaire page. Approved by mathzero in the checksum-fixed synthetic-routing-react2-v1 review.","existing_question_gate_missing_codes_rejected"
"route_9ed14c9ddbc6b45ce8a14b57","react2.s5.r06.individual","gate","ISOLLEAVEREASON_1 … ISOLLEAVEREASON_15 (18 fields) is asked when ISOLLEAVE matches the stated condition","any","database_missing","","approved","mathzero","2026-08-17","PDF page 22: ASK IF ISOLLEAVE = 1 ","Machine-extracted in the group-aware second pass. The displayed evidence may contain additional administrative or eligibility conditions that require human interpretation. Approved by mathzero in the checksum-fixed synthetic-routing-react2-v1 review.","existing_question_gate_missing_codes_rejected"
"route_a06f4999ac3d348467c3c1fa","react2.s5.r06.individual","gate","LONGINTERMIT is asked when LONGCOVIDDESC matches the stated condition","any","database_missing","","approved","mathzero","2026-08-17","PDF page 9: ASK IF LONGCOVIDDESC = 1 OR 2","Machine-extracted candidate; requires direct human comparison with the displayed questionnaire page. Approved by mathzero in the checksum-fixed synthetic-routing-react2-v1 review.","existing_question_gate_missing_codes_rejected"
"route_a0fd66d55fe61480d9b3d1ec","react2.s5.r06.individual","gate","PCRPREV3 is asked when PCRPREV1 matches the stated condition","any","database_missing","","approved","mathzero","2026-08-17","PDF page 11: IF PCRPREV1 = 1 or 2","Machine-extracted candidate; requires direct human comparison with the displayed questionnaire page. Approved by mathzero in the checksum-fixed synthetic-routing-react2-v1 review.","existing_question_gate_missing_codes_rejected"
"route_a1c319cba0b4db3e905c6a17","react2.s5.r06.individual","gate","COVIDC is asked when COVIDA matches the stated condition","any","database_missing","","approved","mathzero","2026-08-17","PDF page 5: IF COVIDA = 1, 2 OR 3","Machine-extracted candidate; requires direct human comparison with the displayed questionnaire page. Approved by mathzero in the checksum-fixed synthetic-routing-react2-v1 review.","existing_question_gate_missing_codes_rejected"
"route_a479d344a4f12baf9ec6168a","react2.s5.r06.individual","gate","LASTABROAD is asked when NUMVISIT matches the stated condition","any","database_missing","","approved","mathzero","2026-08-17","PDF page 42: IF NUMVISIT =3+","Machine-extracted candidate; requires direct human comparison with the displayed questionnaire page. Approved by mathzero in the checksum-fixed synthetic-routing-react2-v1 review.","existing_question_gate_missing_codes_rejected"
"route_a496e0e6a5b71106f4adddb3","react2.s5.r06.individual","gate","CONTACT5 is asked when CONTACT1, LEAVE2_1 matches the stated condition","any","database_missing","","approved","mathzero","2026-08-17","PDF page 26: IF CONTACT1 = 1+ AND LEAVE2 =1 ","Machine-extracted in the group-aware second pass. The displayed evidence may contain additional administrative or eligibility conditions that require human interpretation. Approved by mathzero in the checksum-fixed synthetic-routing-react2-v1 review.","existing_question_gate_missing_codes_rejected"
"route_a6f3a49a1485d42205bdb796","react2.s5.r06.individual","gate","SYMPTWHEN_01 … SYMPTWHEN_08 (20 fields) is asked when SYMPTANY_01 … SYMPTANY_27 (33 fields) matches the stated condition","any","database_missing","","approved","mathzero","2026-08-17","PDF page 15: IF SYMPTANY = ANY OF 1-31 ","Machine-extracted in the group-aware second pass. The displayed evidence may contain additional administrative or eligibility conditions that require human interpretation. Approved by mathzero in the checksum-fixed synthetic-routing-react2-v1 review.","existing_question_gate_missing_codes_rejected"
"route_a9ad4ffc5c74fd288d90bbc4","react2.s5.r06.individual","gate","WORKHOMEPOSS is asked when WORKHOME matches the stated condition","any","database_missing","","approved","mathzero","2026-08-17","PDF page 37: IF WORKHOME =2","Machine-extracted candidate; requires direct human comparison with the displayed questionnaire page. Approved by mathzero in the checksum-fixed synthetic-routing-react2-v1 review.","existing_question_gate_missing_codes_rejected"
"route_b3edeab048c04d78a9713591","react2.s5.r06.individual","gate","ISOLRECENT is asked when SELFISO2_1 … SELFISO2_6 (6 fields) matches the stated condition","any","database_missing","","approved","mathzero","2026-08-17","PDF page 22: ASK IF SELFISO2 =1 TO 6 ","Machine-extracted in the group-aware second pass. The displayed evidence may contain additional administrative or eligibility conditions that require human interpretation. Approved by mathzero in the checksum-fixed synthetic-routing-react2-v1 review.","existing_question_gate_missing_codes_rejected"
"route_b6294823a6d480f09e1f64ea","react2.s5.r06.individual","gate","LONGCOVID1 is asked when COVIDA matches the stated condition","any","database_missing","","approved","mathzero","2026-08-17","PDF page 7: IF COVIDA = 1, 2 OR 3","Machine-extracted candidate; requires direct human comparison with the displayed questionnaire page. Approved by mathzero in the checksum-fixed synthetic-routing-react2-v1 review.","existing_question_gate_missing_codes_rejected"
"route_bcadc3e12f69932c97c6348a","react2.s5.r06.individual","gate","SELFISO2_1 … SELFISO2_8 (9 fields) is asked when SELFISOEVER matches the stated condition","any","database_missing","","approved","mathzero","2026-08-17","PDF page 21: ASK IF SELFISOEVER =1 ","Machine-extracted in the group-aware second pass. The displayed evidence may contain additional administrative or eligibility conditions that require human interpretation. Approved by mathzero in the checksum-fixed synthetic-routing-react2-v1 review.","existing_question_gate_missing_codes_rejected"
"route_c69b4a7a1d06db576327166c","react2.s5.r06.individual","gate","SHIELDVULN is asked when SHIELD1 matches the stated condition","any","database_missing","","approved","mathzero","2026-08-17","PDF page 17: IF SHIELD1 = YES ","Machine-extracted in the group-aware second pass. The displayed evidence may contain additional administrative or eligibility conditions that require human interpretation. Approved by mathzero in the checksum-fixed synthetic-routing-react2-v1 review.","existing_question_gate_missing_codes_rejected"
"route_c6d70aa55b3f8c18ad8016f3","react2.s5.r06.individual","gate","COVIDSTA is asked when COVIDC matches the stated condition","any","database_missing","","approved","mathzero","2026-08-17","PDF page 6: IF ANSWER TO COVIDC NOT 1","Machine-extracted candidate; requires direct human comparison with the displayed questionnaire page. Approved by mathzero in the checksum-fixed synthetic-routing-react2-v1 review.","existing_question_gate_missing_codes_rejected"
"route_c87e57a9959b85feb25dceea","react2.s5.r06.individual","gate","ABPREV5 is asked when ABPREV4 matches the stated condition","any","database_missing","","approved","mathzero","2026-08-17","PDF page 13: IF ABPREV4=1","Machine-extracted candidate; requires direct human comparison with the displayed questionnaire page. Approved by mathzero in the checksum-fixed synthetic-routing-react2-v1 review.","existing_question_gate_missing_codes_rejected"
"route_c8c101488c53effe3120c48b","react2.s5.r06.individual","gate","PCRPREV4 is asked when PCRPREV1, PCRPREV3 matches the stated condition","any","database_missing","","approved","mathzero","2026-08-17","PDF page 12: IF PCRPREV1= 2 AND PCPREV3 = 2, 3 or 4 ","Machine-extracted in the group-aware second pass. The displayed evidence may contain additional administrative or eligibility conditions that require human interpretation. Approved by mathzero in the checksum-fixed synthetic-routing-react2-v1 review.","existing_question_gate_missing_codes_rejected"
"route_cc9a9f534d528df05fe4494d","react2.s5.r06.individual","gate","WORKTYP1_1 … WORKTYP1_7 (7 fields) is asked when EMPL matches the stated condition","any","database_missing","","approved","mathzero","2026-08-17","PDF page 35: IF EMPL = 1, 2 or 3 ","Machine-extracted in the group-aware second pass. The displayed evidence may contain additional administrative or eligibility conditions that require human interpretation. Approved by mathzero in the checksum-fixed synthetic-routing-react2-v1 review.","existing_question_gate_missing_codes_rejected"
"route_ce5662e786a9a9a35ff4e27a","react2.s5.r06.individual","gate","COVIDSYM_01 … COVIDSYM_27 (33 fields) is asked when COVIDC matches the stated condition","any","database_missing","","approved","mathzero","2026-08-17","PDF page 6: IF ANSWER TO COVIDC NOT 1 ","Machine-extracted in the group-aware second pass. The displayed evidence may contain additional administrative or eligibility conditions that require human interpretation. Approved by mathzero in the checksum-fixed synthetic-routing-react2-v1 review.","existing_question_gate_missing_codes_rejected"
"route_d459bf98e34143a271be25c3","react2.s5.r06.individual","gate","VACCRUFUSE1_1 … VACCRUFUSE1_20 (24 fields) is asked when VACCINEACCEPT matches the stated condition","any","database_missing","","approved","mathzero","2026-08-17","PDF page 32: IF VACCINEACCEPT=2 or 3 ","Machine-extracted in the group-aware second pass. The displayed evidence may contain additional administrative or eligibility conditions that require human interpretation. Approved by mathzero in the checksum-fixed synthetic-routing-react2-v1 review.","existing_question_gate_missing_codes_rejected"
"route_d962cb1055a7805040a07915","react2.s5.r06.individual","gate","VACCINEFIRSTSYM is asked when VACCINE3SYM matches the stated condition","any","database_missing","","approved","mathzero","2026-08-17","PDF page 30: IF VACCINE3SYM =1","Machine-extracted candidate; requires direct human comparison with the displayed questionnaire page. Approved by mathzero in the checksum-fixed synthetic-routing-react2-v1 review.","existing_question_gate_missing_codes_rejected"
"route_da265b5039d662bad959b903","react2.s5.r06.individual","gate","ABPREV3 is asked when ABPREV1 matches the stated condition","any","database_missing","","approved","mathzero","2026-08-17","PDF page 13: IF ABPREV1 = 1 or 2","Machine-extracted candidate; requires direct human comparison with the displayed questionnaire page. Approved by mathzero in the checksum-fixed synthetic-routing-react2-v1 review.","existing_question_gate_missing_codes_rejected"
"route_dc25aaba4a6098f7a88caa25","react2.s5.r06.individual","gate","TRANSP_1 … TRANSP_13_OTHER (14 fields) is asked when LEAVE1 matches the stated condition","any","database_missing","","approved","mathzero","2026-08-17","PDF page 19: IF LEAVE1 = 1 ","Machine-extracted in the group-aware second pass. The displayed evidence may contain additional administrative or eligibility conditions that require human interpretation. Approved by mathzero in the checksum-fixed synthetic-routing-react2-v1 review.","existing_question_gate_missing_codes_rejected"
"route_dc3100e32acc2234cb0758d6","react2.s5.r06.individual","gate","VACCRUFUSE2_1 … VACCRUFUSE2_20 (24 fields) is asked when VACCINEAPP2 matches the stated condition","any","database_missing","","approved","mathzero","2026-08-17","PDF page 33: IF VACCINEAPP2=2 ","Machine-extracted in the group-aware second pass. The displayed evidence may contain additional administrative or eligibility conditions that require human interpretation. Approved by mathzero in the checksum-fixed synthetic-routing-react2-v1 review.","existing_question_gate_missing_codes_rejected"
"route_dd722b0feadfebe3e196c2f7","react2.s5.r06.individual","gate","NUMVISIT is asked when ABROAD matches the stated condition","any","database_missing","","approved","mathzero","2026-08-17","PDF page 41: IF ABROAD = 1","Machine-extracted candidate; requires direct human comparison with the displayed questionnaire page. Approved by mathzero in the checksum-fixed synthetic-routing-react2-v1 review.","existing_question_gate_missing_codes_rejected"
"route_de753a0037e53c5ad470185e","react2.s5.r06.individual","gate","COVIDEND_DATE, COVIDEND_STILL_SYMPTOMS is asked when COVIDC matches the stated condition","any","database_missing","","approved","mathzero","2026-08-17","PDF page 6: IF ANSWER TO COVIDC NOT 1 ","Machine-extracted in the group-aware second pass. The displayed evidence may contain additional administrative or eligibility conditions that require human interpretation. Approved by mathzero in the checksum-fixed synthetic-routing-react2-v1 review.","existing_question_gate_missing_codes_rejected"
"route_e98f506933b8f6026b3896b3","react2.s5.r06.individual","gate","COVIDWORK_1 … COVIDWORK_10 (11 fields) is asked when ISOLLEAVEREASON_1 matches the stated condition","any","database_missing","","approved","mathzero","2026-08-17","PDF page 23: ASK IF ISOLLEAVEREASON=1 ","Machine-extracted in the group-aware second pass. The displayed evidence may contain additional administrative or eligibility conditions that require human interpretation. Approved by mathzero in the checksum-fixed synthetic-routing-react2-v1 review.","existing_question_gate_missing_codes_rejected"
"route_ed5ce0f14ffe281ccae60c39","react2.s5.r06.individual","gate","NEWRESULT is asked when ABATTEMPT, ABCOMP matches the stated condition","any","database_missing","","approved","mathzero","2026-08-17","PDF page 28: IF ABATTEMPT = 1 & ABCOMP <3 ","Machine-extracted in the group-aware second pass. The displayed evidence may contain additional administrative or eligibility conditions that require human interpretation. Approved by mathzero in the checksum-fixed synthetic-routing-react2-v1 review.","existing_question_gate_missing_codes_rejected"
"route_ef5c6d91cd41d740348bc68e","react2.s5.r06.individual","gate","ABHELP is asked when ABATTEMPT, ABCOMP matches the stated condition","any","database_missing","","approved","mathzero","2026-08-17","PDF page 28: IF ABATTEMPT = 1 & ABCOMP <3 ","Machine-extracted in the group-aware second pass. The displayed evidence may contain additional administrative or eligibility conditions that require human interpretation. Approved by mathzero in the checksum-fixed synthetic-routing-react2-v1 review.","existing_question_gate_missing_codes_rejected"
"route_f2a857cf92c80bd5cf75a883","react2.s5.r06.individual","gate","ABDATE is asked when ABATTEMPT matches the stated condition","any","database_missing","","approved","mathzero","2026-08-17","PDF page 27: ASK IF ABATTEMPT = 1","Machine-extracted candidate; requires direct human comparison with the displayed questionnaire page. Approved by mathzero in the checksum-fixed synthetic-routing-react2-v1 review.","existing_question_gate_missing_codes_rejected"
"route_f362b40e0eb4fe4b28fd6280","react2.s5.r06.individual","gate","VACCINEAPP1 is asked when VACCINE3SYM matches the stated condition","any","database_missing","","approved","mathzero","2026-08-17","PDF page 31: IF VACCINE3SYM = 2 or 3","Machine-extracted candidate; requires direct human comparison with the displayed questionnaire page. Approved by mathzero in the checksum-fixed synthetic-routing-react2-v1 review.","existing_question_gate_missing_codes_rejected"
"route_f5957c1ad9ec0071f0480cf5","react2.s5.r06.individual","gate","VACCINEREG is asked when VACCINE3SYM matches the stated condition","any","database_missing","","approved","mathzero","2026-08-17","PDF page 30: IF VACCINE3SYM=1","Machine-extracted candidate; requires direct human comparison with the displayed questionnaire page. Approved by mathzero in the checksum-fixed synthetic-routing-react2-v1 review.","existing_question_gate_missing_codes_rejected"
"route_fddbf668da5940912ea280ff","react2.s5.r06.individual","gate","EDTYPE is asked when EMPL matches the stated condition","any","database_missing","","approved","mathzero","2026-08-17","PDF page 37: IF EMPL = 7","Machine-extracted candidate; requires direct human comparison with the displayed questionnaire page. Approved by mathzero in the checksum-fixed synthetic-routing-react2-v1 review.","existing_question_gate_missing_codes_rejected"
"route_fea53ae2cef0a4e3404c479f","react2.s5.r06.individual","gate","CONTACT6BUB_1 … CONTACT6BUB_4 (4 fields) is asked when BUBBLE2, CONTACTBUB matches the stated condition","any","database_missing","","approved","mathzero","2026-08-17","PDF page 25: ASK IF BUBBLE2 =1 AND CONTACTBUB = 1+ ","Machine-extracted in the group-aware second pass. The displayed evidence may contain additional administrative or eligibility conditions that require human interpretation. Approved by mathzero in the checksum-fixed synthetic-routing-react2-v1 review.","existing_question_gate_missing_codes_rejected"
"route_ff24eb9fecddbb7aba9b7959","react2.s5.r06.individual","gate","LONGCOVID2_1 … LONGCOVID2_12 (12 fields) is asked when LONGCOVID1 matches the stated condition","any","database_missing","","approved","mathzero","2026-08-17","PDF page 8: IF LONGCOVID1=1 OR 2 ","Machine-extracted in the group-aware second pass. The displayed evidence may contain additional administrative or eligibility conditions that require human interpretation. Approved by mathzero in the checksum-fixed synthetic-routing-react2-v1 review.","existing_question_gate_missing_codes_rejected"
"route_ff3fa9a943514ca679cbfe9f","react2.s5.r06.individual","gate","SICKPAY1 is asked when WORKHOMEPOSS matches the stated condition","any","database_missing","","approved","mathzero","2026-08-17","PDF page 38: IF WORKHOMEPOSS =1","Machine-extracted candidate; requires direct human comparison with the displayed questionnaire page. Approved by mathzero in the checksum-fixed synthetic-routing-react2-v1 review.","existing_question_gate_missing_codes_rejected"
"route_ff721fea48265ade832fb868","react2.s5.r06.individual","gate","SYMPTANY_01 … SYMPTANY_27 (33 fields) is asked when COVIDA matches the stated condition","any","database_missing","","approved","mathzero","2026-08-17","PDF page 14: IF COVIDA = 4 ","Machine-extracted in the group-aware second pass. The displayed evidence may contain additional administrative or eligibility conditions that require human interpretation. Approved by mathzero in the checksum-fixed synthetic-routing-react2-v1 review.","existing_question_gate_missing_codes_rejected"
"route_ff8db7f6a988a7605e5c96c4","react2.s5.r06.individual","gate","SICKPAY3 is asked when EMPL matches the stated condition","any","database_missing","","approved","mathzero","2026-08-17","PDF page 39: IF EMPL = 1, 2, 3","Machine-extracted candidate; requires direct human comparison with the displayed questionnaire page. Approved by mathzero in the checksum-fixed synthetic-routing-react2-v1 review.","existing_question_gate_missing_codes_rejected"
"route_fff29424cf4a9e59205f2135","react2.s5.r06.individual","gate","QISOLLEAVE is asked when QUARANTINE1 matches the stated condition","any","database_missing","","approved","mathzero","2026-08-17","PDF page 43: ASK IF QUARANTINE1=1","Machine-extracted candidate; requires direct human comparison with the displayed questionnaire page. Approved by mathzero in the checksum-fixed synthetic-routing-react2-v1 review.","existing_question_gate_missing_codes_rejected"
"route_ba94fb424628c924c685ef7f","react2.s5.r06.registration","gate","ADULTAGE_1 … ADULTAGE_NA (11 fields) is asked when NADULTS matches the stated condition","any","database_missing","","approved","mathzero","2026-08-17","PDF page 5: IF NADULTS = 2+  ","Machine-extracted in the group-aware second pass. The displayed evidence may contain additional administrative or eligibility conditions that require human interpretation. Approved by mathzero in the checksum-fixed synthetic-routing-react2-v1 review.","existing_question_gate_missing_codes_rejected"
