"routing_rule_id","clause_id","condition_order","parent_occurrence_id","operator","comparison_values_json"
"route_0031fa1f09e25f8e660e8ea1","route_0031fa1f09e25f8e660e8ea1.clause.1","1","occ_a7be3fb9f7d8c2338995f076","equals","[1]"
"route_0050dcd2abe38479d19a5f23","route_0050dcd2abe38479d19a5f23.clause.1","1","occ_160e83b871797419ee08dfb9","in","[1,2]"
"route_005978f872a8ef0935a53311","route_005978f872a8ef0935a53311.clause.1","1","occ_6a559d4570ac15fbc5518dbf","gte","[1]"
"route_009a593f95fb128d49d4ce4d","route_009a593f95fb128d49d4ce4d.clause.1","1","occ_1a82530632bdf38a2e42dd49","in","[2,3]"
"route_0122db49b5dc97f9e5d48861","route_0122db49b5dc97f9e5d48861.clause.1","1","occ_42c9b15845ed369780f789d3","equals","[1]"
"route_015a2c948817416733f1f237","route_015a2c948817416733f1f237.clause.1","1","occ_e30c1529e9b38a6dac93e8cd","in","[2,3]"
"route_017ce0cfecafdb4aa7be61ad","route_017ce0cfecafdb4aa7be61ad.clause.1","1","occ_0b524d9d4c5b94027b1f0f1b","in","[1,2]"
"route_0195a3bbf258b617ea6fc30c","route_0195a3bbf258b617ea6fc30c.clause_1","1","occ_64269741bca876d41b390438","equals","[2]"
"route_01d914fae94fe66463a43649","route_01d914fae94fe66463a43649.clause_1","1","occ_4cf204210f945c4b18925aff","equals","[4]"
"route_01e9a815b1b160717142d5e9","route_01e9a815b1b160717142d5e9.clause.1","1","occ_0e19fc6f4924a83628c7501f","equals","[2]"
"route_01fcf12d2d8a48d6f1bcfdb5","route_01fcf12d2d8a48d6f1bcfdb5.clause.1","1","occ_0d36626a20550bbc9dd8e784","equals","[1]"
"route_021182e4d40469ea1d6d7ea6","route_021182e4d40469ea1d6d7ea6.clause.1","1","occ_3daea3079c28c2ae46a7ccb9","gte","[2]"
"route_0226b1ce274999371e6c0027","route_0226b1ce274999371e6c0027.clause.1","1","occ_bed74736cc68a3acdecce7d2","equals","[1]"
"route_0235e236f2e0a5d1fb3afee3","route_0235e236f2e0a5d1fb3afee3.clause.1","1","occ_941fb498af3d15c85cf85b0b","in","[1,2]"
"route_026f488a05bcc391d914c63b","route_026f488a05bcc391d914c63b.clause.1","1","occ_3c432e2131c128930fc3b769","selected_any","[]"
"route_02829e5157bf8a85e355dadb","route_02829e5157bf8a85e355dadb.clause.1","1","occ_b20687c105b5efdb72800709","equals","[1]"
"route_02829e5157bf8a85e355dadb","route_02829e5157bf8a85e355dadb.clause_1","1","occ_b20687c105b5efdb72800709","equals","[1]"
"route_02cdeaefd4d7ed2fbde6bcfb","route_02cdeaefd4d7ed2fbde6bcfb.clause.1","1","occ_c171b30cc6d09d9ca49de212","selected_any","[]"
"route_0305993f9fa13337505d20d0","route_0305993f9fa13337505d20d0.clause.1","1","occ_f32bd68cd23b0516f3478169","equals","[1]"
"route_032942a9eef9c68f349797eb","route_032942a9eef9c68f349797eb.clause.1","1","occ_60716360410db851b3b88cbe","equals","[1]"
"route_03371118d4c1eec8d35674f4","route_03371118d4c1eec8d35674f4.clause.1","1","occ_c618750d61fdab9a75aaa9cc","in","[1,2]"
"route_0349fb4d5967316465c00387","route_0349fb4d5967316465c00387.clause.1","1","occ_d0519f15408a6a1c56280a01","equals","[2]"
"route_035a8295fb906666e581f2a9","route_035a8295fb906666e581f2a9.clause.1","1","occ_c75cf97872fe58f0792cbcef","in","[1,2]"
"route_035a8295fb906666e581f2a9","route_035a8295fb906666e581f2a9.clause_1","1","occ_c75cf97872fe58f0792cbcef","in","[1,2]"
"route_03645796b3aa4c3b7ffcee79","route_03645796b3aa4c3b7ffcee79.clause.1","1","occ_c618750d61fdab9a75aaa9cc","in","[1,2]"
"route_039fdeee2c7a24bd8cf95049","route_039fdeee2c7a24bd8cf95049.clause.1","1","occ_9fbdc515ce6c2b0f78727d97","in","[2,3]"
"route_03fdb50170312673228089bb","route_03fdb50170312673228089bb.clause.1","1","occ_486f0da202b6dd814b4e7c78","in","[1,2]"
"route_040805905be2b8ce31c3e4de","route_040805905be2b8ce31c3e4de.clause.1","1","occ_f5d7dfb330a0d90379e51fce","in","[2,3]"
"route_042744f29e817c12609c32c1","route_042744f29e817c12609c32c1.clause.1","1","occ_5f06913fafbc1092c53163d3","equals","[1]"
"route_042d336ae43184b398184394","route_042d336ae43184b398184394.clause.1","1","occ_60716360410db851b3b88cbe","in","[1,4]"
"route_046b8d9926a045c7cbe82fbe","route_046b8d9926a045c7cbe82fbe.clause.1","1","occ_e9c18a7ae09108c7329f055c","in","[4,5,6,7]"
"route_04e39b2d83cd2a84fef7184a","route_04e39b2d83cd2a84fef7184a.clause.1","1","occ_c5eedc67605d0d9008185777","equals","[1]"
"route_05038b70fb05b21dd307c074","route_05038b70fb05b21dd307c074.clause_1","1","occ_89c66877994ff5ae40450516","equals","[2]"
"route_05038b70fb05b21dd307c074","route_05038b70fb05b21dd307c074.clause_1","2","occ_0139895543a4cd71bcd94599","in","[2,3,4]"
"route_0514c53ce27697b81957b365","route_0514c53ce27697b81957b365.clause.1","1","occ_6901b64a2c315a1ac5f53660","equals","[1]"
"route_051bf275a6a03696784329c2","route_051bf275a6a03696784329c2.clause.1","1","occ_3d27b824c7b0ab648e58ba83","equals","[1]"
"route_0551ff49111180503423e3a4","route_0551ff49111180503423e3a4.clause.1","1","occ_acc349f2ea3f447b9e90c4a2","equals","[7]"
"route_05535f45eb5dc66b2ae442f3","route_05535f45eb5dc66b2ae442f3.clause.1","1","occ_14ac94a92ac0b85db98bc5a9","selected_any","[]"
"route_05535f45eb5dc66b2ae442f3","route_05535f45eb5dc66b2ae442f3.clause.2","1","occ_f10b5efd53ed93de92a0b9f9","selected_any","[]"
"route_05535f45eb5dc66b2ae442f3","route_05535f45eb5dc66b2ae442f3.clause.3","1","occ_515a4a1b34be21d0dbac044d","selected_any","[]"
"route_05535f45eb5dc66b2ae442f3","route_05535f45eb5dc66b2ae442f3.clause.4","1","occ_01bad21ab9762bf3f72266ef","selected_any","[]"
"route_0586842325c477edea4bd60b","route_0586842325c477edea4bd60b.clause.1","1","occ_5bce55ae5b2d4a474b2c68a5","in","[1,2,3]"
"route_05981830a5971ae5c269715a","route_05981830a5971ae5c269715a.clause.1","1","occ_c0692ea7cac8169d0f19729e","equals","[2]"
"route_059a0006953c932428ce4eec","route_059a0006953c932428ce4eec.clause_1","1","occ_979a4df019950664de893f2f","equals","[2]"
"route_059a0006953c932428ce4eec","route_059a0006953c932428ce4eec.clause_1","2","occ_84e06d66b81919090e47dc75","in","[2,3,4]"
"route_05c863272387dc2e7a570c75","route_05c863272387dc2e7a570c75.clause.1","1","occ_d8d497b8ca7f912d6f6b1588","equals","[1]"
"route_06368e70bd4b4f3d8e501663","route_06368e70bd4b4f3d8e501663.clause.1","1","occ_f4d8b038c1322ecf0e5089a2","in","[1,2]"
"route_06803b596ab9448c244baa59","route_06803b596ab9448c244baa59.clause.1","1","occ_684490fbf27f5f5e7190ae7a","equals","[1]"
"route_06878e3ee64582a86eb2c305","route_06878e3ee64582a86eb2c305.clause.1","1","occ_07ca73c08fec897229b5a5e7","gte","[1]"
"route_06a3333d1e450b98260394d8","route_06a3333d1e450b98260394d8.clause.1","1","occ_957210e00350a4b8697cc072","equals","[1]"
"route_06b84111e4d20ea801856891","route_06b84111e4d20ea801856891.clause.1","1","occ_0b8b41028f652d418a78bd34","selected_any","[]"
"route_06c90882e0d3f756bef816c3","route_06c90882e0d3f756bef816c3.clause.1","1","occ_e30c1529e9b38a6dac93e8cd","equals","[1]"
"route_06d5aecfa85409f4483ce2bb","route_06d5aecfa85409f4483ce2bb.clause.1","1","occ_5304fadb7fa5fe512c7f7ac3","selected_any","[]"
"route_06eaa935047a6cba32dd6fd0","route_06eaa935047a6cba32dd6fd0.clause.1","1","occ_7c6f3583d94f5b84c59ce82f","in","[2,3]"
"route_06f94b2544c6ae5b8a6556f0","route_06f94b2544c6ae5b8a6556f0.clause.1","1","occ_43831e19f7609afeea24f1ea","equals","[1]"
"route_07073ac81a323c5325ee646f","route_07073ac81a323c5325ee646f.clause.1","1","occ_82d0ffd195a8a860f8bdef29","in","[1,2]"
"route_071ecf1fe8e9821b558c3878","route_071ecf1fe8e9821b558c3878.clause.1","1","occ_7c2a028e77fde5b2f756855e","in","[1,2]"
"route_0727b649e4421b7f365b3d08","route_0727b649e4421b7f365b3d08.clause_1","1","occ_83441a47c945ae581ae3bc94","selected_any","[]"
"route_076735fe5ad87440f611ba6a","route_076735fe5ad87440f611ba6a.clause.1","1","occ_841f8c6e833142d4186db06e","selected_any","[]"
"route_07693483cd75b703fcca0c06","route_07693483cd75b703fcca0c06.clause.1","1","occ_bec1b8e0cdd3a1ac8409ec35","gte","[2]"
"route_07a585e4217ebd06615c01bf","route_07a585e4217ebd06615c01bf.clause.1","1","occ_45f5a94868057f73a8ff0d7e","gte","[3]"
"route_07c1a264ad5f1b7d7295792c","route_07c1a264ad5f1b7d7295792c.clause.1","1","occ_92dfd131fbf64af28863dfaa","equals","[1]"
"route_082462fa07e0b9745225301d","route_082462fa07e0b9745225301d.clause.1","1","occ_9c2abfe7bd3bf40a2daec4c2","gte","[3]"
"route_086d0d381070165828fd1e87","route_086d0d381070165828fd1e87.clause.1","1","occ_5184e9a9d1caaee3537348ca","equals","[1]"
"route_086d162f3c2f4a65d96a5c13","route_086d162f3c2f4a65d96a5c13.clause.1","1","occ_a60270c21de800724b0dee00","equals","[1]"
"route_087d2495fe290328d84b72e8","route_087d2495fe290328d84b72e8.clause.1","1","occ_3b079805f1744cf781402e63","equals","[1]"
"route_08ab87215380c4543b7426c6","route_08ab87215380c4543b7426c6.clause.1","1","occ_700a3dd55f662b5f1568717d","equals","[2]"
"route_08ced586c118e2bd93668fd0","route_08ced586c118e2bd93668fd0.clause.1","1","occ_2f7917764515bfe89a851821","equals","[1]"
"route_08e2a58912d6d5f6f4c2aa13","route_08e2a58912d6d5f6f4c2aa13.clause.1","1","occ_9d04681c71769999710bd1a7","equals","[1]"
"route_08fffb52f2d64b516b4b70d7","route_08fffb52f2d64b516b4b70d7.clause.1","1","occ_78c6d25cd2e4b657aaed46f2","in","[1,2]"
"route_092399349f10fbdebf44ef42","route_092399349f10fbdebf44ef42.clause.1","1","occ_d62cfd36668d792b97b5808f","equals","[2]"
"route_092c13e40de9c40bb6da2a33","route_092c13e40de9c40bb6da2a33.clause.1","1","occ_41494c61da55e3eadc04ef23","equals","[2]"
"route_0942bea4bd1c91896e2d54ca","route_0942bea4bd1c91896e2d54ca.clause.1","1","occ_1e0c8d513c62b3c4f0a7690b","equals","[1]"
"route_09498bb402d367f49bbf7e41","route_09498bb402d367f49bbf7e41.clause.1","1","occ_0d15d4a09510b8d871c00de2","selected_any","[]"
"route_095c531684d364f2a495f337","route_095c531684d364f2a495f337.clause.1","1","occ_35c1d068bc46110af560d695","in","[1,2]"
"route_096928705799426005bfad53","route_096928705799426005bfad53.clause.1","1","occ_0987552ebc879f3991fdff0e","equals","[1]"
"route_096deeeb63b8072b769cd2cd","route_096deeeb63b8072b769cd2cd.clause.1","1","occ_42c9b15845ed369780f789d3","equals","[1]"
"route_098137c7f7b83a31f568ca98","route_098137c7f7b83a31f568ca98.clause.1","1","occ_c9607d57235266e9bb5cbcf2","equals","[1]"
"route_09a3b658511bd5e8f2c4e944","route_09a3b658511bd5e8f2c4e944.clause.1","1","occ_985ff3a06611dc627e079d4c","in","[1,2]"
"route_09d4f2927cbe67a4ec5bf8bc","route_09d4f2927cbe67a4ec5bf8bc.clause.1","1","occ_e1ceaca203e7018d83860d45","equals","[1]"
"route_09de0c5bd09af65c053fbf6c","route_09de0c5bd09af65c053fbf6c.clause.1","1","occ_64269741bca876d41b390438","equals","[1]"
"route_09de0c5bd09af65c053fbf6c","route_09de0c5bd09af65c053fbf6c.clause_1","1","occ_64269741bca876d41b390438","equals","[1]"
"route_09f897f683f0edb97df43e4d","route_09f897f683f0edb97df43e4d.clause.1","1","occ_6f9e028b1d71b4ea4df250f1","equals","[1]"
"route_0a2786ef94e18d64d4ed4bea","route_0a2786ef94e18d64d4ed4bea.clause.1","1","occ_486f0da202b6dd814b4e7c78","equals","[2]"
"route_0a38fd48cab2fb797f019c18","route_0a38fd48cab2fb797f019c18.clause.1","1","occ_89af270f4838abd51c712caa","equals","[1]"
"route_0a38fd48cab2fb797f019c18","route_0a38fd48cab2fb797f019c18.clause_1","1","occ_89af270f4838abd51c712caa","equals","[1]"
"route_0a4573a6159426b62a3bdb35","route_0a4573a6159426b62a3bdb35.clause.1","1","occ_94cd1ffd4f2d92404de17ae9","in","[2,3]"
"route_0a528a0f6b7b59106b670b48","route_0a528a0f6b7b59106b670b48.clause.1","1","occ_8ddae7a229919a990094a612","in","[1,2]"
"route_0a7e85d7a1a52c1419856179","route_0a7e85d7a1a52c1419856179.clause.1","1","occ_288b4af70c220a031d0d01d6","equals","[1]"
"route_0a7e85d7a1a52c1419856179","route_0a7e85d7a1a52c1419856179.clause_1","1","occ_288b4af70c220a031d0d01d6","equals","[1]"
"route_0a968f4e1844cb44b7f50015","route_0a968f4e1844cb44b7f50015.clause.1","1","occ_fb55195d8c31fa974aca6bfe","in","[1,2,3]"
"route_0a9b2f11d53ee1060f7c5b80","route_0a9b2f11d53ee1060f7c5b80.clause.1","1","occ_bed74736cc68a3acdecce7d2","in","[2,3]"
"route_0af0106713dfb045df674acb","route_0af0106713dfb045df674acb.clause.1","1","occ_315b51dbe748e36ed35407e0","equals","[1]"
"route_0b28ca04c42950ece82c9db5","route_0b28ca04c42950ece82c9db5.clause.1","1","occ_b0d954cdc21776f7bdb48dc9","selected_any","[]"
"route_0b7d7f25429a1ac83be48a40","route_0b7d7f25429a1ac83be48a40.clause.1","1","occ_4c22d97ec5dd17159395b46a","in","[1,2]"
"route_0b81f7c54ae20f5d793df263","route_0b81f7c54ae20f5d793df263.clause_1","1","occ_9e68145b2bcdbe7c4c35ea47","equals","[2]"
"route_0b81f7c54ae20f5d793df263","route_0b81f7c54ae20f5d793df263.clause_1","2","occ_2d573e59eea2cc9918f0fa39","lt","[55]"
"route_0ba373316a5a9b50ad2a239c","route_0ba373316a5a9b50ad2a239c.clause.1","1","occ_3ed9eb63d6319e69ddd0781e","selected_any","[]"
"route_0bb66ebe21407946d1a9cd15","route_0bb66ebe21407946d1a9cd15.clause.1","1","occ_0b524d9d4c5b94027b1f0f1b","in","[1,2]"
"route_0be8a78d18faf3b5a3910e6c","route_0be8a78d18faf3b5a3910e6c.clause.1","1","occ_cf886583bf491cf0004c6c3c","in","[1,2]"
"route_0c2a16ea1d3f4f10643a5b0e","route_0c2a16ea1d3f4f10643a5b0e.clause.1","1","occ_7a3b74ba921c2d4b516da48e","equals","[1]"
"route_0c39e1f042cc5b9154bd3dd9","route_0c39e1f042cc5b9154bd3dd9.clause.1","1","occ_885d66143f2e0bd614a5a6a5","selected_any","[]"
"route_0c440fa95131c6de527675b9","route_0c440fa95131c6de527675b9.clause.1","1","occ_0d36626a20550bbc9dd8e784","equals","[1]"
"route_0c4765c16b8ac44aaa08b86f","route_0c4765c16b8ac44aaa08b86f.clause.1","1","occ_99e2f0aa79cae0be050e2917","in","[1,2]"
"route_0c4b220167054cd123774a16","route_0c4b220167054cd123774a16.clause.1","1","occ_5bce55ae5b2d4a474b2c68a5","in","[1,2,3]"
"route_0c5672a5a47cc4b344784550","route_0c5672a5a47cc4b344784550.clause.1","1","occ_a2dcef9563e86a7d16b76283","equals","[7]"
"route_0c5672a5a47cc4b344784550","route_0c5672a5a47cc4b344784550.clause_1","1","occ_a2dcef9563e86a7d16b76283","equals","[7]"
"route_0c713e7dcc3c7f92a3a36631","route_0c713e7dcc3c7f92a3a36631.clause.1","1","occ_a04aa4b89790fab6c04eebf4","equals","[1]"
"route_0cc17e1a07b25685174a39b7","route_0cc17e1a07b25685174a39b7.clause.1","1","occ_a07cd639c22d376306667ffe","equals","[1]"
"route_0ce59ea493bfaa4683055f98","route_0ce59ea493bfaa4683055f98.clause.1","1","occ_fcab900d3bc22322a9b63a25","equals","[1]"
"route_0d19eb2f127c050e155d1d71","route_0d19eb2f127c050e155d1d71.clause_1","1","occ_79ff4c8d2d0fab05359dd297","equals","[2]"
"route_0d46217ef1724ec2286b19d3","route_0d46217ef1724ec2286b19d3.clause.1","1","occ_74adab44e9c5391532d8fb0e","equals","[1]"
"route_0d8798868f2765e2f56188a9","route_0d8798868f2765e2f56188a9.clause.1","1","occ_38d56885937bc963624cdc73","equals","[1]"
"route_0d91abd5c8c9335d03c868d1","route_0d91abd5c8c9335d03c868d1.clause.1","1","occ_ec83a180d0e2e2eb0e710f27","equals","[1]"
"route_0dd9ffad113db9d61f8d5b52","route_0dd9ffad113db9d61f8d5b52.clause.1","1","occ_f6f7fbc34aa7dfcc3bfad432","equals","[1]"
"route_0e2e1e195e15a71e2ef0dce8","route_0e2e1e195e15a71e2ef0dce8.clause.1","1","occ_4509610b0151c61f2f45d777","in","[2,3]"
"route_0e3392e7538ba046493aae21","route_0e3392e7538ba046493aae21.clause.1","1","occ_74f627d71c124a1dba3b1aa9","gte","[1]"
"route_0e380db6f125382c45679a26","route_0e380db6f125382c45679a26.clause.1","1","occ_8e9680612b301b1ad3ec917e","equals","[1]"
"route_0e4acab81c90a80f99b633ba","route_0e4acab81c90a80f99b633ba.clause.1","1","occ_d1a12cc831cf42a0b5caa6f8","equals","[1]"
"route_0e73d4ad2371613696907d4c","route_0e73d4ad2371613696907d4c.clause.1","1","occ_66d32a28db1a5d75cb603f16","in","[1,2]"
"route_0e84895f26c884895ebb4d34","route_0e84895f26c884895ebb4d34.clause.1","1","occ_a124cd5f81fe06ee38d53a32","gte","[2]"
"route_0e8513bb9fa6f881e778baea","route_0e8513bb9fa6f881e778baea.clause.1","1","occ_0a3f7d8fa282d45524359d75","gte","[1]"
"route_0ea2ca85f863c529b44b4103","route_0ea2ca85f863c529b44b4103.clause.1","1","occ_09453e28c90b8f45c50d5da9","in","[1,4]"
"route_0ed68e6f6705b14ed4967287","route_0ed68e6f6705b14ed4967287.clause.1","1","occ_2ffc576dae5bda5e9541027a","equals","[2]"
"route_0f10340597f9fb3b7e76d8f1","route_0f10340597f9fb3b7e76d8f1.clause.1","1","occ_a2d2e329a91ae98851726cba","equals","[1]"
"route_0f1d256c599288a5a8e94e81","route_0f1d256c599288a5a8e94e81.clause.1","1","occ_6ed7c7bfcbaf6999b91e233a","selected_any","[]"
"route_0f48433aebf1074d4693f12c","route_0f48433aebf1074d4693f12c.clause.1","1","occ_ce7ccc44c3d97f59df379060","equals","[1]"
"route_0f4f46b1982a4ec58f33b696","route_0f4f46b1982a4ec58f33b696.clause.1","1","occ_9126b7178465ed7bd1b865f9","equals","[4]"
"route_0f73083fa93ec59be07e1a66","route_0f73083fa93ec59be07e1a66.clause.1","1","occ_12cda237f0680f8ed885537f","equals","[1]"
"route_0f982676b87514f9c151be9c","route_0f982676b87514f9c151be9c.clause.1","1","occ_1f9eb9bc6f611281055fc4d6","in","[1,2,3]"
"route_0f982676b87514f9c151be9c","route_0f982676b87514f9c151be9c.clause_1","1","occ_1f9eb9bc6f611281055fc4d6","in","[1,2,3]"
"route_0fa957f7f5a456dd48ddee68","route_0fa957f7f5a456dd48ddee68.clause.1","1","occ_8d45905bb3750af11f28b206","equals","[1]"
"route_1004ac7010955f19e049a6be","route_1004ac7010955f19e049a6be.clause.1","1","occ_4af8801df4daea2875b305a4","selected_any","[]"
"route_100650c5ff2c8dac80451495","route_100650c5ff2c8dac80451495.clause.1","1","occ_315b51dbe748e36ed35407e0","equals","[1]"
"route_101f59549f235ee0223b6d0d","route_101f59549f235ee0223b6d0d.clause.1","1","occ_2a2c8380c24d5e0d2eaa24c3","in","[1,2,3]"
"route_10272bff8924e1393eb92269","route_10272bff8924e1393eb92269.clause.1","1","occ_c4eeff52e146ce6c775e09cf","gte","[3]"
"route_10302bda3b070fa45c5b274b","route_10302bda3b070fa45c5b274b.clause.1","1","occ_a4bbe914107148603416964d","selected_any","[]"
"route_103cf6a3e611f895e4707c22","route_103cf6a3e611f895e4707c22.clause.1","1","occ_ddc2161bdcd188ddacdc7012","equals","[1]"
"route_104ddcad8ea8a1fe5bb362a9","route_104ddcad8ea8a1fe5bb362a9.clause.1","1","occ_ad1644da8525eab46fb02864","equals","[2]"
"route_105a8135cf749ee49802bb0c","route_105a8135cf749ee49802bb0c.clause_1","1","occ_5b8ffb79ad8ad1c60a0c015e","equals","[2]"
"route_10624dc08fb5ff2f08c41aed","route_10624dc08fb5ff2f08c41aed.clause.1","1","occ_8da9054ab235c637518f3288","in","[4,5,6,7]"
"route_10bbf7815356161fc2a2e2ee","route_10bbf7815356161fc2a2e2ee.clause.1","1","occ_e74a87a8054977e4e70d1349","in","[2,3]"
"route_10bbf7815356161fc2a2e2ee","route_10bbf7815356161fc2a2e2ee.clause_1","1","occ_e74a87a8054977e4e70d1349","in","[2,3]"
"route_10c6d9d85cd8fad3dc9dec65","route_10c6d9d85cd8fad3dc9dec65.clause.1","1","occ_b464e5f68dd311c6a5028b1d","equals","[1]"
"route_112e4ab56a452c36da198d4b","route_112e4ab56a452c36da198d4b.clause.1","1","occ_1e5aa0887c4dffd865b07bc6","in","[1,3]"
"route_117fdd6f0ed7929d82fbbeb1","route_117fdd6f0ed7929d82fbbeb1.clause.1","1","occ_1e5aa0887c4dffd865b07bc6","in","[1,2,3]"
"route_1218a473b1ba486205f0fa11","route_1218a473b1ba486205f0fa11.clause.1","1","occ_eca3486e6111e6d13d68a90e","selected_any","[]"
"route_1218c39869af6578f9317443","route_1218c39869af6578f9317443.clause.1","1","occ_da99f1651869478352f96004","equals","[1]"
"route_121af2dc830aa399bc3690fc","route_121af2dc830aa399bc3690fc.clause.1","1","occ_94d35e7fe9252cfd003119e4","equals","[1]"
"route_122e177a0b5e6984196cf337","route_122e177a0b5e6984196cf337.clause.1","1","occ_65f0089ab25cf91889f38060","selected_any","[]"
"route_12a6a4e1d52d9560388f80ec","route_12a6a4e1d52d9560388f80ec.clause.1","1","occ_5c8f843a65bb0b41fb23bd6d","equals","[1]"
"route_12b4acd6b7c45c44a1f7f2ec","route_12b4acd6b7c45c44a1f7f2ec.clause.1","1","occ_55030598d70a2a84043e5bd9","selected_any","[]"
"route_12bc7e359a82b6d38ff9418d","route_12bc7e359a82b6d38ff9418d.clause.1","1","occ_794afd50650737a58728b7ac","equals","[1]"
"route_12bd7a409525f840b4ce38a7","route_12bd7a409525f840b4ce38a7.clause.1","1","occ_06ac7ace0e9814a5b36f4de1","in","[1,2]"
"route_12eb6ffa6b0655a5e581718d","route_12eb6ffa6b0655a5e581718d.clause.1","1","occ_21b88fb8c6aa931751d9aeb2","equals","[1]"
"route_134e31bb93258ec2f9f5e8a4","route_134e31bb93258ec2f9f5e8a4.clause.1","1","occ_a90e1e73d6329a13ef21a8ba","gte","[1]"
"route_1386472a3a581ac0f8a22abb","route_1386472a3a581ac0f8a22abb.clause.1","1","occ_e165a5fbbf0f017e28313798","gte","[1]"
"route_13ab1191d13f185d1c9b517f","route_13ab1191d13f185d1c9b517f.clause.1","1","occ_0968de1052e7188c801cfbb1","equals","[2]"
"route_13ab1191d13f185d1c9b517f","route_13ab1191d13f185d1c9b517f.clause_1","1","occ_0968de1052e7188c801cfbb1","equals","[2]"
"route_13b554c8a2ac4fad8fb7dae9","route_13b554c8a2ac4fad8fb7dae9.clause.1","1","occ_ed1de70166ff775495ed87a3","selected_any","[]"
"route_13b554c8a2ac4fad8fb7dae9","route_13b554c8a2ac4fad8fb7dae9.clause.10","1","occ_cfd3f52432aa076c9c7f9d0e","selected_any","[]"
"route_13b554c8a2ac4fad8fb7dae9","route_13b554c8a2ac4fad8fb7dae9.clause.11","1","occ_8d8076d53ef27dc27cc6dd21","selected_any","[]"
"route_13b554c8a2ac4fad8fb7dae9","route_13b554c8a2ac4fad8fb7dae9.clause.12","1","occ_ba6ff0dcbdae4f96810c6b9c","selected_any","[]"
"route_13b554c8a2ac4fad8fb7dae9","route_13b554c8a2ac4fad8fb7dae9.clause.13","1","occ_87c5b00f02c56cc6712a1549","selected_any","[]"
"route_13b554c8a2ac4fad8fb7dae9","route_13b554c8a2ac4fad8fb7dae9.clause.14","1","occ_87dd0607ec305b5bfc1b1efd","selected_any","[]"
"route_13b554c8a2ac4fad8fb7dae9","route_13b554c8a2ac4fad8fb7dae9.clause.15","1","occ_e625c30604a945ab560e221b","selected_any","[]"
"route_13b554c8a2ac4fad8fb7dae9","route_13b554c8a2ac4fad8fb7dae9.clause.16","1","occ_92799bd3120bd81ecbad4063","selected_any","[]"
"route_13b554c8a2ac4fad8fb7dae9","route_13b554c8a2ac4fad8fb7dae9.clause.17","1","occ_890094c53d131d36f242e035","selected_any","[]"
"route_13b554c8a2ac4fad8fb7dae9","route_13b554c8a2ac4fad8fb7dae9.clause.18","1","occ_6276f2d1d381fb8dfdfd7826","selected_any","[]"
"route_13b554c8a2ac4fad8fb7dae9","route_13b554c8a2ac4fad8fb7dae9.clause.19","1","occ_6291527c1c7c60526ade582e","selected_any","[]"
"route_13b554c8a2ac4fad8fb7dae9","route_13b554c8a2ac4fad8fb7dae9.clause.2","1","occ_5815c7e4bfd16e99ae79a374","selected_any","[]"
"route_13b554c8a2ac4fad8fb7dae9","route_13b554c8a2ac4fad8fb7dae9.clause.20","1","occ_cc2719179aadc2fa154a8484","selected_any","[]"
"route_13b554c8a2ac4fad8fb7dae9","route_13b554c8a2ac4fad8fb7dae9.clause.21","1","occ_5629d3b17726be8f8374f050","selected_any","[]"
"route_13b554c8a2ac4fad8fb7dae9","route_13b554c8a2ac4fad8fb7dae9.clause.22","1","occ_70afbf712ea570bd3e48a4af","selected_any","[]"
"route_13b554c8a2ac4fad8fb7dae9","route_13b554c8a2ac4fad8fb7dae9.clause.23","1","occ_d9136fbd9f97926d567403ce","selected_any","[]"
"route_13b554c8a2ac4fad8fb7dae9","route_13b554c8a2ac4fad8fb7dae9.clause.24","1","occ_2ab59618ed880a6b30cbb95f","selected_any","[]"
"route_13b554c8a2ac4fad8fb7dae9","route_13b554c8a2ac4fad8fb7dae9.clause.25","1","occ_9167b8c0649907ffc0fc799d","selected_any","[]"
"route_13b554c8a2ac4fad8fb7dae9","route_13b554c8a2ac4fad8fb7dae9.clause.26","1","occ_b7c2f3d548b9b9de8591af2e","selected_any","[]"
"route_13b554c8a2ac4fad8fb7dae9","route_13b554c8a2ac4fad8fb7dae9.clause.27","1","occ_31843f13741e9baa42d5ad2e","selected_any","[]"
"route_13b554c8a2ac4fad8fb7dae9","route_13b554c8a2ac4fad8fb7dae9.clause.3","1","occ_413488f63f21aa51237b9697","selected_any","[]"
"route_13b554c8a2ac4fad8fb7dae9","route_13b554c8a2ac4fad8fb7dae9.clause.4","1","occ_febdbf365544f43b7a5e71b5","selected_any","[]"
"route_13b554c8a2ac4fad8fb7dae9","route_13b554c8a2ac4fad8fb7dae9.clause.5","1","occ_337dc1ba4a89b91d5fbc462b","selected_any","[]"
"route_13b554c8a2ac4fad8fb7dae9","route_13b554c8a2ac4fad8fb7dae9.clause.6","1","occ_802ed0468c472074b88d4525","selected_any","[]"
"route_13b554c8a2ac4fad8fb7dae9","route_13b554c8a2ac4fad8fb7dae9.clause.7","1","occ_fa3a84dc441f94f48daf3a1e","selected_any","[]"
"route_13b554c8a2ac4fad8fb7dae9","route_13b554c8a2ac4fad8fb7dae9.clause.8","1","occ_185603baa36b66f894b72293","selected_any","[]"
"route_13b554c8a2ac4fad8fb7dae9","route_13b554c8a2ac4fad8fb7dae9.clause.9","1","occ_02c4e3055233e060f11169d3","selected_any","[]"
"route_13baf2cafdbf4a9dc8c02721","route_13baf2cafdbf4a9dc8c02721.clause.1","1","occ_8ad3a036a6eab8c3b513c5e1","selected_any","[]"
"route_13baf2cafdbf4a9dc8c02721","route_13baf2cafdbf4a9dc8c02721.clause.10","1","occ_071c519a581e5d0f21911398","selected_any","[]"
"route_13baf2cafdbf4a9dc8c02721","route_13baf2cafdbf4a9dc8c02721.clause.11","1","occ_ea2a602fa2a6db46ebf902e2","selected_any","[]"
"route_13baf2cafdbf4a9dc8c02721","route_13baf2cafdbf4a9dc8c02721.clause.12","1","occ_2ffb4d6f23c21f4d8c3c7586","selected_any","[]"
"route_13baf2cafdbf4a9dc8c02721","route_13baf2cafdbf4a9dc8c02721.clause.13","1","occ_d0efc1a6d7dc3b53b34e48e2","selected_any","[]"
"route_13baf2cafdbf4a9dc8c02721","route_13baf2cafdbf4a9dc8c02721.clause.14","1","occ_dfb88643acbea97c5a5aa817","selected_any","[]"
"route_13baf2cafdbf4a9dc8c02721","route_13baf2cafdbf4a9dc8c02721.clause.15","1","occ_2224b6e9501931baf1e15f3a","selected_any","[]"
"route_13baf2cafdbf4a9dc8c02721","route_13baf2cafdbf4a9dc8c02721.clause.16","1","occ_327a60c69642c500bdf301cf","selected_any","[]"
"route_13baf2cafdbf4a9dc8c02721","route_13baf2cafdbf4a9dc8c02721.clause.17","1","occ_9c1e53b32dffcbdcfd8521a8","selected_any","[]"
"route_13baf2cafdbf4a9dc8c02721","route_13baf2cafdbf4a9dc8c02721.clause.18","1","occ_2735ae48c8c09ff46c19680a","selected_any","[]"
"route_13baf2cafdbf4a9dc8c02721","route_13baf2cafdbf4a9dc8c02721.clause.19","1","occ_86d47f6ea503943b985768ef","selected_any","[]"
"route_13baf2cafdbf4a9dc8c02721","route_13baf2cafdbf4a9dc8c02721.clause.2","1","occ_d3dc68a36c8b400e83763701","selected_any","[]"
"route_13baf2cafdbf4a9dc8c02721","route_13baf2cafdbf4a9dc8c02721.clause.20","1","occ_537431c3e786a89518f863c3","selected_any","[]"
"route_13baf2cafdbf4a9dc8c02721","route_13baf2cafdbf4a9dc8c02721.clause.21","1","occ_82cca29272a5fe565f0498b3","selected_any","[]"
"route_13baf2cafdbf4a9dc8c02721","route_13baf2cafdbf4a9dc8c02721.clause.22","1","occ_dfbd1a930b440227b5733983","selected_any","[]"
"route_13baf2cafdbf4a9dc8c02721","route_13baf2cafdbf4a9dc8c02721.clause.23","1","occ_c9f4a1c6d15d9f60bd56b8d3","selected_any","[]"
"route_13baf2cafdbf4a9dc8c02721","route_13baf2cafdbf4a9dc8c02721.clause.24","1","occ_b88b48d2875e5b2674c1a2f7","selected_any","[]"
"route_13baf2cafdbf4a9dc8c02721","route_13baf2cafdbf4a9dc8c02721.clause.25","1","occ_1131ce1790a2f744135cf58e","selected_any","[]"
"route_13baf2cafdbf4a9dc8c02721","route_13baf2cafdbf4a9dc8c02721.clause.26","1","occ_b9aebdac20781ee080a3294b","selected_any","[]"
"route_13baf2cafdbf4a9dc8c02721","route_13baf2cafdbf4a9dc8c02721.clause.27","1","occ_e49713b9e2b364f0ae0506d4","selected_any","[]"
"route_13baf2cafdbf4a9dc8c02721","route_13baf2cafdbf4a9dc8c02721.clause.28","1","occ_d6278b40eb348fa3651e3af2","selected_any","[]"
"route_13baf2cafdbf4a9dc8c02721","route_13baf2cafdbf4a9dc8c02721.clause.29","1","occ_e220557398ba519d425c7003","selected_any","[]"
"route_13baf2cafdbf4a9dc8c02721","route_13baf2cafdbf4a9dc8c02721.clause.3","1","occ_22ad576c01e2e1a63940a7a1","selected_any","[]"
"route_13baf2cafdbf4a9dc8c02721","route_13baf2cafdbf4a9dc8c02721.clause.30","1","occ_2abb79670254a7f6eb4d1188","selected_any","[]"
"route_13baf2cafdbf4a9dc8c02721","route_13baf2cafdbf4a9dc8c02721.clause.4","1","occ_a9120484582317354c9c0ac3","selected_any","[]"
"route_13baf2cafdbf4a9dc8c02721","route_13baf2cafdbf4a9dc8c02721.clause.5","1","occ_243bd6c5ca7bc03da007e5a8","selected_any","[]"
"route_13baf2cafdbf4a9dc8c02721","route_13baf2cafdbf4a9dc8c02721.clause.6","1","occ_1afb5dbd573cdf29fb303540","selected_any","[]"
"route_13baf2cafdbf4a9dc8c02721","route_13baf2cafdbf4a9dc8c02721.clause.7","1","occ_5d6e70609ed5f2711679dbc7","selected_any","[]"
"route_13baf2cafdbf4a9dc8c02721","route_13baf2cafdbf4a9dc8c02721.clause.8","1","occ_b001bd6b1871a49358351227","selected_any","[]"
"route_13baf2cafdbf4a9dc8c02721","route_13baf2cafdbf4a9dc8c02721.clause.9","1","occ_24a5cd4fb698e7dfd004b3db","selected_any","[]"
"route_13d654fd8c97d9a4d60d7ad2","route_13d654fd8c97d9a4d60d7ad2.clause.1","1","occ_d1a5d0d8431efa8de5de6905","equals","[1]"
"route_13e43d69394576f79a11f791","route_13e43d69394576f79a11f791.clause.1","1","occ_408e58bebb2fab37fb38c25a","selected_any","[]"
"route_13e58e1f72b0cc2e0ce86123","route_13e58e1f72b0cc2e0ce86123.clause.1","1","occ_4cf204210f945c4b18925aff","in","[1,2,3]"
"route_13e58e1f72b0cc2e0ce86123","route_13e58e1f72b0cc2e0ce86123.clause_1","1","occ_4cf204210f945c4b18925aff","in","[1,2,3]"
"route_140b7ebe343bfd3762114b93","route_140b7ebe343bfd3762114b93.clause.1","1","occ_5e5ab034e4e113c481627e58","in","[1,2]"
"route_140b7ebe343bfd3762114b93","route_140b7ebe343bfd3762114b93.clause_1","1","occ_5e5ab034e4e113c481627e58","in","[1,2]"
"route_1441787ef3a0117182d0b262","route_1441787ef3a0117182d0b262.clause_1","1","occ_1a59da947ff25e2d0c2cadfa","selected_any","[]"
"route_1441787ef3a0117182d0b262","route_1441787ef3a0117182d0b262.clause_10","1","occ_f6254a01d7674b6fa320ecc0","selected_any","[]"
"route_1441787ef3a0117182d0b262","route_1441787ef3a0117182d0b262.clause_11","1","occ_6a461e25f6dabf670c252eb5","selected_any","[]"
"route_1441787ef3a0117182d0b262","route_1441787ef3a0117182d0b262.clause_12","1","occ_74f8192774f46d146d4a3145","selected_any","[]"
"route_1441787ef3a0117182d0b262","route_1441787ef3a0117182d0b262.clause_13","1","occ_89ccae1e82446d3a73014592","selected_any","[]"
"route_1441787ef3a0117182d0b262","route_1441787ef3a0117182d0b262.clause_14","1","occ_1ce87884b1ad5c207a6392e7","selected_any","[]"
"route_1441787ef3a0117182d0b262","route_1441787ef3a0117182d0b262.clause_15","1","occ_01cf5764ad5b75359e1a40c1","selected_any","[]"
"route_1441787ef3a0117182d0b262","route_1441787ef3a0117182d0b262.clause_16","1","occ_017310026fff523174d34fc6","selected_any","[]"
"route_1441787ef3a0117182d0b262","route_1441787ef3a0117182d0b262.clause_17","1","occ_01451c80e065389c67750a90","selected_any","[]"
"route_1441787ef3a0117182d0b262","route_1441787ef3a0117182d0b262.clause_18","1","occ_f00b1452c94527d90f6cd3ed","selected_any","[]"
"route_1441787ef3a0117182d0b262","route_1441787ef3a0117182d0b262.clause_19","1","occ_8aeff39bf7cddc657644e5d9","selected_any","[]"
"route_1441787ef3a0117182d0b262","route_1441787ef3a0117182d0b262.clause_2","1","occ_ecdcfcbb08ec8601bed34e5b","selected_any","[]"
"route_1441787ef3a0117182d0b262","route_1441787ef3a0117182d0b262.clause_20","1","occ_39af515e1da7c9578f36519a","selected_any","[]"
"route_1441787ef3a0117182d0b262","route_1441787ef3a0117182d0b262.clause_21","1","occ_8a413a9a115857e7984610fd","selected_any","[]"
"route_1441787ef3a0117182d0b262","route_1441787ef3a0117182d0b262.clause_22","1","occ_ae31a3d3cbb90903770d0b6d","selected_any","[]"
"route_1441787ef3a0117182d0b262","route_1441787ef3a0117182d0b262.clause_23","1","occ_cdd488aa0de54b7a75e6a85a","selected_any","[]"
"route_1441787ef3a0117182d0b262","route_1441787ef3a0117182d0b262.clause_24","1","occ_3e433e771571f0478dda41c7","selected_any","[]"
"route_1441787ef3a0117182d0b262","route_1441787ef3a0117182d0b262.clause_25","1","occ_c18a4eb10d1f34d55d077668","selected_any","[]"
"route_1441787ef3a0117182d0b262","route_1441787ef3a0117182d0b262.clause_26","1","occ_e1d8b77f9bf7f7a19f87eaf1","selected_any","[]"
"route_1441787ef3a0117182d0b262","route_1441787ef3a0117182d0b262.clause_27","1","occ_ca2d8a355ae5918426a0f435","selected_any","[]"
"route_1441787ef3a0117182d0b262","route_1441787ef3a0117182d0b262.clause_3","1","occ_69f6ad854340388264620a28","selected_any","[]"
"route_1441787ef3a0117182d0b262","route_1441787ef3a0117182d0b262.clause_4","1","occ_9e352cc870c25373269255bd","selected_any","[]"
"route_1441787ef3a0117182d0b262","route_1441787ef3a0117182d0b262.clause_5","1","occ_efaf60f29f1969b6e9a571ba","selected_any","[]"
"route_1441787ef3a0117182d0b262","route_1441787ef3a0117182d0b262.clause_6","1","occ_3dab1965a4417243d52acfbb","selected_any","[]"
"route_1441787ef3a0117182d0b262","route_1441787ef3a0117182d0b262.clause_7","1","occ_ea22826b92983dc0b2eedd64","selected_any","[]"
"route_1441787ef3a0117182d0b262","route_1441787ef3a0117182d0b262.clause_8","1","occ_0ca8b739cba153267cf68297","selected_any","[]"
"route_1441787ef3a0117182d0b262","route_1441787ef3a0117182d0b262.clause_9","1","occ_2db51bed979e8b1ae21c42b9","selected_any","[]"
"route_144f593bf222f5018182bc79","route_144f593bf222f5018182bc79.clause.1","1","occ_b0f7b8061b3257b42b7fc7e6","selected_any","[]"
"route_144f593bf222f5018182bc79","route_144f593bf222f5018182bc79.clause.2","1","occ_920a17405ff43d5f1d62688f","selected_any","[]"
"route_144f593bf222f5018182bc79","route_144f593bf222f5018182bc79.clause.3","1","occ_0ebb6f269177f3a09ff6a09d","selected_any","[]"
"route_14535ff93ff197b88b084a22","route_14535ff93ff197b88b084a22.clause.1","1","occ_2a40bd2afeff801146aba52a","selected_any","[]"
"route_14552d4ae77b6dc507d1f266","route_14552d4ae77b6dc507d1f266.clause.1","1","occ_d52bf93b4ff3704a9b752296","in","[1,2]"
"route_14552d4ae77b6dc507d1f266","route_14552d4ae77b6dc507d1f266.clause_1","1","occ_d52bf93b4ff3704a9b752296","in","[1,2]"
"route_147c88267e5cb88d7352b8e8","route_147c88267e5cb88d7352b8e8.clause.1","1","occ_0d15d4a09510b8d871c00de2","selected_any","[]"
"route_14c12ff02b9a533df7d86186","route_14c12ff02b9a533df7d86186.clause.1","1","occ_aa6df6e2946c9c9f7ba3d41e","equals","[1]"
"route_14e21e8f041a58b13afbccf1","route_14e21e8f041a58b13afbccf1.clause.1","1","occ_044a164d4e6913f1b8f7a1bb","selected_any","[]"
"route_14eb1f52fdb5c4bc95b87cee","route_14eb1f52fdb5c4bc95b87cee.clause.1","1","occ_fca5ce8bf9ab809ef9f18d3b","equals","[1]"
"route_15081dbb24a5c21a51f9f896","route_15081dbb24a5c21a51f9f896.clause.1","1","occ_1b44cd800f16de4743f5b74a","equals","[1]"
"route_150e0eec86930acc9767d16b","route_150e0eec86930acc9767d16b.clause.1","1","occ_ea39b53771496177a5b1d154","in","[2,3]"
"route_151ee238c4b439e57a9916da","route_151ee238c4b439e57a9916da.clause.1","1","occ_b1ad8d3230ff09e3fa6b1490","selected_any","[]"
"route_152fd70e5a03ac60ff5aba85","route_152fd70e5a03ac60ff5aba85.clause.1","1","occ_4ce0cb1b455c8e8917431839","in","[1,2]"
"route_1535a6f574ea0cc64df5d931","route_1535a6f574ea0cc64df5d931.clause.1","1","occ_11f567e617ab7a740395d753","equals","[1]"
"route_154419e1ff143f9fec00c560","route_154419e1ff143f9fec00c560.clause.1","1","occ_e244b20fb9d2cae84eb36852","equals","[1]"
"route_1552b1af00d67ece1ab5cbf1","route_1552b1af00d67ece1ab5cbf1.clause.1","1","occ_c9ed8337926a4b07624038ca","selected_any","[]"
"route_1552b1af00d67ece1ab5cbf1","route_1552b1af00d67ece1ab5cbf1.clause.2","1","occ_fbbab295d0aa6505431f0bcc","selected_any","[]"
"route_1552b1af00d67ece1ab5cbf1","route_1552b1af00d67ece1ab5cbf1.clause.3","1","occ_2ff86e6896605d783c8a01ea","selected_any","[]"
"route_15604786f49cb56b173bb88f","route_15604786f49cb56b173bb88f.clause.1","1","occ_469772503d61998387a3ccc2","equals","[2]"
"route_156102632d9da2adb765e0f9","route_156102632d9da2adb765e0f9.clause.1","1","occ_924a288f7ef68fa93cb1e399","equals","[1]"
"route_1567a25b19f7403c75c33f7f","route_1567a25b19f7403c75c33f7f.clause.1","1","occ_ed736a9bf51d71294340edfd","equals","[1]"
"route_157dab8dc2dfc160005ce3c2","route_157dab8dc2dfc160005ce3c2.clause_1","1","occ_8ebf2c8a2eab39e0298ac4fc","gte","[2]"
"route_16056706ec8b48d887ffe2cf","route_16056706ec8b48d887ffe2cf.clause.1","1","occ_99b9b3ece3c965696fce4cfb","in","[2,3]"
"route_16087633d66d9005724e846c","route_16087633d66d9005724e846c.clause_1","1","occ_c75cf97872fe58f0792cbcef","equals","[2]"
"route_16087633d66d9005724e846c","route_16087633d66d9005724e846c.clause_1","2","occ_88603524d198d2a6a90fe212","in","[2,3,4]"
"route_16160b40faba0cde2ff02719","route_16160b40faba0cde2ff02719.clause.1","1","occ_25618c0fb3740cc978a0f81b","in","[1,2]"
"route_16160b40faba0cde2ff02719","route_16160b40faba0cde2ff02719.clause_1","1","occ_25618c0fb3740cc978a0f81b","in","[1,2]"
"route_167b0941a983054edb7515b2","route_167b0941a983054edb7515b2.clause.1","1","occ_09453e28c90b8f45c50d5da9","equals","[1]"
"route_16c98d84fff78b1c28a39ec7","route_16c98d84fff78b1c28a39ec7.clause.1","1","occ_a0891cd73258435d0ab62ae7","in","[1,2,3]"
"route_173656b16de5083d1b8fd9b7","route_173656b16de5083d1b8fd9b7.clause.1","1","occ_d99d8f806cbb29c606b8b37d","in","[2,3]"
"route_174b98f61ddd7b4f33e46dc7","route_174b98f61ddd7b4f33e46dc7.clause.1","1","occ_8c80578c08f353e3a834827d","equals","[1]"
"route_178dabfdccfc74b1ab219b36","route_178dabfdccfc74b1ab219b36.clause_1","1","occ_5eabfcac123d41238ae85064","equals","[1]"
"route_179ae581eb1c9583277de7cb","route_179ae581eb1c9583277de7cb.clause.1","1","occ_9ac50bfb390c5bc8b9ac24c2","gte","[1]"
"route_17bee9f3891dcff32ca96d33","route_17bee9f3891dcff32ca96d33.clause_1","1","occ_e70914022bce9bce48c1eff2","equals","[1]"
"route_17e34f3a5956da63831bf3b8","route_17e34f3a5956da63831bf3b8.clause.1","1","occ_42c9b15845ed369780f789d3","equals","[1]"
"route_17e6f931f298ae9a3ac5e3d7","route_17e6f931f298ae9a3ac5e3d7.clause.1","1","occ_f4b600f5a8806aeb4038872a","equals","[1]"
"route_18082acf7f39d1ec57831702","route_18082acf7f39d1ec57831702.clause.1","1","occ_1f664120ac23b663e022adf4","equals","[1]"
"route_181472ec12fd09bec64012b0","route_181472ec12fd09bec64012b0.clause.1","1","occ_4c22d97ec5dd17159395b46a","in","[1,2]"
"route_184be85d8d398cc4ef7756ca","route_184be85d8d398cc4ef7756ca.clause.1","1","occ_09a4f1894a60358af208ebfb","gte","[1]"
"route_18760f6c40d78134ffb4de41","route_18760f6c40d78134ffb4de41.clause.1","1","occ_b8278591375cec674b1fc454","in","[1,3]"
"route_18a72568539ada55e1414a25","route_18a72568539ada55e1414a25.clause.1","1","occ_35a3a4c812b004bff936eace","equals","[1]"
"route_1904ae9a961eb32eb5497ba4","route_1904ae9a961eb32eb5497ba4.clause.1","1","occ_a069249eea2ff88538e6f3ca","in","[2,3]"
"route_190db170f5faacf88db4285f","route_190db170f5faacf88db4285f.clause.1","1","occ_d12ce45341f4fe1536cae2be","in","[2,3]"
"route_1941ee36d421f5141759ad34","route_1941ee36d421f5141759ad34.clause.1","1","occ_2e8aafa15b30ce909817cfcc","equals","[7]"
"route_195aa456dd14ca0a606fb58a","route_195aa456dd14ca0a606fb58a.clause.1","1","occ_08a78399248a6e474cf8cb8d","equals","[1]"
"route_196b184f9881814effad38b8","route_196b184f9881814effad38b8.clause.1","1","occ_f43c36d98b03ba54a9d7ba46","gte","[1]"
"route_1991fcade364561f9d029233","route_1991fcade364561f9d029233.clause.1","1","occ_c739b2f8402d2db348ee6136","equals","[1]"
"route_199f37fccbfcc62a8de7fa8f","route_199f37fccbfcc62a8de7fa8f.clause.1","1","occ_7323947fb142a666575c1c3c","equals","[2]"
"route_19cadee203f6d1d7f613e520","route_19cadee203f6d1d7f613e520.clause.1","1","occ_01906e63690978918f598522","in","[2,3]"
"route_1a0414430128feebb9ed9faf","route_1a0414430128feebb9ed9faf.clause.1","1","occ_d62cfd36668d792b97b5808f","in","[1,2]"
"route_1a5180bba761ef95a4750310","route_1a5180bba761ef95a4750310.clause.1","1","occ_8ca81b198aadde159961cd70","equals","[1]"
"route_1a5fd543bec27b52785f6059","route_1a5fd543bec27b52785f6059.clause.1","1","occ_11666375b436a4b491243921","selected_any","[]"
"route_1a7b85f083909e8eec4b5a32","route_1a7b85f083909e8eec4b5a32.clause.1","1","occ_866b14809e8e180cc0cc5ee4","gte","[1]"
"route_1ab6e0780fd5192fbff08d04","route_1ab6e0780fd5192fbff08d04.clause.1","1","occ_6ab6a0d443d7d91b7068da3f","equals","[2]"
"route_1ac84d7d868f48e11eda7263","route_1ac84d7d868f48e11eda7263.clause.1","1","occ_fe66f105f778e91d0883c8c4","equals","[1]"
"route_1aed3e877a05772a29360aaf","route_1aed3e877a05772a29360aaf.clause.1","1","occ_5eabfcac123d41238ae85064","equals","[1]"
"route_1aed3e877a05772a29360aaf","route_1aed3e877a05772a29360aaf.clause_1","1","occ_5eabfcac123d41238ae85064","equals","[1]"
"route_1b4b0756318c203aa5b4016d","route_1b4b0756318c203aa5b4016d.clause.1","1","occ_658c9e8613266fbefd3813bd","equals","[2]"
"route_1b69bc5b5767019b15890bd0","route_1b69bc5b5767019b15890bd0.clause.1","1","occ_257ef6af7f81efbc1fcd8d7c","in","[2,3]"
"route_1b6de902805ef1bec84e1566","route_1b6de902805ef1bec84e1566.clause.1","1","occ_6069e350baf5db8db352253d","equals","[1]"
"route_1bd10ebd713e8fd8a703e36e","route_1bd10ebd713e8fd8a703e36e.clause.1","1","occ_9affd28797a06f34210e47e5","gte","[3]"
"route_1bdd34ed89e953d34e5e33f4","route_1bdd34ed89e953d34e5e33f4.clause.1","1","occ_1d2e0ad77ce1ceaea296c7a2","equals","[1]"
"route_1bf548560f112ff08a91c0c3","route_1bf548560f112ff08a91c0c3.clause.1","1","occ_367647c4a107623b79132107","in","[1,2,3]"
"route_1bf7e32d62c8fe83d7cd4d60","route_1bf7e32d62c8fe83d7cd4d60.clause.1","1","occ_d30d16e40a72cfe516a81b5c","in","[4,5,6,7]"
"route_1c07e6c1db58106aa1e0c602","route_1c07e6c1db58106aa1e0c602.clause.1","1","occ_cd6230849d0dc58e3e75208a","selected_any","[]"
"route_1c07e6c1db58106aa1e0c602","route_1c07e6c1db58106aa1e0c602.clause.10","1","occ_47171793b60e617c53a65290","selected_any","[]"
"route_1c07e6c1db58106aa1e0c602","route_1c07e6c1db58106aa1e0c602.clause.11","1","occ_4ef22e925831dbd5dab8301d","selected_any","[]"
"route_1c07e6c1db58106aa1e0c602","route_1c07e6c1db58106aa1e0c602.clause.12","1","occ_084b84ec5ef1a98348423cc3","selected_any","[]"
"route_1c07e6c1db58106aa1e0c602","route_1c07e6c1db58106aa1e0c602.clause.13","1","occ_838281e0f1b760366b1c3da8","selected_any","[]"
"route_1c07e6c1db58106aa1e0c602","route_1c07e6c1db58106aa1e0c602.clause.14","1","occ_e4237038db3e661fb507757f","selected_any","[]"
"route_1c07e6c1db58106aa1e0c602","route_1c07e6c1db58106aa1e0c602.clause.15","1","occ_66ecb9b4cc2189cf166c8564","selected_any","[]"
"route_1c07e6c1db58106aa1e0c602","route_1c07e6c1db58106aa1e0c602.clause.16","1","occ_64faeabb1ceb35d447a40ed6","selected_any","[]"
"route_1c07e6c1db58106aa1e0c602","route_1c07e6c1db58106aa1e0c602.clause.17","1","occ_78d7d51962912c29f28bb9ae","selected_any","[]"
"route_1c07e6c1db58106aa1e0c602","route_1c07e6c1db58106aa1e0c602.clause.18","1","occ_a40623a23d9bc66ebacb6e1d","selected_any","[]"
"route_1c07e6c1db58106aa1e0c602","route_1c07e6c1db58106aa1e0c602.clause.19","1","occ_23b716c8ed024bcd5f66d9de","selected_any","[]"
"route_1c07e6c1db58106aa1e0c602","route_1c07e6c1db58106aa1e0c602.clause.2","1","occ_06798c9901c9423678e4936b","selected_any","[]"
"route_1c07e6c1db58106aa1e0c602","route_1c07e6c1db58106aa1e0c602.clause.20","1","occ_576ed4897e73f4ec37b00c79","selected_any","[]"
"route_1c07e6c1db58106aa1e0c602","route_1c07e6c1db58106aa1e0c602.clause.21","1","occ_d53c58e64574ab393737e520","selected_any","[]"
"route_1c07e6c1db58106aa1e0c602","route_1c07e6c1db58106aa1e0c602.clause.22","1","occ_ab0dd2ef2fbd4231a94c84d4","selected_any","[]"
"route_1c07e6c1db58106aa1e0c602","route_1c07e6c1db58106aa1e0c602.clause.23","1","occ_bc03a9e7504edafb4a3ca12c","selected_any","[]"
"route_1c07e6c1db58106aa1e0c602","route_1c07e6c1db58106aa1e0c602.clause.24","1","occ_b9774dd6423465c5bbf75135","selected_any","[]"
"route_1c07e6c1db58106aa1e0c602","route_1c07e6c1db58106aa1e0c602.clause.25","1","occ_05d728d8cf2f49be6e2978b7","selected_any","[]"
"route_1c07e6c1db58106aa1e0c602","route_1c07e6c1db58106aa1e0c602.clause.26","1","occ_f1493fca69e4b3af7fcc73f0","selected_any","[]"
"route_1c07e6c1db58106aa1e0c602","route_1c07e6c1db58106aa1e0c602.clause.27","1","occ_2c1e2d7b20063623e4e5904f","selected_any","[]"
"route_1c07e6c1db58106aa1e0c602","route_1c07e6c1db58106aa1e0c602.clause.28","1","occ_056a2e80b5b62f581d4849d2","selected_any","[]"
"route_1c07e6c1db58106aa1e0c602","route_1c07e6c1db58106aa1e0c602.clause.29","1","occ_cafb0cadec41cc4fbb91ede8","selected_any","[]"
"route_1c07e6c1db58106aa1e0c602","route_1c07e6c1db58106aa1e0c602.clause.3","1","occ_bb832fefac8694136810ebcd","selected_any","[]"
"route_1c07e6c1db58106aa1e0c602","route_1c07e6c1db58106aa1e0c602.clause.30","1","occ_765bba67f2a502bc2ee88752","selected_any","[]"
"route_1c07e6c1db58106aa1e0c602","route_1c07e6c1db58106aa1e0c602.clause.4","1","occ_5167e9defad37a29b6538566","selected_any","[]"
"route_1c07e6c1db58106aa1e0c602","route_1c07e6c1db58106aa1e0c602.clause.5","1","occ_6c3dce49d4b8824c43ea3761","selected_any","[]"
"route_1c07e6c1db58106aa1e0c602","route_1c07e6c1db58106aa1e0c602.clause.6","1","occ_f9b97529edd950f471b2474a","selected_any","[]"
"route_1c07e6c1db58106aa1e0c602","route_1c07e6c1db58106aa1e0c602.clause.7","1","occ_ac1844b627ab7d43b17f74e1","selected_any","[]"
"route_1c07e6c1db58106aa1e0c602","route_1c07e6c1db58106aa1e0c602.clause.8","1","occ_f7d1368be597351ce46a6772","selected_any","[]"
"route_1c07e6c1db58106aa1e0c602","route_1c07e6c1db58106aa1e0c602.clause.9","1","occ_d07b184de6cc345448343143","selected_any","[]"
"route_1c581859100639584de9617f","route_1c581859100639584de9617f.clause.1","1","occ_11666375b436a4b491243921","selected_any","[]"
"route_1c5d46052bc970789b40e7bf","route_1c5d46052bc970789b40e7bf.clause.1","1","occ_bed67037792c5c70452b517d","equals","[2]"
"route_1c7391d289d69409dcce3296","route_1c7391d289d69409dcce3296.clause.1","1","occ_e97427d8342ecf5506a928ae","selected_any","[]"
"route_1c871a5fe96bc9beaafbd10c","route_1c871a5fe96bc9beaafbd10c.clause.1","1","occ_c8f1279a19000e95c286c91f","equals","[1]"
"route_1c9f8e440a255f321168c791","route_1c9f8e440a255f321168c791.clause.1","1","occ_bd6f5370b72a6f28b10fa86d","in","[1,2]"
"route_1cfaf51a13f3d4df848e3e14","route_1cfaf51a13f3d4df848e3e14.clause.1","1","occ_ee9b4d4a2bb0a23f04a9d527","in","[2,3]"
"route_1d0536b587574e1ea5228437","route_1d0536b587574e1ea5228437.clause.1","1","occ_5a58993a494a78b8b88e243e","equals","[2]"
"route_1d3a55f505c20c7e9a1c3e7b","route_1d3a55f505c20c7e9a1c3e7b.clause.1","1","occ_4255c60b3bcf47d77de3638a","equals","[1]"
"route_1d4d1132349152ea2faf6ff4","route_1d4d1132349152ea2faf6ff4.clause.1","1","occ_6d42bfbfd54e98c72ca9b8ed","gte","[2]"
"route_1d57a42cd616c07b6a8bf474","route_1d57a42cd616c07b6a8bf474.clause.1","1","occ_9ec8530c537ccd94727942b8","selected_any","[]"
"route_1d57a42cd616c07b6a8bf474","route_1d57a42cd616c07b6a8bf474.clause.2","1","occ_47a7f7a0cf2197d561412ebe","selected_any","[]"
"route_1d57a42cd616c07b6a8bf474","route_1d57a42cd616c07b6a8bf474.clause.3","1","occ_03ef82c9ac1ba23bc4a598a0","selected_any","[]"
"route_1d57a42cd616c07b6a8bf474","route_1d57a42cd616c07b6a8bf474.clause.4","1","occ_2b37f93b9ff36665120acaa5","selected_any","[]"
"route_1d5ee57d8df7eff631827cc0","route_1d5ee57d8df7eff631827cc0.clause.1","1","occ_c618750d61fdab9a75aaa9cc","in","[1,2]"
"route_1d8adced4a206428f62ff162","route_1d8adced4a206428f62ff162.clause.1","1","occ_80bf14d9db36e35808be7b79","equals","[1]"
"route_1dc7e4e71cdc010346036d85","route_1dc7e4e71cdc010346036d85.clause.1","1","occ_5f06913fafbc1092c53163d3","equals","[1]"
"route_1dc814b60cede8659fedf26e","route_1dc814b60cede8659fedf26e.clause.1","1","occ_4dada8c102803f73985677de","selected_any","[]"
"route_1de019b70ef447ed5814a6e0","route_1de019b70ef447ed5814a6e0.clause.1","1","occ_4405c26f097b9489ff76b402","selected_any","[]"
"route_1de019b70ef447ed5814a6e0","route_1de019b70ef447ed5814a6e0.clause.2","1","occ_5a076134d11c3b0ef79db8d5","selected_any","[]"
"route_1de019b70ef447ed5814a6e0","route_1de019b70ef447ed5814a6e0.clause.3","1","occ_bdb04df4b5e365352d9ec877","selected_any","[]"
"route_1dfce3082da78f333f7d8df8","route_1dfce3082da78f333f7d8df8.clause.1","1","occ_1d0c23b025a6a65123005926","equals","[1]"
"route_1e045d42fd29fbcaa8756dc5","route_1e045d42fd29fbcaa8756dc5.clause.1","1","occ_cac83093c3284ab5cf7301f5","in","[1,2,3]"
"route_1e05c94e49bce55943c82567","route_1e05c94e49bce55943c82567.clause.1","1","occ_ecbaf64799cd1723b5288997","selected_any","[]"
"route_1e1c963f1483c02aafb9e6c6","route_1e1c963f1483c02aafb9e6c6.clause.1","1","occ_42b216683d8c350208b33cf3","equals","[1]"
"route_1e4b512ecc95a3eb830c6456","route_1e4b512ecc95a3eb830c6456.clause.1","1","occ_df5bdb90163573632a20d890","selected_any","[]"
"route_1e77a2a7a568e6ef1954497f","route_1e77a2a7a568e6ef1954497f.clause.1","1","occ_8da9054ab235c637518f3288","in","[1,2,3,4]"
"route_1ea52a890edd4a5c21afd8e0","route_1ea52a890edd4a5c21afd8e0.clause.1","1","occ_9b50af7dd48017f88595de00","in","[1,2]"
"route_1ecbf13767a40989d3b74e0b","route_1ecbf13767a40989d3b74e0b.clause.1","1","occ_342b3922218287301c1ee403","selected_any","[]"
"route_1ed600fa1299c6266d6bc26d","route_1ed600fa1299c6266d6bc26d.clause.1","1","occ_535b3e67f2211a2b7f155687","equals","[1]"
"route_1ef40548c00c405d0263302c","route_1ef40548c00c405d0263302c.clause.1","1","occ_35e53049fa42ed35c67d23b1","selected_any","[]"
"route_1ef40548c00c405d0263302c","route_1ef40548c00c405d0263302c.clause.2","1","occ_5850201a29303cc7cd1b9143","selected_any","[]"
"route_1ef40548c00c405d0263302c","route_1ef40548c00c405d0263302c.clause.3","1","occ_b0c24dd25a4f664834edd3f6","selected_any","[]"
"route_1f2e8f40cb47691dca6fc999","route_1f2e8f40cb47691dca6fc999.clause.1","1","occ_ecd68653f56e75f18f513291","equals","[2]"
"route_1fa040600712f19d8ce1c2ea","route_1fa040600712f19d8ce1c2ea.clause.1","1","occ_a31781e0fcd1f07009c17261","equals","[7]"
"route_1fbfb4f7ac53bbfef183d389","route_1fbfb4f7ac53bbfef183d389.clause.1","1","occ_35c1d068bc46110af560d695","equals","[1]"
"route_20013ab32103eab482dd4b7c","route_20013ab32103eab482dd4b7c.clause.1","1","occ_8e9680612b301b1ad3ec917e","equals","[1]"
"route_201031f8a1f874ca3b305ebf","route_201031f8a1f874ca3b305ebf.clause.1","1","occ_6101af1b0a01b44d5b10aafd","equals","[1]"
"route_20188e1d6857d2c98c776896","route_20188e1d6857d2c98c776896.clause.1","1","occ_573cb3196842ab9393653f99","equals","[1]"
"route_20254b2e3925e3f654450a07","route_20254b2e3925e3f654450a07.clause.1","1","occ_8ba7dadf877e1278f80669cd","equals","[2]"
"route_203d74fcb94ae7060dab181e","route_203d74fcb94ae7060dab181e.clause.1","1","occ_6cc3fb759784c9545d4a7081","in","[1,2,3]"
"route_208dde9009a99f7f306bbb02","route_208dde9009a99f7f306bbb02.clause.1","1","occ_030a00d893491b3a98f9313d","in","[2,3]"
"route_2093ed33b1ae2ebba1c59335","route_2093ed33b1ae2ebba1c59335.clause.1","1","occ_59001e79d793a06187729fa7","selected_any","[]"
"route_20add507459ca984e6034b1c","route_20add507459ca984e6034b1c.clause.1","1","occ_f20fe70080502dc038bb2a96","equals","[1]"
"route_20db6e3ff6ed9f3a67dabacf","route_20db6e3ff6ed9f3a67dabacf.clause.1","1","occ_5f07d94a66bd3598782da1cb","in","[1,2]"
"route_21059a1c7d768399667da7a4","route_21059a1c7d768399667da7a4.clause.1","1","occ_bd6f5370b72a6f28b10fa86d","in","[1,2]"
"route_2120ac70e37fa1ac91547354","route_2120ac70e37fa1ac91547354.clause.1","1","occ_b46c172f834fdd3390892733","in","[2,3]"
"route_212a64087e0e6baa0733371c","route_212a64087e0e6baa0733371c.clause.1","1","occ_cac83093c3284ab5cf7301f5","in","[1,2,3]"
"route_212a9815e039f235fdd80ba3","route_212a9815e039f235fdd80ba3.clause.1","1","occ_75c210035fcfe672f2f4fa02","in","[1,2]"
"route_212a9815e039f235fdd80ba3","route_212a9815e039f235fdd80ba3.clause_1","1","occ_75c210035fcfe672f2f4fa02","in","[1,2]"
"route_21c4e1e849f43653eb586890","route_21c4e1e849f43653eb586890.clause.1","1","occ_65fc01b2227a8bdcc0859048","equals","[2]"
"route_2222c3cf431e5b26e91a22c9","route_2222c3cf431e5b26e91a22c9.clause.1","1","occ_f7347e7e0aba12e2e111a6d0","gte","[1]"
"route_2235116181a1529e8f9b10a0","route_2235116181a1529e8f9b10a0.clause.1","1","occ_b23400d59bd9628f8002e5ce","in","[11,12]"
"route_224f971551e6c567b4a0dec0","route_224f971551e6c567b4a0dec0.clause.1","1","occ_3a592702159d40121c5b20f8","equals","[2]"
"route_225fa0562df031087ba35e4f","route_225fa0562df031087ba35e4f.clause.1","1","occ_943bf7e163ba421b321d6ca6","selected_any","[]"
"route_225fa0562df031087ba35e4f","route_225fa0562df031087ba35e4f.clause.2","1","occ_1c58924846c8e289d577c747","selected_any","[]"
"route_225fa0562df031087ba35e4f","route_225fa0562df031087ba35e4f.clause.3","1","occ_3f75881a8a7cf4b4325dc522","selected_any","[]"
"route_225fa0562df031087ba35e4f","route_225fa0562df031087ba35e4f.clause.4","1","occ_eeef143bcec94bc50f0fdfd7","selected_any","[]"
"route_226c5461df67699e70ae4250","route_226c5461df67699e70ae4250.clause.1","1","occ_6e01a00a5690b6541661847c","equals","[1]"
"route_226f9975c1444a77a424cb13","route_226f9975c1444a77a424cb13.clause.1","1","occ_4e58729c0a3a6c3589c013ca","in","[2,3]"
"route_226f9975c1444a77a424cb13","route_226f9975c1444a77a424cb13.clause_1","1","occ_4e58729c0a3a6c3589c013ca","in","[2,3]"
"route_2272fba03b089a5b8b61c5a8","route_2272fba03b089a5b8b61c5a8.clause.1","1","occ_efc3705900531242259e3eab","selected_any","[]"
"route_2272fba03b089a5b8b61c5a8","route_2272fba03b089a5b8b61c5a8.clause.2","1","occ_b608436a282bad7756d5316c","selected_any","[]"
"route_2272fba03b089a5b8b61c5a8","route_2272fba03b089a5b8b61c5a8.clause.3","1","occ_28d63fdd52f15d81bde31232","selected_any","[]"
"route_2272fba03b089a5b8b61c5a8","route_2272fba03b089a5b8b61c5a8.clause.4","1","occ_90a277d498b813ba0d2a4d7c","selected_any","[]"
"route_22740188e19c22fb6525f768","route_22740188e19c22fb6525f768.clause_1","1","occ_0d7e21107f42d1fedc4a72e1","in","[1,3]"
"route_2293196fe7656bb0befcd476","route_2293196fe7656bb0befcd476.clause.1","1","occ_88dd0cb337b8b6478f00903b","selected_any","[]"
"route_2293196fe7656bb0befcd476","route_2293196fe7656bb0befcd476.clause.2","1","occ_f4a3d6a932f62750a61b44ff","selected_any","[]"
"route_2293196fe7656bb0befcd476","route_2293196fe7656bb0befcd476.clause.3","1","occ_ce64259fabf477ee37f2f3f0","selected_any","[]"
"route_22a8cbfa1727b0c02b5fe5ce","route_22a8cbfa1727b0c02b5fe5ce.clause.1","1","occ_b795d10783827be28d325c05","selected_any","[]"
"route_22e0838c90c863cce5ae496e","route_22e0838c90c863cce5ae496e.clause.1","1","occ_c067f39d2378e286f09174d9","equals","[2]"
"route_22eac8515005142d2b34395a","route_22eac8515005142d2b34395a.clause.1","1","occ_bd6f5370b72a6f28b10fa86d","in","[1,2]"
"route_2306b38d4807f6783d186530","route_2306b38d4807f6783d186530.clause.1","1","occ_b6c9798fa9614e02d1fd5994","in","[1,2]"
"route_23070b72036463185f0e141e","route_23070b72036463185f0e141e.clause.1","1","occ_4c43608c265a61cb58653ae5","selected_any","[]"
"route_230907e1ca95cdc0ad5881d6","route_230907e1ca95cdc0ad5881d6.clause.1","1","occ_01dfddb49eda58dc81314fb2","equals","[1]"
"route_230907e1ca95cdc0ad5881d6","route_230907e1ca95cdc0ad5881d6.clause_1","1","occ_01dfddb49eda58dc81314fb2","equals","[1]"
"route_2343b06582295c647ff2385e","route_2343b06582295c647ff2385e.clause.1","1","occ_feafb0db57059807a08cc1bb","in","[2,3]"
"route_239909fef44d93c825d85a37","route_239909fef44d93c825d85a37.clause_1","1","occ_9dfb625bdcb52d4df775f629","selected_any","[]"
"route_239909fef44d93c825d85a37","route_239909fef44d93c825d85a37.clause_2","1","occ_a5db745afc8dc38639e3331c","selected_any","[]"
"route_23b2b1fbfd727136976feb90","route_23b2b1fbfd727136976feb90.clause.1","1","occ_ab9fc0c8b9140a29948ff1ed","equals","[1]"
"route_23b52f9d1d94554818e8e01d","route_23b52f9d1d94554818e8e01d.clause.1","1","occ_5a788078766a4a84b35b729f","in","[2,3]"
"route_23ce7b1d73daca7d89b0904f","route_23ce7b1d73daca7d89b0904f.clause.1","1","occ_bfca84ef9b8025d966b67a32","in","[1,2,3]"
"route_23e679b2f6aed0f6aaf5a9ca","route_23e679b2f6aed0f6aaf5a9ca.clause.1","1","occ_12b0e9263ae0f79e5dc94d0c","selected_any","[]"
"route_23f0ecfc8b5ed07b1e428da6","route_23f0ecfc8b5ed07b1e428da6.clause.1","1","occ_a51c82a407809501a6ab3ccd","selected_any","[]"
"route_23f0ecfc8b5ed07b1e428da6","route_23f0ecfc8b5ed07b1e428da6.clause.2","1","occ_43dc7f3e9b31483ac484cd2a","selected_any","[]"
"route_23f0ecfc8b5ed07b1e428da6","route_23f0ecfc8b5ed07b1e428da6.clause.3","1","occ_a10fa91daedd450ee01005c3","selected_any","[]"
"route_244acf354afc4d10c995b6e8","route_244acf354afc4d10c995b6e8.clause.1","1","occ_ff700cf3435df84ec9ba6c90","selected_any","[]"
"route_2458203e3ed696b91053c082","route_2458203e3ed696b91053c082.clause.1","1","occ_c4fa96fc958df0b1937cddb7","selected_any","[]"
"route_2494bf131ff01b0e584a95d9","route_2494bf131ff01b0e584a95d9.clause.1","1","occ_aa59fe40b11a3b8a5e417e7a","selected_any","[]"
"route_2498d20891a2250a8a20994b","route_2498d20891a2250a8a20994b.clause.1","1","occ_bc3d8b8ea413e8fe15f1c906","selected_any","[]"
"route_249f5511d1f46bd103c07d31","route_249f5511d1f46bd103c07d31.clause.1","1","occ_764cf2189b40c182ba4d6068","equals","[1]"
"route_24b125657d1e7bfabd7f22fb","route_24b125657d1e7bfabd7f22fb.clause.1","1","occ_77bc0f7ee90213e99008626b","equals","[1]"
"route_24c0b560aeff399070b436d2","route_24c0b560aeff399070b436d2.clause.1","1","occ_a14c22260188bda229747d18","in","[1,2]"
"route_24d152026b0c39f2c1d63083","route_24d152026b0c39f2c1d63083.clause.1","1","occ_53eec3466d568d5d275f4b91","gte","[3]"
"route_24db2b49daa7477e49887677","route_24db2b49daa7477e49887677.clause.1","1","occ_17ae143596ec7036f0a1e52a","gte","[1]"
"route_24e2f6170d07124094f521e0","route_24e2f6170d07124094f521e0.clause.1","1","occ_46e99adb5df8a1e8c53a1960","equals","[1]"
"route_24fa3f90300963d1a92d2aff","route_24fa3f90300963d1a92d2aff.clause.1","1","occ_637568efbcc61655d03d1174","equals","[2]"
"route_2590c45b7eb51cc1e143c699","route_2590c45b7eb51cc1e143c699.clause.1","1","occ_8ddae7a229919a990094a612","equals","[2]"
"route_25c27a07b217a626ef2cd252","route_25c27a07b217a626ef2cd252.clause.1","1","occ_e938437db0935fd414cc55c7","equals","[2]"
"route_25f3845802faac310aeb4d00","route_25f3845802faac310aeb4d00.clause.1","1","occ_985ff3a06611dc627e079d4c","equals","[2]"
"route_260d89881c4a6201e740c42d","route_260d89881c4a6201e740c42d.clause.1","1","occ_36ac79de0f86eff352a9fb62","in","[1,2,3]"
"route_263a2cf53effd9b1ff61c829","route_263a2cf53effd9b1ff61c829.clause.1","1","occ_5dec207d1dff4fbd74cd3cb9","equals","[7]"
"route_2670067f10b09a1cc34f5cf3","route_2670067f10b09a1cc34f5cf3.clause.1","1","occ_3ddaf064f93d9c9dc704f661","selected_any","[]"
"route_2670067f10b09a1cc34f5cf3","route_2670067f10b09a1cc34f5cf3.clause.10","1","occ_b73a8faba1e427a5a91b576e","selected_any","[]"
"route_2670067f10b09a1cc34f5cf3","route_2670067f10b09a1cc34f5cf3.clause.11","1","occ_d22f7b063b5bb830c5aea751","selected_any","[]"
"route_2670067f10b09a1cc34f5cf3","route_2670067f10b09a1cc34f5cf3.clause.12","1","occ_6a8964367821f1a2a65e5c55","selected_any","[]"
"route_2670067f10b09a1cc34f5cf3","route_2670067f10b09a1cc34f5cf3.clause.13","1","occ_68fae99eb60ff6cbc5f85b0b","selected_any","[]"
"route_2670067f10b09a1cc34f5cf3","route_2670067f10b09a1cc34f5cf3.clause.14","1","occ_ef7601a61195504bcaeb0a44","selected_any","[]"
"route_2670067f10b09a1cc34f5cf3","route_2670067f10b09a1cc34f5cf3.clause.15","1","occ_0e1bb1f065d88e7be7658318","selected_any","[]"
"route_2670067f10b09a1cc34f5cf3","route_2670067f10b09a1cc34f5cf3.clause.16","1","occ_a93e55e407637b52e35fa183","selected_any","[]"
"route_2670067f10b09a1cc34f5cf3","route_2670067f10b09a1cc34f5cf3.clause.17","1","occ_86cf5676bebbf687ab7a7bbd","selected_any","[]"
"route_2670067f10b09a1cc34f5cf3","route_2670067f10b09a1cc34f5cf3.clause.18","1","occ_ec65be500f2581e5e7c98ee4","selected_any","[]"
"route_2670067f10b09a1cc34f5cf3","route_2670067f10b09a1cc34f5cf3.clause.19","1","occ_5950c289658c622eba4b1318","selected_any","[]"
"route_2670067f10b09a1cc34f5cf3","route_2670067f10b09a1cc34f5cf3.clause.2","1","occ_3bdd6a900be774673c6feedf","selected_any","[]"
"route_2670067f10b09a1cc34f5cf3","route_2670067f10b09a1cc34f5cf3.clause.20","1","occ_511e03ebbc2e1512bd241499","selected_any","[]"
"route_2670067f10b09a1cc34f5cf3","route_2670067f10b09a1cc34f5cf3.clause.21","1","occ_d7b0382db2e957100fe1f9d0","selected_any","[]"
"route_2670067f10b09a1cc34f5cf3","route_2670067f10b09a1cc34f5cf3.clause.22","1","occ_bf325d29e749d32adb4f63f6","selected_any","[]"
"route_2670067f10b09a1cc34f5cf3","route_2670067f10b09a1cc34f5cf3.clause.23","1","occ_187fe4ac0c5e11441b27a87e","selected_any","[]"
"route_2670067f10b09a1cc34f5cf3","route_2670067f10b09a1cc34f5cf3.clause.24","1","occ_27db517f9c44965819571e4c","selected_any","[]"
"route_2670067f10b09a1cc34f5cf3","route_2670067f10b09a1cc34f5cf3.clause.25","1","occ_782efda83c1f3b27beffa34d","selected_any","[]"
"route_2670067f10b09a1cc34f5cf3","route_2670067f10b09a1cc34f5cf3.clause.26","1","occ_bafac6d3b83dec439c51b1b6","selected_any","[]"
"route_2670067f10b09a1cc34f5cf3","route_2670067f10b09a1cc34f5cf3.clause.27","1","occ_a554c340e53dc8b48f04e246","selected_any","[]"
"route_2670067f10b09a1cc34f5cf3","route_2670067f10b09a1cc34f5cf3.clause.28","1","occ_d852a8cb27584935f870ee4b","selected_any","[]"
"route_2670067f10b09a1cc34f5cf3","route_2670067f10b09a1cc34f5cf3.clause.29","1","occ_6cb2c0a166c779f6c3d0139e","selected_any","[]"
"route_2670067f10b09a1cc34f5cf3","route_2670067f10b09a1cc34f5cf3.clause.3","1","occ_b05854bad86d6437346bcfa7","selected_any","[]"
"route_2670067f10b09a1cc34f5cf3","route_2670067f10b09a1cc34f5cf3.clause.30","1","occ_8f37b201d03d1b1f822efea1","selected_any","[]"
"route_2670067f10b09a1cc34f5cf3","route_2670067f10b09a1cc34f5cf3.clause.4","1","occ_5ff0cc82a655f52826221dc2","selected_any","[]"
"route_2670067f10b09a1cc34f5cf3","route_2670067f10b09a1cc34f5cf3.clause.5","1","occ_dfd9c312e666a9eec97328e9","selected_any","[]"
"route_2670067f10b09a1cc34f5cf3","route_2670067f10b09a1cc34f5cf3.clause.6","1","occ_831f8744412f360cb108e745","selected_any","[]"
"route_2670067f10b09a1cc34f5cf3","route_2670067f10b09a1cc34f5cf3.clause.7","1","occ_5e0f483af9e649c608c4e94c","selected_any","[]"
"route_2670067f10b09a1cc34f5cf3","route_2670067f10b09a1cc34f5cf3.clause.8","1","occ_7235b3f40fcf7e20a96399f8","selected_any","[]"
"route_2670067f10b09a1cc34f5cf3","route_2670067f10b09a1cc34f5cf3.clause.9","1","occ_567e0e4a4b837be4c035ff3f","selected_any","[]"
"route_267665205baa484ae882ecf9","route_267665205baa484ae882ecf9.clause_1","1","occ_75c210035fcfe672f2f4fa02","equals","[2]"
"route_267665205baa484ae882ecf9","route_267665205baa484ae882ecf9.clause_1","2","occ_dc50862cbeac2ed83dc78f60","in","[2,3,4]"
"route_267f68552792d750d9f1e733","route_267f68552792d750d9f1e733.clause.1","1","occ_7aefc4b5039a2087b183ddb8","in","[2,3]"
"route_26bf803bbe7f4bd403bb00a5","route_26bf803bbe7f4bd403bb00a5.clause_1","1","occ_1f9eb9bc6f611281055fc4d6","equals","[4]"
"route_27192d51a7bc68fb41d2a3dc","route_27192d51a7bc68fb41d2a3dc.clause.1","1","occ_2ce83d83e025d12d16685ec1","selected_any","[]"
"route_271ffa846ed318ac148b35ec","route_271ffa846ed318ac148b35ec.clause.1","1","occ_a07cd639c22d376306667ffe","equals","[1]"
"route_278fc842de70e092d0460853","route_278fc842de70e092d0460853.clause.1","1","occ_0dbb54e54adac81abbc4ab7d","equals","[1]"
"route_27a3f958eecf779bd9e8e87c","route_27a3f958eecf779bd9e8e87c.clause.1","1","occ_bd6f5370b72a6f28b10fa86d","in","[1,2]"
"route_27bf479d8593caa5ffa3f675","route_27bf479d8593caa5ffa3f675.clause.1","1","occ_cac83093c3284ab5cf7301f5","equals","[7]"
"route_27c5d87d61345aadf8f2203b","route_27c5d87d61345aadf8f2203b.clause.1","1","occ_18d1318c26074aeda5539a95","equals","[2]"
"route_27c6f4c331cd7ad21cfb4ddd","route_27c6f4c331cd7ad21cfb4ddd.clause.1","1","occ_3da6f0f46153ad6271383d3c","equals","[1]"
"route_27ce3eeae61a00e8d9bc6c42","route_27ce3eeae61a00e8d9bc6c42.clause.1","1","occ_83734ad3fcc20edde5be9a61","equals","[1]"
"route_27e01c1e4f7f13d548a3c287","route_27e01c1e4f7f13d548a3c287.clause.1","1","occ_b2ae0a86ecc4f511baf9aa4d","equals","[1]"
"route_27e4f19b6dae1d1a70e8fad6","route_27e4f19b6dae1d1a70e8fad6.clause.1","1","occ_53bb5ed11305db633de2f91f","gte","[1]"
"route_27fff748d2c790780e8d37f1","route_27fff748d2c790780e8d37f1.clause.1","1","occ_b0c3249015849abac658be75","equals","[1]"
"route_280962c0a86663d159481a4f","route_280962c0a86663d159481a4f.clause.1","1","occ_484416d0d98b0c5786f060a4","equals","[1]"
"route_28159ad343653583cb22c189","route_28159ad343653583cb22c189.clause.1","1","occ_f71831635f74efb827244940","equals","[1]"
"route_285cd0696c8093a3c12d274d","route_285cd0696c8093a3c12d274d.clause.1","1","occ_efff5faecd6c9bb36d88f799","in","[1,2,3]"
"route_28ab7539832ce2e3eff63d86","route_28ab7539832ce2e3eff63d86.clause.1","1","occ_c0692ea7cac8169d0f19729e","equals","[2]"
"route_28bc527602a6f9e2aff154ce","route_28bc527602a6f9e2aff154ce.clause.1","1","occ_1c040824b7dde5262735ddc1","equals","[7]"
"route_28e62f6f2172ab7bd06ebba3","route_28e62f6f2172ab7bd06ebba3.clause.1","1","occ_684490fbf27f5f5e7190ae7a","equals","[1]"
"route_28fe0b1f0fed909b62b77506","route_28fe0b1f0fed909b62b77506.clause.1","1","occ_44f01de76666d6863012e593","equals","[2]"
"route_2903f1143a8d3b843477203a","route_2903f1143a8d3b843477203a.clause.1","1","occ_a02fc3db8ebde2951160c65a","selected_any","[]"
"route_2903f1143a8d3b843477203a","route_2903f1143a8d3b843477203a.clause.10","1","occ_a0eb77b0be65d4c5467e054a","selected_any","[]"
"route_2903f1143a8d3b843477203a","route_2903f1143a8d3b843477203a.clause.11","1","occ_e19be756bd4a2fa338bdc2ec","selected_any","[]"
"route_2903f1143a8d3b843477203a","route_2903f1143a8d3b843477203a.clause.12","1","occ_6ef04d5a8f26c399b20bdf5a","selected_any","[]"
"route_2903f1143a8d3b843477203a","route_2903f1143a8d3b843477203a.clause.13","1","occ_4a083417c96d98ad98a9c9df","selected_any","[]"
"route_2903f1143a8d3b843477203a","route_2903f1143a8d3b843477203a.clause.14","1","occ_31433f8f344c4fe269c1a63f","selected_any","[]"
"route_2903f1143a8d3b843477203a","route_2903f1143a8d3b843477203a.clause.15","1","occ_e6054055c722df80ef5d0fe2","selected_any","[]"
"route_2903f1143a8d3b843477203a","route_2903f1143a8d3b843477203a.clause.16","1","occ_7bf50da6c6b4818c8d16bb9c","selected_any","[]"
"route_2903f1143a8d3b843477203a","route_2903f1143a8d3b843477203a.clause.17","1","occ_e202c78cbde19da9e978a56c","selected_any","[]"
"route_2903f1143a8d3b843477203a","route_2903f1143a8d3b843477203a.clause.18","1","occ_adacd10ccef1b8466b5e64b4","selected_any","[]"
"route_2903f1143a8d3b843477203a","route_2903f1143a8d3b843477203a.clause.19","1","occ_3d776f67176d5359742e16a6","selected_any","[]"
"route_2903f1143a8d3b843477203a","route_2903f1143a8d3b843477203a.clause.2","1","occ_8ef43594f7f31170d1b678b2","selected_any","[]"
"route_2903f1143a8d3b843477203a","route_2903f1143a8d3b843477203a.clause.20","1","occ_4c7f248b9b54750f24bd461e","selected_any","[]"
"route_2903f1143a8d3b843477203a","route_2903f1143a8d3b843477203a.clause.21","1","occ_45996ceb5683891da52ddcda","selected_any","[]"
"route_2903f1143a8d3b843477203a","route_2903f1143a8d3b843477203a.clause.22","1","occ_ab637d9aed5d550eaafeaba5","selected_any","[]"
"route_2903f1143a8d3b843477203a","route_2903f1143a8d3b843477203a.clause.23","1","occ_cc5f0f915be26c95155d1f57","selected_any","[]"
"route_2903f1143a8d3b843477203a","route_2903f1143a8d3b843477203a.clause.24","1","occ_3dfa74ba1f7808ad7b55b62b","selected_any","[]"
"route_2903f1143a8d3b843477203a","route_2903f1143a8d3b843477203a.clause.25","1","occ_1a490f6f7be26d70a40cef15","selected_any","[]"
"route_2903f1143a8d3b843477203a","route_2903f1143a8d3b843477203a.clause.26","1","occ_d0d30c9e8006bdb1659bbe9c","selected_any","[]"
"route_2903f1143a8d3b843477203a","route_2903f1143a8d3b843477203a.clause.27","1","occ_2f2452a4fe8b90d37de36d5b","selected_any","[]"
"route_2903f1143a8d3b843477203a","route_2903f1143a8d3b843477203a.clause.28","1","occ_232682eadbb6598d8bc925fb","selected_any","[]"
"route_2903f1143a8d3b843477203a","route_2903f1143a8d3b843477203a.clause.29","1","occ_525a06cfdbd0b469e8574bd2","selected_any","[]"
"route_2903f1143a8d3b843477203a","route_2903f1143a8d3b843477203a.clause.3","1","occ_d84e9d6007f4ad38620041b7","selected_any","[]"
"route_2903f1143a8d3b843477203a","route_2903f1143a8d3b843477203a.clause.30","1","occ_1899469d400f7e1ea0a3d4b3","selected_any","[]"
"route_2903f1143a8d3b843477203a","route_2903f1143a8d3b843477203a.clause.4","1","occ_0e84ce9625a5c02faf584e71","selected_any","[]"
"route_2903f1143a8d3b843477203a","route_2903f1143a8d3b843477203a.clause.5","1","occ_30f0365fddc34755b606f43d","selected_any","[]"
"route_2903f1143a8d3b843477203a","route_2903f1143a8d3b843477203a.clause.6","1","occ_8015fbb8180251387e78948c","selected_any","[]"
"route_2903f1143a8d3b843477203a","route_2903f1143a8d3b843477203a.clause.7","1","occ_0d39cd84a96f3eb4bed4aeea","selected_any","[]"
"route_2903f1143a8d3b843477203a","route_2903f1143a8d3b843477203a.clause.8","1","occ_e6e6056dcea1878adeb4e5af","selected_any","[]"
"route_2903f1143a8d3b843477203a","route_2903f1143a8d3b843477203a.clause.9","1","occ_f392f59e5a4abf4896bb7fd9","selected_any","[]"
"route_291032eb75ee910d73746743","route_291032eb75ee910d73746743.clause.1","1","occ_46dbe34107577a12f0bbb89b","equals","[1]"
"route_29129e8dd4e9223c39f5e0e8","route_29129e8dd4e9223c39f5e0e8.clause.1","1","occ_281dd7e48b077a5048dede14","equals","[1]"
"route_2939a4158fb08954a05fccae","route_2939a4158fb08954a05fccae.clause.1","1","occ_f5d7dfb330a0d90379e51fce","in","[2,3]"
"route_2952570c6572897dcad787b4","route_2952570c6572897dcad787b4.clause.1","1","occ_3b470ad39f6fae9f415403e0","equals","[1]"
"route_296d2fe4726ae3f7471e5ec3","route_296d2fe4726ae3f7471e5ec3.clause.1","1","occ_c5ee2edc718849d5d7c91865","equals","[1]"
"route_2998a71180adf7cbaba284e8","route_2998a71180adf7cbaba284e8.clause.1","1","occ_123b1fdc0de1221d9eea9718","in","[1,2]"
"route_29c625db2da090affc563c73","route_29c625db2da090affc563c73.clause.1","1","occ_5dec207d1dff4fbd74cd3cb9","equals","[7]"
"route_29c9e954462ea9ec81ca9ad3","route_29c9e954462ea9ec81ca9ad3.clause.1","1","occ_89c66877994ff5ae40450516","in","[1,2]"
"route_29c9e954462ea9ec81ca9ad3","route_29c9e954462ea9ec81ca9ad3.clause_1","1","occ_89c66877994ff5ae40450516","in","[1,2]"
"route_29f87d343798d84b78bb7ef9","route_29f87d343798d84b78bb7ef9.clause.1","1","occ_4f370a072a9c0c4013fcaf77","equals","[1]"
"route_29fe437053cf641103570136","route_29fe437053cf641103570136.clause.1","1","occ_4b2fb518d285cd16b541b828","in","[1,2,3]"
"route_29fe437053cf641103570136","route_29fe437053cf641103570136.clause_1","1","occ_4b2fb518d285cd16b541b828","in","[1,2,3]"
"route_2a04975f541a295860d10a80","route_2a04975f541a295860d10a80.clause.1","1","occ_870125e2b2fe48e777315f16","in","[2,3]"
"route_2a58c948540297a444e925cc","route_2a58c948540297a444e925cc.clause.1","1","occ_295c92461bf6ae975d1b5aec","equals","[1]"
"route_2a6e559424125e26c52d11d2","route_2a6e559424125e26c52d11d2.clause.1","1","occ_e54e0b1b12b882de8b25d438","selected_any","[]"
"route_2a6e559424125e26c52d11d2","route_2a6e559424125e26c52d11d2.clause.2","1","occ_03d6b2c779c4be8f3cd6184b","selected_any","[]"
"route_2a6e559424125e26c52d11d2","route_2a6e559424125e26c52d11d2.clause.3","1","occ_15f3868956e92a024d42a645","selected_any","[]"
"route_2a6ecca9db31bebdcc7df190","route_2a6ecca9db31bebdcc7df190.clause.1","1","occ_3b30524eea33eade82b7127a","equals","[2]"
"route_2a81c4018b68fd0e57f9d087","route_2a81c4018b68fd0e57f9d087.clause.1","1","occ_5a383618e2c904800f24b21b","equals","[1]"
"route_2a9b961addb96cee6245f0b3","route_2a9b961addb96cee6245f0b3.clause.1","1","occ_3c361b60ed0d1982feede673","selected_any","[]"
"route_2af93cb70eeb12d0bf3fd45c","route_2af93cb70eeb12d0bf3fd45c.clause.1","1","occ_59e42a594939627ca306f846","equals","[1]"
"route_2af93cb70eeb12d0bf3fd45c","route_2af93cb70eeb12d0bf3fd45c.clause_1","1","occ_59e42a594939627ca306f846","equals","[1]"
"route_2b25acfa42b9a3d3a54e0e91","route_2b25acfa42b9a3d3a54e0e91.clause.1","1","occ_4b144703f4b1c86eceb17daf","selected_any","[]"
"route_2b2eba80b078888c7172e44b","route_2b2eba80b078888c7172e44b.clause.1","1","occ_551d281b2dc400829afe294b","equals","[1]"
"route_2b3a3ec2185579fe83a8a463","route_2b3a3ec2185579fe83a8a463.clause.1","1","occ_8bbfeceb998601890c484572","equals","[1]"
"route_2b42995beeece4c7ccf7701a","route_2b42995beeece4c7ccf7701a.clause_1","1","occ_ab41014391e22c10cc36031d","selected_any","[]"
"route_2b42995beeece4c7ccf7701a","route_2b42995beeece4c7ccf7701a.clause_10","1","occ_5c7720af6d736f600e642013","selected_any","[]"
"route_2b42995beeece4c7ccf7701a","route_2b42995beeece4c7ccf7701a.clause_11","1","occ_e8c12cbb7c74489717fd5421","selected_any","[]"
"route_2b42995beeece4c7ccf7701a","route_2b42995beeece4c7ccf7701a.clause_12","1","occ_316ef879e1fe7a05fce0443e","selected_any","[]"
"route_2b42995beeece4c7ccf7701a","route_2b42995beeece4c7ccf7701a.clause_13","1","occ_830beee649594b90eaf42358","selected_any","[]"
"route_2b42995beeece4c7ccf7701a","route_2b42995beeece4c7ccf7701a.clause_14","1","occ_6904aa6ab1f731b59534ae73","selected_any","[]"
"route_2b42995beeece4c7ccf7701a","route_2b42995beeece4c7ccf7701a.clause_15","1","occ_fa666f8e99f5f13b0ea872dc","selected_any","[]"
"route_2b42995beeece4c7ccf7701a","route_2b42995beeece4c7ccf7701a.clause_16","1","occ_ab231f6c42f4138fb4297cf7","selected_any","[]"
"route_2b42995beeece4c7ccf7701a","route_2b42995beeece4c7ccf7701a.clause_17","1","occ_86ead87cc10dd0bcd1dd054a","selected_any","[]"
"route_2b42995beeece4c7ccf7701a","route_2b42995beeece4c7ccf7701a.clause_18","1","occ_4b88e1e81691014ef6cbf593","selected_any","[]"
"route_2b42995beeece4c7ccf7701a","route_2b42995beeece4c7ccf7701a.clause_19","1","occ_cb107a656e905da3a9033267","selected_any","[]"
"route_2b42995beeece4c7ccf7701a","route_2b42995beeece4c7ccf7701a.clause_2","1","occ_a8b04712e95f9dfce9fd04bb","selected_any","[]"
"route_2b42995beeece4c7ccf7701a","route_2b42995beeece4c7ccf7701a.clause_20","1","occ_f5acfa959a60fae7033cf60e","selected_any","[]"
"route_2b42995beeece4c7ccf7701a","route_2b42995beeece4c7ccf7701a.clause_21","1","occ_e4978bbde5ba3972d78e0539","selected_any","[]"
"route_2b42995beeece4c7ccf7701a","route_2b42995beeece4c7ccf7701a.clause_22","1","occ_3e50fa453bb398a213664092","selected_any","[]"
"route_2b42995beeece4c7ccf7701a","route_2b42995beeece4c7ccf7701a.clause_23","1","occ_929f6415b70eae7c9e3a649a","selected_any","[]"
"route_2b42995beeece4c7ccf7701a","route_2b42995beeece4c7ccf7701a.clause_24","1","occ_6c8d3caa24d95f27951b2fac","selected_any","[]"
"route_2b42995beeece4c7ccf7701a","route_2b42995beeece4c7ccf7701a.clause_25","1","occ_d230b43958f38c5ad6d382f6","selected_any","[]"
"route_2b42995beeece4c7ccf7701a","route_2b42995beeece4c7ccf7701a.clause_26","1","occ_0abacf05013c64522393d4f5","selected_any","[]"
"route_2b42995beeece4c7ccf7701a","route_2b42995beeece4c7ccf7701a.clause_27","1","occ_8c9d84ecea90a1625e0feeff","selected_any","[]"
"route_2b42995beeece4c7ccf7701a","route_2b42995beeece4c7ccf7701a.clause_3","1","occ_5f02b6b583b008dc6f629127","selected_any","[]"
"route_2b42995beeece4c7ccf7701a","route_2b42995beeece4c7ccf7701a.clause_4","1","occ_5b35c66cd1ba5aaa86a30de4","selected_any","[]"
"route_2b42995beeece4c7ccf7701a","route_2b42995beeece4c7ccf7701a.clause_5","1","occ_64e8ad1345f52fdd8c846136","selected_any","[]"
"route_2b42995beeece4c7ccf7701a","route_2b42995beeece4c7ccf7701a.clause_6","1","occ_540508f6faf486fd00a2f387","selected_any","[]"
"route_2b42995beeece4c7ccf7701a","route_2b42995beeece4c7ccf7701a.clause_7","1","occ_e84519ae0846f7622eea0717","selected_any","[]"
"route_2b42995beeece4c7ccf7701a","route_2b42995beeece4c7ccf7701a.clause_8","1","occ_7857109e317c75aa024a86df","selected_any","[]"
"route_2b42995beeece4c7ccf7701a","route_2b42995beeece4c7ccf7701a.clause_9","1","occ_a5d24ff6e83b7965cc3b99a5","selected_any","[]"
"route_2b47b6b26977ce3205e4e60a","route_2b47b6b26977ce3205e4e60a.clause.1","1","occ_ce3457a1ccf814420c086e24","equals","[2]"
"route_2b66f26ad81e1077b7ab4bd7","route_2b66f26ad81e1077b7ab4bd7.clause.1","1","occ_e8add30010587b800e3c9c65","selected_any","[]"
"route_2baf26141b3da3af6680d4be","route_2baf26141b3da3af6680d4be.clause.1","1","occ_3c432e2131c128930fc3b769","selected_any","[]"
"route_2bee9456b10cfdd214336f8e","route_2bee9456b10cfdd214336f8e.clause.1","1","occ_a2deea30865683e8907f8ae8","selected_any","[]"
"route_2bee9456b10cfdd214336f8e","route_2bee9456b10cfdd214336f8e.clause.2","1","occ_0585e215f975b9d230f32034","selected_any","[]"
"route_2bee9456b10cfdd214336f8e","route_2bee9456b10cfdd214336f8e.clause.3","1","occ_cd1b56a4d2ffe41439f75e62","selected_any","[]"
"route_2c0eb3895fc48440f10e313d","route_2c0eb3895fc48440f10e313d.clause.1","1","occ_3d3563d5ef9ce473974c256a","equals","[1]"
"route_2c2f92b8b88bac5d80ea2ec5","route_2c2f92b8b88bac5d80ea2ec5.clause.1","1","occ_58f31bd1e8343e3379b19334","in","[1,2]"
"route_2c45daee297cdafcd02ed628","route_2c45daee297cdafcd02ed628.clause.1","1","occ_7fcc485ac35cd1ceab5e0f75","selected_any","[]"
"route_2c47617a7812b34b6dfd20f1","route_2c47617a7812b34b6dfd20f1.clause.1","1","occ_484416d0d98b0c5786f060a4","equals","[1]"
"route_2c7f0f201ed4adb6ee33b9f7","route_2c7f0f201ed4adb6ee33b9f7.clause.1","1","occ_4d13febf621429f4fdf8ba1f","gte","[2]"
"route_2c8f9d6a630e36c163e1edd3","route_2c8f9d6a630e36c163e1edd3.clause.1","1","occ_a069249eea2ff88538e6f3ca","equals","[1]"
"route_2d0968a2b12db3642b834824","route_2d0968a2b12db3642b834824.clause.1","1","occ_0d83e0ff148c82ccf26def3a","gte","[2]"
"route_2d3d3a30da91b5286de24982","route_2d3d3a30da91b5286de24982.clause.1","1","occ_8726b505f7cad4ba59782572","in","[4,5,6,7]"
"route_2d6cbd5886f91b01aec69204","route_2d6cbd5886f91b01aec69204.clause.1","1","occ_85651bcb1574356c1f3449ae","equals","[1]"
"route_2d7d19185decd6e91f343b1b","route_2d7d19185decd6e91f343b1b.clause.1","1","occ_d0519f15408a6a1c56280a01","equals","[2]"
"route_2dacc69151805fbe6eec39d3","route_2dacc69151805fbe6eec39d3.clause.1","1","occ_88445a049b45d82fccd354ba","equals","[1]"
"route_2db8a6004267f177b2721a15","route_2db8a6004267f177b2721a15.clause.1","1","occ_0963e945e1e961adb5ab9927","equals","[1]"
"route_2dd6eae335374e230f7e547c","route_2dd6eae335374e230f7e547c.clause.1","1","occ_9aff9db4ae449c77c807a15c","equals","[2]"
"route_2dd8612e83b1adac7aee80ca","route_2dd8612e83b1adac7aee80ca.clause.1","1","occ_c739b2f8402d2db348ee6136","equals","[1]"
"route_2ddf580e433cfd80379490e9","route_2ddf580e433cfd80379490e9.clause.1","1","occ_5a383618e2c904800f24b21b","equals","[2]"
"route_2e2016a4ee4f2a970103cbb7","route_2e2016a4ee4f2a970103cbb7.clause.1","1","occ_31d2f59cbf4c52dbecc30091","equals","[2]"
"route_2e31c82ef1f62f87fd9eca83","route_2e31c82ef1f62f87fd9eca83.clause.1","1","occ_a14c22260188bda229747d18","in","[1,2]"
"route_2e3c7f249b9451ec21e23563","route_2e3c7f249b9451ec21e23563.clause.1","1","occ_fba394712da4d974fc232acc","in","[1,2]"
"route_2e88428ecc9d9708f04dcdaa","route_2e88428ecc9d9708f04dcdaa.clause.1","1","occ_09980e0a0e538b9448577282","selected_any","[]"
"route_2e88428ecc9d9708f04dcdaa","route_2e88428ecc9d9708f04dcdaa.clause.2","1","occ_5574ad1fda461ad8f6560cb0","selected_any","[]"
"route_2e88428ecc9d9708f04dcdaa","route_2e88428ecc9d9708f04dcdaa.clause.3","1","occ_ffdb2f1f5910af15b5620123","selected_any","[]"
"route_2f1990d807b446f99a77fad1","route_2f1990d807b446f99a77fad1.clause.1","1","occ_dde2709997ecd699644bcec8","selected_any","[]"
"route_2f649bf2bc9cef0db2e545c3","route_2f649bf2bc9cef0db2e545c3.clause.1","1","occ_65fc01b2227a8bdcc0859048","equals","[2]"
"route_2f8226cceb286495b5b2af24","route_2f8226cceb286495b5b2af24.clause.1","1","occ_bd144f0c4b138a8d9b057a42","equals","[1]"
"route_2f8226cceb286495b5b2af24","route_2f8226cceb286495b5b2af24.clause_1","1","occ_bd144f0c4b138a8d9b057a42","equals","[1]"
"route_2f8f669d6a303bf1cef4c530","route_2f8f669d6a303bf1cef4c530.clause.1","1","occ_bde9ea787e6e1b3b5156d797","equals","[2]"
"route_2f8f669d6a303bf1cef4c530","route_2f8f669d6a303bf1cef4c530.clause_1","1","occ_bde9ea787e6e1b3b5156d797","equals","[2]"
"route_2fbd43e162d2f96ee6d6e0c5","route_2fbd43e162d2f96ee6d6e0c5.clause.1","1","occ_82d666f9ae2e44c5327dc80e","equals","[1]"
"route_306bf6936a6c6873d146f480","route_306bf6936a6c6873d146f480.clause.1","1","occ_d3f403d16a588adfc9d63afa","gte","[1]"
"route_306c72393780d2d84cd16242","route_306c72393780d2d84cd16242.clause.1","1","occ_5cecaf2794182a76c3f7ad8e","gte","[1]"
"route_309ceaa65e1d1a24bd40945c","route_309ceaa65e1d1a24bd40945c.clause.1","1","occ_bc1534d91431924d181f1172","in","[1,4]"
"route_309f93ae3a3c29888e62ecfd","route_309f93ae3a3c29888e62ecfd.clause.1","1","occ_3a58e18a62b6435bf28737c5","equals","[1]"
"route_30a0e53d56e0e7672f0b213b","route_30a0e53d56e0e7672f0b213b.clause.1","1","occ_bd6f5370b72a6f28b10fa86d","in","[1,2]"
"route_30ca18ae59bb32c470e7e2e7","route_30ca18ae59bb32c470e7e2e7.clause.1","1","occ_073a673cd0b433caceeed5ba","selected_any","[]"
"route_30ef929eecaed48465037fa3","route_30ef929eecaed48465037fa3.clause.1","1","occ_2b52bc28e21cec07121edd44","in","[2,3]"
"route_30fffd0d71a0f844de38785e","route_30fffd0d71a0f844de38785e.clause.1","1","occ_367647c4a107623b79132107","in","[1,2,3]"
"route_312ad57a6419119d0f7f936d","route_312ad57a6419119d0f7f936d.clause.1","1","occ_4e961d65582b95e5afa38ccc","equals","[2]"
"route_3141b932d8564b3feadbc1d2","route_3141b932d8564b3feadbc1d2.clause.1","1","occ_fc8f4ee38efc8e8c9855cf33","selected_any","[]"
"route_31623282a507f46d9a91d189","route_31623282a507f46d9a91d189.clause.1","1","occ_763e078958896aab9468699d","equals","[3]"
"route_3163fa8a5fb1616f9daa821c","route_3163fa8a5fb1616f9daa821c.clause.1","1","occ_0d60b1766e7ef813d7745826","equals","[1]"
"route_319a8bde39f5c9a04d917c26","route_319a8bde39f5c9a04d917c26.clause.1","1","occ_256dd6f8f6b1c70c94ff48da","in","[1,4]"
"route_31a46b03b2d1109abdd97a33","route_31a46b03b2d1109abdd97a33.clause.1","1","occ_5760db774a064ac0d98701a5","equals","[1]"
"route_31c022fd38b1617fbfe04d51","route_31c022fd38b1617fbfe04d51.clause.1","1","occ_a7b067a0d4527628dcd595f8","equals","[1]"
"route_31d82af23dbe108f6573220f","route_31d82af23dbe108f6573220f.clause.1","1","occ_b1c879df53eb796e1a5b2f58","equals","[1]"
"route_31d82af23dbe108f6573220f","route_31d82af23dbe108f6573220f.clause_1","1","occ_b1c879df53eb796e1a5b2f58","equals","[1]"
"route_31fae063b37d43214e31d399","route_31fae063b37d43214e31d399.clause.1","1","occ_be1ec127adb45c2c4e4802d0","selected_any","[]"
"route_32080596386ff36a9de5d2d8","route_32080596386ff36a9de5d2d8.clause.1","1","occ_caa457b3ab2fe27aacde59b5","in","[1,2,3]"
"route_3238ebab0112290610700596","route_3238ebab0112290610700596.clause.1","1","occ_8c48901600ad58ecfd98bd4a","selected_any","[]"
"route_3238ebab0112290610700596","route_3238ebab0112290610700596.clause.10","1","occ_68afc62ad2dcd8e30734a0bd","selected_any","[]"
"route_3238ebab0112290610700596","route_3238ebab0112290610700596.clause.11","1","occ_719de4927d3eb19761d21538","selected_any","[]"
"route_3238ebab0112290610700596","route_3238ebab0112290610700596.clause.12","1","occ_14f55d45362295c3a5a342f7","selected_any","[]"
"route_3238ebab0112290610700596","route_3238ebab0112290610700596.clause.13","1","occ_7b5e33ab95640ad1187d309e","selected_any","[]"
"route_3238ebab0112290610700596","route_3238ebab0112290610700596.clause.14","1","occ_4c6bf619e9eefefc7c8f1b00","selected_any","[]"
"route_3238ebab0112290610700596","route_3238ebab0112290610700596.clause.15","1","occ_1bd64730c397b9177bf3a820","selected_any","[]"
"route_3238ebab0112290610700596","route_3238ebab0112290610700596.clause.16","1","occ_49088769a29e1a455567b832","selected_any","[]"
"route_3238ebab0112290610700596","route_3238ebab0112290610700596.clause.17","1","occ_695e89c467193327e5f1a8cc","selected_any","[]"
"route_3238ebab0112290610700596","route_3238ebab0112290610700596.clause.18","1","occ_7122ed80db9eb752e99bebe5","selected_any","[]"
"route_3238ebab0112290610700596","route_3238ebab0112290610700596.clause.19","1","occ_4c5bcba0e4ab049a80d08d2f","selected_any","[]"
"route_3238ebab0112290610700596","route_3238ebab0112290610700596.clause.2","1","occ_e44cdace5f89f00c44d29785","selected_any","[]"
"route_3238ebab0112290610700596","route_3238ebab0112290610700596.clause.20","1","occ_fa0f85fdc53efeb9db757607","selected_any","[]"
"route_3238ebab0112290610700596","route_3238ebab0112290610700596.clause.21","1","occ_83178546064949fd5b8b3a17","selected_any","[]"
"route_3238ebab0112290610700596","route_3238ebab0112290610700596.clause.22","1","occ_edba790fb823c858cad6409e","selected_any","[]"
"route_3238ebab0112290610700596","route_3238ebab0112290610700596.clause.23","1","occ_7ad5e1ae08e14b9bce39edf5","selected_any","[]"
"route_3238ebab0112290610700596","route_3238ebab0112290610700596.clause.24","1","occ_e691ca04fe5a25ae09950d05","selected_any","[]"
"route_3238ebab0112290610700596","route_3238ebab0112290610700596.clause.25","1","occ_abfa6bf18d62ba6559149302","selected_any","[]"
"route_3238ebab0112290610700596","route_3238ebab0112290610700596.clause.26","1","occ_f47439715c57ff3b89abb6d1","selected_any","[]"
"route_3238ebab0112290610700596","route_3238ebab0112290610700596.clause.27","1","occ_7733d79228771b7bb1798072","selected_any","[]"
"route_3238ebab0112290610700596","route_3238ebab0112290610700596.clause.28","1","occ_e6c8d473778f12580d0ed8da","selected_any","[]"
"route_3238ebab0112290610700596","route_3238ebab0112290610700596.clause.29","1","occ_39da3349de726c4d22e03f03","selected_any","[]"
"route_3238ebab0112290610700596","route_3238ebab0112290610700596.clause.3","1","occ_7b2cb5890bbcc22469f6609e","selected_any","[]"
"route_3238ebab0112290610700596","route_3238ebab0112290610700596.clause.4","1","occ_9e19e0ce735183217f3a332d","selected_any","[]"
"route_3238ebab0112290610700596","route_3238ebab0112290610700596.clause.5","1","occ_38bda6017045d2e1cb16b488","selected_any","[]"
"route_3238ebab0112290610700596","route_3238ebab0112290610700596.clause.6","1","occ_095a7b4700bb5602dd38b0e9","selected_any","[]"
"route_3238ebab0112290610700596","route_3238ebab0112290610700596.clause.7","1","occ_530a5d84cdb6283c5f22481d","selected_any","[]"
"route_3238ebab0112290610700596","route_3238ebab0112290610700596.clause.8","1","occ_8073e588ddb37df42c832e31","selected_any","[]"
"route_3238ebab0112290610700596","route_3238ebab0112290610700596.clause.9","1","occ_cd795bd5aaac4c97e1aa6596","selected_any","[]"
"route_326682446fdd3408d00e05cf","route_326682446fdd3408d00e05cf.clause.1","1","occ_43831e19f7609afeea24f1ea","equals","[1]"
"route_327cbbb6dee49e89b068151a","route_327cbbb6dee49e89b068151a.clause.1","1","occ_9b3570fe6fe2ee28dffcfa06","equals","[2]"
"route_327cbbb6dee49e89b068151a","route_327cbbb6dee49e89b068151a.clause_1","1","occ_9b3570fe6fe2ee28dffcfa06","equals","[2]"
"route_32a68d8eea7c43ad5f41f625","route_32a68d8eea7c43ad5f41f625.clause.1","1","occ_7ba994e1540ff890b9216e30","equals","[1]"
"route_32e6f0ea4c16917119b345e5","route_32e6f0ea4c16917119b345e5.clause_1","1","occ_ed5b0ab0935985754d6f59ff","selected_any","[]"
"route_32e6f0ea4c16917119b345e5","route_32e6f0ea4c16917119b345e5.clause_2","1","occ_f7571ffcb0877eda89086f94","selected_any","[]"
"route_32e6f0ea4c16917119b345e5","route_32e6f0ea4c16917119b345e5.clause_3","1","occ_761260b6ee6a0af67602bcfb","selected_any","[]"
"route_32f8b8306232c63195bafc0e","route_32f8b8306232c63195bafc0e.clause.1","1","occ_678fb564457705aa101c85f4","equals","[1]"
"route_332c5a2513528eda54006654","route_332c5a2513528eda54006654.clause.1","1","occ_68003e6e31c5186a76b1933c","selected_any","[]"
"route_334dce8d686c70cde4582fcd","route_334dce8d686c70cde4582fcd.clause.1","1","occ_1f11058ed53df9d2a7272426","selected_any","[]"
"route_3354535a0a0214c701b8c073","route_3354535a0a0214c701b8c073.clause_1","1","occ_37fd52938759ab2c8c9fc0c7","not_in","[1]"
"route_33608092d2507f5c3465885c","route_33608092d2507f5c3465885c.clause.1","1","occ_a57838137d65ab72f45b7963","equals","[1]"
"route_3376e47fa42e3374c472931f","route_3376e47fa42e3374c472931f.clause.1","1","occ_004fc6802d57eeca97081b28","selected_any","[]"
"route_337cf62be0bc69418d915b86","route_337cf62be0bc69418d915b86.clause.1","1","occ_c0692ea7cac8169d0f19729e","equals","[2]"
"route_33a425f78c272285c4a3303f","route_33a425f78c272285c4a3303f.clause.1","1","occ_53bb5ed11305db633de2f91f","gte","[1]"
"route_33c1fdd538614afcf88409c0","route_33c1fdd538614afcf88409c0.clause.1","1","occ_3c6e0fe7309da7b04a7bde72","equals","[1]"
"route_33c6df5e60be6e3bbe48750c","route_33c6df5e60be6e3bbe48750c.clause.1","1","occ_c492272db0104faed3927488","equals","[1]"
"route_33caa905d9954ec3dd3414a4","route_33caa905d9954ec3dd3414a4.clause.1","1","occ_7ebb51ec7cb11ba1741ad47d","in","[2,3]"
"route_33f0c6a322b37e31f87ac702","route_33f0c6a322b37e31f87ac702.clause.1","1","occ_09a4f1894a60358af208ebfb","gte","[1]"
"route_3400d15fa714b711a66f93ab","route_3400d15fa714b711a66f93ab.clause.1","1","occ_3ee04b086dbeab2336c8fb8f","in","[2,3,4]"
"route_3404e838323d27af301c96f0","route_3404e838323d27af301c96f0.clause.1","1","occ_5760db774a064ac0d98701a5","equals","[1]"
"route_345ace53ad56c074daf0fb1b","route_345ace53ad56c074daf0fb1b.clause.1","1","occ_818c9c0557474565ffeff806","equals","[1]"
"route_3460855d4e46656e68814a08","route_3460855d4e46656e68814a08.clause.1","1","occ_fb1c9b6b91330d411f2f35ab","in","[1,2]"
"route_347ee7547e0b451a6765c3d1","route_347ee7547e0b451a6765c3d1.clause.1","1","occ_cafc2d13c899c1734c392661","equals","[2]"
"route_34a639d4a930c9104af7b99d","route_34a639d4a930c9104af7b99d.clause.1","1","occ_5cb79e62dcb68b2e832d6945","equals","[1]"
"route_34e6444f95e236793aadddbd","route_34e6444f95e236793aadddbd.clause.1","1","occ_7c440841c458bd04ac23241d","equals","[1]"
"route_34e9c479a39be6a56546873f","route_34e9c479a39be6a56546873f.clause.1","1","occ_501051f07409eca9c6f14cba","selected_any","[]"
"route_3505e34ad9d1c978b7a69674","route_3505e34ad9d1c978b7a69674.clause.1","1","occ_a170810f0fb80de75366e0c5","in","[1,3]"
"route_3514ca4a1d4ce5fbf5f0bbb9","route_3514ca4a1d4ce5fbf5f0bbb9.clause.1","1","occ_0893d573317232e7965c92f3","in","[1,2,3]"
"route_35254c33f309ade9b3ebe0d1","route_35254c33f309ade9b3ebe0d1.clause_1","1","occ_25618c0fb3740cc978a0f81b","in","[1,2]"
"route_35611c7a564777e92f017d76","route_35611c7a564777e92f017d76.clause.1","1","occ_25f277d4d3dd79bbd247a0fe","equals","[1]"
"route_35870b1543a6ca9400ecc25d","route_35870b1543a6ca9400ecc25d.clause.1","1","occ_51b24b4279c5266f18725920","equals","[1]"
"route_359d241977359aa7df069526","route_359d241977359aa7df069526.clause.1","1","occ_d99d8f806cbb29c606b8b37d","equals","[1]"
"route_35e073b0bf7e22d48f100701","route_35e073b0bf7e22d48f100701.clause.1","1","occ_0b3d371d2a895414d0465afb","equals","[1]"
"route_35fa62dd28b19f4274e14893","route_35fa62dd28b19f4274e14893.clause.1","1","occ_373ba4d74fe72219b6afb857","equals","[1]"
"route_360473e66c09edd71c8d9032","route_360473e66c09edd71c8d9032.clause.1","1","occ_80eed801105be3c369e45047","equals","[2]"
"route_3625f5fe88bc7aaaaa79dd2c","route_3625f5fe88bc7aaaaa79dd2c.clause.1","1","occ_486ad53506e08ae3bec89708","selected_any","[]"
"route_3653c0457c562a0f52c1ab6b","route_3653c0457c562a0f52c1ab6b.clause.1","1","occ_898ff2fe556b34a52f013fcd","in","[2,3]"
"route_365605bbba4b21cff1b2c806","route_365605bbba4b21cff1b2c806.clause.1","1","occ_e30c1529e9b38a6dac93e8cd","equals","[1]"
"route_36568d5c8584079204b97b3a","route_36568d5c8584079204b97b3a.clause.1","1","occ_a2d2e329a91ae98851726cba","equals","[1]"
"route_3666d0db2dde826ba6abe34f","route_3666d0db2dde826ba6abe34f.clause_1","1","occ_c84834995a2a025b9b794890","gte","[1]"
"route_369b2eee628350cc216c0556","route_369b2eee628350cc216c0556.clause_1","1","occ_6c0388e5f9bb65208e03b4ad","equals","[1]"
"route_36e05d04e6bd2dff00003805","route_36e05d04e6bd2dff00003805.clause.1","1","occ_dfa89ae1dfda607a76c2d156","equals","[1]"
"route_36e80184fa838cd498b4f5ba","route_36e80184fa838cd498b4f5ba.clause.1","1","occ_f0fb4281aa8ab0a11203eb59","equals","[1]"
"route_370327ebbdbde58dac6fed61","route_370327ebbdbde58dac6fed61.clause.1","1","occ_c5f3db8dc15227f616dfe578","selected_any","[]"
"route_371ec7cb77f65e034fc16f38","route_371ec7cb77f65e034fc16f38.clause.1","1","occ_160e83b871797419ee08dfb9","in","[1,2]"
"route_37248cfaf695efd65edec646","route_37248cfaf695efd65edec646.clause.1","1","occ_74d1746ef5d2b28c23c0a209","equals","[4]"
"route_372efc0135b27959a8c4440a","route_372efc0135b27959a8c4440a.clause.1","1","occ_637568efbcc61655d03d1174","equals","[1]"
"route_373da5ecb473dd1c8a65be3e","route_373da5ecb473dd1c8a65be3e.clause_1","1","occ_f816ed659b75ce99d33540d5","equals","[1]"
"route_374f11189f6f4f669be0b5a7","route_374f11189f6f4f669be0b5a7.clause.1","1","occ_e2e251e6b973c82f1528da5d","equals","[1]"
"route_3764b0411559b48bb34aa8f8","route_3764b0411559b48bb34aa8f8.clause_1","1","occ_87ace7a2df80f81bfdf51fe9","equals","[4]"
"route_377a3bf7ed1f41bc8982a79f","route_377a3bf7ed1f41bc8982a79f.clause.1","1","occ_9d1ea8d2ffe2c65cc9e8ca8d","equals","[1]"
"route_378624eba4a28581bd8dc37f","route_378624eba4a28581bd8dc37f.clause.1","1","occ_9b7c442da327cbb9d70964f8","in","[2,3,4]"
"route_37bee285046254f964af68ea","route_37bee285046254f964af68ea.clause.1","1","occ_c65ce503620c96ebb89fed69","gte","[1]"
"route_3806e2763c27fff02620d895","route_3806e2763c27fff02620d895.clause.1","1","occ_4b911d80dbbdf2905cc11763","selected_any","[]"
"route_381c84d747b75dea414e157b","route_381c84d747b75dea414e157b.clause.1","1","occ_ed0eeb652430caf422c21a6c","in","[1,2,3]"
"route_382a6cb3b23262012ebedfbb","route_382a6cb3b23262012ebedfbb.clause.1","1","occ_f22204e3ad89386f7d147867","equals","[2]"
"route_385429520b751334df897a2d","route_385429520b751334df897a2d.clause.1","1","occ_8afb330363ee61e61d919dcc","selected_any","[]"
"route_3868b0e3804b1ba153527dd0","route_3868b0e3804b1ba153527dd0.clause.1","1","occ_2ab889fce3f6688aa2c62a37","selected_any","[]"
"route_389e93451eb0eb584b467c21","route_389e93451eb0eb584b467c21.clause.1","1","occ_531fbf096d515ccc491c41f4","equals","[1]"
"route_389e93451eb0eb584b467c21","route_389e93451eb0eb584b467c21.clause_1","1","occ_531fbf096d515ccc491c41f4","equals","[1]"
"route_38e4cb7a49037bce8adecaab","route_38e4cb7a49037bce8adecaab.clause.1","1","occ_5e254555564ebffc2765bdc3","equals","[7]"
"route_38e4cb7a49037bce8adecaab","route_38e4cb7a49037bce8adecaab.clause_1","1","occ_5e254555564ebffc2765bdc3","equals","[7]"
"route_392f3248f2264ae4f0ee2f81","route_392f3248f2264ae4f0ee2f81.clause.1","1","occ_99d1f9812528ab5ebad9d1f2","equals","[1]"
"route_3992235931d7baa0b8affe78","route_3992235931d7baa0b8affe78.clause.1","1","occ_5ac077b20face487f5fa6a97","selected_any","[]"
"route_39a5a27a605eb864ef5a859d","route_39a5a27a605eb864ef5a859d.clause.1","1","occ_0a3f7d8fa282d45524359d75","gte","[1]"
"route_39bd4cd4ca809c19bf3ba4f1","route_39bd4cd4ca809c19bf3ba4f1.clause.1","1","occ_6762c5c7494ff819e033fc39","in","[1,2,3]"
"route_39caa36660e3dd22a1d70b0e","route_39caa36660e3dd22a1d70b0e.clause.1","1","occ_e2662556891ae94d550c8cdd","in","[2,3]"
"route_39f0b4d72bdc219b84446386","route_39f0b4d72bdc219b84446386.clause.1","1","occ_824c6eb9e6c80455a52f699d","equals","[1]"
"route_3a16966daff826df82a8d407","route_3a16966daff826df82a8d407.clause_1","1","occ_d44aba9d3f1fea9a3dbd57da","gte","[1]"
"route_3a16966daff826df82a8d407","route_3a16966daff826df82a8d407.clause_1","2","occ_532c804717482fa29a2bd565","selected_any","[]"
"route_3a4d52390b29bd499a058ab1","route_3a4d52390b29bd499a058ab1.clause.1","1","occ_ca19663371bd89786f464c59","equals","[1]"
"route_3a7f520766053e00e8530b28","route_3a7f520766053e00e8530b28.clause.1","1","occ_fe734008993cd34a80b251b8","in","[2,3]"
"route_3a82a272dcdc9ab9eb3b5753","route_3a82a272dcdc9ab9eb3b5753.clause.1","1","occ_764cf2189b40c182ba4d6068","equals","[1]"
"route_3a9c94db6a9cf63279432ee6","route_3a9c94db6a9cf63279432ee6.clause.1","1","occ_8c80578c08f353e3a834827d","equals","[1]"
"route_3acb058c5fa2993c4ff9154f","route_3acb058c5fa2993c4ff9154f.clause.1","1","occ_1f3479f86b5cc831918d8b26","equals","[1]"
"route_3ad1bd9fbc63f30122cc7703","route_3ad1bd9fbc63f30122cc7703.clause.1","1","occ_51b24b4279c5266f18725920","equals","[1]"
"route_3b42624062200fca185e8a50","route_3b42624062200fca185e8a50.clause.1","1","occ_820d0750cf6b52794959faff","equals","[1]"
"route_3b4c3df91ebff073208c7217","route_3b4c3df91ebff073208c7217.clause.1","1","occ_37589be190fe13cc4503b567","equals","[1]"
"route_3b4c3df91ebff073208c7217","route_3b4c3df91ebff073208c7217.clause_1","1","occ_37589be190fe13cc4503b567","equals","[1]"
"route_3b93db9f4938cc38f8eb1689","route_3b93db9f4938cc38f8eb1689.clause.1","1","occ_07ca73c08fec897229b5a5e7","gte","[1]"
"route_3b9decc199398484f80c1594","route_3b9decc199398484f80c1594.clause.1","1","occ_5ba0a4f4d3012a7c00c66d6a","selected_any","[]"
"route_3ba616558dad72f931e8eb1a","route_3ba616558dad72f931e8eb1a.clause.1","1","occ_75229d7c6d99fc7529cb9f85","equals","[1]"
"route_3bbd0fe7ab6650be0138e803","route_3bbd0fe7ab6650be0138e803.clause.1","1","occ_92dfd131fbf64af28863dfaa","equals","[1]"
"route_3becc0cad24fe39c1c9a1ff0","route_3becc0cad24fe39c1c9a1ff0.clause.1","1","occ_0994061a9fa589fef66f6e6d","equals","[1]"
"route_3bf46d9db091bd56b255e02e","route_3bf46d9db091bd56b255e02e.clause.1","1","occ_0d15d4a09510b8d871c00de2","selected_any","[]"
"route_3c23fca507c6d058ce0fbdf3","route_3c23fca507c6d058ce0fbdf3.clause.1","1","occ_1d2e0ad77ce1ceaea296c7a2","equals","[1]"
"route_3c5d9a4710d2f6a2722831bb","route_3c5d9a4710d2f6a2722831bb.clause.1","1","occ_f6cdbfd92f5e5bb241a2e789","in","[2,3]"
"route_3c8146a9c617d8958accde3d","route_3c8146a9c617d8958accde3d.clause.1","1","occ_4a3764194a89a0fedd4bea01","equals","[1]"
"route_3c96a3fdce58a1fab77896fb","route_3c96a3fdce58a1fab77896fb.clause.1","1","occ_ab8b9b41d120f033258a30a3","selected_any","[]"
"route_3c96a3fdce58a1fab77896fb","route_3c96a3fdce58a1fab77896fb.clause.10","1","occ_b4600bf092901a694cd09e2c","selected_any","[]"
"route_3c96a3fdce58a1fab77896fb","route_3c96a3fdce58a1fab77896fb.clause.11","1","occ_88cb54eecf46b2252aa7096d","selected_any","[]"
"route_3c96a3fdce58a1fab77896fb","route_3c96a3fdce58a1fab77896fb.clause.12","1","occ_9651373627c9241c485c3f9e","selected_any","[]"
"route_3c96a3fdce58a1fab77896fb","route_3c96a3fdce58a1fab77896fb.clause.13","1","occ_db1fe68ea96b295a5ada8832","selected_any","[]"
"route_3c96a3fdce58a1fab77896fb","route_3c96a3fdce58a1fab77896fb.clause.14","1","occ_ff1c7a64e2747191302e1cc7","selected_any","[]"
"route_3c96a3fdce58a1fab77896fb","route_3c96a3fdce58a1fab77896fb.clause.15","1","occ_a1aa6e6b26fc8823363093b5","selected_any","[]"
"route_3c96a3fdce58a1fab77896fb","route_3c96a3fdce58a1fab77896fb.clause.16","1","occ_191c95759957275e3e3a7a3e","selected_any","[]"
"route_3c96a3fdce58a1fab77896fb","route_3c96a3fdce58a1fab77896fb.clause.17","1","occ_2c76da060b8e88128bf69193","selected_any","[]"
"route_3c96a3fdce58a1fab77896fb","route_3c96a3fdce58a1fab77896fb.clause.18","1","occ_b7bde752bc0ca85cf67714c6","selected_any","[]"
"route_3c96a3fdce58a1fab77896fb","route_3c96a3fdce58a1fab77896fb.clause.19","1","occ_33b032037f0a800f86439ec4","selected_any","[]"
"route_3c96a3fdce58a1fab77896fb","route_3c96a3fdce58a1fab77896fb.clause.2","1","occ_522bc8dd20945ce9b7395944","selected_any","[]"
"route_3c96a3fdce58a1fab77896fb","route_3c96a3fdce58a1fab77896fb.clause.20","1","occ_beb700e79d1fc0275357d8b0","selected_any","[]"
"route_3c96a3fdce58a1fab77896fb","route_3c96a3fdce58a1fab77896fb.clause.21","1","occ_429e598e2da7f001a5f1c4f4","selected_any","[]"
"route_3c96a3fdce58a1fab77896fb","route_3c96a3fdce58a1fab77896fb.clause.22","1","occ_77eeedb70a1ea33d829b165e","selected_any","[]"
"route_3c96a3fdce58a1fab77896fb","route_3c96a3fdce58a1fab77896fb.clause.23","1","occ_91badd95e8b6ac2607a68bcd","selected_any","[]"
"route_3c96a3fdce58a1fab77896fb","route_3c96a3fdce58a1fab77896fb.clause.24","1","occ_ca697ed04fdb56ea8b1f508c","selected_any","[]"
"route_3c96a3fdce58a1fab77896fb","route_3c96a3fdce58a1fab77896fb.clause.25","1","occ_f4a748a84a2602557c6685b5","selected_any","[]"
"route_3c96a3fdce58a1fab77896fb","route_3c96a3fdce58a1fab77896fb.clause.26","1","occ_8f5768722e88b00126d832cf","selected_any","[]"
"route_3c96a3fdce58a1fab77896fb","route_3c96a3fdce58a1fab77896fb.clause.27","1","occ_2573d4a7cf2c2fce51ab82ef","selected_any","[]"
"route_3c96a3fdce58a1fab77896fb","route_3c96a3fdce58a1fab77896fb.clause.28","1","occ_208ca4718ce1787e20cc0fb1","selected_any","[]"
"route_3c96a3fdce58a1fab77896fb","route_3c96a3fdce58a1fab77896fb.clause.29","1","occ_4919d9250c9dcb4f0c6c28bf","selected_any","[]"
"route_3c96a3fdce58a1fab77896fb","route_3c96a3fdce58a1fab77896fb.clause.3","1","occ_0017974cb3078ca936d5229b","selected_any","[]"
"route_3c96a3fdce58a1fab77896fb","route_3c96a3fdce58a1fab77896fb.clause.30","1","occ_afcc9b375f98e0837a9111f0","selected_any","[]"
"route_3c96a3fdce58a1fab77896fb","route_3c96a3fdce58a1fab77896fb.clause.31","1","occ_417e50f2c050ff5e1d5d68b0","selected_any","[]"
"route_3c96a3fdce58a1fab77896fb","route_3c96a3fdce58a1fab77896fb.clause.32","1","occ_8bb66d5229ce466476227e1a","selected_any","[]"
"route_3c96a3fdce58a1fab77896fb","route_3c96a3fdce58a1fab77896fb.clause.33","1","occ_b7994e1720bb85c5c0d94ffd","selected_any","[]"
"route_3c96a3fdce58a1fab77896fb","route_3c96a3fdce58a1fab77896fb.clause.34","1","occ_e532eebb740fe0f2919f3add","selected_any","[]"
"route_3c96a3fdce58a1fab77896fb","route_3c96a3fdce58a1fab77896fb.clause.35","1","occ_2d4ea53085516a094132ddff","selected_any","[]"
"route_3c96a3fdce58a1fab77896fb","route_3c96a3fdce58a1fab77896fb.clause.36","1","occ_b411e849c2565113c77c12b0","selected_any","[]"
"route_3c96a3fdce58a1fab77896fb","route_3c96a3fdce58a1fab77896fb.clause.37","1","occ_40a15a99706a003a5a5c5a23","selected_any","[]"
"route_3c96a3fdce58a1fab77896fb","route_3c96a3fdce58a1fab77896fb.clause.38","1","occ_a19545f9bf4ad9946fe16010","selected_any","[]"
"route_3c96a3fdce58a1fab77896fb","route_3c96a3fdce58a1fab77896fb.clause.39","1","occ_867faf0b9922622237d743e0","selected_any","[]"
"route_3c96a3fdce58a1fab77896fb","route_3c96a3fdce58a1fab77896fb.clause.4","1","occ_edd1d2c03a6f0010fbd220a5","selected_any","[]"
"route_3c96a3fdce58a1fab77896fb","route_3c96a3fdce58a1fab77896fb.clause.40","1","occ_6a0c9f3b217694e3c9427b59","selected_any","[]"
"route_3c96a3fdce58a1fab77896fb","route_3c96a3fdce58a1fab77896fb.clause.41","1","occ_762308bd87f44a4f23d6485e","selected_any","[]"
"route_3c96a3fdce58a1fab77896fb","route_3c96a3fdce58a1fab77896fb.clause.42","1","occ_37b031d13a267fd0c5e665cd","selected_any","[]"
"route_3c96a3fdce58a1fab77896fb","route_3c96a3fdce58a1fab77896fb.clause.43","1","occ_a9f2c2031ded200e5e9196d7","selected_any","[]"
"route_3c96a3fdce58a1fab77896fb","route_3c96a3fdce58a1fab77896fb.clause.44","1","occ_f49b124e79fbd4f8aeee903a","selected_any","[]"
"route_3c96a3fdce58a1fab77896fb","route_3c96a3fdce58a1fab77896fb.clause.45","1","occ_4756db827fd88c1b2920d6d5","selected_any","[]"
"route_3c96a3fdce58a1fab77896fb","route_3c96a3fdce58a1fab77896fb.clause.46","1","occ_593c9358b1050c3a3ea9f23f","selected_any","[]"
"route_3c96a3fdce58a1fab77896fb","route_3c96a3fdce58a1fab77896fb.clause.47","1","occ_fd5966eb6dfb10f5b600f822","selected_any","[]"
"route_3c96a3fdce58a1fab77896fb","route_3c96a3fdce58a1fab77896fb.clause.48","1","occ_2db0afaecbba3824095ce044","selected_any","[]"
"route_3c96a3fdce58a1fab77896fb","route_3c96a3fdce58a1fab77896fb.clause.49","1","occ_c2faadaa4331ec30c1a58e36","selected_any","[]"
"route_3c96a3fdce58a1fab77896fb","route_3c96a3fdce58a1fab77896fb.clause.5","1","occ_6ea7970973d36a998edf96f3","selected_any","[]"
"route_3c96a3fdce58a1fab77896fb","route_3c96a3fdce58a1fab77896fb.clause.50","1","occ_b9308efd524af6f6373da4ed","selected_any","[]"
"route_3c96a3fdce58a1fab77896fb","route_3c96a3fdce58a1fab77896fb.clause.51","1","occ_ea2c0e5439b7470e5e9aebba","selected_any","[]"
"route_3c96a3fdce58a1fab77896fb","route_3c96a3fdce58a1fab77896fb.clause.52","1","occ_1db13d4ec4a6a13499af3b3e","selected_any","[]"
"route_3c96a3fdce58a1fab77896fb","route_3c96a3fdce58a1fab77896fb.clause.53","1","occ_f6285a50b1e05e7d305e8885","selected_any","[]"
"route_3c96a3fdce58a1fab77896fb","route_3c96a3fdce58a1fab77896fb.clause.54","1","occ_cccd666408bdf2389b965554","selected_any","[]"
"route_3c96a3fdce58a1fab77896fb","route_3c96a3fdce58a1fab77896fb.clause.55","1","occ_0c5cc0fb482d1e531dc740c6","selected_any","[]"
"route_3c96a3fdce58a1fab77896fb","route_3c96a3fdce58a1fab77896fb.clause.56","1","occ_83b014d5c6d2e61be57153b4","selected_any","[]"
"route_3c96a3fdce58a1fab77896fb","route_3c96a3fdce58a1fab77896fb.clause.57","1","occ_6f20c73ec68d74517b5fb426","selected_any","[]"
"route_3c96a3fdce58a1fab77896fb","route_3c96a3fdce58a1fab77896fb.clause.58","1","occ_d7b34ba6be17d49272fdd09b","selected_any","[]"
"route_3c96a3fdce58a1fab77896fb","route_3c96a3fdce58a1fab77896fb.clause.59","1","occ_ea0a35e817f4381fee057c1c","selected_any","[]"
"route_3c96a3fdce58a1fab77896fb","route_3c96a3fdce58a1fab77896fb.clause.6","1","occ_89d0be152c1c0c3c92fe2beb","selected_any","[]"
"route_3c96a3fdce58a1fab77896fb","route_3c96a3fdce58a1fab77896fb.clause.60","1","occ_08d622d17f701f62763e9828","selected_any","[]"
"route_3c96a3fdce58a1fab77896fb","route_3c96a3fdce58a1fab77896fb.clause.61","1","occ_15d334cf4149ada02bb8a164","selected_any","[]"
"route_3c96a3fdce58a1fab77896fb","route_3c96a3fdce58a1fab77896fb.clause.62","1","occ_c794d5800ebc3c09e4f1458f","selected_any","[]"
"route_3c96a3fdce58a1fab77896fb","route_3c96a3fdce58a1fab77896fb.clause.63","1","occ_c0545e924bf15ce570382f4f","selected_any","[]"
"route_3c96a3fdce58a1fab77896fb","route_3c96a3fdce58a1fab77896fb.clause.64","1","occ_ccae328b5cec5058a6b29e17","selected_any","[]"
"route_3c96a3fdce58a1fab77896fb","route_3c96a3fdce58a1fab77896fb.clause.65","1","occ_9d1a07630a5efd34bbb17307","selected_any","[]"
"route_3c96a3fdce58a1fab77896fb","route_3c96a3fdce58a1fab77896fb.clause.66","1","occ_e64f115a8a4e5d669befdb21","selected_any","[]"
"route_3c96a3fdce58a1fab77896fb","route_3c96a3fdce58a1fab77896fb.clause.67","1","occ_647b2c89c98266bc0f9a57a5","selected_any","[]"
"route_3c96a3fdce58a1fab77896fb","route_3c96a3fdce58a1fab77896fb.clause.68","1","occ_736895ea2263dc8d5aeed63b","selected_any","[]"
"route_3c96a3fdce58a1fab77896fb","route_3c96a3fdce58a1fab77896fb.clause.69","1","occ_5143a112f2a93ce6780b4c56","selected_any","[]"
"route_3c96a3fdce58a1fab77896fb","route_3c96a3fdce58a1fab77896fb.clause.7","1","occ_d0c6aa3e05b6e2c632104bc6","selected_any","[]"
"route_3c96a3fdce58a1fab77896fb","route_3c96a3fdce58a1fab77896fb.clause.70","1","occ_496cebe36ad50fef5c1cb557","selected_any","[]"
"route_3c96a3fdce58a1fab77896fb","route_3c96a3fdce58a1fab77896fb.clause.71","1","occ_00e56617fe330793dab9a31f","selected_any","[]"
"route_3c96a3fdce58a1fab77896fb","route_3c96a3fdce58a1fab77896fb.clause.72","1","occ_738338c92031805c5e683faf","selected_any","[]"
"route_3c96a3fdce58a1fab77896fb","route_3c96a3fdce58a1fab77896fb.clause.73","1","occ_9e341e2a306cb6c652d7def3","selected_any","[]"
"route_3c96a3fdce58a1fab77896fb","route_3c96a3fdce58a1fab77896fb.clause.74","1","occ_e8aec64439ed9ab587aa8238","selected_any","[]"
"route_3c96a3fdce58a1fab77896fb","route_3c96a3fdce58a1fab77896fb.clause.75","1","occ_ffabce36b2dbbb55e3ef392c","selected_any","[]"
"route_3c96a3fdce58a1fab77896fb","route_3c96a3fdce58a1fab77896fb.clause.76","1","occ_0811765d44993771067db237","selected_any","[]"
"route_3c96a3fdce58a1fab77896fb","route_3c96a3fdce58a1fab77896fb.clause.77","1","occ_08c490e55fdd6d7d43567418","selected_any","[]"
"route_3c96a3fdce58a1fab77896fb","route_3c96a3fdce58a1fab77896fb.clause.78","1","occ_80d4a6e6a76dd7b1783cec2c","selected_any","[]"
"route_3c96a3fdce58a1fab77896fb","route_3c96a3fdce58a1fab77896fb.clause.79","1","occ_967dd7c242a25d25da202c0f","selected_any","[]"
"route_3c96a3fdce58a1fab77896fb","route_3c96a3fdce58a1fab77896fb.clause.8","1","occ_dc09845d858c52134bf1a586","selected_any","[]"
"route_3c96a3fdce58a1fab77896fb","route_3c96a3fdce58a1fab77896fb.clause.80","1","occ_8d917b979a934ea8cc3858ce","selected_any","[]"
"route_3c96a3fdce58a1fab77896fb","route_3c96a3fdce58a1fab77896fb.clause.81","1","occ_41dbb9395bf2bfab7ca7b2f4","selected_any","[]"
"route_3c96a3fdce58a1fab77896fb","route_3c96a3fdce58a1fab77896fb.clause.82","1","occ_a327f96e1795a9fb2dc1d82a","selected_any","[]"
"route_3c96a3fdce58a1fab77896fb","route_3c96a3fdce58a1fab77896fb.clause.83","1","occ_b7e6d3c0de0e4be1a4dcbe81","selected_any","[]"
"route_3c96a3fdce58a1fab77896fb","route_3c96a3fdce58a1fab77896fb.clause.84","1","occ_1f7264645c2fd3e7fa7be3aa","selected_any","[]"
"route_3c96a3fdce58a1fab77896fb","route_3c96a3fdce58a1fab77896fb.clause.85","1","occ_b6ae6758aab44787a0fa8f03","selected_any","[]"
"route_3c96a3fdce58a1fab77896fb","route_3c96a3fdce58a1fab77896fb.clause.86","1","occ_a6ea48188b2908d070189659","selected_any","[]"
"route_3c96a3fdce58a1fab77896fb","route_3c96a3fdce58a1fab77896fb.clause.87","1","occ_e205d283771509bb28fe57f5","selected_any","[]"
"route_3c96a3fdce58a1fab77896fb","route_3c96a3fdce58a1fab77896fb.clause.9","1","occ_e9e8397524eed7cac2067e44","selected_any","[]"
"route_3c97b2fcfe50eccbeb5a49c8","route_3c97b2fcfe50eccbeb5a49c8.clause.1","1","occ_d0519f15408a6a1c56280a01","equals","[2]"
"route_3cb318a94c10c61d044e1606","route_3cb318a94c10c61d044e1606.clause.1","1","occ_7b4aaae534199c76c7cefc37","selected_any","[]"
"route_3cbb92567070752a21c3256f","route_3cbb92567070752a21c3256f.clause.1","1","occ_d8877a317b6fae2a9fac5711","selected_any","[]"
"route_3cdda0086fc03ab973051df0","route_3cdda0086fc03ab973051df0.clause.1","1","occ_70eb0ca307e245a7872196f8","equals","[1]"
"route_3ced129f890621ccd550b199","route_3ced129f890621ccd550b199.clause.1","1","occ_0968de1052e7188c801cfbb1","equals","[1]"
"route_3ced129f890621ccd550b199","route_3ced129f890621ccd550b199.clause_1","1","occ_0968de1052e7188c801cfbb1","equals","[1]"
"route_3cf80845e6f040fe453f42f6","route_3cf80845e6f040fe453f42f6.clause.1","1","occ_7e1bdb569ba6292e1d1942e4","selected_any","[]"
"route_3cf80845e6f040fe453f42f6","route_3cf80845e6f040fe453f42f6.clause.2","1","occ_dfe523245910bce41fd9bca3","selected_any","[]"
"route_3cf80845e6f040fe453f42f6","route_3cf80845e6f040fe453f42f6.clause.3","1","occ_7d65429829bcf1a251cde9e3","selected_any","[]"
"route_3cf8c6d1673c2e22ea25e848","route_3cf8c6d1673c2e22ea25e848.clause.1","1","occ_feafb0db57059807a08cc1bb","equals","[1]"
"route_3d0078837129a2d79007a4ff","route_3d0078837129a2d79007a4ff.clause.1","1","occ_5b20abe81beeda05f38ff73b","in","[2,3]"
"route_3d12d5861b543a7a2a84bedf","route_3d12d5861b543a7a2a84bedf.clause.1","1","occ_61ee634e406c7c23f9b2ccb6","in","[2,3]"
"route_3d41e5e81e24e21e38f2aada","route_3d41e5e81e24e21e38f2aada.clause.1","1","occ_cadcb9118522ebac6fba94b1","selected_any","[]"
"route_3d41e5e81e24e21e38f2aada","route_3d41e5e81e24e21e38f2aada.clause.2","1","occ_18d7cd90f38b7e29614c3586","selected_any","[]"
"route_3d41e5e81e24e21e38f2aada","route_3d41e5e81e24e21e38f2aada.clause.3","1","occ_f43446b0f6bb36acd79177c7","selected_any","[]"
"route_3d45f104fab3ce9a9bc41d1a","route_3d45f104fab3ce9a9bc41d1a.clause.1","1","occ_cbf49a5ecefb991f5847e03a","equals","[1]"
"route_3d45f104fab3ce9a9bc41d1a","route_3d45f104fab3ce9a9bc41d1a.clause_1","1","occ_cbf49a5ecefb991f5847e03a","equals","[1]"
"route_3d59eb89bf3988842e0c41e2","route_3d59eb89bf3988842e0c41e2.clause.1","1","occ_9003ffa53770e3d8ff5081dc","selected_any","[]"
"route_3d6cda080f9c5a928ffb2279","route_3d6cda080f9c5a928ffb2279.clause.1","1","occ_4c22d97ec5dd17159395b46a","in","[1,2]"
"route_3d9ea96f4c6a403ae1e457e1","route_3d9ea96f4c6a403ae1e457e1.clause.1","1","occ_7959329afb56546c85204f23","selected_any","[]"
"route_3d9ea96f4c6a403ae1e457e1","route_3d9ea96f4c6a403ae1e457e1.clause.10","1","occ_f18ae2847153b1ce05557ea3","selected_any","[]"
"route_3d9ea96f4c6a403ae1e457e1","route_3d9ea96f4c6a403ae1e457e1.clause.11","1","occ_0b3765626ca2192c87422726","selected_any","[]"
"route_3d9ea96f4c6a403ae1e457e1","route_3d9ea96f4c6a403ae1e457e1.clause.12","1","occ_85323e5d538cd3f0f66fe170","selected_any","[]"
"route_3d9ea96f4c6a403ae1e457e1","route_3d9ea96f4c6a403ae1e457e1.clause.13","1","occ_ad4bf489f6fe20a8d98c27dd","selected_any","[]"
"route_3d9ea96f4c6a403ae1e457e1","route_3d9ea96f4c6a403ae1e457e1.clause.14","1","occ_0c0ada0d2a36d49b6f78df9d","selected_any","[]"
"route_3d9ea96f4c6a403ae1e457e1","route_3d9ea96f4c6a403ae1e457e1.clause.15","1","occ_dc25016b3053974afd12d5ff","selected_any","[]"
"route_3d9ea96f4c6a403ae1e457e1","route_3d9ea96f4c6a403ae1e457e1.clause.16","1","occ_b6bef658b58594c94b5be105","selected_any","[]"
"route_3d9ea96f4c6a403ae1e457e1","route_3d9ea96f4c6a403ae1e457e1.clause.17","1","occ_14d4d9af029eb69d877b5504","selected_any","[]"
"route_3d9ea96f4c6a403ae1e457e1","route_3d9ea96f4c6a403ae1e457e1.clause.18","1","occ_b800f842a873955205d8267c","selected_any","[]"
"route_3d9ea96f4c6a403ae1e457e1","route_3d9ea96f4c6a403ae1e457e1.clause.19","1","occ_5c74f078a798ab7e65c2d0dd","selected_any","[]"
"route_3d9ea96f4c6a403ae1e457e1","route_3d9ea96f4c6a403ae1e457e1.clause.2","1","occ_dd733650a4a44e9c53197bf2","selected_any","[]"
"route_3d9ea96f4c6a403ae1e457e1","route_3d9ea96f4c6a403ae1e457e1.clause.20","1","occ_648c826b567a5cb48215538a","selected_any","[]"
"route_3d9ea96f4c6a403ae1e457e1","route_3d9ea96f4c6a403ae1e457e1.clause.21","1","occ_34ae15707b68cf33f8187886","selected_any","[]"
"route_3d9ea96f4c6a403ae1e457e1","route_3d9ea96f4c6a403ae1e457e1.clause.22","1","occ_4439ba53cd8f8d61d7858380","selected_any","[]"
"route_3d9ea96f4c6a403ae1e457e1","route_3d9ea96f4c6a403ae1e457e1.clause.23","1","occ_b66f875ee8cc749d22e1aa03","selected_any","[]"
"route_3d9ea96f4c6a403ae1e457e1","route_3d9ea96f4c6a403ae1e457e1.clause.24","1","occ_08a7c1c0c4912500462091ea","selected_any","[]"
"route_3d9ea96f4c6a403ae1e457e1","route_3d9ea96f4c6a403ae1e457e1.clause.25","1","occ_dd0cc903bd6c52cdaedc4df1","selected_any","[]"
"route_3d9ea96f4c6a403ae1e457e1","route_3d9ea96f4c6a403ae1e457e1.clause.26","1","occ_2c835dda373e4613aa034fd6","selected_any","[]"
"route_3d9ea96f4c6a403ae1e457e1","route_3d9ea96f4c6a403ae1e457e1.clause.27","1","occ_4c2c7010afeefe83d177c2fe","selected_any","[]"
"route_3d9ea96f4c6a403ae1e457e1","route_3d9ea96f4c6a403ae1e457e1.clause.28","1","occ_02908945f7d54c620be6db36","selected_any","[]"
"route_3d9ea96f4c6a403ae1e457e1","route_3d9ea96f4c6a403ae1e457e1.clause.29","1","occ_82c2579f9a7a4d8f344be14d","selected_any","[]"
"route_3d9ea96f4c6a403ae1e457e1","route_3d9ea96f4c6a403ae1e457e1.clause.3","1","occ_99b6a4f56b6bbd4d2fcc072f","selected_any","[]"
"route_3d9ea96f4c6a403ae1e457e1","route_3d9ea96f4c6a403ae1e457e1.clause.4","1","occ_74390e1963207c2d1a1b8fea","selected_any","[]"
"route_3d9ea96f4c6a403ae1e457e1","route_3d9ea96f4c6a403ae1e457e1.clause.5","1","occ_c4379758d1b383a491e30ce2","selected_any","[]"
"route_3d9ea96f4c6a403ae1e457e1","route_3d9ea96f4c6a403ae1e457e1.clause.6","1","occ_a65e2b0fd8dd076a7644d996","selected_any","[]"
"route_3d9ea96f4c6a403ae1e457e1","route_3d9ea96f4c6a403ae1e457e1.clause.7","1","occ_7d4e181559df7426f2bfa7e8","selected_any","[]"
"route_3d9ea96f4c6a403ae1e457e1","route_3d9ea96f4c6a403ae1e457e1.clause.8","1","occ_7cd84d01d9ec4776fe340422","selected_any","[]"
"route_3d9ea96f4c6a403ae1e457e1","route_3d9ea96f4c6a403ae1e457e1.clause.9","1","occ_2dda83828468c18b25fc850c","selected_any","[]"
"route_3db55a1579d2ed93eaaf87f4","route_3db55a1579d2ed93eaaf87f4.clause.1","1","occ_37cac3d3035648efa62a740d","gte","[1]"
"route_3dd27e79f51303807068c810","route_3dd27e79f51303807068c810.clause.1","1","occ_eca3486e6111e6d13d68a90e","selected_any","[]"
"route_3e24bfebaedd8dbb7ea48e7f","route_3e24bfebaedd8dbb7ea48e7f.clause.1","1","occ_286138ba5797e328bcff5c51","in","[2,3]"
"route_3e397b67e9d4250749a3235f","route_3e397b67e9d4250749a3235f.clause.1","1","occ_cac92148e66a0a9f6cd72035","selected_any","[]"
"route_3e397b67e9d4250749a3235f","route_3e397b67e9d4250749a3235f.clause.2","1","occ_201806757b9225fdc5d63dbf","selected_any","[]"
"route_3e397b67e9d4250749a3235f","route_3e397b67e9d4250749a3235f.clause.3","1","occ_1d0a3469aa7d1121ae9c6662","selected_any","[]"
"route_3e43604f765bc6c3a8ba11e5","route_3e43604f765bc6c3a8ba11e5.clause.1","1","occ_d8982e797a7b3488f2cfb9e7","in","[2,3]"
"route_3e7c10d1ac83597136335e48","route_3e7c10d1ac83597136335e48.clause.1","1","occ_bc83f372fd362827cecc4e15","in","[2,3]"
"route_3e9143cf8a87df9063a09d25","route_3e9143cf8a87df9063a09d25.clause.1","1","occ_de8928e0d6d2a5068e6f4b9e","equals","[1]"
"route_3e9143cf8a87df9063a09d25","route_3e9143cf8a87df9063a09d25.clause_1","1","occ_de8928e0d6d2a5068e6f4b9e","equals","[1]"
"route_3edfc63949b1676bb65caf45","route_3edfc63949b1676bb65caf45.clause.1","1","occ_f702045f312e82af1e670456","equals","[1]"
"route_3f0091d42e8371f15b444643","route_3f0091d42e8371f15b444643.clause.1","1","occ_d89a569ccaeebc253498ffb4","selected_any","[]"
"route_3f19cf856c170dfc022bda7f","route_3f19cf856c170dfc022bda7f.clause.1","1","occ_5bce55ae5b2d4a474b2c68a5","equals","[7]"
"route_3f248271b4ddadf798b6f162","route_3f248271b4ddadf798b6f162.clause.1","1","occ_78c6d25cd2e4b657aaed46f2","in","[1,2]"
"route_3f4e76c8177a860bd0332707","route_3f4e76c8177a860bd0332707.clause.1","1","occ_e28b6dfa353ac9770afc28ab","equals","[1]"
"route_3fa55bf370db498b46137a77","route_3fa55bf370db498b46137a77.clause.1","1","occ_fa219e7615c91e4fe425f73a","in","[1,2]"
"route_3fbe40e19dd18967be0875f0","route_3fbe40e19dd18967be0875f0.clause.1","1","occ_cac83093c3284ab5cf7301f5","equals","[7]"
"route_401d3075711f455b916e437e","route_401d3075711f455b916e437e.clause.1","1","occ_50162cb4cab5d8e605ba3720","in","[2,3]"
"route_401d3075711f455b916e437e","route_401d3075711f455b916e437e.clause_1","1","occ_50162cb4cab5d8e605ba3720","in","[2,3]"
"route_401d89e76b640d1b5f04813a","route_401d89e76b640d1b5f04813a.clause.1","1","occ_eb84275e5310dd58c41e080f","gte","[2]"
"route_403d8c1c0ec8877db8079776","route_403d8c1c0ec8877db8079776.clause.1","1","occ_fba394712da4d974fc232acc","in","[1,2]"
"route_404b05ed0e7f0db051991796","route_404b05ed0e7f0db051991796.clause.1","1","occ_cc3099af8e19642e59d25708","selected_any","[]"
"route_404b7d9d8eb038cda0c9343c","route_404b7d9d8eb038cda0c9343c.clause.1","1","occ_b56a38177239c281711f58e5","in","[2,3]"
"route_40686f2857533ed36abc7d09","route_40686f2857533ed36abc7d09.clause.1","1","occ_bd6f5370b72a6f28b10fa86d","in","[1,2]"
"route_408b447289037daccbdeea8d","route_408b447289037daccbdeea8d.clause.1","1","occ_73cc0d72554b863c616c9882","equals","[1]"
"route_40a8380de74ba4e6a8b4fdbc","route_40a8380de74ba4e6a8b4fdbc.clause.1","1","occ_7ccd89dbab768134f49df5e1","equals","[1]"
"route_40aab94b942165b7d6842a7e","route_40aab94b942165b7d6842a7e.clause.1","1","occ_0e0643ab209ae4065c09f6cf","in","[4,5,6,7]"
"route_40d6cf0c09f6a6b658af7795","route_40d6cf0c09f6a6b658af7795.clause.1","1","occ_a45efa28a05631b163c26941","equals","[1]"
"route_40f21ba510fa6cb63acbb7f6","route_40f21ba510fa6cb63acbb7f6.clause.1","1","occ_8fbfbe23d7f8fb2514185387","equals","[1]"
"route_410fdfaa99ca092f3521c922","route_410fdfaa99ca092f3521c922.clause.1","1","occ_b99f326deb43b52235c724a7","equals","[1]"
"route_41291e18018d6d76377aad5e","route_41291e18018d6d76377aad5e.clause.1","1","occ_28d964efe9c0e44dfdd21c71","in","[2,3,4]"
"route_4162780e792a59a0769160eb","route_4162780e792a59a0769160eb.clause.1","1","occ_b6245bbe504746645547eb6e","equals","[2]"
"route_419e8615755141870689e0ac","route_419e8615755141870689e0ac.clause.1","1","occ_6ff588f3eeb3f95eb20f2536","in","[2,3]"
"route_41ba804cb1d8e335ba84f0b4","route_41ba804cb1d8e335ba84f0b4.clause.1","1","occ_c5eedc67605d0d9008185777","equals","[1]"
"route_41cec277232b1eb49de8ce5c","route_41cec277232b1eb49de8ce5c.clause_1","1","occ_b2c931b05aa0db5ec77770eb","selected_any","[]"
"route_41cec277232b1eb49de8ce5c","route_41cec277232b1eb49de8ce5c.clause_2","1","occ_33f56e4f0af68078755a46f6","selected_any","[]"
"route_41cec277232b1eb49de8ce5c","route_41cec277232b1eb49de8ce5c.clause_3","1","occ_219a9c8c72b710221d19f2ce","selected_any","[]"
"route_41cec277232b1eb49de8ce5c","route_41cec277232b1eb49de8ce5c.clause_4","1","occ_605b1de5dd60e6f5904aaf68","selected_any","[]"
"route_41cec277232b1eb49de8ce5c","route_41cec277232b1eb49de8ce5c.clause_5","1","occ_8d70c741a89d66ac9d16bbc2","selected_any","[]"
"route_41cec277232b1eb49de8ce5c","route_41cec277232b1eb49de8ce5c.clause_6","1","occ_47a9041470a177bf99bcbba1","selected_any","[]"
"route_41f331d3247b46508dd0870f","route_41f331d3247b46508dd0870f.clause.1","1","occ_5f1fccb72ad4f6145ffbb6d5","equals","[1]"
"route_41f632875610fa3098bbdfa5","route_41f632875610fa3098bbdfa5.clause.1","1","occ_ed6a4b91476e16772647111a","selected_any","[]"
"route_422397addf6565909d663aaa","route_422397addf6565909d663aaa.clause.1","1","occ_43287b5326f84bb312ed8f3f","equals","[1]"
"route_42695924014c5666b701afb5","route_42695924014c5666b701afb5.clause.1","1","occ_fef9f41b370016f95aa4601e","selected_any","[]"
"route_42695924014c5666b701afb5","route_42695924014c5666b701afb5.clause.2","1","occ_62bdd952046a017f4a01ed8c","selected_any","[]"
"route_42695924014c5666b701afb5","route_42695924014c5666b701afb5.clause.3","1","occ_92e72d45bc4d39497b971ab1","selected_any","[]"
"route_426ff067b40f20822f32d663","route_426ff067b40f20822f32d663.clause.1","1","occ_21b88fb8c6aa931751d9aeb2","equals","[1]"
"route_42be114a9e598361a1c6382d","route_42be114a9e598361a1c6382d.clause_1","1","occ_ea7f075c4c8189227604e39e","not_in","[1]"
"route_42ce70b6b7ccc6c3849a0e0d","route_42ce70b6b7ccc6c3849a0e0d.clause.1","1","occ_e3c39cfb6461f46622cec3f5","in","[1,2]"
"route_42d3e2a9304236023211d660","route_42d3e2a9304236023211d660.clause.1","1","occ_5fabd6236f20b2561434a7a5","gte","[3]"
"route_431615cd7ffae255ddfc0979","route_431615cd7ffae255ddfc0979.clause_1","1","occ_b43827616c15a39bf41d9fab","in","[1,2]"
"route_431807c74d71aa40eac8e263","route_431807c74d71aa40eac8e263.clause.1","1","occ_8cb2d8170de997520d81aa20","in","[1,3]"
"route_43262f84347693d8d8aa9a25","route_43262f84347693d8d8aa9a25.clause.1","1","occ_e2e251e6b973c82f1528da5d","equals","[1]"
"route_43472ca23a85c7cb1f54642f","route_43472ca23a85c7cb1f54642f.clause.1","1","occ_5f07d94a66bd3598782da1cb","in","[1,2]"
"route_435fe2100856e35d5b3276ab","route_435fe2100856e35d5b3276ab.clause.1","1","occ_f48ebb1974d54fb04ce08dbb","in","[1,2,3]"
"route_43682d59e943be6d7a47da28","route_43682d59e943be6d7a47da28.clause.1","1","occ_c52552944879990bcb0bdeb0","equals","[1]"
"route_43766bf8f4f14a17e2444e3f","route_43766bf8f4f14a17e2444e3f.clause_1","1","occ_ed7c9e3abe3a09481c49b1af","gte","[1]"
"route_437758ef0d6eeb072f68ad1a","route_437758ef0d6eeb072f68ad1a.clause.1","1","occ_592c0e9a66939fb6de7df410","in","[1,4]"
"route_43a5286d19be9f1f8b73c71d","route_43a5286d19be9f1f8b73c71d.clause.1","1","occ_6762c5c7494ff819e033fc39","in","[1,2,3]"
"route_43ab48e8e12c42388586e901","route_43ab48e8e12c42388586e901.clause.1","1","occ_a73ba03ce32cd5851a3ffb31","gte","[1]"
"route_44062d713eaad1e5ab17b2a9","route_44062d713eaad1e5ab17b2a9.clause.1","1","occ_b6c9798fa9614e02d1fd5994","equals","[2]"
"route_440f5f07d6414e36e9222cde","route_440f5f07d6414e36e9222cde.clause.1","1","occ_63f25f5c778e4ef3218ed4ee","in","[1,2]"
"route_441c224d9c9bbf515dcfdf1e","route_441c224d9c9bbf515dcfdf1e.clause.1","1","occ_031ff7e1939c9dfa5c2c34ec","in","[1,2,3]"
"route_442c9ee3907907596ec6cd88","route_442c9ee3907907596ec6cd88.clause.1","1","occ_dcbc105647f259e9cc5e985f","equals","[1]"
"route_44618966362404e367b2641d","route_44618966362404e367b2641d.clause.1","1","occ_027d8d37b5b9936ab4abf6d2","selected_any","[]"
"route_4478419a67fc0f81c432abbd","route_4478419a67fc0f81c432abbd.clause.1","1","occ_f2c118051069643d09bb5c03","equals","[1]"
"route_448dd5440963737e8aa5f246","route_448dd5440963737e8aa5f246.clause.1","1","occ_eefde73841342ffb19ea6c1b","gte","[3]"
"route_44b64fe4c79e46259d548d28","route_44b64fe4c79e46259d548d28.clause.1","1","occ_512f497cf80fbf8ea2289a95","gte","[3]"
"route_44b75a09e7f9f8f7e019ca85","route_44b75a09e7f9f8f7e019ca85.clause.1","1","occ_d1a12cc831cf42a0b5caa6f8","equals","[1]"
"route_44bd2410cd9d4d735d0be4c5","route_44bd2410cd9d4d735d0be4c5.clause.1","1","occ_46e99adb5df8a1e8c53a1960","equals","[1]"
"route_44f1db6711a2d80242864d98","route_44f1db6711a2d80242864d98.clause.1","1","occ_941fb498af3d15c85cf85b0b","in","[1,2]"
"route_44fab18b9f4b45d4b0be737b","route_44fab18b9f4b45d4b0be737b.clause.1","1","occ_ae13416da0c85a494b496841","equals","[1]"
"route_44fab18b9f4b45d4b0be737b","route_44fab18b9f4b45d4b0be737b.clause_1","1","occ_ae13416da0c85a494b496841","equals","[1]"
"route_4541bb552520705e2f1ada20","route_4541bb552520705e2f1ada20.clause_1","1","occ_8a771a7b1dba9f81274c52eb","equals","[1]"
"route_457e31a6f65552c2cd465c8b","route_457e31a6f65552c2cd465c8b.clause.1","1","occ_a14c22260188bda229747d18","in","[1,2]"
"route_45dbb2110725f334dfe93080","route_45dbb2110725f334dfe93080.clause.1","1","occ_e16bce0f4a98b8a45b4f5409","equals","[1]"
"route_45dfc226687fe35535c5880d","route_45dfc226687fe35535c5880d.clause.1","1","occ_e28b6dfa353ac9770afc28ab","equals","[1]"
"route_461b959821bd4b9ae2557993","route_461b959821bd4b9ae2557993.clause.1","1","occ_0e19fc6f4924a83628c7501f","equals","[1]"
"route_463ab61962c42445ef0c09f4","route_463ab61962c42445ef0c09f4.clause.1","1","occ_5bce55ae5b2d4a474b2c68a5","in","[1,2,3]"
"route_46939c325b924070df9295cb","route_46939c325b924070df9295cb.clause.1","1","occ_bb5964a9a3e25910e1cdc899","equals","[1]"
"route_46952c6f1287bf39937940bb","route_46952c6f1287bf39937940bb.clause.1","1","occ_04ee4731836ed318395b4d16","equals","[7]"
"route_46aca8650d28c6ed575cef1e","route_46aca8650d28c6ed575cef1e.clause.1","1","occ_ec83a180d0e2e2eb0e710f27","in","[2,3]"
"route_46c5ae4c25fd53b4a2e9d650","route_46c5ae4c25fd53b4a2e9d650.clause.1","1","occ_0e8add0304c6f9750ada9e28","selected_any","[]"
"route_4723a3569da41a6d8813e150","route_4723a3569da41a6d8813e150.clause.1","1","occ_6cc3fb759784c9545d4a7081","in","[1,2,3]"
"route_4728dde6405a36afe00b6885","route_4728dde6405a36afe00b6885.clause.1","1","occ_ad0316917c5881fc07d24ff1","selected_any","[]"
"route_47318944abfa370e099d2e53","route_47318944abfa370e099d2e53.clause.1","1","occ_4cfe7c53fed4237341f0a289","gte","[1]"
"route_4748f47352efafdf0b22d223","route_4748f47352efafdf0b22d223.clause.1","1","occ_d63d6b111c7bf1f87d177998","in","[1,2]"
"route_4767a126c69e5228d7ee2f15","route_4767a126c69e5228d7ee2f15.clause.1","1","occ_ba1e54b1ef98236cb9259778","equals","[2]"
"route_4787313256fb9d89d325561e","route_4787313256fb9d89d325561e.clause.1","1","occ_c4b253d706e263fc1df70447","equals","[7]"
"route_47a7fe450fd234e0f7cf6a9c","route_47a7fe450fd234e0f7cf6a9c.clause.1","1","occ_53bb5ed11305db633de2f91f","gte","[1]"
"route_47ab264bf86411bec6f4cce4","route_47ab264bf86411bec6f4cce4.clause.1","1","occ_5f07d94a66bd3598782da1cb","in","[1,2]"
"route_47b4a1132cfb5bb5bf666767","route_47b4a1132cfb5bb5bf666767.clause.1","1","occ_d77d698d033eee0292cec8f2","selected_any","[]"
"route_47e627c905735fe0ad16dde6","route_47e627c905735fe0ad16dde6.clause.1","1","occ_e2662556891ae94d550c8cdd","equals","[1]"
"route_47f263c7162252330e2aae19","route_47f263c7162252330e2aae19.clause.1","1","occ_03c3344db829e193af8b4bdf","gte","[1]"
"route_48779c7fcbf3d37a4d298281","route_48779c7fcbf3d37a4d298281.clause.1","1","occ_276e3954245e12be2333d21d","equals","[1]"
"route_48c78206496b5323e0afaae7","route_48c78206496b5323e0afaae7.clause_1","1","occ_b43827616c15a39bf41d9fab","in","[1,2]"
"route_48fdaf1a805ee9c31c39c1f3","route_48fdaf1a805ee9c31c39c1f3.clause.1","1","occ_3b30524eea33eade82b7127a","in","[1,2]"
"route_4900b15c8a6fed2b309f3efe","route_4900b15c8a6fed2b309f3efe.clause_1","1","occ_79cdc38dcb4638ebf730f5fe","gte","[1]"
"route_4902a9a573c2f0035a06f4a2","route_4902a9a573c2f0035a06f4a2.clause.1","1","occ_ecf10420352018096b474ae8","selected_any","[]"
"route_4931ed4e3caa4f624e7a4ec3","route_4931ed4e3caa4f624e7a4ec3.clause.1","1","occ_c0f6ebacb42eb1de75446e7d","equals","[3]"
"route_4932d374cf7a327be70928ec","route_4932d374cf7a327be70928ec.clause_1","1","occ_58ae7b18abd8873dbc348429","selected_any","[]"
"route_4932d374cf7a327be70928ec","route_4932d374cf7a327be70928ec.clause_2","1","occ_92ff31b7573f3442bab22080","selected_any","[]"
"route_4946f10639ab116ed5fb33f6","route_4946f10639ab116ed5fb33f6.clause.1","1","occ_2b37b5fdf98bf68108ecffd8","equals","[1]"
"route_4967e2aff1da5cfebab5d930","route_4967e2aff1da5cfebab5d930.clause.1","1","occ_c81fc119e1f24960be598708","in","[1,2]"
"route_4967e2aff1da5cfebab5d930","route_4967e2aff1da5cfebab5d930.clause_1","1","occ_c81fc119e1f24960be598708","in","[1,2]"
"route_4979326814650e05dad0764d","route_4979326814650e05dad0764d.clause.1","1","occ_58f31bd1e8343e3379b19334","in","[1,2,3]"
"route_498c62be2e013aad295464ec","route_498c62be2e013aad295464ec.clause.1","1","occ_95543d9f0e71c6eadcd086a7","equals","[1]"
"route_49e8f7359a16532bbd166efa","route_49e8f7359a16532bbd166efa.clause.1","1","occ_c0692ea7cac8169d0f19729e","equals","[2]"
"route_49eaefac51866769dec7dca7","route_49eaefac51866769dec7dca7.clause.1","1","occ_299518550eafe57b24a66f95","in","[2,3]"
"route_4a02e3c7975106719d292654","route_4a02e3c7975106719d292654.clause.1","1","occ_99e2f0aa79cae0be050e2917","equals","[2]"
"route_4aea5407fee55961fd6df907","route_4aea5407fee55961fd6df907.clause.1","1","occ_65a583df8fcfbfd980d52d62","equals","[4]"
"route_4b08f38f7f5ce678fab40ad6","route_4b08f38f7f5ce678fab40ad6.clause.1","1","occ_dfb8dd4bb262b37ee681815f","selected_any","[]"
"route_4b475ebe92e7938914e338df","route_4b475ebe92e7938914e338df.clause.1","1","occ_25c608689aa99746b19f2a17","in","[1,3]"
"route_4b4915301fc1ac85fd2a7e60","route_4b4915301fc1ac85fd2a7e60.clause.1","1","occ_031ff7e1939c9dfa5c2c34ec","in","[1,2,3]"
"route_4b6e2d4e15dd23dbe8284af6","route_4b6e2d4e15dd23dbe8284af6.clause_1","1","occ_5b57149f44f393c733c4d75b","equals","[4]"
"route_4b7153f429e50d911a13bb7a","route_4b7153f429e50d911a13bb7a.clause.1","1","occ_07b49b18d8cd85e9e354fe11","selected_any","[]"
"route_4beb89d1f7d0cf0807518975","route_4beb89d1f7d0cf0807518975.clause.1","1","occ_24c0d59716d46dc50c593ed1","equals","[1]"
"route_4c014017cf43db0a8e5af51e","route_4c014017cf43db0a8e5af51e.clause.1","1","occ_ba6e08cf8b0b8579962b9af8","selected_any","[]"
"route_4c25ddb5c50296cf45c9819a","route_4c25ddb5c50296cf45c9819a.clause.1","1","occ_94304befc79e385d81fc2712","selected_any","[]"
"route_4c28d633052967cb9b327224","route_4c28d633052967cb9b327224.clause.1","1","occ_4a4e3f0577a2da5675615ee1","selected_any","[]"
"route_4c4d8623c161aa1bb2e16b84","route_4c4d8623c161aa1bb2e16b84.clause.1","1","occ_c9a9adca346f284f14f33573","in","[3,4]"
"route_4c57f198a48f95b39281b8f6","route_4c57f198a48f95b39281b8f6.clause.1","1","occ_51765940c00510c82294f1b6","gte","[1]"
"route_4ca2591fc2caf9d61b7c7ceb","route_4ca2591fc2caf9d61b7c7ceb.clause.1","1","occ_a414bf3fa4850fbee404802e","equals","[1]"
"route_4cb2d16f8655f6ac6891d073","route_4cb2d16f8655f6ac6891d073.clause.1","1","occ_92c63daa674ad6e75ec71919","selected_any","[]"
"route_4cd0a1c8f83c352b86ccef2b","route_4cd0a1c8f83c352b86ccef2b.clause.1","1","occ_1b221004180d49bfe88a7a65","equals","[2]"
"route_4cebc4acb2fa21d0934a00cb","route_4cebc4acb2fa21d0934a00cb.clause.1","1","occ_82d0ffd195a8a860f8bdef29","in","[1,2]"
"route_4d0945094bf9060d5a1823a6","route_4d0945094bf9060d5a1823a6.clause.1","1","occ_43d3525125b3e7c17fad59c1","equals","[1]"
"route_4d15b424f59c88e4d61c51d4","route_4d15b424f59c88e4d61c51d4.clause.1","1","occ_c4b253d706e263fc1df70447","in","[1,2,3]"
"route_4d1e1d34ff9e9b1d391cd432","route_4d1e1d34ff9e9b1d391cd432.clause.1","1","occ_ba1e54b1ef98236cb9259778","in","[1,2]"
"route_4d4d45f4ca76e1e3a4b03c15","route_4d4d45f4ca76e1e3a4b03c15.clause.1","1","occ_0d36626a20550bbc9dd8e784","equals","[1]"
"route_4d65ef01919180077ebed533","route_4d65ef01919180077ebed533.clause.1","1","occ_9d1ea8d2ffe2c65cc9e8ca8d","equals","[1]"
"route_4d6f0134c2ea6bd543308d2a","route_4d6f0134c2ea6bd543308d2a.clause.1","1","occ_a6305d0ebd3d0f8d5f5203ad","equals","[2]"
"route_4d772f7f094be83ecd4ee8a9","route_4d772f7f094be83ecd4ee8a9.clause.1","1","occ_e3c39cfb6461f46622cec3f5","in","[1,2]"
"route_4d864e02e8efaadbac018c21","route_4d864e02e8efaadbac018c21.clause.1","1","occ_c759b9769736aae8f24652b8","in","[1,2,3]"
"route_4d9a9deb011f084d89d66d4d","route_4d9a9deb011f084d89d66d4d.clause.1","1","occ_efc40665d33cbc47bed4fdaa","selected_any","[]"
"route_4daeefd6e0a54525c21f1b27","route_4daeefd6e0a54525c21f1b27.clause.1","1","occ_c5ee2edc718849d5d7c91865","equals","[1]"
"route_4dd43ba01d297fc61cd88374","route_4dd43ba01d297fc61cd88374.clause.1","1","occ_fcbc1ac252fbfc5ba408602f","equals","[2]"
"route_4dd471124b681c55a1df1f6c","route_4dd471124b681c55a1df1f6c.clause.1","1","occ_283f77999610409096626afd","equals","[1]"
"route_4e05db51195a444b154fcb76","route_4e05db51195a444b154fcb76.clause.1","1","occ_160e83b871797419ee08dfb9","in","[1,2]"
"route_4e08f1db269f1b413ee784d9","route_4e08f1db269f1b413ee784d9.clause.1","1","occ_eaec5c5c064d2bf21e217196","equals","[2]"
"route_4e1988aee559f649c1f2949a","route_4e1988aee559f649c1f2949a.clause.1","1","occ_0db7dc894900be15cb2e2c8e","equals","[2]"
"route_4e462ea5e9c6ab59c8dfbb66","route_4e462ea5e9c6ab59c8dfbb66.clause.1","1","occ_8ea46425a438fca06d01adec","selected_any","[]"
"route_4e481eb342c3a701d6fbb3e9","route_4e481eb342c3a701d6fbb3e9.clause.1","1","occ_e2ccd57a71a02398076d0b10","equals","[1]"
"route_4e516d14003f1a8336a21059","route_4e516d14003f1a8336a21059.clause.1","1","occ_efd701ed4b8c4e6f81d9abd7","selected_any","[]"
"route_4e8fdb48384b4ff6a789b004","route_4e8fdb48384b4ff6a789b004.clause.1","1","occ_63f25f5c778e4ef3218ed4ee","in","[1,2]"
"route_4ef6fbd97b0d20e02419e4fd","route_4ef6fbd97b0d20e02419e4fd.clause.1","1","occ_14458392066e539dd5a69de1","selected_any","[]"
"route_4f0a78bdd94c5224804461a8","route_4f0a78bdd94c5224804461a8.clause.1","1","occ_3373d3d05f11302fdf77ff11","gte","[1]"
"route_4f16cd7eddbd116b5bc200ff","route_4f16cd7eddbd116b5bc200ff.clause.1","1","occ_6994e6b0c8f4af86aae1984e","gte","[2]"
"route_4f1d4db07d823fda08c62be3","route_4f1d4db07d823fda08c62be3.clause.1","1","occ_eaab95ee86a904ae040cf463","equals","[1]"
"route_4fad91dbf6832879930cdeaf","route_4fad91dbf6832879930cdeaf.clause_1","1","occ_65c6e66693cdaecca9224dec","equals","[2]"
"route_4fad91dbf6832879930cdeaf","route_4fad91dbf6832879930cdeaf.clause_1","2","occ_7ad967ec3ffe0360853e5bf6","in","[2,3,4]"
"route_4fcca7a5a57553cb220a4e2a","route_4fcca7a5a57553cb220a4e2a.clause.1","1","occ_2bb072fd09e486e620905823","equals","[1]"
"route_4ff70cf2499dd1d3bbbc983a","route_4ff70cf2499dd1d3bbbc983a.clause.1","1","occ_0db7dc894900be15cb2e2c8e","equals","[2]"
"route_50136b781b523961081c987a","route_50136b781b523961081c987a.clause.1","1","occ_b0eae427cf98ef184a00c7b1","equals","[1]"
"route_5017b519b889de8aa2b582dd","route_5017b519b889de8aa2b582dd.clause.1","1","occ_82d666f9ae2e44c5327dc80e","equals","[1]"
"route_501e5c0879d2044e37f7d643","route_501e5c0879d2044e37f7d643.clause.1","1","occ_2ab889fce3f6688aa2c62a37","selected_any","[]"
"route_5039b2d7ef4e78dd11e42822","route_5039b2d7ef4e78dd11e42822.clause.1","1","occ_123b1fdc0de1221d9eea9718","in","[1,2]"
"route_503e8fefc04c6fb7f21b4ae1","route_503e8fefc04c6fb7f21b4ae1.clause.1","1","occ_484416d0d98b0c5786f060a4","equals","[1]"
"route_505874043a040429b0421f1d","route_505874043a040429b0421f1d.clause.1","1","occ_d63d6b111c7bf1f87d177998","in","[1,2]"
"route_506a6a10c954123484cb55e0","route_506a6a10c954123484cb55e0.clause.1","1","occ_464c42ee3bd8b8ff5d47f623","selected_any","[]"
"route_5075ba7f8b24aa636e82875c","route_5075ba7f8b24aa636e82875c.clause_1","1","occ_5e5ab034e4e113c481627e58","equals","[2]"
"route_5075ba7f8b24aa636e82875c","route_5075ba7f8b24aa636e82875c.clause_1","2","occ_04d6a6e12d5c26d3546a3105","in","[2,3,4]"
"route_50b45fea2416f6eb405cb84d","route_50b45fea2416f6eb405cb84d.clause.1","1","occ_265b1d4a6315ae8f7258e78f","equals","[1]"
"route_50ce1c0111e6ca0fc4e6dd9f","route_50ce1c0111e6ca0fc4e6dd9f.clause.1","1","occ_715fc83e661b58e47e6205ae","in","[1,2,3]"
"route_5109c2e96514d3577fdb26ad","route_5109c2e96514d3577fdb26ad.clause_1","1","occ_552550997e11f962ad2acd53","selected_any","[]"
"route_5109c2e96514d3577fdb26ad","route_5109c2e96514d3577fdb26ad.clause_10","1","occ_45957c5ea16ac42f59421eb9","selected_any","[]"
"route_5109c2e96514d3577fdb26ad","route_5109c2e96514d3577fdb26ad.clause_11","1","occ_cca28e5944e0152d4717d95c","selected_any","[]"
"route_5109c2e96514d3577fdb26ad","route_5109c2e96514d3577fdb26ad.clause_12","1","occ_89b3ad11b156aab267d7cdff","selected_any","[]"
"route_5109c2e96514d3577fdb26ad","route_5109c2e96514d3577fdb26ad.clause_13","1","occ_925d3540130acf8d9b39825e","selected_any","[]"
"route_5109c2e96514d3577fdb26ad","route_5109c2e96514d3577fdb26ad.clause_14","1","occ_e92279ddab9b08a98a3c0761","selected_any","[]"
"route_5109c2e96514d3577fdb26ad","route_5109c2e96514d3577fdb26ad.clause_15","1","occ_eb88a6668c342ab2c128414c","selected_any","[]"
"route_5109c2e96514d3577fdb26ad","route_5109c2e96514d3577fdb26ad.clause_16","1","occ_f14436d0e4d903bd7f8248a7","selected_any","[]"
"route_5109c2e96514d3577fdb26ad","route_5109c2e96514d3577fdb26ad.clause_17","1","occ_72fafd6e672e2c684e7da5f5","selected_any","[]"
"route_5109c2e96514d3577fdb26ad","route_5109c2e96514d3577fdb26ad.clause_18","1","occ_b3ef62c9cdd4800db794ef67","selected_any","[]"
"route_5109c2e96514d3577fdb26ad","route_5109c2e96514d3577fdb26ad.clause_19","1","occ_90b5a1510948371fec5d062f","selected_any","[]"
"route_5109c2e96514d3577fdb26ad","route_5109c2e96514d3577fdb26ad.clause_2","1","occ_18e6eb310ed4761eba223f4b","selected_any","[]"
"route_5109c2e96514d3577fdb26ad","route_5109c2e96514d3577fdb26ad.clause_20","1","occ_edf8bb1fbc3acbd89beb31c1","selected_any","[]"
"route_5109c2e96514d3577fdb26ad","route_5109c2e96514d3577fdb26ad.clause_21","1","occ_7b7a6fc9a26d04969eb49480","selected_any","[]"
"route_5109c2e96514d3577fdb26ad","route_5109c2e96514d3577fdb26ad.clause_22","1","occ_03228125b9bf8e0f57087952","selected_any","[]"
"route_5109c2e96514d3577fdb26ad","route_5109c2e96514d3577fdb26ad.clause_23","1","occ_dfc94fbbc6d5a9a4ccf16617","selected_any","[]"
"route_5109c2e96514d3577fdb26ad","route_5109c2e96514d3577fdb26ad.clause_24","1","occ_a93a46eec21663c0d012c4ca","selected_any","[]"
"route_5109c2e96514d3577fdb26ad","route_5109c2e96514d3577fdb26ad.clause_25","1","occ_c6cb3240c7b3764a12d84f89","selected_any","[]"
"route_5109c2e96514d3577fdb26ad","route_5109c2e96514d3577fdb26ad.clause_26","1","occ_e963bd63e217f65f8163cad4","selected_any","[]"
"route_5109c2e96514d3577fdb26ad","route_5109c2e96514d3577fdb26ad.clause_27","1","occ_194812b16b296c3131a71214","selected_any","[]"
"route_5109c2e96514d3577fdb26ad","route_5109c2e96514d3577fdb26ad.clause_28","1","occ_38fa63da4afbb707c01a83f1","selected_any","[]"
"route_5109c2e96514d3577fdb26ad","route_5109c2e96514d3577fdb26ad.clause_29","1","occ_83a4c97cc8a6d18736efc795","selected_any","[]"
"route_5109c2e96514d3577fdb26ad","route_5109c2e96514d3577fdb26ad.clause_3","1","occ_9e032779a7228894ef0b47e6","selected_any","[]"
"route_5109c2e96514d3577fdb26ad","route_5109c2e96514d3577fdb26ad.clause_30","1","occ_732de37d15690827111aab8a","selected_any","[]"
"route_5109c2e96514d3577fdb26ad","route_5109c2e96514d3577fdb26ad.clause_31","1","occ_58f8762753484329434aac2d","selected_any","[]"
"route_5109c2e96514d3577fdb26ad","route_5109c2e96514d3577fdb26ad.clause_32","1","occ_65f6a37959275991432235f2","selected_any","[]"
"route_5109c2e96514d3577fdb26ad","route_5109c2e96514d3577fdb26ad.clause_33","1","occ_6a828f7e740ca5e42145c04d","selected_any","[]"
"route_5109c2e96514d3577fdb26ad","route_5109c2e96514d3577fdb26ad.clause_4","1","occ_8bf43b36b9efaa25ca998254","selected_any","[]"
"route_5109c2e96514d3577fdb26ad","route_5109c2e96514d3577fdb26ad.clause_5","1","occ_89d1106e50fab099c1d5fe59","selected_any","[]"
"route_5109c2e96514d3577fdb26ad","route_5109c2e96514d3577fdb26ad.clause_6","1","occ_745fd9ee8c53c8f04913990e","selected_any","[]"
"route_5109c2e96514d3577fdb26ad","route_5109c2e96514d3577fdb26ad.clause_7","1","occ_48188ebadf9e0917c894b4b5","selected_any","[]"
"route_5109c2e96514d3577fdb26ad","route_5109c2e96514d3577fdb26ad.clause_8","1","occ_710c1e7ad8d9126928167cc3","selected_any","[]"
"route_5109c2e96514d3577fdb26ad","route_5109c2e96514d3577fdb26ad.clause_9","1","occ_a0a7fe410d32993aed30e4bc","selected_any","[]"
"route_512bba2c9a8c5d18e4803bf8","route_512bba2c9a8c5d18e4803bf8.clause.1","1","occ_b64bcf42d1e0b8af3958c31c","selected_any","[]"
"route_519d7874a99f52bb803e9474","route_519d7874a99f52bb803e9474.clause_1","1","occ_d52bf93b4ff3704a9b752296","equals","[2]"
"route_519d7874a99f52bb803e9474","route_519d7874a99f52bb803e9474.clause_1","2","occ_9d1f2a79eda9a3062828ad1f","in","[2,3,4]"
"route_51cc3c23f23fd4338e0516be","route_51cc3c23f23fd4338e0516be.clause.1","1","occ_cb0257a756df7c9cc5cd85ff","in","[2,3]"
"route_51d338dd0bf58dfd3f930186","route_51d338dd0bf58dfd3f930186.clause.1","1","occ_9cdd618e47e49a70b557d53a","equals","[4]"
"route_51f0348627367adc2c3242ea","route_51f0348627367adc2c3242ea.clause.1","1","occ_7323947fb142a666575c1c3c","equals","[2]"
"route_51f7f0b4e534afe70cf2b434","route_51f7f0b4e534afe70cf2b434.clause.1","1","occ_a374ed907e174e3da1c1f42f","equals","[2]"
"route_51fe90657fd7ab5c63b3d8eb","route_51fe90657fd7ab5c63b3d8eb.clause.1","1","occ_b767a16c50d01995c2425d50","in","[2,3,4]"
"route_52223c71904b120b6fd1a74c","route_52223c71904b120b6fd1a74c.clause.1","1","occ_52636a4e92b4955f53d2dfae","selected_any","[]"
"route_522ead286ca1eb07ba026667","route_522ead286ca1eb07ba026667.clause.1","1","occ_6be454e695db4232122b0ac0","gte","[2]"
"route_523ea08bda9ab135580d0e17","route_523ea08bda9ab135580d0e17.clause.1","1","occ_5be27a339b5f9fc7363d7802","selected_any","[]"
"route_52cf9f73f34bbf5540a358bb","route_52cf9f73f34bbf5540a358bb.clause.1","1","occ_ab8e6be2ba00af0dbe2ad6bc","selected_any","[]"
"route_5305b0d3cd0fe2f2a6957727","route_5305b0d3cd0fe2f2a6957727.clause.1","1","occ_ec102c4571327bbb10f3b559","equals","[1]"
"route_531d70d510803f2008823cac","route_531d70d510803f2008823cac.clause.1","1","occ_d095e5385f5ca7a7cd2e1be3","equals","[1]"
"route_534c8c2735b64ec40ecc91ed","route_534c8c2735b64ec40ecc91ed.clause.1","1","occ_0db7dc894900be15cb2e2c8e","equals","[2]"
"route_53dfa63df3f859f8ac182adc","route_53dfa63df3f859f8ac182adc.clause.1","1","occ_e3fcc54d05520804eb666c0c","selected_any","[]"
"route_53dfa63df3f859f8ac182adc","route_53dfa63df3f859f8ac182adc.clause.2","1","occ_c06ad8855c5f8f4026f8c3f3","selected_any","[]"
"route_53dfa63df3f859f8ac182adc","route_53dfa63df3f859f8ac182adc.clause.3","1","occ_32d4b28f271d166159bcb984","selected_any","[]"
"route_53dfa63df3f859f8ac182adc","route_53dfa63df3f859f8ac182adc.clause.4","1","occ_46a7c1dfe323fe253316e4fb","selected_any","[]"
"route_53e21ecb2d5ac462b16507cc","route_53e21ecb2d5ac462b16507cc.clause.1","1","occ_8a473fcf4f50949b6b757188","equals","[1]"
"route_53f9e70fbf192e12c7c24b7b","route_53f9e70fbf192e12c7c24b7b.clause.1","1","occ_bed67037792c5c70452b517d","equals","[2]"
"route_5427364bc09e598c1ea07d0a","route_5427364bc09e598c1ea07d0a.clause.1","1","occ_4cfe7c53fed4237341f0a289","gte","[1]"
"route_543b0aed4cd29895a8ad15be","route_543b0aed4cd29895a8ad15be.clause.1","1","occ_9ac50bfb390c5bc8b9ac24c2","gte","[1]"
"route_5459801adc960e87d3c0295a","route_5459801adc960e87d3c0295a.clause.1","1","occ_141168a6ad6af8d9b8f29139","in","[0,1,2,3,4]"
"route_5459801adc960e87d3c0295a","route_5459801adc960e87d3c0295a.clause_1","1","occ_141168a6ad6af8d9b8f29139","in","[0,1,2,3,4]"
"route_54782e9be5d661c24b1f223f","route_54782e9be5d661c24b1f223f.clause.1","1","occ_21b5ff7296d7d8bb02a04481","in","[2,3]"
"route_547ec452710cfa20c2a043a4","route_547ec452710cfa20c2a043a4.clause.1","1","occ_878d1e31e197fba33e36029e","equals","[1]"
"route_54906c29f1117350f8ae73ff","route_54906c29f1117350f8ae73ff.clause.1","1","occ_2ee3c47605b94fae8b4773ff","in","[1,2]"
"route_54906c29f1117350f8ae73ff","route_54906c29f1117350f8ae73ff.clause_1","1","occ_2ee3c47605b94fae8b4773ff","in","[1,2]"
"route_54982b7bb6bc0912197011fa","route_54982b7bb6bc0912197011fa.clause.1","1","occ_073a673cd0b433caceeed5ba","selected_any","[]"
"route_54a7bf96a5df1332c39d626e","route_54a7bf96a5df1332c39d626e.clause.1","1","occ_35fc3dce6f9367edb853562b","in","[2,3]"
"route_54b59f5aaf34ecad90c0c8da","route_54b59f5aaf34ecad90c0c8da.clause_1","1","occ_3a235276e7227e27c0bf49f3","equals","[1]"
"route_54bbe3edbd5791fdc2b0797a","route_54bbe3edbd5791fdc2b0797a.clause.1","1","occ_b6111c639507e902d181b0d6","equals","[1]"
"route_54f6c5611b6bffd88a864143","route_54f6c5611b6bffd88a864143.clause_1","1","occ_bd204c9b84717e29d201e838","not_in","[1]"
"route_54fac4aa5a665d7879738771","route_54fac4aa5a665d7879738771.clause.1","1","occ_a633e0670572b1012ec61936","equals","[1]"
"route_553c6b1359731426fac29007","route_553c6b1359731426fac29007.clause.1","1","occ_265b1d4a6315ae8f7258e78f","equals","[1]"
"route_555402e6d9c9ea17bdf71db1","route_555402e6d9c9ea17bdf71db1.clause.1","1","occ_9f4f3992cd23e98e33e67629","selected_any","[]"
"route_55800ca669f64d199ef9a20e","route_55800ca669f64d199ef9a20e.clause_1","1","occ_1827e1eda4cf171df8f0d238","equals","[1]"
"route_55b26331fdf328b2bace4bfb","route_55b26331fdf328b2bace4bfb.clause.1","1","occ_b9c0de969a71f9f4736ca9ff","selected_any","[]"
"route_55b26331fdf328b2bace4bfb","route_55b26331fdf328b2bace4bfb.clause.2","1","occ_24b7b8dc9f475cde125960b0","selected_any","[]"
"route_55b26331fdf328b2bace4bfb","route_55b26331fdf328b2bace4bfb.clause.3","1","occ_ed2d0987c05894acfe560933","selected_any","[]"
"route_55b26331fdf328b2bace4bfb","route_55b26331fdf328b2bace4bfb.clause.4","1","occ_72c890cbf4772cb154250ad6","selected_any","[]"
"route_55da711e168e1bfc81993898","route_55da711e168e1bfc81993898.clause.1","1","occ_957210e00350a4b8697cc072","equals","[2]"
"route_5609aede5b2324de946566bd","route_5609aede5b2324de946566bd.clause.1","1","occ_479e355cc1813d676ccadc5a","equals","[1]"
"route_562090c5e84c27e61225b1bb","route_562090c5e84c27e61225b1bb.clause.1","1","occ_cfae9cdd19d863d4f6d6f9ff","in","[2,3]"
"route_5637a35e882554f0d62268f3","route_5637a35e882554f0d62268f3.clause.1","1","occ_ddd03115ab117e9910c3b6c2","equals","[1]"
"route_5683c2aad1ca81d1be766148","route_5683c2aad1ca81d1be766148.clause.1","1","occ_fbaa685ccf8cba8ad5139e19","equals","[1]"
"route_5688270332baff3a0b5df2bc","route_5688270332baff3a0b5df2bc.clause.1","1","occ_cf1ac62d2016e4f3eeae3b40","equals","[1]"
"route_569422c9920b861842733be1","route_569422c9920b861842733be1.clause.1","1","occ_6035ce87310876d47df6dee6","in","[1,2,3]"
"route_56e7fc495193ddab9c06150f","route_56e7fc495193ddab9c06150f.clause.1","1","occ_be295df7b6d5f535ef4cf708","in","[1,2]"
"route_56e7fc495193ddab9c06150f","route_56e7fc495193ddab9c06150f.clause_1","1","occ_be295df7b6d5f535ef4cf708","in","[1,2]"
"route_56f6143d55f28a282f2816c7","route_56f6143d55f28a282f2816c7.clause.1","1","occ_df99c6fee703a57fa6bddda4","selected_any","[]"
"route_572f3872ee7358d4acffeece","route_572f3872ee7358d4acffeece.clause.1","1","occ_085779de0c020471b8f3b622","selected_any","[]"
"route_573959a3c2fd5d81f23896ed","route_573959a3c2fd5d81f23896ed.clause.1","1","occ_0de414d4865a233b2760f8b5","equals","[1]"
"route_573c3d650a89f26e3fd27c1a","route_573c3d650a89f26e3fd27c1a.clause.1","1","occ_3b079805f1744cf781402e63","equals","[1]"
"route_5771d0ad674d0c49f9ea27c9","route_5771d0ad674d0c49f9ea27c9.clause_1","1","occ_ed7c9e3abe3a09481c49b1af","gte","[1]"
"route_577397c3f7e5ade667fd95d0","route_577397c3f7e5ade667fd95d0.clause.1","1","occ_512efdfc8de4ffb096dd89b0","selected_any","[]"
"route_5797f0fe28148904742730c8","route_5797f0fe28148904742730c8.clause.1","1","occ_2bb072fd09e486e620905823","equals","[1]"
"route_57c98c5dba4f8f85d5fd2756","route_57c98c5dba4f8f85d5fd2756.clause.1","1","occ_44f01de76666d6863012e593","equals","[2]"
"route_57cc47b48a029331a8614f6e","route_57cc47b48a029331a8614f6e.clause.1","1","occ_641c86e6d789901e374ac344","equals","[1]"
"route_57cc47b48a029331a8614f6e","route_57cc47b48a029331a8614f6e.clause_1","1","occ_641c86e6d789901e374ac344","equals","[1]"
"route_57fcfd149619424f69a51eb4","route_57fcfd149619424f69a51eb4.clause.1","1","occ_5ed44bb93ad9f0ec4816ae32","equals","[1]"
"route_5828a47c78d16a5532a40a7b","route_5828a47c78d16a5532a40a7b.clause.1","1","occ_da68404f8ffef073e8c92125","selected_any","[]"
"route_58917011fa8086fb52f48442","route_58917011fa8086fb52f48442.clause.1","1","occ_2b5426e8ec8651b66b45ac5f","in","[2,3,4]"
"route_58917011fa8086fb52f48442","route_58917011fa8086fb52f48442.clause_1","1","occ_2b5426e8ec8651b66b45ac5f","in","[2,3,4]"
"route_589ea6c29d3d9651ff271d62","route_589ea6c29d3d9651ff271d62.clause.1","1","occ_8c80578c08f353e3a834827d","equals","[1]"
"route_58b831e7476e011b3a140c65","route_58b831e7476e011b3a140c65.clause.1","1","occ_e1da95de5f1188d407016d9e","equals","[1]"
"route_58d2dbbc5c87b48569bda8b2","route_58d2dbbc5c87b48569bda8b2.clause.1","1","occ_5756aea9d07dc600769b4287","in","[1,2]"
"route_58f6f2350756aa11e5b4e395","route_58f6f2350756aa11e5b4e395.clause.1","1","occ_46e99adb5df8a1e8c53a1960","equals","[1]"
"route_594054a35b841c6a2a09a479","route_594054a35b841c6a2a09a479.clause.1","1","occ_2e8aafa15b30ce909817cfcc","equals","[7]"
"route_59518dd8ff360a15b4205679","route_59518dd8ff360a15b4205679.clause.1","1","occ_7c440841c458bd04ac23241d","equals","[1]"
"route_595656cc2daebc695c23dc01","route_595656cc2daebc695c23dc01.clause.1","1","occ_d6e793e39df9c5ba24d0036f","gte","[1]"
"route_5972090959021d412feac18c","route_5972090959021d412feac18c.clause_1","1","occ_b67206ddaba608d9a49e79d2","gte","[2]"
"route_597a8f57f7605382bb7db4c3","route_597a8f57f7605382bb7db4c3.clause.1","1","occ_3fe712046826c8d34599fe21","equals","[2]"
"route_597df730f6ab66ebe2dbfaa5","route_597df730f6ab66ebe2dbfaa5.clause.1","1","occ_b6111c639507e902d181b0d6","equals","[1]"
"route_5988b1139d046560e3cf96ed","route_5988b1139d046560e3cf96ed.clause.1","1","occ_2b8b0a82fefb33a86ae7e484","equals","[1]"
"route_59a1b73c8a7c6b3d781c1271","route_59a1b73c8a7c6b3d781c1271.clause.1","1","occ_4cf204210f945c4b18925aff","equals","[1]"
"route_59a1b73c8a7c6b3d781c1271","route_59a1b73c8a7c6b3d781c1271.clause_1","1","occ_4cf204210f945c4b18925aff","equals","[1]"
"route_59e25697bf3377d72a6ae9ab","route_59e25697bf3377d72a6ae9ab.clause.1","1","occ_35c1d068bc46110af560d695","equals","[1]"
"route_59e2c230c6247d2db9d99c02","route_59e2c230c6247d2db9d99c02.clause.1","1","occ_d12ce45341f4fe1536cae2be","equals","[1]"
"route_5a13c9a83bc93bef0168274d","route_5a13c9a83bc93bef0168274d.clause.1","1","occ_6901b64a2c315a1ac5f53660","equals","[1]"
"route_5a2ffc78ba5dfd2cf4d73868","route_5a2ffc78ba5dfd2cf4d73868.clause.1","1","occ_d77d698d033eee0292cec8f2","selected_any","[]"
"route_5a3039fbb79fc7087785a412","route_5a3039fbb79fc7087785a412.clause.1","1","occ_ec102c4571327bbb10f3b559","equals","[1]"
"route_5a6864df6df729b103e90bd4","route_5a6864df6df729b103e90bd4.clause.1","1","occ_464c42ee3bd8b8ff5d47f623","selected_any","[]"
"route_5a7f74201322352ca38748ea","route_5a7f74201322352ca38748ea.clause.1","1","occ_37cac3d3035648efa62a740d","gte","[1]"
"route_5a8816df415b1660dc08e372","route_5a8816df415b1660dc08e372.clause.1","1","occ_fb623108179e2bdd18970868","selected_any","[]"
"route_5a97ea8a87d92c3208fc0a12","route_5a97ea8a87d92c3208fc0a12.clause.1","1","occ_a21ec27a81a8d9a7ed0a3de4","gte","[1]"
"route_5aa30860d11ec5c6c12b44e2","route_5aa30860d11ec5c6c12b44e2.clause_1","1","occ_7b411ea30c16fca962bbf03a","in","[2,3]"
"route_5ad54122aad02232780e85cb","route_5ad54122aad02232780e85cb.clause_1","1","occ_5eabfcac123d41238ae85064","equals","[2]"
"route_5b98c7e2f9b60af1fed23738","route_5b98c7e2f9b60af1fed23738.clause.1","1","occ_f7aa113ea968a4e376f1b3ca","equals","[1]"
"route_5bef3c089e20725e438cfcf5","route_5bef3c089e20725e438cfcf5.clause.1","1","occ_878d1e31e197fba33e36029e","equals","[1]"
"route_5bf17a009817f58fa72477ae","route_5bf17a009817f58fa72477ae.clause.1","1","occ_f0608f57a8f879bab82ec837","in","[2,3]"
"route_5c1ff51f09b1b4946c64b634","route_5c1ff51f09b1b4946c64b634.clause.1","1","occ_5d67c1ca1f4c42646defc366","equals","[1]"
"route_5c22cae8ef7745bfeb9e401a","route_5c22cae8ef7745bfeb9e401a.clause.1","1","occ_a9a92791d6d24039558d0098","equals","[1]"
"route_5c22cae8ef7745bfeb9e401a","route_5c22cae8ef7745bfeb9e401a.clause_1","1","occ_a9a92791d6d24039558d0098","equals","[1]"
"route_5c6720451d0fae9849ef9493","route_5c6720451d0fae9849ef9493.clause.1","1","occ_1c040824b7dde5262735ddc1","equals","[7]"
"route_5c87da055a7390d23bc12278","route_5c87da055a7390d23bc12278.clause.1","1","occ_180058d3a23f0cf04b371583","in","[1,2,3]"
"route_5c965993aaa8196052b85aee","route_5c965993aaa8196052b85aee.clause.1","1","occ_1d0c23b025a6a65123005926","equals","[1]"
"route_5ca04513de3e84610f056495","route_5ca04513de3e84610f056495.clause.1","1","occ_bb5575cdb58408460425af7c","selected_any","[]"
"route_5ca04513de3e84610f056495","route_5ca04513de3e84610f056495.clause.2","1","occ_8a1d88684600c1a7739f83c1","selected_any","[]"
"route_5ca04513de3e84610f056495","route_5ca04513de3e84610f056495.clause.3","1","occ_64cd6409804658ee9f842228","selected_any","[]"
"route_5cad3affabb74bb3360ad393","route_5cad3affabb74bb3360ad393.clause.1","1","occ_6901b64a2c315a1ac5f53660","equals","[1]"
"route_5cb149175102c6c16a17f836","route_5cb149175102c6c16a17f836.clause.1","1","occ_5c0e91352f2abe9a9bb80ba6","in","[2,3,4]"
"route_5cd56ab39398878f142d1236","route_5cd56ab39398878f142d1236.clause.1","1","occ_667a606ef8f80391cfd85202","equals","[1]"
"route_5cefceb0adcb50b61bc08140","route_5cefceb0adcb50b61bc08140.clause.1","1","occ_43d3525125b3e7c17fad59c1","equals","[1]"
"route_5d09d71272328840bd71182c","route_5d09d71272328840bd71182c.clause.1","1","occ_10d36079e8bfb72360503f7a","equals","[1]"
"route_5d0e7826e6f9b20d49058e3b","route_5d0e7826e6f9b20d49058e3b.clause.1","1","occ_f06b8896db6bce03e384e49b","selected_any","[]"
"route_5d23aeaad609624b309d10f8","route_5d23aeaad609624b309d10f8.clause.1","1","occ_a8d463d16d4853db15681741","equals","[1]"
"route_5d3563a8eccd015d3886daff","route_5d3563a8eccd015d3886daff.clause.1","1","occ_e9cd176ec4515e17ca428b7b","gte","[1]"
"route_5d7a1fb6f1764aef76804bb7","route_5d7a1fb6f1764aef76804bb7.clause.1","1","occ_728f8e9598df67aa3b9a4d40","equals","[1]"
"route_5d99d96502f2d4d7dbc241dd","route_5d99d96502f2d4d7dbc241dd.clause_1","1","occ_8eefe388c99dd627803febc6","equals","[2]"
"route_5d9ba684867838eb7e59ca97","route_5d9ba684867838eb7e59ca97.clause.1","1","occ_f3ca1021fed108bc9f3bc23c","selected_any","[]"
"route_5d9ba684867838eb7e59ca97","route_5d9ba684867838eb7e59ca97.clause.10","1","occ_5b04a2c21af2056f4c52746a","selected_any","[]"
"route_5d9ba684867838eb7e59ca97","route_5d9ba684867838eb7e59ca97.clause.11","1","occ_813e023e88509d5ca7cec2eb","selected_any","[]"
"route_5d9ba684867838eb7e59ca97","route_5d9ba684867838eb7e59ca97.clause.12","1","occ_a61482c4bdc86de52c4e282c","selected_any","[]"
"route_5d9ba684867838eb7e59ca97","route_5d9ba684867838eb7e59ca97.clause.13","1","occ_614a91abbc3fe0234d157abc","selected_any","[]"
"route_5d9ba684867838eb7e59ca97","route_5d9ba684867838eb7e59ca97.clause.14","1","occ_9609bab38683833ae9f4adc3","selected_any","[]"
"route_5d9ba684867838eb7e59ca97","route_5d9ba684867838eb7e59ca97.clause.15","1","occ_a515f012c29cad2fd95197df","selected_any","[]"
"route_5d9ba684867838eb7e59ca97","route_5d9ba684867838eb7e59ca97.clause.16","1","occ_d11f308f906c9027a54c11a1","selected_any","[]"
"route_5d9ba684867838eb7e59ca97","route_5d9ba684867838eb7e59ca97.clause.17","1","occ_587b444c4122b579b64013ff","selected_any","[]"
"route_5d9ba684867838eb7e59ca97","route_5d9ba684867838eb7e59ca97.clause.18","1","occ_3d1edb1ce60a5f0b87af0195","selected_any","[]"
"route_5d9ba684867838eb7e59ca97","route_5d9ba684867838eb7e59ca97.clause.19","1","occ_f71b09adfe07a7c0099390fd","selected_any","[]"
"route_5d9ba684867838eb7e59ca97","route_5d9ba684867838eb7e59ca97.clause.2","1","occ_c5149390d5636346cc779062","selected_any","[]"
"route_5d9ba684867838eb7e59ca97","route_5d9ba684867838eb7e59ca97.clause.20","1","occ_69c073bbc45d3fb37bad514b","selected_any","[]"
"route_5d9ba684867838eb7e59ca97","route_5d9ba684867838eb7e59ca97.clause.21","1","occ_e2ea89c55d6e737dec393d36","selected_any","[]"
"route_5d9ba684867838eb7e59ca97","route_5d9ba684867838eb7e59ca97.clause.22","1","occ_ba6bc5b523eef92fd26af5a2","selected_any","[]"
"route_5d9ba684867838eb7e59ca97","route_5d9ba684867838eb7e59ca97.clause.23","1","occ_d6ce0f569bea1167a9bc705c","selected_any","[]"
"route_5d9ba684867838eb7e59ca97","route_5d9ba684867838eb7e59ca97.clause.24","1","occ_313308f8ce08d234225a0a2d","selected_any","[]"
"route_5d9ba684867838eb7e59ca97","route_5d9ba684867838eb7e59ca97.clause.25","1","occ_ced5c78efb51fd412609ed03","selected_any","[]"
"route_5d9ba684867838eb7e59ca97","route_5d9ba684867838eb7e59ca97.clause.26","1","occ_6f0c2ef441402c2bd142cb4b","selected_any","[]"
"route_5d9ba684867838eb7e59ca97","route_5d9ba684867838eb7e59ca97.clause.27","1","occ_09d918a519fca2f626cf8616","selected_any","[]"
"route_5d9ba684867838eb7e59ca97","route_5d9ba684867838eb7e59ca97.clause.28","1","occ_a36fcd3c141d1ea42fd07389","selected_any","[]"
"route_5d9ba684867838eb7e59ca97","route_5d9ba684867838eb7e59ca97.clause.29","1","occ_0990e668b760b7ab732157eb","selected_any","[]"
"route_5d9ba684867838eb7e59ca97","route_5d9ba684867838eb7e59ca97.clause.3","1","occ_37054dc71b119a6da3b2a6dd","selected_any","[]"
"route_5d9ba684867838eb7e59ca97","route_5d9ba684867838eb7e59ca97.clause.4","1","occ_6ad48444568a2f5fc764b0c7","selected_any","[]"
"route_5d9ba684867838eb7e59ca97","route_5d9ba684867838eb7e59ca97.clause.5","1","occ_e06ab04f7b9325a122394a26","selected_any","[]"
"route_5d9ba684867838eb7e59ca97","route_5d9ba684867838eb7e59ca97.clause.6","1","occ_2c13e2e86c249faae918bad0","selected_any","[]"
"route_5d9ba684867838eb7e59ca97","route_5d9ba684867838eb7e59ca97.clause.7","1","occ_cdc445a7da106c18a1ace699","selected_any","[]"
"route_5d9ba684867838eb7e59ca97","route_5d9ba684867838eb7e59ca97.clause.8","1","occ_c726f82596517ce9745e2ebc","selected_any","[]"
"route_5d9ba684867838eb7e59ca97","route_5d9ba684867838eb7e59ca97.clause.9","1","occ_2a387e19911321e56b20c910","selected_any","[]"
"route_5dc663b37abf7965dca1eb38","route_5dc663b37abf7965dca1eb38.clause.1","1","occ_733b1b7effcd6703f1568c08","selected_any","[]"
"route_5dc663b37abf7965dca1eb38","route_5dc663b37abf7965dca1eb38.clause.2","1","occ_c018175974cc2106793cbb15","selected_any","[]"
"route_5dc663b37abf7965dca1eb38","route_5dc663b37abf7965dca1eb38.clause.3","1","occ_ccbab8d89e73c34775734697","selected_any","[]"
"route_5dff605965219e27a94a6860","route_5dff605965219e27a94a6860.clause.1","1","occ_dced2f2af9f051f064dd6949","equals","[2]"
"route_5eb0a6c4d8033dc1f61d85b3","route_5eb0a6c4d8033dc1f61d85b3.clause.1","1","occ_1a23c9fd5be79ce8be425555","selected_any","[]"
"route_5eb465c7b2fa5900b7d2ae94","route_5eb465c7b2fa5900b7d2ae94.clause.1","1","occ_531fbf096d515ccc491c41f4","equals","[1]"
"route_5eb465c7b2fa5900b7d2ae94","route_5eb465c7b2fa5900b7d2ae94.clause_1","1","occ_531fbf096d515ccc491c41f4","equals","[1]"
"route_5f3b580a3805d6aa32e1d771","route_5f3b580a3805d6aa32e1d771.clause.1","1","occ_fc1ab3972f9ea8195d6f2cb1","selected_any","[]"
"route_5f3b580a3805d6aa32e1d771","route_5f3b580a3805d6aa32e1d771.clause.10","1","occ_f0c6f43c9f0578e798a336c9","selected_any","[]"
"route_5f3b580a3805d6aa32e1d771","route_5f3b580a3805d6aa32e1d771.clause.11","1","occ_1ba0f8b4e6d717f8b6b56c70","selected_any","[]"
"route_5f3b580a3805d6aa32e1d771","route_5f3b580a3805d6aa32e1d771.clause.12","1","occ_6b24f33a942229465037cd79","selected_any","[]"
"route_5f3b580a3805d6aa32e1d771","route_5f3b580a3805d6aa32e1d771.clause.13","1","occ_ad7f51c38682103aaefd957e","selected_any","[]"
"route_5f3b580a3805d6aa32e1d771","route_5f3b580a3805d6aa32e1d771.clause.14","1","occ_15ec8fdf8de5b672b98cdb7c","selected_any","[]"
"route_5f3b580a3805d6aa32e1d771","route_5f3b580a3805d6aa32e1d771.clause.15","1","occ_30f9d2caa81f014a1843835b","selected_any","[]"
"route_5f3b580a3805d6aa32e1d771","route_5f3b580a3805d6aa32e1d771.clause.16","1","occ_5041171faa81ba78a3d47652","selected_any","[]"
"route_5f3b580a3805d6aa32e1d771","route_5f3b580a3805d6aa32e1d771.clause.17","1","occ_224c112b24425d8a962503ec","selected_any","[]"
"route_5f3b580a3805d6aa32e1d771","route_5f3b580a3805d6aa32e1d771.clause.18","1","occ_d9220e94128062da2578b23b","selected_any","[]"
"route_5f3b580a3805d6aa32e1d771","route_5f3b580a3805d6aa32e1d771.clause.19","1","occ_db706495e4a2d22564a86dbf","selected_any","[]"
"route_5f3b580a3805d6aa32e1d771","route_5f3b580a3805d6aa32e1d771.clause.2","1","occ_08812c4994d2a60a37c56b84","selected_any","[]"
"route_5f3b580a3805d6aa32e1d771","route_5f3b580a3805d6aa32e1d771.clause.20","1","occ_8a382aba1ffbb99c3cd839a8","selected_any","[]"
"route_5f3b580a3805d6aa32e1d771","route_5f3b580a3805d6aa32e1d771.clause.21","1","occ_ea69aa94b48fd79d9b21b945","selected_any","[]"
"route_5f3b580a3805d6aa32e1d771","route_5f3b580a3805d6aa32e1d771.clause.22","1","occ_84b09bf81949c95a2fe11ca5","selected_any","[]"
"route_5f3b580a3805d6aa32e1d771","route_5f3b580a3805d6aa32e1d771.clause.23","1","occ_c680042a7c63c1de6fdcefa0","selected_any","[]"
"route_5f3b580a3805d6aa32e1d771","route_5f3b580a3805d6aa32e1d771.clause.24","1","occ_5b38a970fa2b6fb40fa03631","selected_any","[]"
"route_5f3b580a3805d6aa32e1d771","route_5f3b580a3805d6aa32e1d771.clause.25","1","occ_3b9d2091349e20c76fa4ee0c","selected_any","[]"
"route_5f3b580a3805d6aa32e1d771","route_5f3b580a3805d6aa32e1d771.clause.26","1","occ_c9ba892715e6419a0f18db77","selected_any","[]"
"route_5f3b580a3805d6aa32e1d771","route_5f3b580a3805d6aa32e1d771.clause.27","1","occ_b82919f97a1380f0c9675704","selected_any","[]"
"route_5f3b580a3805d6aa32e1d771","route_5f3b580a3805d6aa32e1d771.clause.28","1","occ_13d7f83431e7a2db4d627bc1","selected_any","[]"
"route_5f3b580a3805d6aa32e1d771","route_5f3b580a3805d6aa32e1d771.clause.29","1","occ_36414ecbfb2f59ac2a016ca5","selected_any","[]"
"route_5f3b580a3805d6aa32e1d771","route_5f3b580a3805d6aa32e1d771.clause.3","1","occ_bbf77d54a95136ef7207931e","selected_any","[]"
"route_5f3b580a3805d6aa32e1d771","route_5f3b580a3805d6aa32e1d771.clause.30","1","occ_8312b0a3793a2695a02dc239","selected_any","[]"
"route_5f3b580a3805d6aa32e1d771","route_5f3b580a3805d6aa32e1d771.clause.4","1","occ_44b94a5019590eca58c4e7ba","selected_any","[]"
"route_5f3b580a3805d6aa32e1d771","route_5f3b580a3805d6aa32e1d771.clause.5","1","occ_db30c7cf3aa2a23cbc633c18","selected_any","[]"
"route_5f3b580a3805d6aa32e1d771","route_5f3b580a3805d6aa32e1d771.clause.6","1","occ_5db8d694b6cb2be93234f403","selected_any","[]"
"route_5f3b580a3805d6aa32e1d771","route_5f3b580a3805d6aa32e1d771.clause.7","1","occ_d4fabb619a74f84cc89b29d6","selected_any","[]"
"route_5f3b580a3805d6aa32e1d771","route_5f3b580a3805d6aa32e1d771.clause.8","1","occ_8601fd1b1c1fa03d18a9e0e1","selected_any","[]"
"route_5f3b580a3805d6aa32e1d771","route_5f3b580a3805d6aa32e1d771.clause.9","1","occ_5a56da22c0bb933dbce2d35f","selected_any","[]"
"route_5f46753da294a2fd1aae4820","route_5f46753da294a2fd1aae4820.clause.1","1","occ_d095e5385f5ca7a7cd2e1be3","in","[2,3]"
"route_5fa5f7f5a90d17332d731814","route_5fa5f7f5a90d17332d731814.clause.1","1","occ_3733d161923cf21e6e58c3d6","equals","[1]"
"route_5fb07d2c1458e680d68b8bea","route_5fb07d2c1458e680d68b8bea.clause.1","1","occ_e165a5fbbf0f017e28313798","gte","[1]"
"route_5fb313eda3e6d9836fc4fd10","route_5fb313eda3e6d9836fc4fd10.clause_1","1","occ_5971d903b3bd757cba90d21c","equals","[1]"
"route_5fc32a404f1bc6b997dc1be0","route_5fc32a404f1bc6b997dc1be0.clause.1","1","occ_0f42570c96155120ceedbd2a","in","[1,2]"
"route_5fc7c4543a75746fc16d2359","route_5fc7c4543a75746fc16d2359.clause.1","1","occ_f48ebb1974d54fb04ce08dbb","in","[1,2,3]"
"route_5fc8135366598c70782d63e1","route_5fc8135366598c70782d63e1.clause.1","1","occ_0d8d28dce52195eccb2e1d81","selected_any","[]"
"route_5fc8135366598c70782d63e1","route_5fc8135366598c70782d63e1.clause.2","1","occ_f52069581e0ba22a512720d7","selected_any","[]"
"route_5fc8135366598c70782d63e1","route_5fc8135366598c70782d63e1.clause.3","1","occ_1a9c290dd76655447c011ff4","selected_any","[]"
"route_5ffb64949a24742c78faf9e9","route_5ffb64949a24742c78faf9e9.clause.1","1","occ_c203dbdff5936ebe69c5c5c7","equals","[2]"
"route_5fff4e947c77f6885138d8a1","route_5fff4e947c77f6885138d8a1.clause.1","1","occ_840dd13083282032a6d8d884","in","[2,3]"
"route_6004f40121ca6c88d3ed1a36","route_6004f40121ca6c88d3ed1a36.clause.1","1","occ_712f89570cd8072399de61f2","selected_any","[]"
"route_6026ec44b779bf32a646e455","route_6026ec44b779bf32a646e455.clause.1","1","occ_8cb2d8170de997520d81aa20","in","[1,3]"
"route_6031f1a3e799be50f07d8aab","route_6031f1a3e799be50f07d8aab.clause.1","1","occ_de6401e3d294605c090cacae","in","[1,2,3]"
"route_603956a5f2ea6e1b01ec18bc","route_603956a5f2ea6e1b01ec18bc.clause.1","1","occ_df488366f48af541ce77d544","equals","[1]"
"route_603b9d01bac1c9b9979966ee","route_603b9d01bac1c9b9979966ee.clause.1","1","occ_5a58993a494a78b8b88e243e","equals","[1]"
"route_606074c43c56491399659674","route_606074c43c56491399659674.clause.1","1","occ_b02e0485920a67cc7541cfef","equals","[1]"
"route_609e184818b82b0ba496759d","route_609e184818b82b0ba496759d.clause.1","1","occ_40d2f34504a9c3dd61203bec","equals","[1]"
"route_609e184818b82b0ba496759d","route_609e184818b82b0ba496759d.clause_1","1","occ_40d2f34504a9c3dd61203bec","equals","[1]"
"route_60acd32daee5483ce7f366a0","route_60acd32daee5483ce7f366a0.clause.1","1","occ_0d92b32fce910c72b8717ad6","equals","[1]"
"route_60ae07bc305487e468182115","route_60ae07bc305487e468182115.clause.1","1","occ_31d2f59cbf4c52dbecc30091","equals","[1]"
"route_611bf83a31c1bf085f4d8c40","route_611bf83a31c1bf085f4d8c40.clause.1","1","occ_843cb2f408eb47d34f522a32","equals","[1]"
"route_616ff7a058a40d3da6b48ff2","route_616ff7a058a40d3da6b48ff2.clause.1","1","occ_ce0572f94bfb2f08a490aa4b","in","[0,1,2,3,4]"
"route_616ff7a058a40d3da6b48ff2","route_616ff7a058a40d3da6b48ff2.clause_1","1","occ_ce0572f94bfb2f08a490aa4b","in","[0,1,2,3,4]"
"route_6192cb1104ba451fe4f3b8e4","route_6192cb1104ba451fe4f3b8e4.clause.1","1","occ_2b37b5fdf98bf68108ecffd8","equals","[2]"
"route_61cf97a727ce7a60cd9ef661","route_61cf97a727ce7a60cd9ef661.clause.1","1","occ_1f3479f86b5cc831918d8b26","equals","[1]"
"route_61dc864b70acae106a10c57a","route_61dc864b70acae106a10c57a.clause_1","1","occ_e8c28b643fce64b78b8bdb1b","equals","[2]"
"route_620f9994aff86a765dc14738","route_620f9994aff86a765dc14738.clause.1","1","occ_764cf2189b40c182ba4d6068","equals","[1]"
"route_6233968b6257f302fa19930f","route_6233968b6257f302fa19930f.clause.1","1","occ_bed67037792c5c70452b517d","equals","[2]"
"route_62695897c992143241074119","route_62695897c992143241074119.clause.1","1","occ_beeb8c6bacc011242e17d5a6","selected_any","[]"
"route_62695897c992143241074119","route_62695897c992143241074119.clause.2","1","occ_9d4dcd384da9e6016db40edb","selected_any","[]"
"route_62695897c992143241074119","route_62695897c992143241074119.clause.3","1","occ_86ed384c0d25255b372bc00a","selected_any","[]"
"route_62be08df062fd034ed3e88e4","route_62be08df062fd034ed3e88e4.clause_1","1","occ_f0b1fb7ac6a374d95825df88","selected_any","[]"
"route_62be08df062fd034ed3e88e4","route_62be08df062fd034ed3e88e4.clause_10","1","occ_ed765b16c114117cfe7394da","selected_any","[]"
"route_62be08df062fd034ed3e88e4","route_62be08df062fd034ed3e88e4.clause_11","1","occ_c43347735fa43532010d994e","selected_any","[]"
"route_62be08df062fd034ed3e88e4","route_62be08df062fd034ed3e88e4.clause_12","1","occ_a8a955e9b1213127bdb5a0b6","selected_any","[]"
"route_62be08df062fd034ed3e88e4","route_62be08df062fd034ed3e88e4.clause_13","1","occ_b9215a56150993ad29c80e17","selected_any","[]"
"route_62be08df062fd034ed3e88e4","route_62be08df062fd034ed3e88e4.clause_14","1","occ_9fbe3e8ef3981ca4eeba0ccb","selected_any","[]"
"route_62be08df062fd034ed3e88e4","route_62be08df062fd034ed3e88e4.clause_15","1","occ_a664a40ebe8708aa636df8c6","selected_any","[]"
"route_62be08df062fd034ed3e88e4","route_62be08df062fd034ed3e88e4.clause_16","1","occ_c503fe1883f0df17d7633545","selected_any","[]"
"route_62be08df062fd034ed3e88e4","route_62be08df062fd034ed3e88e4.clause_17","1","occ_9af939e4aa810fd348c67d71","selected_any","[]"
"route_62be08df062fd034ed3e88e4","route_62be08df062fd034ed3e88e4.clause_18","1","occ_aada59e33815266408df9e77","selected_any","[]"
"route_62be08df062fd034ed3e88e4","route_62be08df062fd034ed3e88e4.clause_19","1","occ_472d1df6302f76a87bb60e17","selected_any","[]"
"route_62be08df062fd034ed3e88e4","route_62be08df062fd034ed3e88e4.clause_2","1","occ_f3e063d010d5f5652439f888","selected_any","[]"
"route_62be08df062fd034ed3e88e4","route_62be08df062fd034ed3e88e4.clause_20","1","occ_71aa3deb5815e94a6fca04e4","selected_any","[]"
"route_62be08df062fd034ed3e88e4","route_62be08df062fd034ed3e88e4.clause_21","1","occ_a6461d61736c462f6f32e479","selected_any","[]"
"route_62be08df062fd034ed3e88e4","route_62be08df062fd034ed3e88e4.clause_22","1","occ_1fb292edd68faa41b57cfa88","selected_any","[]"
"route_62be08df062fd034ed3e88e4","route_62be08df062fd034ed3e88e4.clause_23","1","occ_8f7d0acc64afec345809133e","selected_any","[]"
"route_62be08df062fd034ed3e88e4","route_62be08df062fd034ed3e88e4.clause_24","1","occ_1a00abc7313978cec51d81dc","selected_any","[]"
"route_62be08df062fd034ed3e88e4","route_62be08df062fd034ed3e88e4.clause_25","1","occ_d5190172abd2a9ea78db3c6c","selected_any","[]"
"route_62be08df062fd034ed3e88e4","route_62be08df062fd034ed3e88e4.clause_26","1","occ_f3ab11a43a7cab259e1024e4","selected_any","[]"
"route_62be08df062fd034ed3e88e4","route_62be08df062fd034ed3e88e4.clause_27","1","occ_b44ad057eefb5ad041df022c","selected_any","[]"
"route_62be08df062fd034ed3e88e4","route_62be08df062fd034ed3e88e4.clause_28","1","occ_fd6ddcabaef1e869806a00a6","selected_any","[]"
"route_62be08df062fd034ed3e88e4","route_62be08df062fd034ed3e88e4.clause_29","1","occ_4e7d2ed02c682fd54d3ed3a8","selected_any","[]"
"route_62be08df062fd034ed3e88e4","route_62be08df062fd034ed3e88e4.clause_3","1","occ_2761404bbe29db6146997abf","selected_any","[]"
"route_62be08df062fd034ed3e88e4","route_62be08df062fd034ed3e88e4.clause_30","1","occ_486e9793b7912232e84ba3c5","selected_any","[]"
"route_62be08df062fd034ed3e88e4","route_62be08df062fd034ed3e88e4.clause_31","1","occ_aade13e394c13bf7bd6b7344","selected_any","[]"
"route_62be08df062fd034ed3e88e4","route_62be08df062fd034ed3e88e4.clause_32","1","occ_eb4d4e7406aeb2207e4f2ce5","selected_any","[]"
"route_62be08df062fd034ed3e88e4","route_62be08df062fd034ed3e88e4.clause_4","1","occ_cb6c5504ca159b3977304ce0","selected_any","[]"
"route_62be08df062fd034ed3e88e4","route_62be08df062fd034ed3e88e4.clause_5","1","occ_0ed45b1d76dcc94b7fa8b7c8","selected_any","[]"
"route_62be08df062fd034ed3e88e4","route_62be08df062fd034ed3e88e4.clause_6","1","occ_d0c229539eed782ae0a06c5b","selected_any","[]"
"route_62be08df062fd034ed3e88e4","route_62be08df062fd034ed3e88e4.clause_7","1","occ_c28f96d442b2d7663927afaf","selected_any","[]"
"route_62be08df062fd034ed3e88e4","route_62be08df062fd034ed3e88e4.clause_8","1","occ_49cd21d2a32a75f0be4c65ba","selected_any","[]"
"route_62be08df062fd034ed3e88e4","route_62be08df062fd034ed3e88e4.clause_9","1","occ_472e89de2a2973214bd39f75","selected_any","[]"
"route_62c24496707d00698de7e0dd","route_62c24496707d00698de7e0dd.clause.1","1","occ_1f3479f86b5cc831918d8b26","equals","[2]"
"route_62c3e9faa1981a0351cbf105","route_62c3e9faa1981a0351cbf105.clause.1","1","occ_07a85d133d8942dfe31c9bf5","equals","[1]"
"route_63962dd8537747fe88a29d51","route_63962dd8537747fe88a29d51.clause.1","1","occ_9b50af7dd48017f88595de00","in","[1,2]"
"route_63aac90eac0d2db4a813948a","route_63aac90eac0d2db4a813948a.clause.1","1","occ_592c0e9a66939fb6de7df410","equals","[1]"
"route_63b156547d7aae44854ffc38","route_63b156547d7aae44854ffc38.clause.1","1","occ_fb1c9b6b91330d411f2f35ab","in","[1,2]"
"route_63e6dacab52d3d36c83cbe3e","route_63e6dacab52d3d36c83cbe3e.clause.1","1","occ_c8f1279a19000e95c286c91f","equals","[2]"
"route_641a2d6e504bea502bc9605d","route_641a2d6e504bea502bc9605d.clause.1","1","occ_82c2595e459d7f9e06db578d","equals","[1]"
"route_644dba69ef1d21de09c9a392","route_644dba69ef1d21de09c9a392.clause.1","1","occ_a0ac4cfe46015e8ee837b9b4","selected_any","[]"
"route_645d7ac3960520835f0a093a","route_645d7ac3960520835f0a093a.clause.1","1","occ_0d92b32fce910c72b8717ad6","equals","[1]"
"route_6463641a7612640c52b046eb","route_6463641a7612640c52b046eb.clause.1","1","occ_fb1ad8b67b34091436acbec4","selected_any","[]"
"route_647351f113dca5757879c890","route_647351f113dca5757879c890.clause_1","1","occ_641c86e6d789901e374ac344","equals","[1]"
"route_647351f113dca5757879c890","route_647351f113dca5757879c890.clause_1","2","occ_25bd53a36e35f5f66f065886","gte","[1]"
"route_64780bddbcbace7596c6deca","route_64780bddbcbace7596c6deca.clause.1","1","occ_a8e78a8d63dc251842971114","selected_any","[]"
"route_6492b6038e473c40bee9e71c","route_6492b6038e473c40bee9e71c.clause.1","1","occ_42c388b101020046cc841477","in","[1,2,3]"
"route_6493d22ce84b692a18d1f61e","route_6493d22ce84b692a18d1f61e.clause.1","1","occ_6f07bdada1ced179fd0d74e6","equals","[1]"
"route_64dcef6c4f51f0814a96816c","route_64dcef6c4f51f0814a96816c.clause.1","1","occ_d98e733047b645c42170f123","selected_any","[]"
"route_64dcef6c4f51f0814a96816c","route_64dcef6c4f51f0814a96816c.clause.2","1","occ_a342220906826d0087750d0a","selected_any","[]"
"route_64dcef6c4f51f0814a96816c","route_64dcef6c4f51f0814a96816c.clause.3","1","occ_622a88aac30947d821ab746e","selected_any","[]"
"route_64dcef6c4f51f0814a96816c","route_64dcef6c4f51f0814a96816c.clause.4","1","occ_bce50d788161c9d930010270","selected_any","[]"
"route_64fba27d11487d20a432a09f","route_64fba27d11487d20a432a09f.clause.1","1","occ_79717f753542e18fdf359e79","equals","[2]"
"route_650f569b272d3b8ec01d36d0","route_650f569b272d3b8ec01d36d0.clause.1","1","occ_4362b6b0904af50a3a62d0d6","equals","[1]"
"route_6513b9d0ef1700a46fc62126","route_6513b9d0ef1700a46fc62126.clause.1","1","occ_82f713c0832179298f4c791e","selected_any","[]"
"route_654caf716fe10de5bd178e62","route_654caf716fe10de5bd178e62.clause.1","1","occ_07b79e98c5e632f6e3539e16","gte","[1]"
"route_65564afe2bf76bead3a47534","route_65564afe2bf76bead3a47534.clause.1","1","occ_257ef6af7f81efbc1fcd8d7c","in","[2,3]"
"route_6572ce4c676ca91b4f9eff45","route_6572ce4c676ca91b4f9eff45.clause.1","1","occ_4f106001e0a311dd6cc95258","gte","[2]"
"route_6588aeae65be76bce47b8706","route_6588aeae65be76bce47b8706.clause.1","1","occ_dfb8dd4bb262b37ee681815f","selected_any","[]"
"route_65cf22a2bd9b37c92ab030f2","route_65cf22a2bd9b37c92ab030f2.clause.1","1","occ_9221739c766e193b59ea2b41","equals","[1]"
"route_65d8e26bdb6b0977363e45bd","route_65d8e26bdb6b0977363e45bd.clause.1","1","occ_c04fc290daa2bad83b8c7cba","equals","[1]"
"route_65d8e26bdb6b0977363e45bd","route_65d8e26bdb6b0977363e45bd.clause_1","1","occ_c04fc290daa2bad83b8c7cba","equals","[1]"
"route_66051eae5478c775c02b0d96","route_66051eae5478c775c02b0d96.clause.1","1","occ_a14c22260188bda229747d18","in","[1,2]"
"route_664aa44add4932e9ac13bd32","route_664aa44add4932e9ac13bd32.clause.1","1","occ_1e5aa0887c4dffd865b07bc6","in","[1,3]"
"route_66500666ea7438b3881739b9","route_66500666ea7438b3881739b9.clause.1","1","occ_ea932600b42d3a63632d0bcd","equals","[1]"
"route_6683f0876f5d676ed21cdc21","route_6683f0876f5d676ed21cdc21.clause.1","1","occ_07b79e98c5e632f6e3539e16","gte","[1]"
"route_66875d7e71fac8d8da735614","route_66875d7e71fac8d8da735614.clause.1","1","occ_a0891cd73258435d0ab62ae7","equals","[7]"
"route_669c709a59e8a66f1400f459","route_669c709a59e8a66f1400f459.clause.1","1","occ_941fb498af3d15c85cf85b0b","in","[1,2]"
"route_66a3c4939c46883a5822e2f0","route_66a3c4939c46883a5822e2f0.clause.1","1","occ_ed0eeb652430caf422c21a6c","in","[1,2,3]"
"route_66b8df095401b9a74d959374","route_66b8df095401b9a74d959374.clause.1","1","occ_fe3762897205bce29cfb4d79","equals","[2]"
"route_66b9b0b144392ed1446bb233","route_66b9b0b144392ed1446bb233.clause.1","1","occ_9b7bc3249d2030eb1dd5e850","selected_any","[]"
"route_66c95bda51a600b128827716","route_66c95bda51a600b128827716.clause.1","1","occ_b73c06ceb0c8f6b5fd6c9b66","equals","[2]"
"route_66d0669f55419e3dd21f3710","route_66d0669f55419e3dd21f3710.clause.1","1","occ_31d2f59cbf4c52dbecc30091","equals","[1]"
"route_67184817d2ad0272f3dacab2","route_67184817d2ad0272f3dacab2.clause.1","1","occ_764e5697d1a97d1d00906a7f","gte","[1]"
"route_67224a8df6449312d5e295ca","route_67224a8df6449312d5e295ca.clause.1","1","occ_eee723e6c4052cd7fa257448","equals","[1]"
"route_673c9693d8f9a5369885e363","route_673c9693d8f9a5369885e363.clause.1","1","occ_0987552ebc879f3991fdff0e","in","[2,3]"
"route_6746008c14b18bd44b616edb","route_6746008c14b18bd44b616edb.clause.1","1","occ_dfa89ae1dfda607a76c2d156","equals","[1]"
"route_67467b5370b9c469b742e677","route_67467b5370b9c469b742e677.clause.1","1","occ_2b969fe99610e5f0a34ba72b","selected_any","[]"
"route_67467b5370b9c469b742e677","route_67467b5370b9c469b742e677.clause.2","1","occ_5cc956a7450822a15a6ddaa7","selected_any","[]"
"route_67467b5370b9c469b742e677","route_67467b5370b9c469b742e677.clause.3","1","occ_c24d0fca50eb0ad8a658da25","selected_any","[]"
"route_681717612677db70064cbcf8","route_681717612677db70064cbcf8.clause.1","1","occ_f77e7e2c91fa4313b554b411","selected_any","[]"
"route_681717612677db70064cbcf8","route_681717612677db70064cbcf8.clause.2","1","occ_7a0483184eb3296887bf0309","selected_any","[]"
"route_681717612677db70064cbcf8","route_681717612677db70064cbcf8.clause.3","1","occ_f45266aa6e0c8ac21b77849e","selected_any","[]"
"route_6819ee33a446d422fcdd6a25","route_6819ee33a446d422fcdd6a25.clause.1","1","occ_e55a4e30136590fba0a350f7","equals","[1]"
"route_6820734e7633ae174cb56e01","route_6820734e7633ae174cb56e01.clause.1","1","occ_b464e5f68dd311c6a5028b1d","equals","[2]"
"route_6828fbaeb1f168fada036ab4","route_6828fbaeb1f168fada036ab4.clause.1","1","occ_e1ceaca203e7018d83860d45","equals","[1]"
"route_684e08406685ae22f479b792","route_684e08406685ae22f479b792.clause.1","1","occ_6d32298fae7bd55def5dc353","equals","[1]"
"route_68dd045e611c3d1f438c3b8f","route_68dd045e611c3d1f438c3b8f.clause.1","1","occ_5c1a94498bbdbe9c14436dbb","equals","[1]"
"route_68de764e461c138e627831b6","route_68de764e461c138e627831b6.clause.1","1","occ_4d0086afc5e56e8734ab4c55","equals","[1]"
"route_690901435f4292868157dcbf","route_690901435f4292868157dcbf.clause.1","1","occ_6e4896a7c7596eeae1047523","equals","[2]"
"route_692389e687eb58b1a2e93d9f","route_692389e687eb58b1a2e93d9f.clause.1","1","occ_25c608689aa99746b19f2a17","in","[1,3]"
"route_6928b408a6eff4dc00a88f00","route_6928b408a6eff4dc00a88f00.clause.1","1","occ_cf886583bf491cf0004c6c3c","in","[1,2]"
"route_692deff5887e1ab83ac8c734","route_692deff5887e1ab83ac8c734.clause.1","1","occ_295e8fb151b4be154e6a8439","selected_any","[]"
"route_692deff5887e1ab83ac8c734","route_692deff5887e1ab83ac8c734.clause.2","1","occ_05710e8e43ba4933753ce670","selected_any","[]"
"route_692deff5887e1ab83ac8c734","route_692deff5887e1ab83ac8c734.clause.3","1","occ_1cf021b88a6bf24cadfa2b5e","selected_any","[]"
"route_692deff5887e1ab83ac8c734","route_692deff5887e1ab83ac8c734.clause.4","1","occ_15835aebf74e64645771e001","selected_any","[]"
"route_69856ee728babbb83e3d9032","route_69856ee728babbb83e3d9032.clause.1","1","occ_80aff4d46a8f585010e1b088","in","[1,2,3]"
"route_69dad25696d9f9af34fdce0d","route_69dad25696d9f9af34fdce0d.clause.1","1","occ_a393eb14b26464c2ed16a4ad","equals","[1]"
"route_6a18c45bd681d44a5851b66f","route_6a18c45bd681d44a5851b66f.clause.1","1","occ_6d32298fae7bd55def5dc353","equals","[1]"
"route_6a4472528442570b9bd5d8b7","route_6a4472528442570b9bd5d8b7.clause.1","1","occ_8a473fcf4f50949b6b757188","equals","[1]"
"route_6a4645c76ee124081824ee75","route_6a4645c76ee124081824ee75.clause.1","1","occ_1f664120ac23b663e022adf4","in","[2,3,4]"
"route_6a495b5ed0d736f8a9893e98","route_6a495b5ed0d736f8a9893e98.clause.1","1","occ_4e4cd2fcf9fe1891791eaf94","selected_any","[]"
"route_6a537f096e033856bc5bcb0c","route_6a537f096e033856bc5bcb0c.clause.1","1","occ_a14c22260188bda229747d18","in","[1,2]"
"route_6a66719097859db3913513c3","route_6a66719097859db3913513c3.clause.1","1","occ_fba394712da4d974fc232acc","equals","[2]"
"route_6a717c398dd4ae4b69960839","route_6a717c398dd4ae4b69960839.clause.1","1","occ_7c6f3583d94f5b84c59ce82f","equals","[1]"
"route_6a7fd072ae1521826a37581b","route_6a7fd072ae1521826a37581b.clause.1","1","occ_c618750d61fdab9a75aaa9cc","in","[1,2]"
"route_6aa112c2691b9f72e158b816","route_6aa112c2691b9f72e158b816.clause.1","1","occ_bc637452657e8275d12467c0","selected_any","[]"
"route_6aad05f423b2856d48bfd09c","route_6aad05f423b2856d48bfd09c.clause.1","1","occ_e2e251e6b973c82f1528da5d","equals","[1]"
"route_6ab206ea47c231ed024f7bb2","route_6ab206ea47c231ed024f7bb2.clause.1","1","occ_5756aea9d07dc600769b4287","in","[1,2]"
"route_6ad96a0ac72aaf84f5a45fc4","route_6ad96a0ac72aaf84f5a45fc4.clause.1","1","occ_19872efdb4e691e4c49ab231","equals","[1]"
"route_6ad96a0ac72aaf84f5a45fc4","route_6ad96a0ac72aaf84f5a45fc4.clause_1","1","occ_19872efdb4e691e4c49ab231","equals","[1]"
"route_6aee7846aeca740cbfc47f39","route_6aee7846aeca740cbfc47f39.clause.1","1","occ_d001558851b060dcd3b4a0e2","equals","[1]"
"route_6b0967db85afae0a4a68d816","route_6b0967db85afae0a4a68d816.clause.1","1","occ_84f76d04015d3852c430cc7a","equals","[1]"
"route_6b191490313eb41ad64348d6","route_6b191490313eb41ad64348d6.clause.1","1","occ_d44454d477e472a8f28e97b8","selected_any","[]"
"route_6b377206714c785ab64f53af","route_6b377206714c785ab64f53af.clause.1","1","occ_65c6e66693cdaecca9224dec","in","[1,2]"
"route_6b377206714c785ab64f53af","route_6b377206714c785ab64f53af.clause_1","1","occ_65c6e66693cdaecca9224dec","in","[1,2]"
"route_6b4fd401ceebb50931ec9828","route_6b4fd401ceebb50931ec9828.clause.1","1","occ_a8d463d16d4853db15681741","equals","[1]"
"route_6b7d17eb9b4301a5c58f40dd","route_6b7d17eb9b4301a5c58f40dd.clause.1","1","occ_160e83b871797419ee08dfb9","in","[1,2]"
"route_6b8e8109a8beef6595c90fb2","route_6b8e8109a8beef6595c90fb2.clause_1","1","occ_1d21a0d14507f9e4cf759ea9","not_in","[1]"
"route_6b95aab106dc35e51e93affc","route_6b95aab106dc35e51e93affc.clause.1","1","occ_39cb39d115c1802afde30948","selected_any","[]"
"route_6b98a68ce2a6e6dda86da733","route_6b98a68ce2a6e6dda86da733.clause.1","1","occ_e43e32744a93b9c18abf1da4","equals","[1]"
"route_6bc7aac2431afd721e3a039d","route_6bc7aac2431afd721e3a039d.clause.1","1","occ_31f5d0598263bc4289afaf28","equals","[1]"
"route_6bcae296d97d29fe01af90b2","route_6bcae296d97d29fe01af90b2.clause.1","1","occ_941fb498af3d15c85cf85b0b","in","[1,2]"
"route_6bd327f42e052065f28959a4","route_6bd327f42e052065f28959a4.clause.1","1","occ_123b1fdc0de1221d9eea9718","in","[1,2]"
"route_6c03b98a537dc5681ddd8f2c","route_6c03b98a537dc5681ddd8f2c.clause.1","1","occ_87ace7a2df80f81bfdf51fe9","equals","[1]"
"route_6c03b98a537dc5681ddd8f2c","route_6c03b98a537dc5681ddd8f2c.clause_1","1","occ_87ace7a2df80f81bfdf51fe9","equals","[1]"
"route_6c260e9e8c04dbf45df965f8","route_6c260e9e8c04dbf45df965f8.clause.1","1","occ_8a473fcf4f50949b6b757188","equals","[1]"
"route_6c3292dd82650f42acc2c851","route_6c3292dd82650f42acc2c851.clause.1","1","occ_6102f8b79e1acc03dcf778cd","selected_any","[]"
"route_6c3eecdaa2bf43a0c6b71e97","route_6c3eecdaa2bf43a0c6b71e97.clause.1","1","occ_01dfddb49eda58dc81314fb2","equals","[1]"
"route_6c3eecdaa2bf43a0c6b71e97","route_6c3eecdaa2bf43a0c6b71e97.clause_1","1","occ_01dfddb49eda58dc81314fb2","equals","[1]"
"route_6c5a2b65eade7b34ea7a8300","route_6c5a2b65eade7b34ea7a8300.clause.1","1","occ_0ffc5b8c14f2f3ab3e55e220","in","[1,3]"
"route_6cdea06398d0f9be41574163","route_6cdea06398d0f9be41574163.clause.1","1","occ_116fe22d677001fd81fb0c98","selected_any","[]"
"route_6d5259f41b20e174ee012fd7","route_6d5259f41b20e174ee012fd7.clause.1","1","occ_cf3b0d3055128afe2f41a425","equals","[1]"
"route_6d7b1fafce43d60f4e7b5130","route_6d7b1fafce43d60f4e7b5130.clause.1","1","occ_1e0c8d513c62b3c4f0a7690b","equals","[1]"
"route_6d828bde7a735b7c1f6ac6e4","route_6d828bde7a735b7c1f6ac6e4.clause.1","1","occ_160e83b871797419ee08dfb9","in","[1,2]"
"route_6da0f68979495f64d7b7f029","route_6da0f68979495f64d7b7f029.clause.1","1","occ_9bf883a5d4208a4a7b0f7a01","equals","[1]"
"route_6dd054701eb63f8ecd5c11a5","route_6dd054701eb63f8ecd5c11a5.clause.1","1","occ_e8cb5a5ed51ba6dbce62e909","equals","[1]"
"route_6e0d41012bdea4ed516feb84","route_6e0d41012bdea4ed516feb84.clause.1","1","occ_c6fb593a4b277d9261a69d90","selected_any","[]"
"route_6e14d0bd93ed5a920cf9da77","route_6e14d0bd93ed5a920cf9da77.clause.1","1","occ_11666375b436a4b491243921","selected_any","[]"
"route_6e1e11c997c7e67f8ac7bd57","route_6e1e11c997c7e67f8ac7bd57.clause.1","1","occ_e732e39dcf921ff4bf699772","in","[11,12]"
"route_6e1fea3fae3a05c731164288","route_6e1fea3fae3a05c731164288.clause.1","1","occ_8ad850dee030969ef968319b","in","[1,2]"
"route_6e69491a2e158aa2cafb0963","route_6e69491a2e158aa2cafb0963.clause.1","1","occ_50f11fee80b276a5522248a4","in","[2,3]"
"route_6e87fa40819c799fbcea8573","route_6e87fa40819c799fbcea8573.clause.1","1","occ_e5cb2faa290967947adde88e","selected_any","[]"
"route_6e87fa40819c799fbcea8573","route_6e87fa40819c799fbcea8573.clause.2","1","occ_02b92a564c3182e2c3821008","selected_any","[]"
"route_6e87fa40819c799fbcea8573","route_6e87fa40819c799fbcea8573.clause.3","1","occ_3ce3bbd20fd7c607b4304c4c","selected_any","[]"
"route_6e87fa40819c799fbcea8573","route_6e87fa40819c799fbcea8573.clause.4","1","occ_b2225c8924fc394408cd0b2b","selected_any","[]"
"route_6ef2c4eee149e515fc487036","route_6ef2c4eee149e515fc487036.clause.1","1","occ_3a592702159d40121c5b20f8","equals","[1]"
"route_6efabe25ebf4cd099a47cc05","route_6efabe25ebf4cd099a47cc05.clause.1","1","occ_c3ad60781f8088f0fa0fcd1f","gte","[1]"
"route_6f0b916b7a6782b8718ddfcb","route_6f0b916b7a6782b8718ddfcb.clause.1","1","occ_15c31b46d2e75870d917f555","equals","[1]"
"route_6f76e51eaa30665206cf9264","route_6f76e51eaa30665206cf9264.clause.1","1","occ_90108062a44c11747b109fea","equals","[2]"
"route_6f80d51d62091c82e0dd4c5d","route_6f80d51d62091c82e0dd4c5d.clause.1","1","occ_5bce55ae5b2d4a474b2c68a5","equals","[7]"
"route_6f8f9579bdfb5cf626d384b3","route_6f8f9579bdfb5cf626d384b3.clause.1","1","occ_674e2a9f1d2caf9821e5803f","equals","[1]"
"route_6faf35854927c9579e730426","route_6faf35854927c9579e730426.clause_1","1","occ_1d21a0d14507f9e4cf759ea9","not_in","[1]"
"route_6fc112a8746e8a9f4381eb0e","route_6fc112a8746e8a9f4381eb0e.clause.1","1","occ_da2cac458e17c9640fb95855","in","[0,1,2,3,4,5]"
"route_6fc112a8746e8a9f4381eb0e","route_6fc112a8746e8a9f4381eb0e.clause_1","1","occ_da2cac458e17c9640fb95855","in","[0,1,2,3,4,5]"
"route_6fe11948fa3ff7ad89caf5c6","route_6fe11948fa3ff7ad89caf5c6.clause.1","1","occ_d3f403d16a588adfc9d63afa","gte","[1]"
"route_6fffb99015b3f225da58e9cd","route_6fffb99015b3f225da58e9cd.clause.1","1","occ_6f07bdada1ced179fd0d74e6","equals","[1]"
"route_702efc1beb050c4b9b01e251","route_702efc1beb050c4b9b01e251.clause.1","1","occ_65c6e66693cdaecca9224dec","in","[1,2]"
"route_702efc1beb050c4b9b01e251","route_702efc1beb050c4b9b01e251.clause_1","1","occ_65c6e66693cdaecca9224dec","in","[1,2]"
"route_7043a57ed90d893ff48c4cf9","route_7043a57ed90d893ff48c4cf9.clause.1","1","occ_7ec5b2fb76aa19b3065a4f22","equals","[1]"
"route_7044e59c7cb9edb3fe88ed40","route_7044e59c7cb9edb3fe88ed40.clause.1","1","occ_9753620586726cdfbd9244c2","selected_any","[]"
"route_708ced3b7c91d26bbff93282","route_708ced3b7c91d26bbff93282.clause.1","1","occ_7491b9f44cfa65a256519353","selected_any","[]"
"route_708ced3b7c91d26bbff93282","route_708ced3b7c91d26bbff93282.clause.10","1","occ_da625ad79efafe39f232d1db","selected_any","[]"
"route_708ced3b7c91d26bbff93282","route_708ced3b7c91d26bbff93282.clause.11","1","occ_1e4cd52c7464fc2d067777c5","selected_any","[]"
"route_708ced3b7c91d26bbff93282","route_708ced3b7c91d26bbff93282.clause.12","1","occ_4dc7499f52c5757690e6e5aa","selected_any","[]"
"route_708ced3b7c91d26bbff93282","route_708ced3b7c91d26bbff93282.clause.13","1","occ_492ad4c8ae25bd47aca4fc83","selected_any","[]"
"route_708ced3b7c91d26bbff93282","route_708ced3b7c91d26bbff93282.clause.14","1","occ_b37bfd3a93957cb6e4c7b8be","selected_any","[]"
"route_708ced3b7c91d26bbff93282","route_708ced3b7c91d26bbff93282.clause.15","1","occ_2aebdc7f82bda609b7c8091d","selected_any","[]"
"route_708ced3b7c91d26bbff93282","route_708ced3b7c91d26bbff93282.clause.16","1","occ_20e7819d447605cf8ecaf63a","selected_any","[]"
"route_708ced3b7c91d26bbff93282","route_708ced3b7c91d26bbff93282.clause.17","1","occ_25a85012bb4faffc0de38f2f","selected_any","[]"
"route_708ced3b7c91d26bbff93282","route_708ced3b7c91d26bbff93282.clause.18","1","occ_dba4c86e0c7c9b08b236809b","selected_any","[]"
"route_708ced3b7c91d26bbff93282","route_708ced3b7c91d26bbff93282.clause.19","1","occ_773616790c006d67752fa9c8","selected_any","[]"
"route_708ced3b7c91d26bbff93282","route_708ced3b7c91d26bbff93282.clause.2","1","occ_209d7f5869d1f936aa213eb0","selected_any","[]"
"route_708ced3b7c91d26bbff93282","route_708ced3b7c91d26bbff93282.clause.20","1","occ_41bae0541106ce8de5d479f8","selected_any","[]"
"route_708ced3b7c91d26bbff93282","route_708ced3b7c91d26bbff93282.clause.21","1","occ_9622513eab24c778ae8b2dfc","selected_any","[]"
"route_708ced3b7c91d26bbff93282","route_708ced3b7c91d26bbff93282.clause.22","1","occ_2cbdc5fa505abd99d624cdd2","selected_any","[]"
"route_708ced3b7c91d26bbff93282","route_708ced3b7c91d26bbff93282.clause.23","1","occ_67171204a4ca3c540324eb73","selected_any","[]"
"route_708ced3b7c91d26bbff93282","route_708ced3b7c91d26bbff93282.clause.24","1","occ_b4d62d2cad2e6a9e55499f88","selected_any","[]"
"route_708ced3b7c91d26bbff93282","route_708ced3b7c91d26bbff93282.clause.25","1","occ_28e976b93821126cc6b7faa6","selected_any","[]"
"route_708ced3b7c91d26bbff93282","route_708ced3b7c91d26bbff93282.clause.26","1","occ_a560d7bf6895cb10d8630f6b","selected_any","[]"
"route_708ced3b7c91d26bbff93282","route_708ced3b7c91d26bbff93282.clause.27","1","occ_1939be448ef5e5969f56c184","selected_any","[]"
"route_708ced3b7c91d26bbff93282","route_708ced3b7c91d26bbff93282.clause.28","1","occ_db7c47f9b350ae648a05dded","selected_any","[]"
"route_708ced3b7c91d26bbff93282","route_708ced3b7c91d26bbff93282.clause.29","1","occ_8071d2e14ca4b58ae76e09f5","selected_any","[]"
"route_708ced3b7c91d26bbff93282","route_708ced3b7c91d26bbff93282.clause.3","1","occ_a91e181075e6096fc2b161d2","selected_any","[]"
"route_708ced3b7c91d26bbff93282","route_708ced3b7c91d26bbff93282.clause.30","1","occ_289329ce3ff2bdf727229972","selected_any","[]"
"route_708ced3b7c91d26bbff93282","route_708ced3b7c91d26bbff93282.clause.4","1","occ_50e86d11ea8a9be07331a9ce","selected_any","[]"
"route_708ced3b7c91d26bbff93282","route_708ced3b7c91d26bbff93282.clause.5","1","occ_9da1879e0b53fb0bb1c8d517","selected_any","[]"
"route_708ced3b7c91d26bbff93282","route_708ced3b7c91d26bbff93282.clause.6","1","occ_1eced163497c5663c9e812c9","selected_any","[]"
"route_708ced3b7c91d26bbff93282","route_708ced3b7c91d26bbff93282.clause.7","1","occ_cc3203aaa3a14bbd98862b16","selected_any","[]"
"route_708ced3b7c91d26bbff93282","route_708ced3b7c91d26bbff93282.clause.8","1","occ_8f4ad21564d3cade92efb811","selected_any","[]"
"route_708ced3b7c91d26bbff93282","route_708ced3b7c91d26bbff93282.clause.9","1","occ_00d400e78591d2ea45a298e5","selected_any","[]"
"route_70b9689f0b14fc625f0a597c","route_70b9689f0b14fc625f0a597c.clause.1","1","occ_859980fa89cf5699cfe672b7","gte","[1]"
"route_70db78cfa53bada670c1da3a","route_70db78cfa53bada670c1da3a.clause.1","1","occ_b212b83489e08429cf962c4b","in","[0,1,2,3,4]"
"route_70db78cfa53bada670c1da3a","route_70db78cfa53bada670c1da3a.clause_1","1","occ_b212b83489e08429cf962c4b","in","[0,1,2,3,4]"
"route_70e3b14ea77fc68c971f8ffc","route_70e3b14ea77fc68c971f8ffc.clause.1","1","occ_18d1318c26074aeda5539a95","equals","[2]"
"route_7101f45380b6b4f2ac8e217a","route_7101f45380b6b4f2ac8e217a.clause.1","1","occ_94b43943ccfdc3c5fadd26ee","equals","[1]"
"route_714d588d80cae95c86af68fd","route_714d588d80cae95c86af68fd.clause.1","1","occ_c3e039456a59e72f4d161835","equals","[1]"
"route_716be601243ccbcd4b9b7162","route_716be601243ccbcd4b9b7162.clause.1","1","occ_b71046e09eeb0c893cd96101","selected_any","[]"
"route_719ea1dd28f4d922cbfcb587","route_719ea1dd28f4d922cbfcb587.clause.1","1","occ_8340acf5d7bfe0d104c056ea","selected_any","[]"
"route_71f00d736c6baeba5c4c4778","route_71f00d736c6baeba5c4c4778.clause.1","1","occ_814670cb5e7671412ce0b6b2","equals","[1]"
"route_71f00d736c6baeba5c4c4778","route_71f00d736c6baeba5c4c4778.clause_1","1","occ_814670cb5e7671412ce0b6b2","equals","[1]"
"route_71fffe2d6d5e20f2faad7762","route_71fffe2d6d5e20f2faad7762.clause.1","1","occ_25f277d4d3dd79bbd247a0fe","equals","[1]"
"route_722ee393d2db056688b18a7c","route_722ee393d2db056688b18a7c.clause.1","1","occ_c819f8e2b74d9d4a1a540d27","equals","[1]"
"route_72300dea971e290b0f0d9316","route_72300dea971e290b0f0d9316.clause.1","1","occ_937706b26b02aa663a234cb4","equals","[1]"
"route_726804631f324fc6833969bd","route_726804631f324fc6833969bd.clause.1","1","occ_10d36079e8bfb72360503f7a","in","[2,3]"
"route_728df739da130f2a87cbc347","route_728df739da130f2a87cbc347.clause.1","1","occ_4c9a84c69f27bdd40c456cf2","selected_any","[]"
"route_72fa5bece3c0866ae5735c5a","route_72fa5bece3c0866ae5735c5a.clause.1","1","occ_59e406541554924f7d83711f","gte","[2]"
"route_730a93f414160104b83d3b95","route_730a93f414160104b83d3b95.clause.1","1","occ_4e0967ebc213987e180cec62","selected_any","[]"
"route_7347fa61c522ccbc12b4efad","route_7347fa61c522ccbc12b4efad.clause.1","1","occ_67a48f5be33e93cf2e066315","equals","[7]"
"route_7347fa61c522ccbc12b4efad","route_7347fa61c522ccbc12b4efad.clause_1","1","occ_67a48f5be33e93cf2e066315","equals","[7]"
"route_73735bed6b8380e451497054","route_73735bed6b8380e451497054.clause.1","1","occ_cb7459fa18680445402c63b1","equals","[2]"
"route_73abe525dba31369711afe95","route_73abe525dba31369711afe95.clause.1","1","occ_a6c38af58a30a1e14c7afa54","gte","[1]"
"route_73d949c966b19648244a5012","route_73d949c966b19648244a5012.clause.1","1","occ_e047c5056a7be36edad25cdb","equals","[1]"
"route_743a309a4931b0405ddf2e1a","route_743a309a4931b0405ddf2e1a.clause.1","1","occ_9f882dca54f3d10275effc7c","selected_any","[]"
"route_744603347e714c196427ec87","route_744603347e714c196427ec87.clause.1","1","occ_65fc01b2227a8bdcc0859048","equals","[2]"
"route_747ed93ab87349e46a1016fd","route_747ed93ab87349e46a1016fd.clause.1","1","occ_1f7f1333741b991e6b1675f8","equals","[1]"
"route_749a5b25a512f2f51b6cea94","route_749a5b25a512f2f51b6cea94.clause.1","1","occ_ce0572f94bfb2f08a490aa4b","in","[0,1,2,3,4,5]"
"route_749a5b25a512f2f51b6cea94","route_749a5b25a512f2f51b6cea94.clause_1","1","occ_ce0572f94bfb2f08a490aa4b","in","[0,1,2,3,4,5]"
"route_749aefa16b4de75c5451b155","route_749aefa16b4de75c5451b155.clause.1","1","occ_cf57454ec2e28410463edffd","equals","[1]"
"route_74a7f0f45b56ffa3e7eb8a55","route_74a7f0f45b56ffa3e7eb8a55.clause.1","1","occ_a6b0cd983d59cf5aacb3c34a","selected_any","[]"
"route_74c12c0960533e27318e9ae4","route_74c12c0960533e27318e9ae4.clause.1","1","occ_373ba4d74fe72219b6afb857","equals","[1]"
"route_74cb9bc2b1d79b182c48f964","route_74cb9bc2b1d79b182c48f964.clause_1","1","occ_2ee3c47605b94fae8b4773ff","equals","[2]"
"route_74cb9bc2b1d79b182c48f964","route_74cb9bc2b1d79b182c48f964.clause_1","2","occ_75200734f77351edb2f95993","in","[2,3,4]"
"route_74f077738e4d9fd7186f452b","route_74f077738e4d9fd7186f452b.clause.1","1","occ_4e04c141811cd66845eec346","equals","[1]"
"route_7598175acb27900abf266f66","route_7598175acb27900abf266f66.clause.1","1","occ_24f88ce60d14bb33476220d9","gte","[2]"
"route_75a6697fb26c1fce1b658173","route_75a6697fb26c1fce1b658173.clause.1","1","occ_979a4df019950664de893f2f","in","[1,2]"
"route_75a6697fb26c1fce1b658173","route_75a6697fb26c1fce1b658173.clause_1","1","occ_979a4df019950664de893f2f","in","[1,2]"
"route_75b39e792b026a2afae30f83","route_75b39e792b026a2afae30f83.clause.1","1","occ_0b524d9d4c5b94027b1f0f1b","equals","[2]"
"route_75d2409ba93f31cba3415b07","route_75d2409ba93f31cba3415b07.clause.1","1","occ_15e9e9eaab71848e1c1a9d71","selected_any","[]"
"route_75d2409ba93f31cba3415b07","route_75d2409ba93f31cba3415b07.clause.2","1","occ_4b1ae64e1a208c872ca48831","selected_any","[]"
"route_75d2409ba93f31cba3415b07","route_75d2409ba93f31cba3415b07.clause.3","1","occ_a73e63893ccf195c36da8175","selected_any","[]"
"route_75d2409ba93f31cba3415b07","route_75d2409ba93f31cba3415b07.clause.4","1","occ_72e90d76fcd36c4ee70f509e","selected_any","[]"
"route_75d7fea086c0e31440fb57b9","route_75d7fea086c0e31440fb57b9.clause.1","1","occ_8f9de23dcba9d75429d732ca","equals","[1]"
"route_75ed581185967f7f702eaccf","route_75ed581185967f7f702eaccf.clause.1","1","occ_c29a2f2e03f1410969ad5622","in","[2,3,4]"
"route_760e1b8b9e7151d0914c7ba1","route_760e1b8b9e7151d0914c7ba1.clause.1","1","occ_4e961d65582b95e5afa38ccc","in","[1,2]"
"route_764750fe47a70fb0ac475bc4","route_764750fe47a70fb0ac475bc4.clause.1","1","occ_eaec5c5c064d2bf21e217196","equals","[1]"
"route_7669e5aa2ed7ea2c10f8bb61","route_7669e5aa2ed7ea2c10f8bb61.clause.1","1","occ_308351033927e0fcccffe4e5","equals","[1]"
"route_7678af31ddd731debd5dcac1","route_7678af31ddd731debd5dcac1.clause.1","1","occ_25618c0fb3740cc978a0f81b","in","[1,2]"
"route_7678af31ddd731debd5dcac1","route_7678af31ddd731debd5dcac1.clause_1","1","occ_25618c0fb3740cc978a0f81b","in","[1,2]"
"route_767aa738131b7360789640ca","route_767aa738131b7360789640ca.clause.1","1","occ_2f7917764515bfe89a851821","equals","[2]"
"route_7687240bdfa9c81c1cb96fec","route_7687240bdfa9c81c1cb96fec.clause.1","1","occ_12da59fdb3b2be74e69e0697","equals","[1]"
"route_7691bc5f6a907df8fb748c1f","route_7691bc5f6a907df8fb748c1f.clause.1","1","occ_8423113a44f2c6c4199b2d1b","selected_any","[]"
"route_769451dd5e0419d300db55fd","route_769451dd5e0419d300db55fd.clause.1","1","occ_1688c15d361b79c17438c1bc","equals","[1]"
"route_769451dd5e0419d300db55fd","route_769451dd5e0419d300db55fd.clause_1","1","occ_1688c15d361b79c17438c1bc","equals","[1]"
"route_7698911534d461949b261eda","route_7698911534d461949b261eda.clause.1","1","occ_37589be190fe13cc4503b567","equals","[2]"
"route_7698911534d461949b261eda","route_7698911534d461949b261eda.clause_1","1","occ_37589be190fe13cc4503b567","equals","[2]"
"route_76a3d0a01cc297613a391411","route_76a3d0a01cc297613a391411.clause.1","1","occ_a6ddefb2b61282ab154f8540","gte","[2]"
"route_76a6c60a744d82b7b8da992c","route_76a6c60a744d82b7b8da992c.clause.1","1","occ_2b5426e8ec8651b66b45ac5f","in","[2,3,4]"
"route_76a6c60a744d82b7b8da992c","route_76a6c60a744d82b7b8da992c.clause_1","1","occ_2b5426e8ec8651b66b45ac5f","in","[2,3,4]"
"route_76c08d2894a9ce942c52b26f","route_76c08d2894a9ce942c52b26f.clause.1","1","occ_c618750d61fdab9a75aaa9cc","in","[1,2]"
"route_76d7e862093342dae705a794","route_76d7e862093342dae705a794.clause.1","1","occ_851186fef2eda3c61eb3659c","selected_any","[]"
"route_76dd59c78906ca652fa8e2f4","route_76dd59c78906ca652fa8e2f4.clause.1","1","occ_75c210035fcfe672f2f4fa02","in","[1,2]"
"route_76dd59c78906ca652fa8e2f4","route_76dd59c78906ca652fa8e2f4.clause_1","1","occ_75c210035fcfe672f2f4fa02","in","[1,2]"
"route_76e005ac31018b6d9e68daa9","route_76e005ac31018b6d9e68daa9.clause.1","1","occ_c065d8a7cb236e383359be4c","in","[1,3]"
"route_76f240c5e667be382db50747","route_76f240c5e667be382db50747.clause.1","1","occ_4e517d2a3a43469a7fb8ef2c","equals","[1]"
"route_7720f5798b286c5bb7ace025","route_7720f5798b286c5bb7ace025.clause.1","1","occ_c06ee1198e72893865921b4b","equals","[1]"
"route_7720f5798b286c5bb7ace025","route_7720f5798b286c5bb7ace025.clause_1","1","occ_c06ee1198e72893865921b4b","equals","[1]"
"route_776ef3e43bdb29aac3420721","route_776ef3e43bdb29aac3420721.clause.1","1","occ_c06ee1198e72893865921b4b","equals","[1]"
"route_776ef3e43bdb29aac3420721","route_776ef3e43bdb29aac3420721.clause_1","1","occ_c06ee1198e72893865921b4b","equals","[1]"
"route_777a0996fef92394f517b0bc","route_777a0996fef92394f517b0bc.clause.1","1","occ_1f9eb9bc6f611281055fc4d6","equals","[1]"
"route_777a0996fef92394f517b0bc","route_777a0996fef92394f517b0bc.clause_1","1","occ_1f9eb9bc6f611281055fc4d6","equals","[1]"
"route_77aaaacb4491bcbba8b85d01","route_77aaaacb4491bcbba8b85d01.clause.1","1","occ_85651bcb1574356c1f3449ae","equals","[1]"
"route_77ee731c8ad3a8445a58fbcf","route_77ee731c8ad3a8445a58fbcf.clause.1","1","occ_2eff3bad5e2f7b67d2ba9092","equals","[1]"
"route_7823d4da8d1d33a247f2c6a3","route_7823d4da8d1d33a247f2c6a3.clause.1","1","occ_ff894505c2ad072db001dbfe","equals","[1]"
"route_7825ccfecd5068f43dcdefa2","route_7825ccfecd5068f43dcdefa2.clause.1","1","occ_2725c834e7a2df50ce670ef0","selected_any","[]"
"route_784479e774569c9b2963c620","route_784479e774569c9b2963c620.clause.1","1","occ_2216f6515ea24ce2690f3ffc","equals","[1]"
"route_785f4fd194361f9b2e54000d","route_785f4fd194361f9b2e54000d.clause.1","1","occ_b20687c105b5efdb72800709","in","[2,3,4]"
"route_785f4fd194361f9b2e54000d","route_785f4fd194361f9b2e54000d.clause_1","1","occ_b20687c105b5efdb72800709","in","[2,3,4]"
"route_7874c4a1c7d283562a1f9f26","route_7874c4a1c7d283562a1f9f26.clause.1","1","occ_8a69a009632045f779aea1e2","equals","[1]"
"route_788112c244a34e71b8853994","route_788112c244a34e71b8853994.clause.1","1","occ_818c9c0557474565ffeff806","equals","[1]"
"route_78898ffffdad792cdfc73d8e","route_78898ffffdad792cdfc73d8e.clause.1","1","occ_520c22aad55cdf1c58fbe8e0","selected_any","[]"
"route_78898ffffdad792cdfc73d8e","route_78898ffffdad792cdfc73d8e.clause.2","1","occ_647204ccdd6e9e8c3a7b97f4","selected_any","[]"
"route_78898ffffdad792cdfc73d8e","route_78898ffffdad792cdfc73d8e.clause.3","1","occ_d15f9906f4a6d655f7bb0891","selected_any","[]"
"route_78a93350f2c7d8bf5d13dd3a","route_78a93350f2c7d8bf5d13dd3a.clause.1","1","occ_6580189b6c624a5f54ca7e92","selected_any","[]"
"route_78d006fd8c0b7bc08a7fc8cf","route_78d006fd8c0b7bc08a7fc8cf.clause.1","1","occ_727fa262d02cd3ceeceec810","equals","[1]"
"route_791e72285d974136ad93e398","route_791e72285d974136ad93e398.clause.1","1","occ_06091a4fd785841028f2669e","selected_any","[]"
"route_792e22518ce74bed07159620","route_792e22518ce74bed07159620.clause.1","1","occ_d8982e797a7b3488f2cfb9e7","equals","[1]"
"route_7943885ef73079a8e731b9cf","route_7943885ef73079a8e731b9cf.clause.1","1","occ_d27c1be26d54f3b5eab4c1c6","gte","[2]"
"route_794cff6f03d36a80d88b6e86","route_794cff6f03d36a80d88b6e86.clause.1","1","occ_8f6aa3593d4d8648c5966f47","gte","[2]"
"route_7988a6e5063111d555bbefa1","route_7988a6e5063111d555bbefa1.clause_1","1","occ_879574ae58857bafe6dda36e","equals","[1]"
"route_798d88c6ddcf0ef3c5f77fd6","route_798d88c6ddcf0ef3c5f77fd6.clause.1","1","occ_961b5c8b7a3f3914a0eb2f87","selected_any","[]"
"route_798d88c6ddcf0ef3c5f77fd6","route_798d88c6ddcf0ef3c5f77fd6.clause.2","1","occ_563d8449bf5569c507f42475","selected_any","[]"
"route_798d88c6ddcf0ef3c5f77fd6","route_798d88c6ddcf0ef3c5f77fd6.clause.3","1","occ_0b915c23d62ba4322b065a0b","selected_any","[]"
"route_798d88c6ddcf0ef3c5f77fd6","route_798d88c6ddcf0ef3c5f77fd6.clause.4","1","occ_e6212d978392f4a12a90275e","selected_any","[]"
"route_79a8afdd8779271d4b4381ef","route_79a8afdd8779271d4b4381ef.clause.1","1","occ_ef9037871ead9558c98b6f26","equals","[1]"
"route_79f3001f4745429ebcd8762a","route_79f3001f4745429ebcd8762a.clause.1","1","occ_fd0f784c479022853e8241cb","selected_any","[]"
"route_79f3001f4745429ebcd8762a","route_79f3001f4745429ebcd8762a.clause.10","1","occ_d1ae7652853fc7bfcdffaf98","selected_any","[]"
"route_79f3001f4745429ebcd8762a","route_79f3001f4745429ebcd8762a.clause.11","1","occ_9d9c4d8eba26da2be3cab3a2","selected_any","[]"
"route_79f3001f4745429ebcd8762a","route_79f3001f4745429ebcd8762a.clause.12","1","occ_12588d509e57d771a317380e","selected_any","[]"
"route_79f3001f4745429ebcd8762a","route_79f3001f4745429ebcd8762a.clause.13","1","occ_778907449e6f8a6abaa9d0ba","selected_any","[]"
"route_79f3001f4745429ebcd8762a","route_79f3001f4745429ebcd8762a.clause.14","1","occ_f6412fc5fb36c79e3f272103","selected_any","[]"
"route_79f3001f4745429ebcd8762a","route_79f3001f4745429ebcd8762a.clause.15","1","occ_c68c842227440cfefb579486","selected_any","[]"
"route_79f3001f4745429ebcd8762a","route_79f3001f4745429ebcd8762a.clause.16","1","occ_63f446f1fe26d0d09fea144b","selected_any","[]"
"route_79f3001f4745429ebcd8762a","route_79f3001f4745429ebcd8762a.clause.17","1","occ_630054c1ed0ab6e9713e1d70","selected_any","[]"
"route_79f3001f4745429ebcd8762a","route_79f3001f4745429ebcd8762a.clause.18","1","occ_d2b339cb55aa237a0163bbc6","selected_any","[]"
"route_79f3001f4745429ebcd8762a","route_79f3001f4745429ebcd8762a.clause.19","1","occ_04410386628d35163ab324e0","selected_any","[]"
"route_79f3001f4745429ebcd8762a","route_79f3001f4745429ebcd8762a.clause.2","1","occ_90a710bb2c6125ef9ebc6571","selected_any","[]"
"route_79f3001f4745429ebcd8762a","route_79f3001f4745429ebcd8762a.clause.20","1","occ_1c2ddc851c51e820353027e9","selected_any","[]"
"route_79f3001f4745429ebcd8762a","route_79f3001f4745429ebcd8762a.clause.21","1","occ_8604d37ac7ccaeb2c126ea0d","selected_any","[]"
"route_79f3001f4745429ebcd8762a","route_79f3001f4745429ebcd8762a.clause.22","1","occ_9ea9e200229391ef965d8c31","selected_any","[]"
"route_79f3001f4745429ebcd8762a","route_79f3001f4745429ebcd8762a.clause.23","1","occ_4bb601a2f37ade8f822f010a","selected_any","[]"
"route_79f3001f4745429ebcd8762a","route_79f3001f4745429ebcd8762a.clause.24","1","occ_c870214e46638b14fba68983","selected_any","[]"
"route_79f3001f4745429ebcd8762a","route_79f3001f4745429ebcd8762a.clause.25","1","occ_ea884bb78b2b9e2a4ce7f91b","selected_any","[]"
"route_79f3001f4745429ebcd8762a","route_79f3001f4745429ebcd8762a.clause.26","1","occ_04503e1ac9a772c058298d9d","selected_any","[]"
"route_79f3001f4745429ebcd8762a","route_79f3001f4745429ebcd8762a.clause.27","1","occ_191bea34ea177b4859156e53","selected_any","[]"
"route_79f3001f4745429ebcd8762a","route_79f3001f4745429ebcd8762a.clause.28","1","occ_eb4f9d0b3a1d9b879e507ee2","selected_any","[]"
"route_79f3001f4745429ebcd8762a","route_79f3001f4745429ebcd8762a.clause.29","1","occ_b16b3ad212c4160b74316a03","selected_any","[]"
"route_79f3001f4745429ebcd8762a","route_79f3001f4745429ebcd8762a.clause.3","1","occ_0970a20d69eb7e725cedf1ab","selected_any","[]"
"route_79f3001f4745429ebcd8762a","route_79f3001f4745429ebcd8762a.clause.4","1","occ_91f79cc8a6f48ccab4653355","selected_any","[]"
"route_79f3001f4745429ebcd8762a","route_79f3001f4745429ebcd8762a.clause.5","1","occ_13d2f39ab524de33603c0312","selected_any","[]"
"route_79f3001f4745429ebcd8762a","route_79f3001f4745429ebcd8762a.clause.6","1","occ_3acddde9ef981e11b8776ebf","selected_any","[]"
"route_79f3001f4745429ebcd8762a","route_79f3001f4745429ebcd8762a.clause.7","1","occ_b111103cdd8352cb664fb576","selected_any","[]"
"route_79f3001f4745429ebcd8762a","route_79f3001f4745429ebcd8762a.clause.8","1","occ_1f62f847473a9102b72a6139","selected_any","[]"
"route_79f3001f4745429ebcd8762a","route_79f3001f4745429ebcd8762a.clause.9","1","occ_b6eb8adb354591c2d38985ff","selected_any","[]"
"route_7a32190c21a008ddd42985fa","route_7a32190c21a008ddd42985fa.clause.1","1","occ_a6b0cd983d59cf5aacb3c34a","selected_any","[]"
"route_7a416259c8b530924b8a2746","route_7a416259c8b530924b8a2746.clause.1","1","occ_bb5b5f59e557f75f91487185","gte","[2]"
"route_7a87d6826a57a398f43b87f8","route_7a87d6826a57a398f43b87f8.clause.1","1","occ_aa2a5325584e6d503057e732","equals","[1]"
"route_7a92d186d359285ab13a3b1c","route_7a92d186d359285ab13a3b1c.clause.1","1","occ_bd6f5370b72a6f28b10fa86d","in","[1,2]"
"route_7aa22741aca2460489a8b51a","route_7aa22741aca2460489a8b51a.clause.1","1","occ_1c836b0c69fbbc11f13b12d7","equals","[1]"
"route_7aa22741aca2460489a8b51a","route_7aa22741aca2460489a8b51a.clause_1","1","occ_1c836b0c69fbbc11f13b12d7","equals","[1]"
"route_7ae1aea959457c6aec8e3009","route_7ae1aea959457c6aec8e3009.clause.1","1","occ_c49554c3a34bc8426a76bcdc","selected_any","[]"
"route_7affec464162b5b0b8ca8849","route_7affec464162b5b0b8ca8849.clause.1","1","occ_c06ee1198e72893865921b4b","equals","[1]"
"route_7affec464162b5b0b8ca8849","route_7affec464162b5b0b8ca8849.clause_1","1","occ_c06ee1198e72893865921b4b","equals","[1]"
"route_7b49fd6b7c0fad68cc5a619a","route_7b49fd6b7c0fad68cc5a619a.clause.1","1","occ_3ee04b086dbeab2336c8fb8f","equals","[1]"
"route_7b7372d6f2d357ee5cd7af53","route_7b7372d6f2d357ee5cd7af53.clause.1","1","occ_818c9c0557474565ffeff806","equals","[1]"
"route_7b75495b2516a5d2851c5a2d","route_7b75495b2516a5d2851c5a2d.clause.1","1","occ_5ed44bb93ad9f0ec4816ae32","equals","[1]"
"route_7b88d58d2d785c68d399b484","route_7b88d58d2d785c68d399b484.clause.1","1","occ_60ad7fcc9377eec9c3f46e02","equals","[1]"
"route_7b91c5948fcf6dc71e1e4c0d","route_7b91c5948fcf6dc71e1e4c0d.clause.1","1","occ_ceaf5611aed556ce617f4e31","equals","[1]"
"route_7bac7bb8b84835413c8e36d0","route_7bac7bb8b84835413c8e36d0.clause.1","1","occ_17c169a7010597f6289f32bc","selected_any","[]"
"route_7bcfaea94eefa2fa2d7c66c8","route_7bcfaea94eefa2fa2d7c66c8.clause_1","1","occ_b43827616c15a39bf41d9fab","in","[1,2]"
"route_7be62551551e94cce2e78e57","route_7be62551551e94cce2e78e57.clause.1","1","occ_e4af2a6619ffcf9646b6bad3","selected_any","[]"
"route_7c30a7e57cbcc93394f819d2","route_7c30a7e57cbcc93394f819d2.clause.1","1","occ_fc7e810b6aa0624adce76e8d","selected_any","[]"
"route_7c36f3052fdff8adde84f06d","route_7c36f3052fdff8adde84f06d.clause.1","1","occ_756be561fac6c760cf5cea44","selected_any","[]"
"route_7c3db5056189979ad2c6640c","route_7c3db5056189979ad2c6640c.clause.1","1","occ_7c2a028e77fde5b2f756855e","equals","[2]"
"route_7c554927f893dde4e878fbfb","route_7c554927f893dde4e878fbfb.clause.1","1","occ_700a3dd55f662b5f1568717d","equals","[2]"
"route_7c6d5051760c1d936c66898b","route_7c6d5051760c1d936c66898b.clause.1","1","occ_de6401e3d294605c090cacae","in","[1,2,3]"
"route_7c6e701e4a5ff254df7759ee","route_7c6e701e4a5ff254df7759ee.clause.1","1","occ_5f1fccb72ad4f6145ffbb6d5","equals","[1]"
"route_7cc2bb54dd3a0dfddc8cf041","route_7cc2bb54dd3a0dfddc8cf041.clause.1","1","occ_4b2fb518d285cd16b541b828","in","[1,2,3]"
"route_7cc2bb54dd3a0dfddc8cf041","route_7cc2bb54dd3a0dfddc8cf041.clause_1","1","occ_4b2fb518d285cd16b541b828","in","[1,2,3]"
"route_7cf92cab40fd63540c87351a","route_7cf92cab40fd63540c87351a.clause.1","1","occ_c435d6ad1c46a56b287f4563","equals","[1]"
"route_7d235b2903999e548a6daf2a","route_7d235b2903999e548a6daf2a.clause.1","1","occ_180058d3a23f0cf04b371583","in","[1,2,3]"
"route_7d4e3e443f0b1b1156645b87","route_7d4e3e443f0b1b1156645b87.clause.1","1","occ_79ff4c8d2d0fab05359dd297","equals","[1]"
"route_7d4e3e443f0b1b1156645b87","route_7d4e3e443f0b1b1156645b87.clause_1","1","occ_79ff4c8d2d0fab05359dd297","equals","[1]"
"route_7d4fe79d8094cdc1c1f02f65","route_7d4fe79d8094cdc1c1f02f65.clause.1","1","occ_5dec207d1dff4fbd74cd3cb9","in","[1,2,3]"
"route_7daa7f0fb65d73f6156e04a0","route_7daa7f0fb65d73f6156e04a0.clause.1","1","occ_4a99ec3e71e50d001b555fb0","equals","[7]"
"route_7dbc68e87be256104924c42e","route_7dbc68e87be256104924c42e.clause.1","1","occ_cbd9a09bd1c080eee06b53e8","equals","[1]"
"route_7dc3ee70ee81978618634570","route_7dc3ee70ee81978618634570.clause.1","1","occ_d5abcbf226ee9f8221f251e0","selected_any","[]"
"route_7ddc8ecd1a15c71262a587b8","route_7ddc8ecd1a15c71262a587b8.clause.1","1","occ_94a0f62b714851a58748ea2c","equals","[1]"
"route_7de80c4661c41b73fbddb6eb","route_7de80c4661c41b73fbddb6eb.clause.1","1","occ_f0e2efa55d3fb61f44d3c791","selected_any","[]"
"route_7e11b71f9775f20279ddac78","route_7e11b71f9775f20279ddac78.clause.1","1","occ_a2ba5e7d4ad3f1760c825dfc","selected_any","[]"
"route_7e289f187a16397a49870be6","route_7e289f187a16397a49870be6.clause.1","1","occ_0276892793a8bc3e50e20b69","selected_any","[]"
"route_7e4358591d157630cc38ecfd","route_7e4358591d157630cc38ecfd.clause.1","1","occ_fb1c9b6b91330d411f2f35ab","in","[1,2]"
"route_7e53330b1724811630baa87e","route_7e53330b1724811630baa87e.clause.1","1","occ_c234902d958ed4c74a83352a","in","[3,4]"
"route_7e554daca486e7bed08c74dc","route_7e554daca486e7bed08c74dc.clause.1","1","occ_87ace7a2df80f81bfdf51fe9","in","[1,2,3]"
"route_7e554daca486e7bed08c74dc","route_7e554daca486e7bed08c74dc.clause_1","1","occ_87ace7a2df80f81bfdf51fe9","in","[1,2,3]"
"route_7e6ef06d035939a4b89fccee","route_7e6ef06d035939a4b89fccee.clause.1","1","occ_1125d557cb592279d4f1256d","in","[1,3]"
"route_7e9ccc82c7078a13145d153a","route_7e9ccc82c7078a13145d153a.clause.1","1","occ_4a99ec3e71e50d001b555fb0","in","[1,2,3]"
"route_7ece25034918514163f63318","route_7ece25034918514163f63318.clause.1","1","occ_d166b13ebca126b4590ad941","equals","[1]"
"route_7ece25034918514163f63318","route_7ece25034918514163f63318.clause_1","1","occ_d166b13ebca126b4590ad941","equals","[1]"
"route_7edafbe4422f5b158e5a4fa5","route_7edafbe4422f5b158e5a4fa5.clause.1","1","occ_92dfd131fbf64af28863dfaa","equals","[1]"
"route_7ef2c4f76635e45afff48d64","route_7ef2c4f76635e45afff48d64.clause.1","1","occ_1c47f4e030cfa8a9e91c36d2","equals","[1]"
"route_7ef2c4f76635e45afff48d64","route_7ef2c4f76635e45afff48d64.clause_1","1","occ_1c47f4e030cfa8a9e91c36d2","equals","[1]"
"route_7f3a3fc252dbeb933c3a00a0","route_7f3a3fc252dbeb933c3a00a0.clause_1","1","occ_c04fc290daa2bad83b8c7cba","in","[2,3]"
"route_7f9c112ba3a5dcfa1c15f30c","route_7f9c112ba3a5dcfa1c15f30c.clause.1","1","occ_8677498eb487b40c0b1d545c","in","[1,2]"
"route_7fae000f5ca53c1b754ddaf5","route_7fae000f5ca53c1b754ddaf5.clause.1","1","occ_a1231cad3a3472884572e431","equals","[2]"
"route_7ff39f05aaaace84d6a8a896","route_7ff39f05aaaace84d6a8a896.clause.1","1","occ_bf47ce5d26894c19868483ac","equals","[1]"
"route_805d879b36ed247c7b933a41","route_805d879b36ed247c7b933a41.clause.1","1","occ_c203dbdff5936ebe69c5c5c7","equals","[2]"
"route_807ce1dda47936517e85fa1c","route_807ce1dda47936517e85fa1c.clause.1","1","occ_6069e350baf5db8db352253d","equals","[1]"
"route_807fcc2318d413bedd2fdff7","route_807fcc2318d413bedd2fdff7.clause.1","1","occ_8fc388fa8fb1eb069948ace3","in","[2,3]"
"route_80958b85ba9014013e365b3a","route_80958b85ba9014013e365b3a.clause.1","1","occ_08aaa6cce7eea4dc6ec1274d","in","[2,3]"
"route_80c6eb251229440257cb4e7c","route_80c6eb251229440257cb4e7c.clause.1","1","occ_a0c7457f62f6267caa7dfe96","selected_any","[]"
"route_80c6eb251229440257cb4e7c","route_80c6eb251229440257cb4e7c.clause.2","1","occ_001db40e5e0f39505b74b5be","selected_any","[]"
"route_80c6eb251229440257cb4e7c","route_80c6eb251229440257cb4e7c.clause.3","1","occ_8f17708107c39d43ca727b76","selected_any","[]"
"route_80cfcc1f5dea5c243bbf112a","route_80cfcc1f5dea5c243bbf112a.clause.1","1","occ_bcc52de7ee9ffb16350ca71a","equals","[1]"
"route_80e847482fccc15846baef15","route_80e847482fccc15846baef15.clause.1","1","occ_c454a4d4f7bea10657f00a30","selected_any","[]"
"route_80ee3edfc69a682915a58bfa","route_80ee3edfc69a682915a58bfa.clause.1","1","occ_c43671e1e7ad2f609851bf1f","equals","[1]"
"route_811c0cc913d6d80b6b811807","route_811c0cc913d6d80b6b811807.clause.1","1","occ_2d1cf460c04564d42f8c02f7","equals","[1]"
"route_811c0cc913d6d80b6b811807","route_811c0cc913d6d80b6b811807.clause_1","1","occ_2d1cf460c04564d42f8c02f7","equals","[1]"
"route_81298091c213bed412ea3002","route_81298091c213bed412ea3002.clause_1","1","occ_1d21a0d14507f9e4cf759ea9","not_in","[1]"
"route_8138a69055745922f75296ee","route_8138a69055745922f75296ee.clause.1","1","occ_01dfddb49eda58dc81314fb2","equals","[1]"
"route_8138a69055745922f75296ee","route_8138a69055745922f75296ee.clause_1","1","occ_01dfddb49eda58dc81314fb2","equals","[1]"
"route_82139d7218fc6716843e388b","route_82139d7218fc6716843e388b.clause.1","1","occ_c43671e1e7ad2f609851bf1f","equals","[2]"
"route_821f8f975be4bfe986e9c88b","route_821f8f975be4bfe986e9c88b.clause.1","1","occ_fb55195d8c31fa974aca6bfe","in","[1,2,3]"
"route_822653e803289661c0a33954","route_822653e803289661c0a33954.clause.1","1","occ_494908fe35d0a1fea322b6f9","equals","[1]"
"route_826781db8dd310a79c10df54","route_826781db8dd310a79c10df54.clause.1","1","occ_870125e2b2fe48e777315f16","equals","[3]"
"route_82a6f1c6a832fbcd9f6322b6","route_82a6f1c6a832fbcd9f6322b6.clause.1","1","occ_66d32a28db1a5d75cb603f16","in","[1,2]"
"route_82f0065a7623fb7ba862cfa3","route_82f0065a7623fb7ba862cfa3.clause.1","1","occ_285741e98d609d7cd36101ba","equals","[1]"
"route_83005366fbde0d6e637bfb00","route_83005366fbde0d6e637bfb00.clause.1","1","occ_8966889a8a512b2cb336b377","equals","[1]"
"route_830ebce56108308e5600d0d7","route_830ebce56108308e5600d0d7.clause.1","1","occ_900a3781b34c307c7b592db8","equals","[1]"
"route_8310c8bebaaab30f6cb13909","route_8310c8bebaaab30f6cb13909.clause.1","1","occ_cc8780b2ed0366c8f301b519","equals","[1]"
"route_8314631fa231309d551a64d3","route_8314631fa231309d551a64d3.clause.1","1","occ_9bb3703c0ef681eee232dfa5","equals","[1]"
"route_835627b3f240305374e685f0","route_835627b3f240305374e685f0.clause.1","1","occ_a3e8cf220290aecf0bca5219","equals","[1]"
"route_838869410177d6e9191cec20","route_838869410177d6e9191cec20.clause.1","1","occ_3290d7c629e3906d112d93e3","selected_any","[]"
"route_838869410177d6e9191cec20","route_838869410177d6e9191cec20.clause.2","1","occ_5462ae1eef6a99c312f55b8d","selected_any","[]"
"route_838869410177d6e9191cec20","route_838869410177d6e9191cec20.clause.3","1","occ_6e4a1418ab548f53a1c28259","selected_any","[]"
"route_838869410177d6e9191cec20","route_838869410177d6e9191cec20.clause.4","1","occ_dd8f8542cdfa1b116dbd2c3b","selected_any","[]"
"route_83a67f0e679550765d1b8df9","route_83a67f0e679550765d1b8df9.clause.1","1","occ_d3f403d16a588adfc9d63afa","gte","[1]"
"route_83a73f14a36a9127f8db71b6","route_83a73f14a36a9127f8db71b6.clause_1","1","occ_3f83f4ecda304e0cd16f4dc4","not_in","[1]"
"route_8417bffe1681e9fed72472ae","route_8417bffe1681e9fed72472ae.clause.1","1","occ_d62cfd36668d792b97b5808f","in","[1,2]"
"route_84811519dea89eca37c0af04","route_84811519dea89eca37c0af04.clause.1","1","occ_7edc65dac55161c8339273f9","equals","[2]"
"route_84a9f7ce385d713dc8feae9f","route_84a9f7ce385d713dc8feae9f.clause.1","1","occ_c067f39d2378e286f09174d9","equals","[1]"
"route_84b546d0eda9d7219c1fbc45","route_84b546d0eda9d7219c1fbc45.clause.1","1","occ_180058d3a23f0cf04b371583","equals","[7]"
"route_84c6fb9971337eec09e04e09","route_84c6fb9971337eec09e04e09.clause_1","1","occ_bd204c9b84717e29d201e838","not_in","[1]"
"route_84df51744f38f0b27aa4a525","route_84df51744f38f0b27aa4a525.clause_1","1","occ_1d6a4f78d0126f1cf4f04339","in","[2,3]"
"route_8503f07b6f1977e63e61f705","route_8503f07b6f1977e63e61f705.clause.1","1","occ_38f049f91920f3bcd2a09fed","selected_any","[]"
"route_852d62a203fab208b60e30dc","route_852d62a203fab208b60e30dc.clause.1","1","occ_2e8aafa15b30ce909817cfcc","in","[1,2,3]"
"route_8546e1c1ce68888af8512dbe","route_8546e1c1ce68888af8512dbe.clause.1","1","occ_5634a1592c9b68ddeff552cb","equals","[1]"
"route_854bdf912ae46fd00dc056aa","route_854bdf912ae46fd00dc056aa.clause.1","1","occ_641c86e6d789901e374ac344","equals","[1]"
"route_854bdf912ae46fd00dc056aa","route_854bdf912ae46fd00dc056aa.clause_1","1","occ_641c86e6d789901e374ac344","equals","[1]"
"route_85b94e25602b6592ada87874","route_85b94e25602b6592ada87874.clause.1","1","occ_dd1fa071440a8e66a3cc55c1","gte","[2]"
"route_85c7c51011e9e9a1758e95ce","route_85c7c51011e9e9a1758e95ce.clause_1","1","occ_79cdc38dcb4638ebf730f5fe","gte","[1]"
"route_85c7c51011e9e9a1758e95ce","route_85c7c51011e9e9a1758e95ce.clause_1","2","occ_daf733576d826a844ec1dd23","selected_any","[]"
"route_85e7cb1784a742d40e7effad","route_85e7cb1784a742d40e7effad.clause.1","1","occ_9d7be2b838289070de837d7f","equals","[1]"
"route_86449f5d2249df11fb5e0396","route_86449f5d2249df11fb5e0396.clause.1","1","occ_a863470985088c50902fc3b6","equals","[1]"
"route_867e7663da55d2abf790e7fa","route_867e7663da55d2abf790e7fa.clause.1","1","occ_89d49d0bb6c27d5197facb9c","in","[2,3]"
"route_867e7663da55d2abf790e7fa","route_867e7663da55d2abf790e7fa.clause_1","1","occ_89d49d0bb6c27d5197facb9c","in","[2,3]"
"route_868f198d744150c82a4a8440","route_868f198d744150c82a4a8440.clause_1","1","occ_d6172454952b626ebd4cffdc","equals","[1]"
"route_868f95fc2fb08be807f1c4aa","route_868f95fc2fb08be807f1c4aa.clause.1","1","occ_62e857b1d31eb5345e5250ba","selected_any","[]"
"route_868f95fc2fb08be807f1c4aa","route_868f95fc2fb08be807f1c4aa.clause.2","1","occ_c1b01bf01aad126991b70f11","selected_any","[]"
"route_868f95fc2fb08be807f1c4aa","route_868f95fc2fb08be807f1c4aa.clause.3","1","occ_f3f9bcbe33a83130eaff6ba6","selected_any","[]"
"route_86e913dafe998cbe1af8ac6f","route_86e913dafe998cbe1af8ac6f.clause.1","1","occ_7f33c2cd12b47066d5086c1c","equals","[1]"
"route_873622fc963c2a3b97dfedfa","route_873622fc963c2a3b97dfedfa.clause.1","1","occ_1ff688ddaa71d0c9fedd0a13","equals","[1]"
"route_87d1f822a14192b338a1cc23","route_87d1f822a14192b338a1cc23.clause.1","1","occ_89c66877994ff5ae40450516","in","[1,2]"
"route_87d1f822a14192b338a1cc23","route_87d1f822a14192b338a1cc23.clause_1","1","occ_89c66877994ff5ae40450516","in","[1,2]"
"route_881d08a72df94725b2fde022","route_881d08a72df94725b2fde022.clause.1","1","occ_141168a6ad6af8d9b8f29139","in","[0,1,2,3,4,5]"
"route_881d08a72df94725b2fde022","route_881d08a72df94725b2fde022.clause_1","1","occ_141168a6ad6af8d9b8f29139","in","[0,1,2,3,4,5]"
"route_8821279e24fe19149bd6eec9","route_8821279e24fe19149bd6eec9.clause.1","1","occ_5dec207d1dff4fbd74cd3cb9","in","[1,2,3]"
"route_882ccb9408c54fb78b0861fb","route_882ccb9408c54fb78b0861fb.clause.1","1","occ_2f8b51756958e9b1373d4de4","in","[2,3]"
"route_882ccb9408c54fb78b0861fb","route_882ccb9408c54fb78b0861fb.clause_1","1","occ_2f8b51756958e9b1373d4de4","in","[2,3]"
"route_885316076606565b4b65671e","route_885316076606565b4b65671e.clause_1","1","occ_3022ef02d2a8ac1cc48c9a64","gte","[2]"
"route_885b3d8532017604ed0a7052","route_885b3d8532017604ed0a7052.clause.1","1","occ_1e2602f0c556517e76e48c26","gte","[2]"
"route_887280451124ebb604a772dc","route_887280451124ebb604a772dc.clause.1","1","occ_156b4dba321d4698176df65d","equals","[1]"
"route_8878fcf761ce48273ba439c7","route_8878fcf761ce48273ba439c7.clause.1","1","occ_ddd03115ab117e9910c3b6c2","equals","[1]"
"route_88bacd5d4c106146eb2632d1","route_88bacd5d4c106146eb2632d1.clause.1","1","occ_db032da5907068c54262d0ab","equals","[1]"
"route_88bacd5d4c106146eb2632d1","route_88bacd5d4c106146eb2632d1.clause_1","1","occ_db032da5907068c54262d0ab","equals","[1]"
"route_88c63cc59fdce6fd55673753","route_88c63cc59fdce6fd55673753.clause.1","1","occ_c759b9769736aae8f24652b8","in","[1,2,3]"
"route_88dd6d01b33e439fbe41ab37","route_88dd6d01b33e439fbe41ab37.clause.1","1","occ_3c361b60ed0d1982feede673","selected_any","[]"
"route_88f0873212ebf372f6b2399b","route_88f0873212ebf372f6b2399b.clause.1","1","occ_84f76d04015d3852c430cc7a","equals","[1]"
"route_88f9531285c174149db7a403","route_88f9531285c174149db7a403.clause.1","1","occ_1fda15d42a21ecab8d02e7bf","equals","[1]"
"route_8900fb11be64d372982d1a62","route_8900fb11be64d372982d1a62.clause.1","1","occ_ce358743cad86c4350510db3","in","[1,3]"
"route_890250985770751b72952069","route_890250985770751b72952069.clause_1","1","occ_3f83f4ecda304e0cd16f4dc4","not_in","[1]"
"route_891eec1465f0d7faa4786691","route_891eec1465f0d7faa4786691.clause.1","1","occ_ff894505c2ad072db001dbfe","equals","[1]"
"route_8971f8659408cfdcfce594be","route_8971f8659408cfdcfce594be.clause.1","1","occ_700a3dd55f662b5f1568717d","equals","[2]"
"route_8972edbb235170e18658b5d0","route_8972edbb235170e18658b5d0.clause.1","1","occ_13e707e92f10ff816276ae3c","equals","[1]"
"route_8a0a043fa74a9710f4f63785","route_8a0a043fa74a9710f4f63785.clause.1","1","occ_e4d2575424bbf6f952ad2e40","equals","[1]"
"route_8a470bdec819e8f29d2c4e0c","route_8a470bdec819e8f29d2c4e0c.clause.1","1","occ_5e5ab034e4e113c481627e58","in","[1,2]"
"route_8a470bdec819e8f29d2c4e0c","route_8a470bdec819e8f29d2c4e0c.clause_1","1","occ_5e5ab034e4e113c481627e58","in","[1,2]"
"route_8a67ccfadf46e6c48e3f205a","route_8a67ccfadf46e6c48e3f205a.clause.1","1","occ_3d2771b5eff6e81568d7deff","selected_any","[]"
"route_8a75355083c12c4f69281b68","route_8a75355083c12c4f69281b68.clause.1","1","occ_89627226de55a826a9defcab","equals","[1]"
"route_8ace599f10e87c25e89eb6a0","route_8ace599f10e87c25e89eb6a0.clause.1","1","occ_e938437db0935fd414cc55c7","equals","[2]"
"route_8ae87039eabf7a506aeff1ed","route_8ae87039eabf7a506aeff1ed.clause_1","1","occ_31dc40d11d7f370e0619c098","gte","[1]"
"route_8ae87039eabf7a506aeff1ed","route_8ae87039eabf7a506aeff1ed.clause_1","2","occ_d1d3fec8217a822c015f77f2","selected_any","[]"
"route_8ae997c21be0bd2857105b52","route_8ae997c21be0bd2857105b52.clause.1","1","occ_a414bf3fa4850fbee404802e","equals","[1]"
"route_8aedf07fd93c951ecf9edbfa","route_8aedf07fd93c951ecf9edbfa.clause.1","1","occ_501b7aafc3db5e55358b25ca","in","[2,3]"
"route_8afd055043ab540e067ea2ca","route_8afd055043ab540e067ea2ca.clause.1","1","occ_279ac394606e9bf50c8a658a","equals","[1]"
"route_8afe3d08f346079bc9996230","route_8afe3d08f346079bc9996230.clause.1","1","occ_98fde8e39c583a739fa153d1","gte","[2]"
"route_8b2599ff47b3321a6e817168","route_8b2599ff47b3321a6e817168.clause.1","1","occ_3d185a8c6b03994795d4d901","equals","[1]"
"route_8b33c2c0c99c7b7de2c96541","route_8b33c2c0c99c7b7de2c96541.clause.1","1","occ_01a2db7e8ceaf785c52d47c3","equals","[4]"
"route_8b3b00ae2ce384bc0783b123","route_8b3b00ae2ce384bc0783b123.clause.1","1","occ_3ec6d9cff214b4c2478b61c2","equals","[1]"
"route_8b5048628de537f3fb1ba1a5","route_8b5048628de537f3fb1ba1a5.clause.1","1","occ_82d0ffd195a8a860f8bdef29","in","[1,2]"
"route_8b5c8e27b132cc2bd18876f0","route_8b5c8e27b132cc2bd18876f0.clause.1","1","occ_a9dd48f143459f70b9578908","in","[2,3]"
"route_8b617bc42bccc6fc1fda087c","route_8b617bc42bccc6fc1fda087c.clause.1","1","occ_21b88fb8c6aa931751d9aeb2","equals","[2]"
"route_8b7badf640b4bd37280c9952","route_8b7badf640b4bd37280c9952.clause.1","1","occ_39c6e9f45d6dfda1c222b6a3","selected_any","[]"
"route_8b886fcd3ce478b01dafebb0","route_8b886fcd3ce478b01dafebb0.clause.1","1","occ_20adbb842d542c293450374b","equals","[1]"
"route_8b9112e94ef9794e59cf3383","route_8b9112e94ef9794e59cf3383.clause.1","1","occ_fe3762897205bce29cfb4d79","equals","[2]"
"route_8baba34005c35519e0d0de29","route_8baba34005c35519e0d0de29.clause.1","1","occ_0dbb54e54adac81abbc4ab7d","equals","[1]"
"route_8bb391a8bcfde24d07796c3c","route_8bb391a8bcfde24d07796c3c.clause.1","1","occ_48f9b39fe309e5392e6012a0","equals","[1]"
"route_8bd2b4faa14d191987ff7be1","route_8bd2b4faa14d191987ff7be1.clause.1","1","occ_096abacb842cc26a3eef163a","equals","[1]"
"route_8bd80822cd569c09d74d154c","route_8bd80822cd569c09d74d154c.clause.1","1","occ_a14c22260188bda229747d18","in","[1,2]"
"route_8c422622003f7e8c7ee4c6ad","route_8c422622003f7e8c7ee4c6ad.clause.1","1","occ_66d32a28db1a5d75cb603f16","in","[1,2]"
"route_8c5029c8cf1a76301a010d44","route_8c5029c8cf1a76301a010d44.clause.1","1","occ_18d1318c26074aeda5539a95","equals","[2]"
"route_8c54f33cfcd3d8a3c3663836","route_8c54f33cfcd3d8a3c3663836.clause.1","1","occ_b6245bbe504746645547eb6e","equals","[2]"
"route_8c6a8d1b38004c3d2701ac49","route_8c6a8d1b38004c3d2701ac49.clause.1","1","occ_ddc2161bdcd188ddacdc7012","equals","[1]"
"route_8c748ccc4f188b7a21a9d17f","route_8c748ccc4f188b7a21a9d17f.clause.1","1","occ_4d0086afc5e56e8734ab4c55","equals","[1]"
"route_8c86ce0f29f04861fb568e72","route_8c86ce0f29f04861fb568e72.clause.1","1","occ_4ac7686afa90777356bcc59a","equals","[1]"
"route_8cf96baf62af3af72caf264e","route_8cf96baf62af3af72caf264e.clause.1","1","occ_7f64661d58d02055c9fbaf48","selected_any","[]"
"route_8cfc01d9cae2679e3d71926a","route_8cfc01d9cae2679e3d71926a.clause.1","1","occ_12cda237f0680f8ed885537f","equals","[1]"
"route_8d0e6fc6b388286713239adf","route_8d0e6fc6b388286713239adf.clause.1","1","occ_c1ebf6e71b5643a3283c4b18","selected_any","[]"
"route_8d107cad4663a744fe3f5ba2","route_8d107cad4663a744fe3f5ba2.clause.1","1","occ_233629b3a4a0fa4286264486","equals","[2]"
"route_8d11c0d86abd1e0ca58e63a9","route_8d11c0d86abd1e0ca58e63a9.clause.1","1","occ_a633e0670572b1012ec61936","equals","[1]"
"route_8d1bfc8ae97ea9e7c2252e2e","route_8d1bfc8ae97ea9e7c2252e2e.clause.1","1","occ_1d1fa587fdb4a03676531497","equals","[1]"
"route_8d4cc32549c349e00364d210","route_8d4cc32549c349e00364d210.clause.1","1","occ_66d32a28db1a5d75cb603f16","in","[1,2]"
"route_8d5536e2b6602bc598d96d87","route_8d5536e2b6602bc598d96d87.clause.1","1","occ_a07cd639c22d376306667ffe","equals","[1]"
"route_8d67e16b4cfb611d88cc3cb4","route_8d67e16b4cfb611d88cc3cb4.clause.1","1","occ_ce358743cad86c4350510db3","in","[1,3]"
"route_8d7c6783aefe5c59eb850dfc","route_8d7c6783aefe5c59eb850dfc.clause.1","1","occ_0893d573317232e7965c92f3","equals","[7]"
"route_8d83a29200cd1bcec31a9766","route_8d83a29200cd1bcec31a9766.clause.1","1","occ_0963e945e1e961adb5ab9927","equals","[1]"
"route_8e00f9e37248acd448236f43","route_8e00f9e37248acd448236f43.clause.1","1","occ_7625e05aed75d632d030239a","selected_any","[]"
"route_8e5396804adb1d3ea0c4dae6","route_8e5396804adb1d3ea0c4dae6.clause.1","1","occ_275678d6908b64795c20ee2f","selected_any","[]"
"route_8e673e37d0248ea2b94d7180","route_8e673e37d0248ea2b94d7180.clause.1","1","occ_e8c28b643fce64b78b8bdb1b","equals","[1]"
"route_8e673e37d0248ea2b94d7180","route_8e673e37d0248ea2b94d7180.clause_1","1","occ_e8c28b643fce64b78b8bdb1b","equals","[1]"
"route_8e7279895ee4a80ff9d7948b","route_8e7279895ee4a80ff9d7948b.clause.1","1","occ_985ff3a06611dc627e079d4c","in","[1,2]"
"route_8ec8842ffbbc3266ba6c1868","route_8ec8842ffbbc3266ba6c1868.clause.1","1","occ_89dedd4b0bec8919c2ed5e8e","equals","[1]"
"route_8ef72d583bff17ad231bdf91","route_8ef72d583bff17ad231bdf91.clause.1","1","occ_2de38808b814d58cfd604259","selected_any","[]"
"route_8f2951ca2cef43385d6527f0","route_8f2951ca2cef43385d6527f0.clause_1","1","occ_1e8f2a6803e284d30b3c111e","gte","[1]"
"route_8f35c5afa398e98da5782325","route_8f35c5afa398e98da5782325.clause.1","1","occ_44f01de76666d6863012e593","equals","[2]"
"route_8f427865c8ab2e065307e769","route_8f427865c8ab2e065307e769.clause.1","1","occ_bed67037792c5c70452b517d","equals","[1]"
"route_8f4587b138008763b372741c","route_8f4587b138008763b372741c.clause.1","1","occ_475fd20ec0626404a070ad1e","selected_any","[]"
"route_8f4587b138008763b372741c","route_8f4587b138008763b372741c.clause.2","1","occ_18be5cecca8cfd0c229f007e","selected_any","[]"
"route_8f4587b138008763b372741c","route_8f4587b138008763b372741c.clause.3","1","occ_5ff51da7dbbfe4f234d5c42f","selected_any","[]"
"route_8f4cc07fc5515768d79471c5","route_8f4cc07fc5515768d79471c5.clause.1","1","occ_c66278c75514be572a191661","selected_any","[]"
"route_8f4f157dd6fd717d47406050","route_8f4f157dd6fd717d47406050.clause.1","1","occ_886a8ace368bf9dd6eaa8ea1","selected_any","[]"
"route_8f83056bc3a71d42f3fd8ee8","route_8f83056bc3a71d42f3fd8ee8.clause.1","1","occ_8677498eb487b40c0b1d545c","in","[1,2]"
"route_8f8c49a1caafc665b04925f8","route_8f8c49a1caafc665b04925f8.clause.1","1","occ_07a85d133d8942dfe31c9bf5","equals","[1]"
"route_8fbc1aeb563256b7d248f907","route_8fbc1aeb563256b7d248f907.clause.1","1","occ_e244b20fb9d2cae84eb36852","equals","[1]"
"route_8fd29d1fa73f5e51cf65f42a","route_8fd29d1fa73f5e51cf65f42a.clause.1","1","occ_ede3873493a5aa1eee81ebf7","in","[2,3]"
"route_8fdbb53645b7b7e444dbad7a","route_8fdbb53645b7b7e444dbad7a.clause.1","1","occ_843cb2f408eb47d34f522a32","equals","[2]"
"route_8fdf874ea4dcc19462452a18","route_8fdf874ea4dcc19462452a18.clause.1","1","occ_e7dd0121f43ff5f3329d9ea0","gte","[2]"
"route_901338f195d51ea0ce20d8cb","route_901338f195d51ea0ce20d8cb.clause.1","1","occ_4c22d97ec5dd17159395b46a","in","[1,2]"
"route_9033e1acdb49da3eb9cdb767","route_9033e1acdb49da3eb9cdb767.clause.1","1","occ_464c42ee3bd8b8ff5d47f623","selected_any","[]"
"route_903f1bf0c68e1b0fe5212340","route_903f1bf0c68e1b0fe5212340.clause.1","1","occ_f22204e3ad89386f7d147867","in","[1,2]"
"route_90876c09d7b3dc166c8a3a12","route_90876c09d7b3dc166c8a3a12.clause.1","1","occ_158236012ba0b5c6043ef61a","gte","[2]"
"route_9089c1cd01ebf4fa20db53a7","route_9089c1cd01ebf4fa20db53a7.clause.1","1","occ_937706b26b02aa663a234cb4","equals","[1]"
"route_909142651edcb40450067e6b","route_909142651edcb40450067e6b.clause.1","1","occ_bc1534d91431924d181f1172","in","[1,4]"
"route_90c0aad228325e8a5e446813","route_90c0aad228325e8a5e446813.clause.1","1","occ_504de558202f25a67a6e35ef","equals","[1]"
"route_90c11222a4c67cc5f3ec39c8","route_90c11222a4c67cc5f3ec39c8.clause.1","1","occ_6cc3fb759784c9545d4a7081","in","[1,2]"
"route_90c941a04cb6faad9adc26e8","route_90c941a04cb6faad9adc26e8.clause.1","1","occ_e047c5056a7be36edad25cdb","in","[2,3]"
"route_90d209f2efc43d831132db50","route_90d209f2efc43d831132db50.clause.1","1","occ_3c6e0fe7309da7b04a7bde72","equals","[1]"
"route_90fa72d744fcf41014708ac2","route_90fa72d744fcf41014708ac2.clause.1","1","occ_68017e21804c7e92400f443a","equals","[1]"
"route_91102bd7fab25d34054d5c98","route_91102bd7fab25d34054d5c98.clause.1","1","occ_0c0b9f1ab05309f3733d1d37","selected_any","[]"
"route_91102bd7fab25d34054d5c98","route_91102bd7fab25d34054d5c98.clause.2","1","occ_09ab91d44956fffedf22be4b","selected_any","[]"
"route_91102bd7fab25d34054d5c98","route_91102bd7fab25d34054d5c98.clause.3","1","occ_e9b281e7978815a8a54da560","selected_any","[]"
"route_911c300f85551e0dcc95a1a9","route_911c300f85551e0dcc95a1a9.clause.1","1","occ_936624084f8b38e238742691","selected_any","[]"
"route_91a32bc4362bddef09487f9a","route_91a32bc4362bddef09487f9a.clause.1","1","occ_d5d5153954fc63a9cf04374d","equals","[1]"
"route_91a32bc4362bddef09487f9a","route_91a32bc4362bddef09487f9a.clause_1","1","occ_d5d5153954fc63a9cf04374d","equals","[1]"
"route_91a99357d57ba79a93d1fe3c","route_91a99357d57ba79a93d1fe3c.clause.1","1","occ_6252af9a02b77ebcdac535ec","selected_any","[]"
"route_91c5c71243885cb10af8f286","route_91c5c71243885cb10af8f286.clause.1","1","occ_9b3570fe6fe2ee28dffcfa06","equals","[1]"
"route_91c5c71243885cb10af8f286","route_91c5c71243885cb10af8f286.clause_1","1","occ_9b3570fe6fe2ee28dffcfa06","equals","[1]"
"route_91e2bec3b29d2a862efa75b6","route_91e2bec3b29d2a862efa75b6.clause.1","1","occ_78c6d25cd2e4b657aaed46f2","in","[1,2]"
"route_9211025aad2cfa123389a1b7","route_9211025aad2cfa123389a1b7.clause.1","1","occ_6b32c2f2e803c62d33a01f94","equals","[1]"
"route_9240211c71344fc6e82f3724","route_9240211c71344fc6e82f3724.clause.1","1","occ_3d63521a6dd0bc33a1536267","in","[1,2]"
"route_924318e1c6b922604905d953","route_924318e1c6b922604905d953.clause.1","1","occ_284055b061cae90107fb45ce","gte","[1]"
"route_92ff03a6e7c9a715b601729b","route_92ff03a6e7c9a715b601729b.clause.1","1","occ_8afb330363ee61e61d919dcc","selected_any","[]"
"route_9300152ccb7641547648575b","route_9300152ccb7641547648575b.clause.1","1","occ_cfae9cdd19d863d4f6d6f9ff","equals","[1]"
"route_930682d9d2e3f6846ce45574","route_930682d9d2e3f6846ce45574.clause.1","1","occ_081f36cfd4653b32bfd2b040","in","[2,3]"
"route_9307924157b1247c217fa43f","route_9307924157b1247c217fa43f.clause.1","1","occ_c5ee2edc718849d5d7c91865","equals","[2]"
"route_9340a015f2f4bbbf0e3951c2","route_9340a015f2f4bbbf0e3951c2.clause.1","1","occ_a2dcef9563e86a7d16b76283","equals","[7]"
"route_9340a015f2f4bbbf0e3951c2","route_9340a015f2f4bbbf0e3951c2.clause_1","1","occ_a2dcef9563e86a7d16b76283","equals","[7]"
"route_935fe0730ad657492e54a667","route_935fe0730ad657492e54a667.clause.1","1","occ_4d8c35942131440b415a6075","equals","[1]"
"route_93680a0213fae76a2030f12f","route_93680a0213fae76a2030f12f.clause.1","1","occ_4e961d65582b95e5afa38ccc","in","[1,2]"
"route_93753bb4fae09449f2469972","route_93753bb4fae09449f2469972.clause.1","1","occ_5d67c1ca1f4c42646defc366","equals","[1]"
"route_9396b729485341487592f7f3","route_9396b729485341487592f7f3.clause.1","1","occ_fe6e3c912f93836ceacd06c2","equals","[1]"
"route_93bb9b1c135d384130523cc7","route_93bb9b1c135d384130523cc7.clause.1","1","occ_313a5295d9d50e3e989f417d","equals","[1]"
"route_93d6b960cb2a728d6784159f","route_93d6b960cb2a728d6784159f.clause.1","1","occ_096abacb842cc26a3eef163a","equals","[1]"
"route_940c7f2f50e2e75bd423b8d8","route_940c7f2f50e2e75bd423b8d8.clause.1","1","occ_8a52ad037a759b1400598e8a","in","[2,3]"
"route_9437fb8dcacb781a22c85677","route_9437fb8dcacb781a22c85677.clause.1","1","occ_748ae3148c3b79ca948c0e6c","equals","[2]"
"route_9446def69587eb9a7ac5a68d","route_9446def69587eb9a7ac5a68d.clause.1","1","occ_637568efbcc61655d03d1174","equals","[1]"
"route_9449ea6083e9cae126667b19","route_9449ea6083e9cae126667b19.clause.1","1","occ_937706b26b02aa663a234cb4","equals","[1]"
"route_944b2f5b75b39caf7d3cc319","route_944b2f5b75b39caf7d3cc319.clause_1","1","occ_bd144f0c4b138a8d9b057a42","equals","[1]"
"route_948a262057e5f7d45e4c7c62","route_948a262057e5f7d45e4c7c62.clause.1","1","occ_3d185a8c6b03994795d4d901","equals","[1]"
"route_949584d76d450f41dde65e3a","route_949584d76d450f41dde65e3a.clause.1","1","occ_5ef2bd7be3193f79727a006c","selected_any","[]"
"route_94b078d24d466b248609c47b","route_94b078d24d466b248609c47b.clause.1","1","occ_1125d557cb592279d4f1256d","in","[1,3]"
"route_94c81a764fccddf260b8c9ff","route_94c81a764fccddf260b8c9ff.clause.1","1","occ_b922195935ce7c849e0779f9","equals","[2]"
"route_94dedb98d14843d6058bc490","route_94dedb98d14843d6058bc490.clause.1","1","occ_b212b83489e08429cf962c4b","in","[0,1,2,3,4,5]"
"route_94dedb98d14843d6058bc490","route_94dedb98d14843d6058bc490.clause_1","1","occ_b212b83489e08429cf962c4b","in","[0,1,2,3,4,5]"
"route_94fe89f63a80935e50fa1663","route_94fe89f63a80935e50fa1663.clause.1","1","occ_4ce0cb1b455c8e8917431839","in","[1,2]"
"route_9507fe0d342c5d3a80274f14","route_9507fe0d342c5d3a80274f14.clause.1","1","occ_6e4688ebef09549b8c1781aa","equals","[1]"
"route_950b9353ce98cf575df0e4f8","route_950b9353ce98cf575df0e4f8.clause.1","1","occ_358fd92c37c77121843a1a1f","gte","[2]"
"route_95191f807fbd8242967d382f","route_95191f807fbd8242967d382f.clause.1","1","occ_c9a9adca346f284f14f33573","in","[2,3,4]"
"route_953cd44e4e882f76d3bebc85","route_953cd44e4e882f76d3bebc85.clause.1","1","occ_3b30524eea33eade82b7127a","in","[1,2]"
"route_953de5e3c5131cdc89ab6c37","route_953de5e3c5131cdc89ab6c37.clause.1","1","occ_a8d463d16d4853db15681741","equals","[1]"
"route_958bdb1088844409ac7aee05","route_958bdb1088844409ac7aee05.clause.1","1","occ_95fa5062e0a2f8146a515649","selected_any","[]"
"route_95a917cb9d87e0d178bbd585","route_95a917cb9d87e0d178bbd585.clause.1","1","occ_a57413f2191a3065e18232eb","selected_any","[]"
"route_95a917cb9d87e0d178bbd585","route_95a917cb9d87e0d178bbd585.clause.10","1","occ_9bcbd9c049e7a2d964ce5205","selected_any","[]"
"route_95a917cb9d87e0d178bbd585","route_95a917cb9d87e0d178bbd585.clause.11","1","occ_c14d05cda9220ce9be44c8b1","selected_any","[]"
"route_95a917cb9d87e0d178bbd585","route_95a917cb9d87e0d178bbd585.clause.12","1","occ_dc85e74809c53f94342559e4","selected_any","[]"
"route_95a917cb9d87e0d178bbd585","route_95a917cb9d87e0d178bbd585.clause.13","1","occ_2470251f82c987270355c28b","selected_any","[]"
"route_95a917cb9d87e0d178bbd585","route_95a917cb9d87e0d178bbd585.clause.14","1","occ_c74440a47e1268bc45e92c3e","selected_any","[]"
"route_95a917cb9d87e0d178bbd585","route_95a917cb9d87e0d178bbd585.clause.15","1","occ_dbca0ae49cff1fbd59f27257","selected_any","[]"
"route_95a917cb9d87e0d178bbd585","route_95a917cb9d87e0d178bbd585.clause.16","1","occ_e0bf33085220294993cc695a","selected_any","[]"
"route_95a917cb9d87e0d178bbd585","route_95a917cb9d87e0d178bbd585.clause.17","1","occ_fe39a5b389b6ce64fb8dea44","selected_any","[]"
"route_95a917cb9d87e0d178bbd585","route_95a917cb9d87e0d178bbd585.clause.18","1","occ_3efcf6d9915875a6e0607645","selected_any","[]"
"route_95a917cb9d87e0d178bbd585","route_95a917cb9d87e0d178bbd585.clause.19","1","occ_01214b75947467dd9bb3f084","selected_any","[]"
"route_95a917cb9d87e0d178bbd585","route_95a917cb9d87e0d178bbd585.clause.2","1","occ_8a6ac1d6da11e08e976a6ef4","selected_any","[]"
"route_95a917cb9d87e0d178bbd585","route_95a917cb9d87e0d178bbd585.clause.20","1","occ_69154c2b121f3765a87ec544","selected_any","[]"
"route_95a917cb9d87e0d178bbd585","route_95a917cb9d87e0d178bbd585.clause.21","1","occ_7e94de29a4ec2117334534f8","selected_any","[]"
"route_95a917cb9d87e0d178bbd585","route_95a917cb9d87e0d178bbd585.clause.22","1","occ_3dc5afb32d72b79cefc9d7a9","selected_any","[]"
"route_95a917cb9d87e0d178bbd585","route_95a917cb9d87e0d178bbd585.clause.23","1","occ_84deebb8b0292f8d6f5fa8f2","selected_any","[]"
"route_95a917cb9d87e0d178bbd585","route_95a917cb9d87e0d178bbd585.clause.24","1","occ_19ca8dc2be6c135212f08b4c","selected_any","[]"
"route_95a917cb9d87e0d178bbd585","route_95a917cb9d87e0d178bbd585.clause.25","1","occ_3fbad728a94f7ebad7c8f652","selected_any","[]"
"route_95a917cb9d87e0d178bbd585","route_95a917cb9d87e0d178bbd585.clause.26","1","occ_5089f422e84217f817fc1e5f","selected_any","[]"
"route_95a917cb9d87e0d178bbd585","route_95a917cb9d87e0d178bbd585.clause.27","1","occ_6383bf05c899267d25aa2367","selected_any","[]"
"route_95a917cb9d87e0d178bbd585","route_95a917cb9d87e0d178bbd585.clause.28","1","occ_fb5573b694f631352ab5ab4d","selected_any","[]"
"route_95a917cb9d87e0d178bbd585","route_95a917cb9d87e0d178bbd585.clause.29","1","occ_ea196b94a18cb5041f2fd201","selected_any","[]"
"route_95a917cb9d87e0d178bbd585","route_95a917cb9d87e0d178bbd585.clause.3","1","occ_f8ef0690c93da4f74286a442","selected_any","[]"
"route_95a917cb9d87e0d178bbd585","route_95a917cb9d87e0d178bbd585.clause.4","1","occ_d9813ddcbbd92e0f160c18b2","selected_any","[]"
"route_95a917cb9d87e0d178bbd585","route_95a917cb9d87e0d178bbd585.clause.5","1","occ_a3d67689bea2110cb24e9c5c","selected_any","[]"
"route_95a917cb9d87e0d178bbd585","route_95a917cb9d87e0d178bbd585.clause.6","1","occ_d7f119f178e3afff832cdce4","selected_any","[]"
"route_95a917cb9d87e0d178bbd585","route_95a917cb9d87e0d178bbd585.clause.7","1","occ_56d9e10692664e1c859f2684","selected_any","[]"
"route_95a917cb9d87e0d178bbd585","route_95a917cb9d87e0d178bbd585.clause.8","1","occ_e57ca10f3c31d3c7291efca1","selected_any","[]"
"route_95a917cb9d87e0d178bbd585","route_95a917cb9d87e0d178bbd585.clause.9","1","occ_f41872da3345624fef8e7859","selected_any","[]"
"route_95ad0109aafabddc2a65ff51","route_95ad0109aafabddc2a65ff51.clause.1","1","occ_20cec033adfda7a244a6d575","selected_any","[]"
"route_95ad0109aafabddc2a65ff51","route_95ad0109aafabddc2a65ff51.clause.2","1","occ_28897c787967c575cafa4afe","selected_any","[]"
"route_95ad0109aafabddc2a65ff51","route_95ad0109aafabddc2a65ff51.clause.3","1","occ_77c0deb8b94388462821bfc3","selected_any","[]"
"route_95c187eefdfca807028426a3","route_95c187eefdfca807028426a3.clause.1","1","occ_27ccee82f5ee39ca6bdb6298","equals","[4]"
"route_95e0cb89c99e8732b87ea540","route_95e0cb89c99e8732b87ea540.clause.1","1","occ_63f25f5c778e4ef3218ed4ee","equals","[2]"
"route_95f1d61dfbc0cbf92b3e931a","route_95f1d61dfbc0cbf92b3e931a.clause.1","1","occ_8cc715ad69584ac377749283","selected_any","[]"
"route_95f80f333c7031f17d85ccf7","route_95f80f333c7031f17d85ccf7.clause.1","1","occ_7cdf32b934d36de02058f654","equals","[7]"
"route_964810f4ffc25b8d64097029","route_964810f4ffc25b8d64097029.clause.1","1","occ_fbaa685ccf8cba8ad5139e19","equals","[1]"
"route_965932e1ea06a8be303ec749","route_965932e1ea06a8be303ec749.clause_1","1","occ_b2c931b05aa0db5ec77770eb","selected_any","[]"
"route_965932e1ea06a8be303ec749","route_965932e1ea06a8be303ec749.clause_2","1","occ_33f56e4f0af68078755a46f6","selected_any","[]"
"route_965932e1ea06a8be303ec749","route_965932e1ea06a8be303ec749.clause_3","1","occ_219a9c8c72b710221d19f2ce","selected_any","[]"
"route_965932e1ea06a8be303ec749","route_965932e1ea06a8be303ec749.clause_4","1","occ_605b1de5dd60e6f5904aaf68","selected_any","[]"
"route_965932e1ea06a8be303ec749","route_965932e1ea06a8be303ec749.clause_5","1","occ_8d70c741a89d66ac9d16bbc2","selected_any","[]"
"route_965932e1ea06a8be303ec749","route_965932e1ea06a8be303ec749.clause_6","1","occ_47a9041470a177bf99bcbba1","selected_any","[]"
"route_96e6022ccd9f1315d4422d4a","route_96e6022ccd9f1315d4422d4a.clause.1","1","occ_3b470ad39f6fae9f415403e0","equals","[1]"
"route_96f991aac172054a44d2c644","route_96f991aac172054a44d2c644.clause.1","1","occ_0de414d4865a233b2760f8b5","equals","[1]"
"route_970000815168b8df99303296","route_970000815168b8df99303296.clause.1","1","occ_62931d535f97461ef2fe7bc0","equals","[4]"
"route_97118491022780f36616ed3d","route_97118491022780f36616ed3d.clause.1","1","occ_c5ee2edc718849d5d7c91865","equals","[1]"
"route_9713fea30517c2ef159dda2c","route_9713fea30517c2ef159dda2c.clause.1","1","occ_a0891cd73258435d0ab62ae7","in","[1,2,3]"
"route_97679643a480da8b4c740805","route_97679643a480da8b4c740805.clause.1","1","occ_8cb9141c09ffba357a38bbac","equals","[1]"
"route_97679643a480da8b4c740805","route_97679643a480da8b4c740805.clause_1","1","occ_8cb9141c09ffba357a38bbac","equals","[1]"
"route_9781da15bab8d35b0a9dfd59","route_9781da15bab8d35b0a9dfd59.clause_1","1","occ_8ebf2c8a2eab39e0298ac4fc","gte","[2]"
"route_97837191cdfc07be0cac8312","route_97837191cdfc07be0cac8312.clause.1","1","occ_ad1644da8525eab46fb02864","equals","[2]"
"route_978375808bf9b7b589cb6357","route_978375808bf9b7b589cb6357.clause.1","1","occ_3fe712046826c8d34599fe21","equals","[2]"
"route_97bcc57039fe0f562f785af6","route_97bcc57039fe0f562f785af6.clause.1","1","occ_cd9467c1dacfa9754fb1aa6d","in","[2,3]"
"route_97e26fd81f871f6bfdc574f6","route_97e26fd81f871f6bfdc574f6.clause.1","1","occ_99d1f9812528ab5ebad9d1f2","equals","[1]"
"route_97ee3f2d1eb7fbbb308eba77","route_97ee3f2d1eb7fbbb308eba77.clause.1","1","occ_474e0100c3eaf5d61b1810f0","in","[4,5,6,7]"
"route_9801bf8f4f6b9e6153696d98","route_9801bf8f4f6b9e6153696d98.clause.1","1","occ_0893d573317232e7965c92f3","in","[1,2,3]"
"route_981a648014dbaf6b31451c1f","route_981a648014dbaf6b31451c1f.clause.1","1","occ_da0b94fb9735d0dfcc2076d8","equals","[1]"
"route_98382ff9306172c8254962ee","route_98382ff9306172c8254962ee.clause.1","1","occ_891ca1bec42287d60d89237f","equals","[1]"
"route_985c382771c9ef95aea28cd3","route_985c382771c9ef95aea28cd3.clause.1","1","occ_31f5d0598263bc4289afaf28","equals","[1]"
"route_987cdd38ddd1a0bea37d585b","route_987cdd38ddd1a0bea37d585b.clause.1","1","occ_ba1e54b1ef98236cb9259778","in","[1,2]"
"route_988a74072dff7f0f211d5955","route_988a74072dff7f0f211d5955.clause.1","1","occ_c81fc119e1f24960be598708","in","[1,2]"
"route_988a74072dff7f0f211d5955","route_988a74072dff7f0f211d5955.clause_1","1","occ_c81fc119e1f24960be598708","in","[1,2]"
"route_988f7cdf8680932745fc07e2","route_988f7cdf8680932745fc07e2.clause.1","1","occ_bbec8f7d5b18f75576a6044b","selected_any","[]"
"route_98960d31c25e3ab110ad4e80","route_98960d31c25e3ab110ad4e80.clause.1","1","occ_3001fe3af1264a673ce8eba8","equals","[1]"
"route_9897546844a11a1c75f7724d","route_9897546844a11a1c75f7724d.clause.1","1","occ_9675920246708d0912f429e0","in","[2,3]"
"route_98a4a5b76fe502f4e16ab5e2","route_98a4a5b76fe502f4e16ab5e2.clause.1","1","occ_fdfb99203a2acdc337f9f9d8","equals","[4]"
"route_98dfe5d864ac0232c0f1a8ab","route_98dfe5d864ac0232c0f1a8ab.clause.1","1","occ_e9f3f246d4105a8bfbaab6d7","gte","[1]"
"route_98ee08d54c627f8fddb30512","route_98ee08d54c627f8fddb30512.clause.1","1","occ_0f0bc2f8cd23da0f0c689572","gte","[2]"
"route_993eaad1b456fe1b6e537c0e","route_993eaad1b456fe1b6e537c0e.clause.1","1","occ_af43323aba117c10e723d54f","gte","[2]"
"route_9948fc1dc54e4560fbc8e8ab","route_9948fc1dc54e4560fbc8e8ab.clause.1","1","occ_3ec6d9cff214b4c2478b61c2","equals","[2]"
"route_996ff2b57106e95e76f4135f","route_996ff2b57106e95e76f4135f.clause.1","1","occ_a27be17ee4a78908bd00da99","selected_any","[]"
"route_99b4f12808ee7724a5676b7b","route_99b4f12808ee7724a5676b7b.clause.1","1","occ_57377334e7fd8096bfce2963","equals","[1]"
"route_99d68a9a91d3aab7d1e694f5","route_99d68a9a91d3aab7d1e694f5.clause.1","1","occ_5f1df8026836efa5dfbc1010","selected_any","[]"
"route_99e3bacae4d99d7f5afe8b69","route_99e3bacae4d99d7f5afe8b69.clause.1","1","occ_3b470ad39f6fae9f415403e0","equals","[1]"
"route_99e59e0ec522c1203b47f9c0","route_99e59e0ec522c1203b47f9c0.clause.1","1","occ_a2bde59ff3adebf867023686","equals","[2]"
"route_99f695ca81067e948bd83b9f","route_99f695ca81067e948bd83b9f.clause.1","1","occ_8f38be10f4d97d17b03a1dbe","in","[4,5,6,7]"
"route_9a0777fd343fdeb919a4f6e0","route_9a0777fd343fdeb919a4f6e0.clause.1","1","occ_b96a0d77e6f717050374f4ad","selected_any","[]"
"route_9a39be2121886770a0f4d06d","route_9a39be2121886770a0f4d06d.clause.1","1","occ_843cb2f408eb47d34f522a32","equals","[1]"
"route_9a61f90f72f39927d16d3615","route_9a61f90f72f39927d16d3615.clause.1","1","occ_a31781e0fcd1f07009c17261","equals","[7]"
"route_9a6afdfa507da4d9817e782c","route_9a6afdfa507da4d9817e782c.clause.1","1","occ_53a7f37720017cc439934a3f","equals","[1]"
"route_9a6afdfa507da4d9817e782c","route_9a6afdfa507da4d9817e782c.clause_1","1","occ_53a7f37720017cc439934a3f","equals","[1]"
"route_9a6b6c857f773a06794ec623","route_9a6b6c857f773a06794ec623.clause.1","1","occ_b75f0ee503c55a7cffc17979","selected_any","[]"
"route_9a78c78bef813ab9ed7b5611","route_9a78c78bef813ab9ed7b5611.clause.1","1","occ_34ed3dbaa6cdde221df15ac9","equals","[1]"
"route_9a7d2456f9b04fc11db8b5da","route_9a7d2456f9b04fc11db8b5da.clause.1","1","occ_ad1644da8525eab46fb02864","equals","[2]"
"route_9a981b7482b324e9cb52f34a","route_9a981b7482b324e9cb52f34a.clause.1","1","occ_f8d5ea8a502b76c6b61107b6","equals","[1]"
"route_9acfe07ff918b92ff1b3fe5e","route_9acfe07ff918b92ff1b3fe5e.clause.1","1","occ_e40906137edaacf37cdc7818","equals","[1]"
"route_9ae74603392e27190792929a","route_9ae74603392e27190792929a.clause.1","1","occ_c5af62e30f3452e36ce29505","selected_any","[]"
"route_9af5345c879f2c9336fa889a","route_9af5345c879f2c9336fa889a.clause.1","1","occ_70eb0ca307e245a7872196f8","equals","[1]"
"route_9afcda6fdd7b9600cb8266b0","route_9afcda6fdd7b9600cb8266b0.clause.1","1","occ_c203dbdff5936ebe69c5c5c7","equals","[2]"
"route_9b01d9663217faf1af6530b8","route_9b01d9663217faf1af6530b8.clause.1","1","occ_4abf15cd6a16abb517946e75","equals","[1]"
"route_9b08b695da31f28469f46767","route_9b08b695da31f28469f46767.clause.1","1","occ_878d1e31e197fba33e36029e","equals","[1]"
"route_9b13253bb7e51477f5ce15f6","route_9b13253bb7e51477f5ce15f6.clause.1","1","occ_61ee634e406c7c23f9b2ccb6","equals","[1]"
"route_9b3ac05c0bd889399df8f9c0","route_9b3ac05c0bd889399df8f9c0.clause.1","1","occ_66d32a28db1a5d75cb603f16","in","[1,2]"
"route_9b5ee09c75094d1884cf723c","route_9b5ee09c75094d1884cf723c.clause.1","1","occ_e938437db0935fd414cc55c7","equals","[2]"
"route_9b6af6232aa5d207ec380339","route_9b6af6232aa5d207ec380339.clause.1","1","occ_105817adcb8d6ab4198f2fac","equals","[1]"
"route_9be751b05a2a57f9b5412360","route_9be751b05a2a57f9b5412360.clause.1","1","occ_7ae7ae59fc1ec26a4cae8156","selected_any","[]"
"route_9bf595327327d3caf00394c1","route_9bf595327327d3caf00394c1.clause.1","1","occ_f22204e3ad89386f7d147867","in","[1,2]"
"route_9c14907a85c3b61970e3b746","route_9c14907a85c3b61970e3b746.clause.1","1","occ_17b13d8ff04ac26a0bac50ee","equals","[1]"
"route_9c2e7fc976757611594affbb","route_9c2e7fc976757611594affbb.clause.1","1","occ_1456a46a44bf48e06c7350d1","equals","[2]"
"route_9c39e8f8918c4245ad2c8122","route_9c39e8f8918c4245ad2c8122.clause.1","1","occ_d63d6b111c7bf1f87d177998","equals","[2]"
"route_9c3e5cc656352ef39362a4ef","route_9c3e5cc656352ef39362a4ef.clause.1","1","occ_d52bf93b4ff3704a9b752296","in","[1,2]"
"route_9c3e5cc656352ef39362a4ef","route_9c3e5cc656352ef39362a4ef.clause_1","1","occ_d52bf93b4ff3704a9b752296","in","[1,2]"
"route_9c68e95a0c3b611745f427c6","route_9c68e95a0c3b611745f427c6.clause.1","1","occ_94cd1ffd4f2d92404de17ae9","in","[2,3]"
"route_9c7ebd78de73cd3b5fdfbec9","route_9c7ebd78de73cd3b5fdfbec9.clause.1","1","occ_275678d6908b64795c20ee2f","selected_any","[]"
"route_9c9eaffe8b8805ae94f57843","route_9c9eaffe8b8805ae94f57843.clause.1","1","occ_2e8732c531675e5fa4155b16","not_in","[1]"
"route_9c9eaffe8b8805ae94f57843","route_9c9eaffe8b8805ae94f57843.clause_1","1","occ_2e8732c531675e5fa4155b16","not_in","[1]"
"route_9cb89520bbee67ae99cdd8c6","route_9cb89520bbee67ae99cdd8c6.clause.1","1","occ_73a20528ec978860767cf47f","gte","[1]"
"route_9cd17e1bf871dfae5589a647","route_9cd17e1bf871dfae5589a647.clause.1","1","occ_0660a5abafbf94f4bb796e11","equals","[1]"
"route_9ce33abcd0c537468e9b4c9f","route_9ce33abcd0c537468e9b4c9f.clause.1","1","occ_4395df38a850b305407cfeff","selected_any","[]"
"route_9d03846cf63bd9400b6f9ca9","route_9d03846cf63bd9400b6f9ca9.clause.1","1","occ_03c3344db829e193af8b4bdf","gte","[1]"
"route_9d053e892161735fe0da36f0","route_9d053e892161735fe0da36f0.clause.1","1","occ_1d25553bb39be95d1aee5930","equals","[1]"
"route_9d053e892161735fe0da36f0","route_9d053e892161735fe0da36f0.clause_1","1","occ_1d25553bb39be95d1aee5930","equals","[1]"
"route_9d0eb21e8f2ce96c1fa6329c","route_9d0eb21e8f2ce96c1fa6329c.clause.1","1","occ_4395df38a850b305407cfeff","selected_any","[]"
"route_9d4fa0cd5d1988b5138ee20e","route_9d4fa0cd5d1988b5138ee20e.clause.1","1","occ_66e92c13f48cbb59cbad00a0","selected_any","[]"
"route_9d7ba735af0a23ce43c59ba2","route_9d7ba735af0a23ce43c59ba2.clause.1","1","occ_32fbe6d5c077511ad25bc9f3","selected_any","[]"
"route_9dca3b4c471041931652f319","route_9dca3b4c471041931652f319.clause.1","1","occ_4f9ed05a795fdd834c597e43","selected_any","[]"
"route_9dd0971e7ef7173771a73195","route_9dd0971e7ef7173771a73195.clause.1","1","occ_592c0e9a66939fb6de7df410","in","[1,4]"
"route_9df0dd9fae77b8380ecd0e06","route_9df0dd9fae77b8380ecd0e06.clause.1","1","occ_b857e43eec61200201ac07c9","equals","[1]"
"route_9df0dd9fae77b8380ecd0e06","route_9df0dd9fae77b8380ecd0e06.clause_1","1","occ_b857e43eec61200201ac07c9","equals","[1]"
"route_9e032913838ec3417b2a3f4b","route_9e032913838ec3417b2a3f4b.clause.1","1","occ_4a3764194a89a0fedd4bea01","equals","[1]"
"route_9e0ad8497b87a58813d29c04","route_9e0ad8497b87a58813d29c04.clause.1","1","occ_c341ad6af9332171d7cdc80a","selected_any","[]"
"route_9e171a57f74b778f46aad6ec","route_9e171a57f74b778f46aad6ec.clause.1","1","occ_adf51488ff1c3fcce722c9ec","in","[2,3]"
"route_9e171a57f74b778f46aad6ec","route_9e171a57f74b778f46aad6ec.clause_1","1","occ_adf51488ff1c3fcce722c9ec","in","[2,3]"
"route_9e3c344efd345912f57db1c2","route_9e3c344efd345912f57db1c2.clause.1","1","occ_ae13416da0c85a494b496841","equals","[1]"
"route_9e3c344efd345912f57db1c2","route_9e3c344efd345912f57db1c2.clause_1","1","occ_ae13416da0c85a494b496841","equals","[1]"
"route_9e66f01c4264264a99b669c4","route_9e66f01c4264264a99b669c4.clause.1","1","occ_5d67c1ca1f4c42646defc366","equals","[1]"
"route_9e920095770a39159df3d303","route_9e920095770a39159df3d303.clause.1","1","occ_49e393a5a1a905825cf5fdf4","selected_any","[]"
"route_9ec9688b5d71b1be92b9a86c","route_9ec9688b5d71b1be92b9a86c.clause.1","1","occ_d549c07d552fb8117e0d14c8","selected_any","[]"
"route_9ed14c9ddbc6b45ce8a14b57","route_9ed14c9ddbc6b45ce8a14b57.clause_1","1","occ_502b970251d1ea984f0d2cde","equals","[1]"
"route_9ed5857173d90ba2edecbd16","route_9ed5857173d90ba2edecbd16.clause.1","1","occ_309594ffc15974a501587fcd","selected_any","[]"
"route_9ed5857173d90ba2edecbd16","route_9ed5857173d90ba2edecbd16.clause.2","1","occ_5c8d6b6be4c7df2014ed2d5c","selected_any","[]"
"route_9ed5857173d90ba2edecbd16","route_9ed5857173d90ba2edecbd16.clause.3","1","occ_014c15a772133f01b99e1230","selected_any","[]"
"route_9ed5857173d90ba2edecbd16","route_9ed5857173d90ba2edecbd16.clause.4","1","occ_1abdc18c344a157d0e81207b","selected_any","[]"
"route_9ed6cb26c8defbe2c5a87a82","route_9ed6cb26c8defbe2c5a87a82.clause.1","1","occ_32919535dfa86ce111102708","selected_any","[]"
"route_9f0038d535e6f69e538441ec","route_9f0038d535e6f69e538441ec.clause.1","1","occ_0d5f93bc3c510993722e113c","gte","[1]"
"route_9f13af966c1e380c288fbfeb","route_9f13af966c1e380c288fbfeb.clause.1","1","occ_d6ff9ed908049afe8ac54be8","equals","[1]"
"route_9f1ae6c7361b7f8cb8f62852","route_9f1ae6c7361b7f8cb8f62852.clause.1","1","occ_486f0da202b6dd814b4e7c78","in","[1,2]"
"route_9f30e17e963710b55657951d","route_9f30e17e963710b55657951d.clause_1","1","occ_87dc73bae08f81299f9e2add","gte","[1]"
"route_9f3dc4e2901172c2342765f4","route_9f3dc4e2901172c2342765f4.clause.1","1","occ_7cdf32b934d36de02058f654","equals","[7]"
"route_9f4e69f259f561ce0d7f9a38","route_9f4e69f259f561ce0d7f9a38.clause.1","1","occ_8cb9141c09ffba357a38bbac","equals","[1]"
"route_9f4e69f259f561ce0d7f9a38","route_9f4e69f259f561ce0d7f9a38.clause_1","1","occ_8cb9141c09ffba357a38bbac","equals","[1]"
"route_9f4f82f6ac49bf738b8bd163","route_9f4f82f6ac49bf738b8bd163.clause.1","1","occ_0dbb54e54adac81abbc4ab7d","equals","[1]"
"route_9f5c732ebfca4e506e745730","route_9f5c732ebfca4e506e745730.clause.1","1","occ_65fc01b2227a8bdcc0859048","equals","[2]"
"route_9f6e640ca5f76c408d5132b0","route_9f6e640ca5f76c408d5132b0.clause.1","1","occ_5b20abe81beeda05f38ff73b","equals","[1]"
"route_9fad539eafde1313ac5ce93a","route_9fad539eafde1313ac5ce93a.clause.1","1","occ_0660a5abafbf94f4bb796e11","equals","[1]"
"route_9fca981885f3fb4f95cd4e0a","route_9fca981885f3fb4f95cd4e0a.clause.1","1","occ_5beff6bbcd5e7efc42246b45","selected_any","[]"
"route_9ff981b4d83ade8253b5bfd0","route_9ff981b4d83ade8253b5bfd0.clause.1","1","occ_bde9ea787e6e1b3b5156d797","equals","[1]"
"route_9ff981b4d83ade8253b5bfd0","route_9ff981b4d83ade8253b5bfd0.clause_1","1","occ_bde9ea787e6e1b3b5156d797","equals","[1]"
"route_a021a379239381b2e3860181","route_a021a379239381b2e3860181.clause.1","1","occ_8a69a009632045f779aea1e2","equals","[1]"
"route_a0454c612eb9627569da89c4","route_a0454c612eb9627569da89c4.clause.1","1","occ_a1c765301d658ba69adf771b","selected_any","[]"
"route_a04e15a8adceee664267826a","route_a04e15a8adceee664267826a.clause.1","1","occ_164b6f89ae3499df50bb69e4","equals","[1]"
"route_a069571b564d21bf10c42259","route_a069571b564d21bf10c42259.clause.1","1","occ_601235331ebfe2df98c80ec1","equals","[1]"
"route_a06f4999ac3d348467c3c1fa","route_a06f4999ac3d348467c3c1fa.clause.1","1","occ_25618c0fb3740cc978a0f81b","in","[1,2]"
"route_a06f4999ac3d348467c3c1fa","route_a06f4999ac3d348467c3c1fa.clause_1","1","occ_25618c0fb3740cc978a0f81b","in","[1,2]"
"route_a079554032c3e2ffac66b305","route_a079554032c3e2ffac66b305.clause.1","1","occ_b6245bbe504746645547eb6e","equals","[2]"
"route_a087123779815f2848143c24","route_a087123779815f2848143c24.clause.1","1","occ_d2363d57bae4e4b28f16cdc4","equals","[1]"
"route_a087123779815f2848143c24","route_a087123779815f2848143c24.clause_1","1","occ_d2363d57bae4e4b28f16cdc4","equals","[1]"
"route_a089d61d2755284325fbad30","route_a089d61d2755284325fbad30.clause.1","1","occ_374bc55328762fb88ab19e0a","gte","[1]"
"route_a093c263cee7a7767b8f0075","route_a093c263cee7a7767b8f0075.clause.1","1","occ_d77d698d033eee0292cec8f2","selected_any","[]"
"route_a0bd7f1cbc8b84b2b0e4bc38","route_a0bd7f1cbc8b84b2b0e4bc38.clause.1","1","occ_042dce1e5ffc8669ab81d390","in","[2,3]"
"route_a0ca34a725cf1d9883ec8e44","route_a0ca34a725cf1d9883ec8e44.clause.1","1","occ_57377334e7fd8096bfce2963","equals","[1]"
"route_a0fd66d55fe61480d9b3d1ec","route_a0fd66d55fe61480d9b3d1ec.clause.1","1","occ_be295df7b6d5f535ef4cf708","in","[1,2]"
"route_a0fd66d55fe61480d9b3d1ec","route_a0fd66d55fe61480d9b3d1ec.clause_1","1","occ_be295df7b6d5f535ef4cf708","in","[1,2]"
"route_a100e08cd2721bcbb68d078a","route_a100e08cd2721bcbb68d078a.clause.1","1","occ_0e19fc6f4924a83628c7501f","equals","[1]"
"route_a10beb24589edc2d5c861e90","route_a10beb24589edc2d5c861e90.clause.1","1","occ_b922195935ce7c849e0779f9","equals","[1]"
"route_a1502de092270a6d4b69d29f","route_a1502de092270a6d4b69d29f.clause.1","1","occ_35a3a4c812b004bff936eace","in","[2,3]"
"route_a1715c6e4baa4d2a27004305","route_a1715c6e4baa4d2a27004305.clause.1","1","occ_479e355cc1813d676ccadc5a","equals","[1]"
"route_a178b470e7002cfb9bf75557","route_a178b470e7002cfb9bf75557.clause.1","1","occ_ae4ecc530b47cb6f677668a9","equals","[1]"
"route_a1b27de276c6a0d848dff568","route_a1b27de276c6a0d848dff568.clause.1","1","occ_a90e1e73d6329a13ef21a8ba","gte","[1]"
"route_a1c319cba0b4db3e905c6a17","route_a1c319cba0b4db3e905c6a17.clause.1","1","occ_cbf49a5ecefb991f5847e03a","in","[1,2,3]"
"route_a1c319cba0b4db3e905c6a17","route_a1c319cba0b4db3e905c6a17.clause_1","1","occ_cbf49a5ecefb991f5847e03a","in","[1,2,3]"
"route_a1e9a8c0d3c56d6bae5a0c28","route_a1e9a8c0d3c56d6bae5a0c28.clause.1","1","occ_7eba9d45aca378e9889e319b","equals","[2]"
"route_a2267e0fa7a14769770f33f1","route_a2267e0fa7a14769770f33f1.clause.1","1","occ_ab9fc0c8b9140a29948ff1ed","equals","[1]"
"route_a23246739cae0431529ffade","route_a23246739cae0431529ffade.clause.1","1","occ_f4b600f5a8806aeb4038872a","equals","[2]"
"route_a254e9a78d15f318f8609e2d","route_a254e9a78d15f318f8609e2d.clause.1","1","occ_7323947fb142a666575c1c3c","equals","[1]"
"route_a271998f1ab3a807784b2fd9","route_a271998f1ab3a807784b2fd9.clause.1","1","occ_f77ae0088593753200053393","gte","[1]"
"route_a2847fed32d1396a92ca9809","route_a2847fed32d1396a92ca9809.clause.1","1","occ_84ba387e52481e9559c95e97","equals","[1]"
"route_a2c9bd00e6a379334e5d213a","route_a2c9bd00e6a379334e5d213a.clause.1","1","occ_674e2a9f1d2caf9821e5803f","equals","[1]"
"route_a2d56ba939241c851bb5f49c","route_a2d56ba939241c851bb5f49c.clause.1","1","occ_9b50af7dd48017f88595de00","equals","[2]"
"route_a2dc48eacc130ea073479164","route_a2dc48eacc130ea073479164.clause.1","1","occ_b0559807db3a870b3a377034","gte","[1]"
"route_a2f8a99a692ccc8b4ba2f5f3","route_a2f8a99a692ccc8b4ba2f5f3.clause.1","1","occ_b464e5f68dd311c6a5028b1d","equals","[1]"
"route_a2fe97a7024dde9c07e059fc","route_a2fe97a7024dde9c07e059fc.clause.1","1","occ_39a2cdf6a185d27afc81130e","selected_any","[]"
"route_a3173fa5edcd17c8dfe046b4","route_a3173fa5edcd17c8dfe046b4.clause.1","1","occ_51e28c0f09d1e08f301df74e","equals","[1]"
"route_a31c0cf99885e5faa713c095","route_a31c0cf99885e5faa713c095.clause.1","1","occ_274d4421c1460ccaa2d56a54","in","[2,3]"
"route_a328f0a2c645d492606f7496","route_a328f0a2c645d492606f7496.clause.1","1","occ_a90e1e73d6329a13ef21a8ba","gte","[1]"
"route_a33886792a444a7f0b38ac62","route_a33886792a444a7f0b38ac62.clause.1","1","occ_9221739c766e193b59ea2b41","equals","[2]"
"route_a34bea3cd426324abf1eaacf","route_a34bea3cd426324abf1eaacf.clause.1","1","occ_3a58e18a62b6435bf28737c5","equals","[2]"
"route_a3748bc8e535bedb51d8b980","route_a3748bc8e535bedb51d8b980.clause.1","1","occ_5e198d74d3a6f8ea12dc0984","equals","[1]"
"route_a3a9a73a1bd6ebe2d3205fa7","route_a3a9a73a1bd6ebe2d3205fa7.clause.1","1","occ_957210e00350a4b8697cc072","equals","[1]"
"route_a3d07f49df207dd120b15583","route_a3d07f49df207dd120b15583.clause.1","1","occ_03c3344db829e193af8b4bdf","gte","[1]"
"route_a3ed22cac8e8c7fb5ea0da48","route_a3ed22cac8e8c7fb5ea0da48.clause.1","1","occ_2d5c56a7da3b1d4d02a54699","selected_any","[]"
"route_a400a0a4c12044651a267dc4","route_a400a0a4c12044651a267dc4.clause.1","1","occ_700a3dd55f662b5f1568717d","equals","[2]"
"route_a42b45b7958dc9ab319a14d8","route_a42b45b7958dc9ab319a14d8.clause.1","1","occ_469772503d61998387a3ccc2","equals","[1]"
"route_a46284986adf2089ae9e7e5e","route_a46284986adf2089ae9e7e5e.clause.1","1","occ_0893d573317232e7965c92f3","equals","[7]"
"route_a479d344a4f12baf9ec6168a","route_a479d344a4f12baf9ec6168a.clause.1","1","occ_d1756e94c3e5463c602b2551","gte","[3]"
"route_a479d344a4f12baf9ec6168a","route_a479d344a4f12baf9ec6168a.clause_1","1","occ_d1756e94c3e5463c602b2551","gte","[3]"
"route_a496e0e6a5b71106f4adddb3","route_a496e0e6a5b71106f4adddb3.clause_1","1","occ_ed7c9e3abe3a09481c49b1af","gte","[1]"
"route_a496e0e6a5b71106f4adddb3","route_a496e0e6a5b71106f4adddb3.clause_1","2","occ_773d05f60924084bcdb401ba","selected_any","[]"
"route_a4fe250cc616f2d4a1631f18","route_a4fe250cc616f2d4a1631f18.clause.1","1","occ_ee9fff451b8d2457c8af8df9","selected_any","[]"
"route_a4ff59242acab2988b4481a7","route_a4ff59242acab2988b4481a7.clause.1","1","occ_518907b477ceb602e36e82f2","gte","[1]"
"route_a5001ceac20ba3c1f38e8056","route_a5001ceac20ba3c1f38e8056.clause.1","1","occ_51330cca68b00ee5efc5b116","selected_any","[]"
"route_a53d06c122234384c2c427b9","route_a53d06c122234384c2c427b9.clause.1","1","occ_4ffae05e20eeedd5de6ca7a0","gte","[2]"
"route_a56c86c19a80b888c91069ff","route_a56c86c19a80b888c91069ff.clause.1","1","occ_c759b9769736aae8f24652b8","equals","[7]"
"route_a56e5c03913b729d74180c92","route_a56e5c03913b729d74180c92.clause.1","1","occ_fa219e7615c91e4fe425f73a","in","[1,2]"
"route_a58158da7f20e0f7b52209e8","route_a58158da7f20e0f7b52209e8.clause.1","1","occ_4312656862f949926936371b","equals","[1]"
"route_a5c35d4882c50bdbab100914","route_a5c35d4882c50bdbab100914.clause.1","1","occ_947d5c22383de794dda3c550","equals","[1]"
"route_a5d88309512fd52787a07982","route_a5d88309512fd52787a07982.clause.1","1","occ_0db7dc894900be15cb2e2c8e","equals","[2]"
"route_a5e7fba30ed1546241c16887","route_a5e7fba30ed1546241c16887.clause.1","1","occ_92412122ddf995450c8a0a71","equals","[1]"
"route_a5fb875f93a6b20920f776b3","route_a5fb875f93a6b20920f776b3.clause.1","1","occ_46dbe34107577a12f0bbb89b","equals","[1]"
"route_a62fa0566476498a156f294c","route_a62fa0566476498a156f294c.clause_1","1","occ_4d88a3ad6f9fb68965a02fc3","equals","[1]"
"route_a648e71f14c9ee034dd0469e","route_a648e71f14c9ee034dd0469e.clause.1","1","occ_b8278591375cec674b1fc454","in","[1,3]"
"route_a6549297ca8bba046835a55d","route_a6549297ca8bba046835a55d.clause.1","1","occ_c9ff29cfb2234eb94537b2a7","in","[2,3,4]"
"route_a69feea923ed9fb35c787d2a","route_a69feea923ed9fb35c787d2a.clause_1","1","occ_75f47022944f9f8c3ad4e117","gte","[1]"
"route_a69feea923ed9fb35c787d2a","route_a69feea923ed9fb35c787d2a.clause_1","2","occ_1144ba51ce8ec79726ce9e59","selected_any","[]"
"route_a6c42109f8d5b4e256b5529d","route_a6c42109f8d5b4e256b5529d.clause.1","1","occ_bed67037792c5c70452b517d","equals","[2]"
"route_a6f3a49a1485d42205bdb796","route_a6f3a49a1485d42205bdb796.clause_1","1","occ_0ed3b4ce9a22baf9172630d3","selected_any","[]"
"route_a6f3a49a1485d42205bdb796","route_a6f3a49a1485d42205bdb796.clause_10","1","occ_a668b9920bf4a7ddff5b8b3e","selected_any","[]"
"route_a6f3a49a1485d42205bdb796","route_a6f3a49a1485d42205bdb796.clause_11","1","occ_683e096e7c2f75da83b07890","selected_any","[]"
"route_a6f3a49a1485d42205bdb796","route_a6f3a49a1485d42205bdb796.clause_12","1","occ_5ef4442a3cf2045a0169431c","selected_any","[]"
"route_a6f3a49a1485d42205bdb796","route_a6f3a49a1485d42205bdb796.clause_13","1","occ_ea0a1d87c014c2ecacdb6185","selected_any","[]"
"route_a6f3a49a1485d42205bdb796","route_a6f3a49a1485d42205bdb796.clause_14","1","occ_b6d8bcfce354469c9f3b2990","selected_any","[]"
"route_a6f3a49a1485d42205bdb796","route_a6f3a49a1485d42205bdb796.clause_15","1","occ_62a145c2c83763c92a808cd7","selected_any","[]"
"route_a6f3a49a1485d42205bdb796","route_a6f3a49a1485d42205bdb796.clause_16","1","occ_b0df84c89920ecdc57348e60","selected_any","[]"
"route_a6f3a49a1485d42205bdb796","route_a6f3a49a1485d42205bdb796.clause_17","1","occ_af3dd937a4d78de8054718a6","selected_any","[]"
"route_a6f3a49a1485d42205bdb796","route_a6f3a49a1485d42205bdb796.clause_18","1","occ_be50427a3760222d5dc92613","selected_any","[]"
"route_a6f3a49a1485d42205bdb796","route_a6f3a49a1485d42205bdb796.clause_19","1","occ_d7b2931a355ddd8685061237","selected_any","[]"
"route_a6f3a49a1485d42205bdb796","route_a6f3a49a1485d42205bdb796.clause_2","1","occ_73505f779fdc778630cce11b","selected_any","[]"
"route_a6f3a49a1485d42205bdb796","route_a6f3a49a1485d42205bdb796.clause_20","1","occ_89e38211ce6555dd4b0a4d7a","selected_any","[]"
"route_a6f3a49a1485d42205bdb796","route_a6f3a49a1485d42205bdb796.clause_21","1","occ_a634a2fa9837361b4c30f707","selected_any","[]"
"route_a6f3a49a1485d42205bdb796","route_a6f3a49a1485d42205bdb796.clause_22","1","occ_03f416ffb7a79728e4cd457c","selected_any","[]"
"route_a6f3a49a1485d42205bdb796","route_a6f3a49a1485d42205bdb796.clause_23","1","occ_f7470fd1363b16cd5767236b","selected_any","[]"
"route_a6f3a49a1485d42205bdb796","route_a6f3a49a1485d42205bdb796.clause_24","1","occ_c48c2b80eb7eec9f2f62b3f7","selected_any","[]"
"route_a6f3a49a1485d42205bdb796","route_a6f3a49a1485d42205bdb796.clause_25","1","occ_08e7c6af54d1c9a8290c32ab","selected_any","[]"
"route_a6f3a49a1485d42205bdb796","route_a6f3a49a1485d42205bdb796.clause_26","1","occ_2b730b935947fa86c2b7be38","selected_any","[]"
"route_a6f3a49a1485d42205bdb796","route_a6f3a49a1485d42205bdb796.clause_27","1","occ_f3c366b8aeae0cc4724b8b77","selected_any","[]"
"route_a6f3a49a1485d42205bdb796","route_a6f3a49a1485d42205bdb796.clause_28","1","occ_089e18405ce9d2f42faac735","selected_any","[]"
"route_a6f3a49a1485d42205bdb796","route_a6f3a49a1485d42205bdb796.clause_29","1","occ_15a4c41a1af34623efce5813","selected_any","[]"
"route_a6f3a49a1485d42205bdb796","route_a6f3a49a1485d42205bdb796.clause_3","1","occ_01a0b1581ac5ecb1b9ea6e22","selected_any","[]"
"route_a6f3a49a1485d42205bdb796","route_a6f3a49a1485d42205bdb796.clause_30","1","occ_ac14204d6de23a41af012683","selected_any","[]"
"route_a6f3a49a1485d42205bdb796","route_a6f3a49a1485d42205bdb796.clause_31","1","occ_7d871362392187676876036a","selected_any","[]"
"route_a6f3a49a1485d42205bdb796","route_a6f3a49a1485d42205bdb796.clause_32","1","occ_c6f72c7e65e6e5ca5b4060d0","selected_any","[]"
"route_a6f3a49a1485d42205bdb796","route_a6f3a49a1485d42205bdb796.clause_33","1","occ_65e4e8a973eec06416d8b6cd","selected_any","[]"
"route_a6f3a49a1485d42205bdb796","route_a6f3a49a1485d42205bdb796.clause_4","1","occ_3749335bae32345a1fbf692b","selected_any","[]"
"route_a6f3a49a1485d42205bdb796","route_a6f3a49a1485d42205bdb796.clause_5","1","occ_b6fb067c5216dd68be892fd9","selected_any","[]"
"route_a6f3a49a1485d42205bdb796","route_a6f3a49a1485d42205bdb796.clause_6","1","occ_5a61bc6c4a5093d0e2194650","selected_any","[]"
"route_a6f3a49a1485d42205bdb796","route_a6f3a49a1485d42205bdb796.clause_7","1","occ_4b85bfe91793787becd2f704","selected_any","[]"
"route_a6f3a49a1485d42205bdb796","route_a6f3a49a1485d42205bdb796.clause_8","1","occ_38d79b285abc31f09176aa45","selected_any","[]"
"route_a6f3a49a1485d42205bdb796","route_a6f3a49a1485d42205bdb796.clause_9","1","occ_e4d4a976b120e074250d2b0c","selected_any","[]"
"route_a6ff34acdec38b43eb0cc6a4","route_a6ff34acdec38b43eb0cc6a4.clause.1","1","occ_28d964efe9c0e44dfdd21c71","in","[3,4]"
"route_a74454bd0299560311b07359","route_a74454bd0299560311b07359.clause_1","1","occ_8cb9141c09ffba357a38bbac","equals","[2]"
"route_a745e99747e8b387996f3fe9","route_a745e99747e8b387996f3fe9.clause.1","1","occ_ca521d1f9a6df95ec09d90d5","in","[2,3,4]"
"route_a779a78a83991b2251e40c08","route_a779a78a83991b2251e40c08.clause.1","1","occ_8afb330363ee61e61d919dcc","selected_any","[]"
"route_a78f9b6b17a2b7bf895f05c2","route_a78f9b6b17a2b7bf895f05c2.clause.1","1","occ_b6c9798fa9614e02d1fd5994","in","[1,2]"
"route_a7afeeec55145b15b036465b","route_a7afeeec55145b15b036465b.clause.1","1","occ_f7aa113ea968a4e376f1b3ca","equals","[1]"
"route_a7d05ee700f7e88a7c99ec98","route_a7d05ee700f7e88a7c99ec98.clause.1","1","occ_7b2c5c1bb57417f79df84445","equals","[2]"
"route_a858f814405eb47fdb8ec0e2","route_a858f814405eb47fdb8ec0e2.clause.1","1","occ_cf151af7e0dee1940c28b057","selected_any","[]"
"route_a8766eae36717091c7f44152","route_a8766eae36717091c7f44152.clause.1","1","occ_34ed3dbaa6cdde221df15ac9","equals","[1]"
"route_a89b9981dc509ce46d406c86","route_a89b9981dc509ce46d406c86.clause.1","1","occ_dcca8b33d4dae48747451e9d","equals","[1]"
"route_a89ff7c4f7598ef1131b938a","route_a89ff7c4f7598ef1131b938a.clause.1","1","occ_68c6f32cc42e297303572d4e","in","[2,3]"
"route_a8af1e4ca23bede3d161acf0","route_a8af1e4ca23bede3d161acf0.clause.1","1","occ_ef0df70502d7eac528c742d0","in","[1,2,3]"
"route_a8c0293f91e8bc56fe3461da","route_a8c0293f91e8bc56fe3461da.clause.1","1","occ_d72df68d25f60240945a86f7","equals","[1]"
"route_a8c66c92c876eadb73dc22ee","route_a8c66c92c876eadb73dc22ee.clause.1","1","occ_aa3e6b063e948990359cba75","in","[2,3]"
"route_a8c853046a26a4a278c2cc89","route_a8c853046a26a4a278c2cc89.clause.1","1","occ_c84d29a97786d617216d7254","selected_any","[]"
"route_a8d2b756385f6171bdaecbbc","route_a8d2b756385f6171bdaecbbc.clause.1","1","occ_f24349614990cb30e8674053","equals","[2]"
"route_a9a3a597ed6a03c6d3995f3f","route_a9a3a597ed6a03c6d3995f3f.clause.1","1","occ_f4d8b038c1322ecf0e5089a2","in","[1,2]"
"route_a9ad4ffc5c74fd288d90bbc4","route_a9ad4ffc5c74fd288d90bbc4.clause.1","1","occ_dcf331fb28008eafab45a325","equals","[2]"
"route_a9ad4ffc5c74fd288d90bbc4","route_a9ad4ffc5c74fd288d90bbc4.clause_1","1","occ_dcf331fb28008eafab45a325","equals","[2]"
"route_a9d4fd4a81af8c2d762fda4f","route_a9d4fd4a81af8c2d762fda4f.clause.1","1","occ_5c0e91352f2abe9a9bb80ba6","equals","[1]"
"route_aa1c29604b5e058597cec7ea","route_aa1c29604b5e058597cec7ea.clause.1","1","occ_07ca73c08fec897229b5a5e7","gte","[1]"
"route_aa5ba75700c084eec2cc03fe","route_aa5ba75700c084eec2cc03fe.clause.1","1","occ_3c432e2131c128930fc3b769","selected_any","[]"
"route_aa631e30b345da9ff7a5875f","route_aa631e30b345da9ff7a5875f.clause.1","1","occ_6069e350baf5db8db352253d","equals","[1]"
"route_aa8bf90301894dbe7548b524","route_aa8bf90301894dbe7548b524.clause.1","1","occ_6abef9db233a22f45336d637","equals","[1]"
"route_aa9bb72bda729779c393de02","route_aa9bb72bda729779c393de02.clause.1","1","occ_d44454d477e472a8f28e97b8","selected_any","[]"
"route_aab586198862eff901f10451","route_aab586198862eff901f10451.clause.1","1","occ_60d1ab897810a2865c8148e6","in","[0,1,2,3,4]"
"route_aab586198862eff901f10451","route_aab586198862eff901f10451.clause_1","1","occ_60d1ab897810a2865c8148e6","in","[0,1,2,3,4]"
"route_aae431801dcec24d43470628","route_aae431801dcec24d43470628.clause.1","1","occ_b00e997cd21f287d0c29d380","selected_any","[]"
"route_aae472bb33a4897eaa3f13d2","route_aae472bb33a4897eaa3f13d2.clause.1","1","occ_c5ee2edc718849d5d7c91865","equals","[1]"
"route_ab089730104614b5c1c05dbf","route_ab089730104614b5c1c05dbf.clause.1","1","occ_bcc52de7ee9ffb16350ca71a","equals","[1]"
"route_ab470525949c6fb3ec3f7913","route_ab470525949c6fb3ec3f7913.clause.1","1","occ_8bf70aadcd0dd17bab96d5f3","in","[2,3]"
"route_ab596c7a3a4b1e0c5ab5e43b","route_ab596c7a3a4b1e0c5ab5e43b.clause_1","1","occ_d44aba9d3f1fea9a3dbd57da","gte","[1]"
"route_ababf27d0125158a90a824c3","route_ababf27d0125158a90a824c3.clause.1","1","occ_f98e41493070491aebb950a1","equals","[1]"
"route_abbb8bd51685d26506dffc14","route_abbb8bd51685d26506dffc14.clause.1","1","occ_8d45905bb3750af11f28b206","equals","[1]"
"route_abbd00737ff7426eedef557b","route_abbd00737ff7426eedef557b.clause.1","1","occ_657814f48abe33052bb72adc","selected_any","[]"
"route_abbd00737ff7426eedef557b","route_abbd00737ff7426eedef557b.clause.2","1","occ_197f52be92c08c101d51cc01","selected_any","[]"
"route_abbd00737ff7426eedef557b","route_abbd00737ff7426eedef557b.clause.3","1","occ_4db2bb8225705dddbe0c1f47","selected_any","[]"
"route_abc8ba2793c16588eaa5e182","route_abc8ba2793c16588eaa5e182.clause_1","1","occ_c9c21da0597578db33fd2a85","in","[1,2,3]"
"route_abcd3a82f03489ddfc38af4d","route_abcd3a82f03489ddfc38af4d.clause.1","1","occ_3d63521a6dd0bc33a1536267","in","[1,2]"
"route_abd17b8ef671062af09c9de7","route_abd17b8ef671062af09c9de7.clause.1","1","occ_4ce0cb1b455c8e8917431839","in","[1,2]"
"route_ac02c0758409e75ba3c1b4dc","route_ac02c0758409e75ba3c1b4dc.clause_1","1","occ_8ebf2c8a2eab39e0298ac4fc","gte","[2]"
"route_ac02c0758409e75ba3c1b4dc","route_ac02c0758409e75ba3c1b4dc.clause_1","2","occ_07cba098f8ca4bee689bc4b9","selected_any","[]"
"route_ac02c0758409e75ba3c1b4dc","route_ac02c0758409e75ba3c1b4dc.clause_2","1","occ_8ebf2c8a2eab39e0298ac4fc","gte","[2]"
"route_ac02c0758409e75ba3c1b4dc","route_ac02c0758409e75ba3c1b4dc.clause_2","2","occ_20101a551ca176a0d626f7bf","selected_any","[]"
"route_ac02c0758409e75ba3c1b4dc","route_ac02c0758409e75ba3c1b4dc.clause_3","1","occ_8ebf2c8a2eab39e0298ac4fc","gte","[2]"
"route_ac02c0758409e75ba3c1b4dc","route_ac02c0758409e75ba3c1b4dc.clause_3","2","occ_ad9c9222d2610e26021bf3d3","selected_any","[]"
"route_ac097af7c6fa4f1e0c785847","route_ac097af7c6fa4f1e0c785847.clause.1","1","occ_6539e3e5cb36b8fd3ec73950","in","[2,3,4]"
"route_ac1a55d72a66cce5686b725e","route_ac1a55d72a66cce5686b725e.clause.1","1","occ_fe734008993cd34a80b251b8","in","[2,3]"
"route_ac4df6ff0ff93bb53f349e82","route_ac4df6ff0ff93bb53f349e82.clause.1","1","occ_898ff2fe556b34a52f013fcd","equals","[1]"
"route_ac733476f59ca72e138c6fad","route_ac733476f59ca72e138c6fad.clause.1","1","occ_132fdf3301703954b99d9985","equals","[1]"
"route_ac97f7620af7db7ba3591289","route_ac97f7620af7db7ba3591289.clause_1","1","occ_61f0728a0e50c5596c339599","equals","[1]"
"route_aca30c4a1ef01e5c4ca35131","route_aca30c4a1ef01e5c4ca35131.clause.1","1","occ_fca5ce8bf9ab809ef9f18d3b","equals","[1]"
"route_aca94b6f45605c5f1318e54c","route_aca94b6f45605c5f1318e54c.clause.1","1","occ_21ca781979729e8af8c88c10","equals","[1]"
"route_accbae4e8856b98c55b98693","route_accbae4e8856b98c55b98693.clause.1","1","occ_8966889a8a512b2cb336b377","equals","[1]"
"route_ad287ade50be5964eca9af36","route_ad287ade50be5964eca9af36.clause.1","1","occ_bfafc696554b04b6fa17cf20","equals","[1]"
"route_ad388f98fdf4c714c9d34aae","route_ad388f98fdf4c714c9d34aae.clause.1","1","occ_f1c77220ac6a6e4c8f4aec22","equals","[1]"
"route_ad388f98fdf4c714c9d34aae","route_ad388f98fdf4c714c9d34aae.clause_1","1","occ_f1c77220ac6a6e4c8f4aec22","equals","[1]"
"route_ad59688490595dc23a91cff5","route_ad59688490595dc23a91cff5.clause.1","1","occ_d001558851b060dcd3b4a0e2","equals","[2]"
"route_ad739d1fb863fdd413426b64","route_ad739d1fb863fdd413426b64.clause.1","1","occ_980a0c5ac0c3314de99e2780","selected_any","[]"
"route_adb499520ffb3cc79a7e207e","route_adb499520ffb3cc79a7e207e.clause.1","1","occ_4726dfcc0a2853800cf96947","equals","[1]"
"route_adb8ddb074c29ef68232f5ac","route_adb8ddb074c29ef68232f5ac.clause.1","1","occ_568285d5fec82f800c7438b6","equals","[1]"
"route_adbd5add0159816ef60b2d6e","route_adbd5add0159816ef60b2d6e.clause.1","1","occ_bc1534d91431924d181f1172","in","[1,4]"
"route_adcc1d108be2f8002879dd16","route_adcc1d108be2f8002879dd16.clause.1","1","occ_6c5f557ea1a428bc6354420d","gte","[1]"
"route_adf28635c90b8061cdbbef52","route_adf28635c90b8061cdbbef52.clause_1","1","occ_90ff18d87d4bb6efb5d84fc6","gte","[1]"
"route_ae16b547efdbf942a8aba891","route_ae16b547efdbf942a8aba891.clause.1","1","occ_50af83116efc17659ad62c7e","equals","[1]"
"route_ae2c68bf85b8460e2b4f1c11","route_ae2c68bf85b8460e2b4f1c11.clause.1","1","occ_9e5afb1feb3549f76ab4e86f","equals","[1]"
"route_ae2cc447874eef42baf3b568","route_ae2cc447874eef42baf3b568.clause.1","1","occ_900a3781b34c307c7b592db8","equals","[1]"
"route_ae3bea54b1657367611b82ab","route_ae3bea54b1657367611b82ab.clause.1","1","occ_715fc83e661b58e47e6205ae","in","[1,2,3]"
"route_ae54e3ccf1a2482aff185cdc","route_ae54e3ccf1a2482aff185cdc.clause.1","1","occ_2cf1a65de5052e2530ef5a56","equals","[1]"
"route_ae646d24bfca2ab6faac0697","route_ae646d24bfca2ab6faac0697.clause.1","1","occ_40dac6cc5eb261b286a5f6fe","selected_any","[]"
"route_ae76a2449e79c35f1f1fc821","route_ae76a2449e79c35f1f1fc821.clause.1","1","occ_f597cf5924902984969c7f29","selected_any","[]"
"route_aeae752693667ca543e53016","route_aeae752693667ca543e53016.clause.1","1","occ_073a673cd0b433caceeed5ba","selected_any","[]"
"route_af1bb86a2539a678fbeca9cb","route_af1bb86a2539a678fbeca9cb.clause.1","1","occ_29955661df6abbac914115c1","gte","[2]"
"route_af1be1a002b00a0aa35fe5ca","route_af1be1a002b00a0aa35fe5ca.clause.1","1","occ_4afcaf5091bdebcb867e5a06","gte","[1]"
"route_af329080da45d98aa2816389","route_af329080da45d98aa2816389.clause.1","1","occ_24c0d59716d46dc50c593ed1","equals","[1]"
"route_af33b2f97257b0bdab4300f3","route_af33b2f97257b0bdab4300f3.clause.1","1","occ_e9cd176ec4515e17ca428b7b","gte","[1]"
"route_af584bf4df16bf4271cdac9b","route_af584bf4df16bf4271cdac9b.clause_1","1","occ_61bdb0d83cbc875dd5542ea1","gte","[2]"
"route_af6365e19611306400c13a73","route_af6365e19611306400c13a73.clause.1","1","occ_bed74736cc68a3acdecce7d2","equals","[1]"
"route_af7a88cd5a551c0b39f50ece","route_af7a88cd5a551c0b39f50ece.clause.1","1","occ_fe6e3c912f93836ceacd06c2","in","[2,3]"
"route_afa14713e924ed1598476a5c","route_afa14713e924ed1598476a5c.clause.1","1","occ_bcafad313a770cd0298ced41","in","[2,3,4]"
"route_b01b80a81d35c0b6c603b733","route_b01b80a81d35c0b6c603b733.clause.1","1","occ_8bbfeceb998601890c484572","equals","[1]"
"route_b02f0ac8e23139cd5ced92b2","route_b02f0ac8e23139cd5ced92b2.clause.1","1","occ_55e00f61098045fbdaefa7e7","selected_any","[]"
"route_b030f4353df5cdf2adacb529","route_b030f4353df5cdf2adacb529.clause.1","1","occ_229f40f39f4423cfbf265495","equals","[1]"
"route_b038d220fdef15930ff8fef7","route_b038d220fdef15930ff8fef7.clause.1","1","occ_1ce1e00deab45d93788b6186","selected_any","[]"
"route_b0a3e24bb89fbaa4bbc0cf17","route_b0a3e24bb89fbaa4bbc0cf17.clause.1","1","occ_3fe712046826c8d34599fe21","equals","[2]"
"route_b0cffec711f8ea691bb24571","route_b0cffec711f8ea691bb24571.clause.1","1","occ_e28db890f25fc67b481d6efc","equals","[3]"
"route_b0d5ea4eedefe36ae45b98dd","route_b0d5ea4eedefe36ae45b98dd.clause.1","1","occ_b9aef4d56cc9d3d65613f275","equals","[1]"
"route_b0db4ca319afffb8c448f7bd","route_b0db4ca319afffb8c448f7bd.clause.1","1","occ_79717f753542e18fdf359e79","equals","[1]"
"route_b0e8c5c4911632f12f870dc2","route_b0e8c5c4911632f12f870dc2.clause.1","1","occ_b9aef4d56cc9d3d65613f275","equals","[1]"
"route_b1012e6c16d75d49f9bd2111","route_b1012e6c16d75d49f9bd2111.clause.1","1","occ_c4b253d706e263fc1df70447","in","[1,2,3]"
"route_b17778815f34b9622d6bca28","route_b17778815f34b9622d6bca28.clause.1","1","occ_3377c763582a541b0b15b314","equals","[1]"
"route_b1970268960c577d502a6c5c","route_b1970268960c577d502a6c5c.clause.1","1","occ_79717f753542e18fdf359e79","equals","[2]"
"route_b19e455bba5135f1a51562e8","route_b19e455bba5135f1a51562e8.clause.1","1","occ_0f42570c96155120ceedbd2a","in","[1,2]"
"route_b1de3dc2e3ffc5ef747c173c","route_b1de3dc2e3ffc5ef747c173c.clause.1","1","occ_db9d0dd77c24d7b8dd41d763","equals","[1]"
"route_b2038d51522ca2c41864daa4","route_b2038d51522ca2c41864daa4.clause.1","1","occ_f2f469ccb9b731f9eb5f9d84","equals","[1]"
"route_b2ab9cc3e4560ba471718e92","route_b2ab9cc3e4560ba471718e92.clause.1","1","occ_0e19fc6f4924a83628c7501f","equals","[1]"
"route_b2b66189ac21c857fea93d1f","route_b2b66189ac21c857fea93d1f.clause.1","1","occ_36ac79de0f86eff352a9fb62","in","[1,2]"
"route_b2b809aacd6c6690450ccaad","route_b2b809aacd6c6690450ccaad.clause.1","1","occ_2e8aafa15b30ce909817cfcc","in","[1,2,3]"
"route_b2cfb467b00e7dba1554fe16","route_b2cfb467b00e7dba1554fe16.clause.1","1","occ_0069710f15582e5c876ca4c5","selected_any","[]"
"route_b33b91d472dbdc9ce603a8ea","route_b33b91d472dbdc9ce603a8ea.clause.1","1","occ_2727a734546cc5b2f24bf85b","gte","[1]"
"route_b359acd8e07d6a53f882745d","route_b359acd8e07d6a53f882745d.clause.1","1","occ_5eabfcac123d41238ae85064","equals","[1]"
"route_b359acd8e07d6a53f882745d","route_b359acd8e07d6a53f882745d.clause_1","1","occ_5eabfcac123d41238ae85064","equals","[1]"
"route_b37be812fe73c196568cb4e9","route_b37be812fe73c196568cb4e9.clause.1","1","occ_01718fbe8ea2f400cf1854ca","selected_any","[]"
"route_b37be812fe73c196568cb4e9","route_b37be812fe73c196568cb4e9.clause.2","1","occ_92f1addda1c4cf27110601a0","selected_any","[]"
"route_b37be812fe73c196568cb4e9","route_b37be812fe73c196568cb4e9.clause.3","1","occ_6fa5d91a05694198caa4625f","selected_any","[]"
"route_b37f13bd45ca2e19aca8a8dc","route_b37f13bd45ca2e19aca8a8dc.clause.1","1","occ_8ad850dee030969ef968319b","in","[1,2]"
"route_b3baa8520d4bb7942d50b9d6","route_b3baa8520d4bb7942d50b9d6.clause.1","1","occ_724291da9b610c096866b89b","equals","[1]"
"route_b3c92f6253ed3459aef9f7a3","route_b3c92f6253ed3459aef9f7a3.clause.1","1","occ_5be1edec205e187ab5b07fc7","selected_any","[]"
"route_b3c92f6253ed3459aef9f7a3","route_b3c92f6253ed3459aef9f7a3.clause.2","1","occ_6fe5c47f9a890e79676f06d5","selected_any","[]"
"route_b3c92f6253ed3459aef9f7a3","route_b3c92f6253ed3459aef9f7a3.clause.3","1","occ_b112a34b0ced7f363e589e8d","selected_any","[]"
"route_b3c92f6253ed3459aef9f7a3","route_b3c92f6253ed3459aef9f7a3.clause.4","1","occ_e88941478f4e6bf25595641e","selected_any","[]"
"route_b3edeab048c04d78a9713591","route_b3edeab048c04d78a9713591.clause_1","1","occ_b2c931b05aa0db5ec77770eb","selected_any","[]"
"route_b3edeab048c04d78a9713591","route_b3edeab048c04d78a9713591.clause_2","1","occ_33f56e4f0af68078755a46f6","selected_any","[]"
"route_b3edeab048c04d78a9713591","route_b3edeab048c04d78a9713591.clause_3","1","occ_219a9c8c72b710221d19f2ce","selected_any","[]"
"route_b3edeab048c04d78a9713591","route_b3edeab048c04d78a9713591.clause_4","1","occ_605b1de5dd60e6f5904aaf68","selected_any","[]"
"route_b3edeab048c04d78a9713591","route_b3edeab048c04d78a9713591.clause_5","1","occ_8d70c741a89d66ac9d16bbc2","selected_any","[]"
"route_b3edeab048c04d78a9713591","route_b3edeab048c04d78a9713591.clause_6","1","occ_47a9041470a177bf99bcbba1","selected_any","[]"
"route_b41bb1837b992151e80d5138","route_b41bb1837b992151e80d5138.clause.1","1","occ_58c126a8d0417353910ad0e4","equals","[1]"
"route_b42667085eceec868ddc22c2","route_b42667085eceec868ddc22c2.clause.1","1","occ_3f5965ad8ed8d7647cfae61b","gte","[1]"
"route_b43bf01f5067e0f4f26c9b56","route_b43bf01f5067e0f4f26c9b56.clause.1","1","occ_286f72f973bd2184e55b26b8","in","[4,5,6,7]"
"route_b4492ed55c5ad5c634a9fa42","route_b4492ed55c5ad5c634a9fa42.clause.1","1","occ_7563ae6e9e59f3649c855594","equals","[1]"
"route_b457b98b5d4c29602a3737e4","route_b457b98b5d4c29602a3737e4.clause.1","1","occ_0de414d4865a233b2760f8b5","equals","[1]"
"route_b46cf065c2b454ebf71c17a5","route_b46cf065c2b454ebf71c17a5.clause.1","1","occ_0c53a61d381332c1ded04bf0","equals","[2]"
"route_b47cf78ba0d8fc3e9cdba6a1","route_b47cf78ba0d8fc3e9cdba6a1.clause.1","1","occ_0e9017a04cf272fe038618e1","selected_any","[]"
"route_b485d936d3674efbb919fd94","route_b485d936d3674efbb919fd94.clause.1","1","occ_67a48f5be33e93cf2e066315","equals","[7]"
"route_b485d936d3674efbb919fd94","route_b485d936d3674efbb919fd94.clause_1","1","occ_67a48f5be33e93cf2e066315","equals","[7]"
"route_b491799deed4825a01800701","route_b491799deed4825a01800701.clause.1","1","occ_66d32a28db1a5d75cb603f16","in","[1,2]"
"route_b4981cde6aa9de396bf5d7f8","route_b4981cde6aa9de396bf5d7f8.clause.1","1","occ_164b6f89ae3499df50bb69e4","in","[2,3]"
"route_b4a287a0a155f08baab71998","route_b4a287a0a155f08baab71998.clause.1","1","occ_f4b889bca545cee9ed4fb0c2","selected_any","[]"
"route_b4c89a24e199b27c830e51b0","route_b4c89a24e199b27c830e51b0.clause.1","1","occ_78c6d25cd2e4b657aaed46f2","in","[1,2]"
"route_b4d7750f9b58d4278a0012d8","route_b4d7750f9b58d4278a0012d8.clause.1","1","occ_25c608689aa99746b19f2a17","in","[1,2,3]"
"route_b4d8a61c6689f64e9e469420","route_b4d8a61c6689f64e9e469420.clause_1","1","occ_b6bf331cbca94410a5736d27","selected_any","[]"
"route_b4d8a61c6689f64e9e469420","route_b4d8a61c6689f64e9e469420.clause_10","1","occ_b657eb31bfc31ea2e74a019a","selected_any","[]"
"route_b4d8a61c6689f64e9e469420","route_b4d8a61c6689f64e9e469420.clause_11","1","occ_b1e4ce87ad2c2d54e6a53198","selected_any","[]"
"route_b4d8a61c6689f64e9e469420","route_b4d8a61c6689f64e9e469420.clause_12","1","occ_6764edc97b86f5afa7257040","selected_any","[]"
"route_b4d8a61c6689f64e9e469420","route_b4d8a61c6689f64e9e469420.clause_13","1","occ_c15ce2ec627163d85186b1d2","selected_any","[]"
"route_b4d8a61c6689f64e9e469420","route_b4d8a61c6689f64e9e469420.clause_14","1","occ_c8d1b4097a399907303c3dfd","selected_any","[]"
"route_b4d8a61c6689f64e9e469420","route_b4d8a61c6689f64e9e469420.clause_15","1","occ_373b0f7d7a204ef6f0be91f1","selected_any","[]"
"route_b4d8a61c6689f64e9e469420","route_b4d8a61c6689f64e9e469420.clause_16","1","occ_1ad37197d65b360ac3187e15","selected_any","[]"
"route_b4d8a61c6689f64e9e469420","route_b4d8a61c6689f64e9e469420.clause_17","1","occ_8c7890861f823f0c9713d6d4","selected_any","[]"
"route_b4d8a61c6689f64e9e469420","route_b4d8a61c6689f64e9e469420.clause_18","1","occ_7b49d3f8b4daa8727f5bc7f6","selected_any","[]"
"route_b4d8a61c6689f64e9e469420","route_b4d8a61c6689f64e9e469420.clause_19","1","occ_b925bf0fa82b624df124256a","selected_any","[]"
"route_b4d8a61c6689f64e9e469420","route_b4d8a61c6689f64e9e469420.clause_2","1","occ_ef68d7627d714e69ddc745b5","selected_any","[]"
"route_b4d8a61c6689f64e9e469420","route_b4d8a61c6689f64e9e469420.clause_20","1","occ_b93f71040ca8427431781531","selected_any","[]"
"route_b4d8a61c6689f64e9e469420","route_b4d8a61c6689f64e9e469420.clause_21","1","occ_cb34e3e3219fd50a2e6d0dab","selected_any","[]"
"route_b4d8a61c6689f64e9e469420","route_b4d8a61c6689f64e9e469420.clause_22","1","occ_3797ea28903d1c376dbbd998","selected_any","[]"
"route_b4d8a61c6689f64e9e469420","route_b4d8a61c6689f64e9e469420.clause_23","1","occ_16849c160ba959853f2517ea","selected_any","[]"
"route_b4d8a61c6689f64e9e469420","route_b4d8a61c6689f64e9e469420.clause_24","1","occ_efd0479e176181c090e0797e","selected_any","[]"
"route_b4d8a61c6689f64e9e469420","route_b4d8a61c6689f64e9e469420.clause_25","1","occ_bbb0bb95e90be31e93a094ab","selected_any","[]"
"route_b4d8a61c6689f64e9e469420","route_b4d8a61c6689f64e9e469420.clause_26","1","occ_9bffbf49571847330ddd88fb","selected_any","[]"
"route_b4d8a61c6689f64e9e469420","route_b4d8a61c6689f64e9e469420.clause_27","1","occ_97567086049a9ad22b84bd3e","selected_any","[]"
"route_b4d8a61c6689f64e9e469420","route_b4d8a61c6689f64e9e469420.clause_28","1","occ_edfad3a55b4219ad1b54280f","selected_any","[]"
"route_b4d8a61c6689f64e9e469420","route_b4d8a61c6689f64e9e469420.clause_29","1","occ_9410a9fd6959fa2c028cdaa1","selected_any","[]"
"route_b4d8a61c6689f64e9e469420","route_b4d8a61c6689f64e9e469420.clause_3","1","occ_c7e91d15282fc4b2d1b00b98","selected_any","[]"
"route_b4d8a61c6689f64e9e469420","route_b4d8a61c6689f64e9e469420.clause_30","1","occ_7861af2b3444f74211d203ce","selected_any","[]"
"route_b4d8a61c6689f64e9e469420","route_b4d8a61c6689f64e9e469420.clause_31","1","occ_0db44d617eab6da8a9654835","selected_any","[]"
"route_b4d8a61c6689f64e9e469420","route_b4d8a61c6689f64e9e469420.clause_32","1","occ_0d305e2821e0bac6ac4d6771","selected_any","[]"
"route_b4d8a61c6689f64e9e469420","route_b4d8a61c6689f64e9e469420.clause_4","1","occ_3b0ee9aceb9f9b87f9141eec","selected_any","[]"
"route_b4d8a61c6689f64e9e469420","route_b4d8a61c6689f64e9e469420.clause_5","1","occ_6ec78a0b38f899a95a5f2104","selected_any","[]"
"route_b4d8a61c6689f64e9e469420","route_b4d8a61c6689f64e9e469420.clause_6","1","occ_4e1880abb102a777d9e8a779","selected_any","[]"
"route_b4d8a61c6689f64e9e469420","route_b4d8a61c6689f64e9e469420.clause_7","1","occ_e634795b0c86ccacc705f402","selected_any","[]"
"route_b4d8a61c6689f64e9e469420","route_b4d8a61c6689f64e9e469420.clause_8","1","occ_55d6c55361bd62f3cdb5cb2a","selected_any","[]"
"route_b4d8a61c6689f64e9e469420","route_b4d8a61c6689f64e9e469420.clause_9","1","occ_f298d5f8fbfbe02cc230c9e0","selected_any","[]"
"route_b56d8b21336c01b4b20ed619","route_b56d8b21336c01b4b20ed619.clause.1","1","occ_55536810305b38a68de7ed76","selected_any","[]"
"route_b5706f485348506e7f627c49","route_b5706f485348506e7f627c49.clause.1","1","occ_842b23ebbe2aabc4faa17a1f","selected_any","[]"
"route_b5706f485348506e7f627c49","route_b5706f485348506e7f627c49.clause.2","1","occ_45623b899f857cc35c66ad0f","selected_any","[]"
"route_b5706f485348506e7f627c49","route_b5706f485348506e7f627c49.clause.3","1","occ_e32ad522db403c29648da6e7","selected_any","[]"
"route_b5706f485348506e7f627c49","route_b5706f485348506e7f627c49.clause.4","1","occ_b9959abd0b4270357ed28273","selected_any","[]"
"route_b570a40eb7c552160bfa2c9a","route_b570a40eb7c552160bfa2c9a.clause_1","1","occ_3f83f4ecda304e0cd16f4dc4","not_in","[1]"
"route_b578974111313f2cd5c49231","route_b578974111313f2cd5c49231.clause.1","1","occ_6c21c97879dc26e0457bf13a","in","[1,2,3]"
"route_b584beb2cb479d2e7f9dc752","route_b584beb2cb479d2e7f9dc752.clause.1","1","occ_de79998f6518df2448d43ac3","in","[1,2,3]"
"route_b5c00a1309f721c4449b5e7f","route_b5c00a1309f721c4449b5e7f.clause.1","1","occ_c618750d61fdab9a75aaa9cc","in","[1,2]"
"route_b5d6e0ae2c14bacfa748d5c5","route_b5d6e0ae2c14bacfa748d5c5.clause.1","1","occ_fae366df1b3c3e6089d86e70","in","[2,3]"
"route_b5dda10db8ce493c666ba0d5","route_b5dda10db8ce493c666ba0d5.clause.1","1","occ_f43c36d98b03ba54a9d7ba46","gte","[1]"
"route_b5e6df208e335a0fba6e7230","route_b5e6df208e335a0fba6e7230.clause.1","1","occ_5ad215c489302481cb8ad738","equals","[1]"
"route_b6294823a6d480f09e1f64ea","route_b6294823a6d480f09e1f64ea.clause.1","1","occ_cbf49a5ecefb991f5847e03a","in","[1,2,3]"
"route_b6294823a6d480f09e1f64ea","route_b6294823a6d480f09e1f64ea.clause_1","1","occ_cbf49a5ecefb991f5847e03a","in","[1,2,3]"
"route_b6792a5d0ddf62aebb342f17","route_b6792a5d0ddf62aebb342f17.clause.1","1","occ_bb0514264ecfd771d157b191","equals","[1]"
"route_b67da01b92679710a206734b","route_b67da01b92679710a206734b.clause.1","1","occ_04f3bc798078034dbedf8ec8","equals","[2]"
"route_b67e10eca57980a7c82d7975","route_b67e10eca57980a7c82d7975.clause.1","1","occ_f1e168c4a4fdf279b2341692","gte","[1]"
"route_b7086e822dbe0d5e39b755c7","route_b7086e822dbe0d5e39b755c7.clause.1","1","occ_c203dbdff5936ebe69c5c5c7","equals","[1]"
"route_b72df9a802e7ca2f04e3d5b2","route_b72df9a802e7ca2f04e3d5b2.clause.1","1","occ_8348e5a96ff22f163e73f496","equals","[1]"
"route_b73218fb9528119b3339ee3f","route_b73218fb9528119b3339ee3f.clause.1","1","occ_09453e28c90b8f45c50d5da9","in","[1,4]"
"route_b7886708f74b14f7ce728ae7","route_b7886708f74b14f7ce728ae7.clause.1","1","occ_4a48296b633ac074df949ef3","in","[1,2,3]"
"route_b791f60253f19b0c46847f05","route_b791f60253f19b0c46847f05.clause.1","1","occ_d001558851b060dcd3b4a0e2","equals","[1]"
"route_b7b4e43ac19cd293f1c0a631","route_b7b4e43ac19cd293f1c0a631.clause.1","1","occ_3f83f4ecda304e0cd16f4dc4","not_in","[1]"
"route_b7b4e43ac19cd293f1c0a631","route_b7b4e43ac19cd293f1c0a631.clause_1","1","occ_3f83f4ecda304e0cd16f4dc4","not_in","[1]"
"route_b7bf398541953751c9cccbf9","route_b7bf398541953751c9cccbf9.clause_1","1","occ_8ebf2c8a2eab39e0298ac4fc","gte","[2]"
"route_b7deb93b7ff5f87f048a79ef","route_b7deb93b7ff5f87f048a79ef.clause.1","1","occ_70eb0ca307e245a7872196f8","equals","[1]"
"route_b848b215ed3ec27e1497f499","route_b848b215ed3ec27e1497f499.clause.1","1","occ_1125d557cb592279d4f1256d","in","[1,2,3]"
"route_b87ba10ca30fbe1eb960984b","route_b87ba10ca30fbe1eb960984b.clause.1","1","occ_e1ceaca203e7018d83860d45","equals","[1]"
"route_b8985c26cfb08e66d0d4f4b9","route_b8985c26cfb08e66d0d4f4b9.clause.1","1","occ_3eefa467ac181eceaff44525","selected_any","[]"
"route_b8e32230ab4db26faa5ef241","route_b8e32230ab4db26faa5ef241.clause.1","1","occ_8cb2d8170de997520d81aa20","in","[1,2,3]"
"route_b91cc1e6a48de73abfd16bb5","route_b91cc1e6a48de73abfd16bb5.clause.1","1","occ_7696184bbb7420adf17ec974","equals","[1]"
"route_b91cc1e6a48de73abfd16bb5","route_b91cc1e6a48de73abfd16bb5.clause_1","1","occ_7696184bbb7420adf17ec974","equals","[1]"
"route_b94886a8cb0fb0014c3af5a8","route_b94886a8cb0fb0014c3af5a8.clause.1","1","occ_d6a81e674e543b9b6ec72883","equals","[2]"
"route_b94dd412306475f15deba1eb","route_b94dd412306475f15deba1eb.clause.1","1","occ_ff3678a31aa17ae897833f1d","selected_any","[]"
"route_b96a13a4762103bc20cf14f6","route_b96a13a4762103bc20cf14f6.clause.1","1","occ_dbb135c1dd9cd57a7bee7f9e","equals","[1]"
"route_b974a41e0a43f5083aedd3ea","route_b974a41e0a43f5083aedd3ea.clause.1","1","occ_e4d78f07461e1c8c0a3dd228","selected_any","[]"
"route_b9758400652dc2f167926f4a","route_b9758400652dc2f167926f4a.clause.1","1","occ_24c0d59716d46dc50c593ed1","equals","[1]"
"route_b9b375d86669df4e8bb11c5e","route_b9b375d86669df4e8bb11c5e.clause.1","1","occ_bd204c9b84717e29d201e838","not_in","[1]"
"route_b9b375d86669df4e8bb11c5e","route_b9b375d86669df4e8bb11c5e.clause_1","1","occ_bd204c9b84717e29d201e838","not_in","[1]"
"route_b9bf3eb57cac9a29e982ca76","route_b9bf3eb57cac9a29e982ca76.clause.1","1","occ_d83e1ac976d1288f74a2a419","in","[0,1,2,3,4]"
"route_b9bf3eb57cac9a29e982ca76","route_b9bf3eb57cac9a29e982ca76.clause_1","1","occ_d83e1ac976d1288f74a2a419","in","[0,1,2,3,4]"
"route_b9c9d5826bc7a03770b029ec","route_b9c9d5826bc7a03770b029ec.clause.1","1","occ_23e4a509d565a8f927289d91","equals","[1]"
"route_b9d2ab8242beb332c338af52","route_b9d2ab8242beb332c338af52.clause.1","1","occ_64155a3dfaeda24301ed822e","gte","[1]"
"route_b9ec3e382d7659be73ac19c5","route_b9ec3e382d7659be73ac19c5.clause_1","1","occ_c06ee1198e72893865921b4b","equals","[2]"
"route_ba071997c122b30f9cff61cd","route_ba071997c122b30f9cff61cd.clause.1","1","occ_47fad865e98da79af159d87c","in","[2,3]"
"route_ba0dcb80ecd9e5104a04219b","route_ba0dcb80ecd9e5104a04219b.clause.1","1","occ_9d1ad836ec54cc8df2cf8ad7","gte","[2]"
"route_ba2503253b3349a1995385da","route_ba2503253b3349a1995385da.clause.1","1","occ_8fbfbe23d7f8fb2514185387","equals","[1]"
"route_ba4465d262ce93c8882a4769","route_ba4465d262ce93c8882a4769.clause.1","1","occ_9b96b63b98937175b1b78fe0","equals","[1]"
"route_ba86e813968a0f0d777960ef","route_ba86e813968a0f0d777960ef.clause.1","1","occ_1006a726b8d339421e1643eb","equals","[1]"
"route_ba94fb424628c924c685ef7f","route_ba94fb424628c924c685ef7f.clause_1","1","occ_0d8b82fbfe7d16f56ad39f1f","gte","[2]"
"route_baa0131efa9c07628c4ea615","route_baa0131efa9c07628c4ea615.clause.1","1","occ_e6dbfc472c73c7b858d70e53","selected_any","[]"
"route_baa0131efa9c07628c4ea615","route_baa0131efa9c07628c4ea615.clause.2","1","occ_ef1b659064f954c0f295a486","selected_any","[]"
"route_baa0131efa9c07628c4ea615","route_baa0131efa9c07628c4ea615.clause.3","1","occ_fb942f692b8cfc003e0d2762","selected_any","[]"
"route_baa0131efa9c07628c4ea615","route_baa0131efa9c07628c4ea615.clause.4","1","occ_d00707dd75e424e5bcc967cd","selected_any","[]"
"route_bacbab61c797f5928e789bd7","route_bacbab61c797f5928e789bd7.clause.1","1","occ_105817adcb8d6ab4198f2fac","equals","[2]"
"route_bb1822bd55f9c312252be0a9","route_bb1822bd55f9c312252be0a9.clause.1","1","occ_5973a9809129197b9e7f68da","selected_any","[]"
"route_bb1a5615794a7bb3698a4af5","route_bb1a5615794a7bb3698a4af5.clause.1","1","occ_5b8ffb79ad8ad1c60a0c015e","equals","[1]"
"route_bb1a5615794a7bb3698a4af5","route_bb1a5615794a7bb3698a4af5.clause_1","1","occ_5b8ffb79ad8ad1c60a0c015e","equals","[1]"
"route_bb54965ac7c297c60097408d","route_bb54965ac7c297c60097408d.clause.1","1","occ_3b079805f1744cf781402e63","equals","[1]"
"route_bb8a38a78770e817d533734b","route_bb8a38a78770e817d533734b.clause.1","1","occ_43332b45f2163a758f0b1a07","selected_any","[]"
"route_bbbc93cdc919fa9dc5d1d88d","route_bbbc93cdc919fa9dc5d1d88d.clause.1","1","occ_ca38621f72daf9742504b427","equals","[1]"
"route_bbf3bfc55cbbe1824902941c","route_bbf3bfc55cbbe1824902941c.clause.1","1","occ_9ac50bfb390c5bc8b9ac24c2","gte","[1]"
"route_bbfd67fa85407e50de005f1c","route_bbfd67fa85407e50de005f1c.clause.1","1","occ_fae366df1b3c3e6089d86e70","equals","[1]"
"route_bc0f5128d4b8222200e2bfb3","route_bc0f5128d4b8222200e2bfb3.clause.1","1","occ_a77603b79e34094c9e1707d5","selected_any","[]"
"route_bc0f5128d4b8222200e2bfb3","route_bc0f5128d4b8222200e2bfb3.clause.2","1","occ_48bb62dc99ee6f4b5f26c3e9","selected_any","[]"
"route_bc0f5128d4b8222200e2bfb3","route_bc0f5128d4b8222200e2bfb3.clause.3","1","occ_cdadcb8303e5791842254365","selected_any","[]"
"route_bc47a0d95ba2b2e03c7abbbc","route_bc47a0d95ba2b2e03c7abbbc.clause.1","1","occ_6568212de4d89a61ec56c130","equals","[2]"
"route_bc6d66c59d3bea26dfc96b18","route_bc6d66c59d3bea26dfc96b18.clause.1","1","occ_fa219e7615c91e4fe425f73a","in","[1,2]"
"route_bc6fbba85708709570518909","route_bc6fbba85708709570518909.clause.1","1","occ_c759b9769736aae8f24652b8","in","[1,2,3]"
"route_bca33d6995662adae88dd014","route_bca33d6995662adae88dd014.clause.1","1","occ_da521fede5f709b651972151","in","[11,12]"
"route_bcadc3e12f69932c97c6348a","route_bcadc3e12f69932c97c6348a.clause_1","1","occ_d15a0b9755e707722446f0c3","equals","[1]"
"route_bcbe22968ed5a4e676a01802","route_bcbe22968ed5a4e676a01802.clause.1","1","occ_ded1a7297d93c0c4781173e1","selected_any","[]"
"route_bcd672ac8359664660442e10","route_bcd672ac8359664660442e10.clause.1","1","occ_7d22157368a83599bc1fe08e","selected_any","[]"
"route_bcd8ca2ec85a27bdf67f5d76","route_bcd8ca2ec85a27bdf67f5d76.clause.1","1","occ_14ed516972e63f7879f8a706","selected_any","[]"
"route_bd1d92b97be3010cc9de2919","route_bd1d92b97be3010cc9de2919.clause.1","1","occ_ce358743cad86c4350510db3","in","[1,2,3]"
"route_bd30aa7a4db5761245287b96","route_bd30aa7a4db5761245287b96.clause.1","1","occ_b1783fa946ecbb7b25ab78ef","equals","[1]"
"route_bd43ff37656617bd0e55ba16","route_bd43ff37656617bd0e55ba16.clause.1","1","occ_4ab0c60cdeb59978bfdb3acf","selected_any","[]"
"route_bd6ff0305161e0d094e5af8c","route_bd6ff0305161e0d094e5af8c.clause.1","1","occ_60d1ab897810a2865c8148e6","in","[0,1,2,3,4,5]"
"route_bd6ff0305161e0d094e5af8c","route_bd6ff0305161e0d094e5af8c.clause_1","1","occ_60d1ab897810a2865c8148e6","in","[0,1,2,3,4,5]"
"route_bd73fb72103654f30e560a3d","route_bd73fb72103654f30e560a3d.clause.1","1","occ_603080bc4c253f3aef6d9688","selected_any","[]"
"route_bd98c7a3f42ae3d378fd1cb7","route_bd98c7a3f42ae3d378fd1cb7.clause.1","1","occ_f9613c2c91977cfbdd9fafa0","equals","[1]"
"route_bdd17a489bcf9609a3b5cdbc","route_bdd17a489bcf9609a3b5cdbc.clause.1","1","occ_e938437db0935fd414cc55c7","equals","[2]"
"route_bde8fd41c1a96d7108fbf20d","route_bde8fd41c1a96d7108fbf20d.clause.1","1","occ_256dd6f8f6b1c70c94ff48da","equals","[1]"
"route_be101df3a2562580223fcaf3","route_be101df3a2562580223fcaf3.clause.1","1","occ_7eba9d45aca378e9889e319b","in","[1,2]"
"route_be5c8b687fb215f52b9cda28","route_be5c8b687fb215f52b9cda28.clause.1","1","occ_7323947fb142a666575c1c3c","equals","[2]"
"route_be77222216537296e14c0e2c","route_be77222216537296e14c0e2c.clause.1","1","occ_67074863226c8310b61d13d6","gte","[2]"
"route_be7846acc649cec6ecb27633","route_be7846acc649cec6ecb27633.clause.1","1","occ_ce3457a1ccf814420c086e24","equals","[2]"
"route_be939ae3de47d748b11ae335","route_be939ae3de47d748b11ae335.clause.1","1","occ_8d45905bb3750af11f28b206","equals","[1]"
"route_be9550ff8fab97f5a5de8538","route_be9550ff8fab97f5a5de8538.clause.1","1","occ_c618750d61fdab9a75aaa9cc","in","[1,2]"
"route_beb7aab000bcd06f09e1bd76","route_beb7aab000bcd06f09e1bd76.clause.1","1","occ_f4b889bca545cee9ed4fb0c2","selected_any","[]"
"route_bedd2d21415fd54da36de80a","route_bedd2d21415fd54da36de80a.clause.1","1","occ_cf3b0d3055128afe2f41a425","equals","[1]"
"route_bef8a69e2f96a4ed872003dd","route_bef8a69e2f96a4ed872003dd.clause.1","1","occ_a0891cd73258435d0ab62ae7","in","[1,2,3]"
"route_befc55c5e20f6e3baa6428db","route_befc55c5e20f6e3baa6428db.clause.1","1","occ_ea7f075c4c8189227604e39e","not_in","[1]"
"route_befc55c5e20f6e3baa6428db","route_befc55c5e20f6e3baa6428db.clause_1","1","occ_ea7f075c4c8189227604e39e","not_in","[1]"
"route_befe600dfaca9450b57f22aa","route_befe600dfaca9450b57f22aa.clause.1","1","occ_cd9467c1dacfa9754fb1aa6d","in","[2,3]"
"route_bf085f92b622cb7ce8a8c202","route_bf085f92b622cb7ce8a8c202.clause.1","1","occ_7b03a41f678a7b1ceda11437","equals","[1]"
"route_bf0909ada7d600e07156ed5b","route_bf0909ada7d600e07156ed5b.clause.1","1","occ_9d1ea8d2ffe2c65cc9e8ca8d","equals","[1]"
"route_bf2a6f1dc0af57a841dc71f9","route_bf2a6f1dc0af57a841dc71f9.clause.1","1","occ_c5ee2edc718849d5d7c91865","equals","[2]"
"route_bf813ff3ef6b3d7a4b2ded63","route_bf813ff3ef6b3d7a4b2ded63.clause_1","1","occ_c81fc119e1f24960be598708","equals","[2]"
"route_bf813ff3ef6b3d7a4b2ded63","route_bf813ff3ef6b3d7a4b2ded63.clause_1","2","occ_eccf0a8f301d7a698c8b3ae0","in","[2,3,4]"
"route_bf819467e572425bacf1032c","route_bf819467e572425bacf1032c.clause_1","1","occ_ae13416da0c85a494b496841","equals","[2]"
"route_bfb6b2195ed07081ce96a2fd","route_bfb6b2195ed07081ce96a2fd.clause.1","1","occ_53c7c24a4ea26d4d26a8d55a","in","[2,3]"
"route_bfde0edde24ec8a578fba2dc","route_bfde0edde24ec8a578fba2dc.clause.1","1","occ_271840d0b958220079fb4730","equals","[1]"
"route_bfde0edde24ec8a578fba2dc","route_bfde0edde24ec8a578fba2dc.clause_1","1","occ_271840d0b958220079fb4730","equals","[1]"
"route_bfe289cd0ea79eca37b5b014","route_bfe289cd0ea79eca37b5b014.clause.1","1","occ_c4b253d706e263fc1df70447","equals","[7]"
"route_bfe7dd27b35e3bf20c5486fd","route_bfe7dd27b35e3bf20c5486fd.clause.1","1","occ_2e8aafa15b30ce909817cfcc","in","[1,2,3]"
"route_c00f46412245d6f12ad01cd2","route_c00f46412245d6f12ad01cd2.clause.1","1","occ_21b88fb8c6aa931751d9aeb2","equals","[1]"
"route_c0748df16c54e4dd394216c9","route_c0748df16c54e4dd394216c9.clause.1","1","occ_3fec07886f43b292169ce91f","equals","[2]"
"route_c0870d7281f209879e73039d","route_c0870d7281f209879e73039d.clause.1","1","occ_0ffc5b8c14f2f3ab3e55e220","in","[1,2,3]"
"route_c092eebb461450f111cc2b88","route_c092eebb461450f111cc2b88.clause.1","1","occ_be33753f63a197f7715f3aeb","selected_any","[]"
"route_c092eebb461450f111cc2b88","route_c092eebb461450f111cc2b88.clause.2","1","occ_a416d840d8e0759f67841775","selected_any","[]"
"route_c092eebb461450f111cc2b88","route_c092eebb461450f111cc2b88.clause.3","1","occ_4379d362f0b044ab48906ccc","selected_any","[]"
"route_c092eebb461450f111cc2b88","route_c092eebb461450f111cc2b88.clause.4","1","occ_8d0522ca81cb131373799ee4","selected_any","[]"
"route_c0d32743cb43608dda386494","route_c0d32743cb43608dda386494.clause.1","1","occ_005c46bc28a67efd8d0cd834","selected_any","[]"
"route_c139dc7c55ece0b3ec929592","route_c139dc7c55ece0b3ec929592.clause.1","1","occ_17ae143596ec7036f0a1e52a","gte","[1]"
"route_c13fcd6ec22c9135d31c6ff1","route_c13fcd6ec22c9135d31c6ff1.clause.1","1","occ_a14c22260188bda229747d18","in","[1,2]"
"route_c16df11aefd1df53a1b9afe6","route_c16df11aefd1df53a1b9afe6.clause.1","1","occ_e71b8cadc340617e0bbe416b","selected_any","[]"
"route_c18407fcb0ca959316462cde","route_c18407fcb0ca959316462cde.clause_1","1","occ_2e8732c531675e5fa4155b16","not_in","[1]"
"route_c1b1aa855a0f30eb89dd4e7f","route_c1b1aa855a0f30eb89dd4e7f.clause.1","1","occ_1f8b7c06ce8dbb56e7c11e07","equals","[1]"
"route_c1cf6c93335ccdca5871e786","route_c1cf6c93335ccdca5871e786.clause.1","1","occ_79717f753542e18fdf359e79","equals","[2]"
"route_c1f025f92d94fb96b3dad9e9","route_c1f025f92d94fb96b3dad9e9.clause.1","1","occ_f761ef182b87298ad39a1abc","in","[11,12]"
"route_c1f508bb2e0c11f03c85be55","route_c1f508bb2e0c11f03c85be55.clause.1","1","occ_dcca8b33d4dae48747451e9d","equals","[1]"
"route_c1f94868e5a674f4a10770a1","route_c1f94868e5a674f4a10770a1.clause.1","1","occ_95543d9f0e71c6eadcd086a7","equals","[2]"
"route_c203d35805e76bbe5fd433fc","route_c203d35805e76bbe5fd433fc.clause.1","1","occ_c203dbdff5936ebe69c5c5c7","equals","[2]"
"route_c217d2df65243842d34ea932","route_c217d2df65243842d34ea932.clause.1","1","occ_ddd03115ab117e9910c3b6c2","equals","[1]"
"route_c217e2025f6145a9ca0c40dc","route_c217e2025f6145a9ca0c40dc.clause.1","1","occ_5e5087e4fd98a688584c8139","equals","[2]"
"route_c217e2025f6145a9ca0c40dc","route_c217e2025f6145a9ca0c40dc.clause_1","1","occ_5e5087e4fd98a688584c8139","equals","[2]"
"route_c21ac5ae485eb68b99a268ea","route_c21ac5ae485eb68b99a268ea.clause.1","1","occ_256dd6f8f6b1c70c94ff48da","in","[1,4]"
"route_c230240b02efc301343e90f4","route_c230240b02efc301343e90f4.clause.1","1","occ_f4b600f5a8806aeb4038872a","equals","[1]"
"route_c2409df8131d9ecf8b67efa3","route_c2409df8131d9ecf8b67efa3.clause.1","1","occ_580c7bd6ae1336094afcb7b9","selected_any","[]"
"route_c280d1a19795ca43487c4b1a","route_c280d1a19795ca43487c4b1a.clause.1","1","occ_66d32a28db1a5d75cb603f16","in","[1,2]"
"route_c28a58e0902063c708bd8eff","route_c28a58e0902063c708bd8eff.clause.1","1","occ_98aa3a5325c69b3177cdc7bf","equals","[1]"
"route_c2a14249ac605848d51523c6","route_c2a14249ac605848d51523c6.clause.1","1","occ_bc1534d91431924d181f1172","equals","[1]"
"route_c2f1f2e5dbf86521f2f0d3ff","route_c2f1f2e5dbf86521f2f0d3ff.clause.1","1","occ_ef9037871ead9558c98b6f26","equals","[1]"
"route_c315b6ac2918ae2e672600af","route_c315b6ac2918ae2e672600af.clause.1","1","occ_886a8ace368bf9dd6eaa8ea1","selected_any","[]"
"route_c31fd04d6ed0a4cc652e60f9","route_c31fd04d6ed0a4cc652e60f9.clause.1","1","occ_1ff688ddaa71d0c9fedd0a13","equals","[1]"
"route_c354ef7d9fdbd4fd1ba38a3d","route_c354ef7d9fdbd4fd1ba38a3d.clause.1","1","occ_024e4803eadb5b4eafad1383","equals","[1]"
"route_c38bfa7675ad22048b555b3e","route_c38bfa7675ad22048b555b3e.clause.1","1","occ_27668af59c9e929ed4fa20ed","selected_any","[]"
"route_c38bfa7675ad22048b555b3e","route_c38bfa7675ad22048b555b3e.clause.2","1","occ_8425e7f2282f6116a63d7c59","selected_any","[]"
"route_c38bfa7675ad22048b555b3e","route_c38bfa7675ad22048b555b3e.clause.3","1","occ_af71f59f57fbc8d5172411b5","selected_any","[]"
"route_c3a0c30c1fb5d009cff9ccc0","route_c3a0c30c1fb5d009cff9ccc0.clause.1","1","occ_3875de692d8fd87816db8fae","selected_any","[]"
"route_c41b2b99e0fdfff1b7b4b5dc","route_c41b2b99e0fdfff1b7b4b5dc.clause.1","1","occ_21b88fb8c6aa931751d9aeb2","in","[1,2]"
"route_c434e83ff15ada9c5893d946","route_c434e83ff15ada9c5893d946.clause.1","1","occ_efff5faecd6c9bb36d88f799","in","[1,2,3]"
"route_c49b2b6826445ddc9502c976","route_c49b2b6826445ddc9502c976.clause_1","1","occ_2e8732c531675e5fa4155b16","not_in","[1]"
"route_c4ab36c09a4596a2796381bf","route_c4ab36c09a4596a2796381bf.clause.1","1","occ_efff5faecd6c9bb36d88f799","in","[1,2,3]"
"route_c4acd469f7b00d42ef81a364","route_c4acd469f7b00d42ef81a364.clause.1","1","occ_feb11beab681a0d2d53dc198","equals","[1]"
"route_c4b816efc02ad48fa7779680","route_c4b816efc02ad48fa7779680.clause.1","1","occ_0db4c44e29051a05ab41b924","selected_any","[]"
"route_c4b816efc02ad48fa7779680","route_c4b816efc02ad48fa7779680.clause.2","1","occ_d1ceb28e6fad86ef436113bb","selected_any","[]"
"route_c4b816efc02ad48fa7779680","route_c4b816efc02ad48fa7779680.clause.3","1","occ_5cf515497d49a2636ef80918","selected_any","[]"
"route_c4b816efc02ad48fa7779680","route_c4b816efc02ad48fa7779680.clause.4","1","occ_9f3f284700579a7a56788108","selected_any","[]"
"route_c4d55ab01a4032eb90c2a6b9","route_c4d55ab01a4032eb90c2a6b9.clause.1","1","occ_3d63521a6dd0bc33a1536267","equals","[2]"
"route_c53c11e76849474f31414d05","route_c53c11e76849474f31414d05.clause.1","1","occ_c065d8a7cb236e383359be4c","in","[1,2,3]"
"route_c53f5e16a19fad298bdfba7f","route_c53f5e16a19fad298bdfba7f.clause.1","1","occ_1d0c23b025a6a65123005926","equals","[1]"
"route_c54947bfd273afe5ac5c3488","route_c54947bfd273afe5ac5c3488.clause.1","1","occ_637568efbcc61655d03d1174","in","[1,2]"
"route_c559d11d985180c2ecafdf36","route_c559d11d985180c2ecafdf36.clause.1","1","occ_b43103e16c30944979de28b3","equals","[2]"
"route_c574d649e2bcddd8385351d1","route_c574d649e2bcddd8385351d1.clause.1","1","occ_a7be3fb9f7d8c2338995f076","equals","[1]"
"route_c5de4192b39e1aa16efa4e72","route_c5de4192b39e1aa16efa4e72.clause.1","1","occ_a1c765301d658ba69adf771b","selected_any","[]"
"route_c604d0f7218d31becd846495","route_c604d0f7218d31becd846495.clause.1","1","occ_f9613c2c91977cfbdd9fafa0","equals","[1]"
"route_c60ca327b90d6fd8e3a09211","route_c60ca327b90d6fd8e3a09211.clause.1","1","occ_160e83b871797419ee08dfb9","in","[1,2]"
"route_c61273db4a40f6ba5eab7dcd","route_c61273db4a40f6ba5eab7dcd.clause.1","1","occ_98efd0b1f83515b8ac9a5545","equals","[1]"
"route_c644b43061ceccbd2646c15f","route_c644b43061ceccbd2646c15f.clause.1","1","occ_84f76d04015d3852c430cc7a","equals","[1]"
"route_c685ec420042a1d9cc1072cc","route_c685ec420042a1d9cc1072cc.clause.1","1","occ_82d0ffd195a8a860f8bdef29","in","[1,2]"
"route_c69314e9f73a610c8af9e9cc","route_c69314e9f73a610c8af9e9cc.clause.1","1","occ_4f441e462e97c9f7e2902cbe","gte","[2]"
"route_c69b4a7a1d06db576327166c","route_c69b4a7a1d06db576327166c.clause_1","1","occ_5983b3aa5651b56992f3f4da","equals","[1]"
"route_c69d62625e390c86be5b51c5","route_c69d62625e390c86be5b51c5.clause.1","1","occ_f0dd81f9d2e45825595c3945","selected_any","[]"
"route_c6b321dcc6fc13ff4b1934cf","route_c6b321dcc6fc13ff4b1934cf.clause.1","1","occ_79fe7f40328014c67709d411","selected_any","[]"
"route_c6c4a5fbd8c1e69895c70ddb","route_c6c4a5fbd8c1e69895c70ddb.clause.1","1","occ_202ac02ef2253e177c51ec12","equals","[2]"
"route_c6c665e790fcadccd4e3336b","route_c6c665e790fcadccd4e3336b.clause.1","1","occ_705c6bca4bbf133acbff0fd9","equals","[1]"
"route_c6cad005223796c7ce192ef0","route_c6cad005223796c7ce192ef0.clause_1","1","occ_bd204c9b84717e29d201e838","not_in","[1]"
"route_c6d70aa55b3f8c18ad8016f3","route_c6d70aa55b3f8c18ad8016f3.clause.1","1","occ_37fd52938759ab2c8c9fc0c7","not_in","[1]"
"route_c6d70aa55b3f8c18ad8016f3","route_c6d70aa55b3f8c18ad8016f3.clause_1","1","occ_37fd52938759ab2c8c9fc0c7","not_in","[1]"
"route_c6f4d565c8faa02b73eef4b0","route_c6f4d565c8faa02b73eef4b0.clause.1","1","occ_8c5e43f47c622c3ebdeea710","selected_any","[]"
"route_c6fdc9bfbf416d27420f7bd9","route_c6fdc9bfbf416d27420f7bd9.clause.1","1","occ_fb1ad8b67b34091436acbec4","selected_any","[]"
"route_c734f8e86a86405950bf43ef","route_c734f8e86a86405950bf43ef.clause.1","1","occ_66d32a28db1a5d75cb603f16","in","[1,2]"
"route_c741e2f4f313356cd3d358a3","route_c741e2f4f313356cd3d358a3.clause.1","1","occ_39500fb10dabd0069ebe5e25","selected_any","[]"
"route_c754850ddfac22bbebf8e180","route_c754850ddfac22bbebf8e180.clause.1","1","occ_af0289b664629fc1cc49052b","in","[2,3]"
"route_c7566fcd5afb09d120857d0f","route_c7566fcd5afb09d120857d0f.clause.1","1","occ_7f33c2cd12b47066d5086c1c","equals","[1]"
"route_c793cd37e397784951e5ca2a","route_c793cd37e397784951e5ca2a.clause.1","1","occ_cf886583bf491cf0004c6c3c","in","[1,2]"
"route_c7a998dea4f3b156acfaf9e9","route_c7a998dea4f3b156acfaf9e9.clause.1","1","occ_c107cce51ce5995f4a9cb1e4","selected_any","[]"
"route_c7c0f60d1ab3d3e65be5b87c","route_c7c0f60d1ab3d3e65be5b87c.clause.1","1","occ_11e7545c070f811464bd8a85","equals","[1]"
"route_c7f3fcfb588939a0a4e71c48","route_c7f3fcfb588939a0a4e71c48.clause.1","1","occ_a1264af19489ed896efddd78","equals","[1]"
"route_c82720a7733400168020522b","route_c82720a7733400168020522b.clause.1","1","occ_f9613c2c91977cfbdd9fafa0","equals","[1]"
"route_c82dca07350074dc1ea01735","route_c82dca07350074dc1ea01735.clause.1","1","occ_b6245bbe504746645547eb6e","equals","[2]"
"route_c860040f26566e93acdd985d","route_c860040f26566e93acdd985d.clause.1","1","occ_47896d55a823608d2ba65d0f","equals","[1]"
"route_c86415add30eef74d01e690b","route_c86415add30eef74d01e690b.clause.1","1","occ_8677498eb487b40c0b1d545c","equals","[2]"
"route_c87e57a9959b85feb25dceea","route_c87e57a9959b85feb25dceea.clause.1","1","occ_d5c70382a2475b9db6fddf1d","equals","[1]"
"route_c87e57a9959b85feb25dceea","route_c87e57a9959b85feb25dceea.clause_1","1","occ_d5c70382a2475b9db6fddf1d","equals","[1]"
"route_c880386b4b4aca7d1bea2240","route_c880386b4b4aca7d1bea2240.clause.1","1","occ_d69b82d2ab502298a6db69e7","selected_any","[]"
"route_c8bcb2f1bdf337aada64b07f","route_c8bcb2f1bdf337aada64b07f.clause.1","1","occ_0ba5336a9739c06342e590b7","selected_any","[]"
"route_c8c101488c53effe3120c48b","route_c8c101488c53effe3120c48b.clause_1","1","occ_be295df7b6d5f535ef4cf708","equals","[2]"
"route_c8c101488c53effe3120c48b","route_c8c101488c53effe3120c48b.clause_1","2","occ_b773785dbdd6d7036e28579c","in","[2,3,4]"
"route_c90733e747ee2e6bae1f1948","route_c90733e747ee2e6bae1f1948.clause.1","1","occ_160e83b871797419ee08dfb9","in","[1,2]"
"route_c9112841a68fc06ae919f8c4","route_c9112841a68fc06ae919f8c4.clause.1","1","occ_4afcaf5091bdebcb867e5a06","gte","[1]"
"route_c9c067c65ed1b1d34dbbf8aa","route_c9c067c65ed1b1d34dbbf8aa.clause.1","1","occ_a170810f0fb80de75366e0c5","in","[1,3]"
"route_c9c2a7aca14f951a7442ad07","route_c9c2a7aca14f951a7442ad07.clause.1","1","occ_5760db774a064ac0d98701a5","equals","[1]"
"route_c9d9415fd1d2f5f8483fc603","route_c9d9415fd1d2f5f8483fc603.clause.1","1","occ_79114885f31fb42c250eda74","selected_any","[]"
"route_c9f3267c103afed6e9a8f112","route_c9f3267c103afed6e9a8f112.clause.1","1","occ_06ac7ace0e9814a5b36f4de1","in","[1,2]"
"route_ca0cbf73bcd7d3e33e39c3fd","route_ca0cbf73bcd7d3e33e39c3fd.clause.1","1","occ_08d0fbcb93813116559d1767","gte","[1]"
"route_ca22491c4980b9e59b09de16","route_ca22491c4980b9e59b09de16.clause.1","1","occ_a1c765301d658ba69adf771b","selected_any","[]"
"route_ca3643520f39d79113c9a1ee","route_ca3643520f39d79113c9a1ee.clause.1","1","occ_a6305d0ebd3d0f8d5f5203ad","equals","[1]"
"route_ca4f8beb982f7c879a489f04","route_ca4f8beb982f7c879a489f04.clause.1","1","occ_c9ff29cfb2234eb94537b2a7","equals","[1]"
"route_ca8c404f505d1d016b91e709","route_ca8c404f505d1d016b91e709.clause.1","1","occ_e5930ed54747ba7b19b7dcf7","equals","[1]"
"route_ca9f2c6b1b947f764ae5ebfa","route_ca9f2c6b1b947f764ae5ebfa.clause.1","1","occ_bb0514264ecfd771d157b191","equals","[1]"
"route_cab798b1949ebb2810d98c47","route_cab798b1949ebb2810d98c47.clause.1","1","occ_788ba7e976b56c9a2665d07d","equals","[1]"
"route_cad7ea1966f89f7538c4dbdc","route_cad7ea1966f89f7538c4dbdc.clause.1","1","occ_48f9b39fe309e5392e6012a0","equals","[1]"
"route_cb3f82a9856c7d97e40b223b","route_cb3f82a9856c7d97e40b223b.clause.1","1","occ_ab64b47b7cf061fc31c32c00","selected_any","[]"
"route_cb3f82a9856c7d97e40b223b","route_cb3f82a9856c7d97e40b223b.clause.10","1","occ_e1f9d88158af282314a649f5","selected_any","[]"
"route_cb3f82a9856c7d97e40b223b","route_cb3f82a9856c7d97e40b223b.clause.11","1","occ_2747f2dea7ff5dceed64159f","selected_any","[]"
"route_cb3f82a9856c7d97e40b223b","route_cb3f82a9856c7d97e40b223b.clause.12","1","occ_64470f3ec6620e6cd4a4c785","selected_any","[]"
"route_cb3f82a9856c7d97e40b223b","route_cb3f82a9856c7d97e40b223b.clause.13","1","occ_16903693c876c9d6f4b2606a","selected_any","[]"
"route_cb3f82a9856c7d97e40b223b","route_cb3f82a9856c7d97e40b223b.clause.14","1","occ_7833c7261263e695c493c8c7","selected_any","[]"
"route_cb3f82a9856c7d97e40b223b","route_cb3f82a9856c7d97e40b223b.clause.15","1","occ_b65a4b2fe48275233b9bbec1","selected_any","[]"
"route_cb3f82a9856c7d97e40b223b","route_cb3f82a9856c7d97e40b223b.clause.16","1","occ_7de7dc007ed241397920fcba","selected_any","[]"
"route_cb3f82a9856c7d97e40b223b","route_cb3f82a9856c7d97e40b223b.clause.17","1","occ_467771ac32cbdd8d791d49cc","selected_any","[]"
"route_cb3f82a9856c7d97e40b223b","route_cb3f82a9856c7d97e40b223b.clause.18","1","occ_108f2882b58ace87452cdd5c","selected_any","[]"
"route_cb3f82a9856c7d97e40b223b","route_cb3f82a9856c7d97e40b223b.clause.19","1","occ_c353ad74cd56a7934d2ea8cf","selected_any","[]"
"route_cb3f82a9856c7d97e40b223b","route_cb3f82a9856c7d97e40b223b.clause.2","1","occ_982fdb3cb0b2ea3ab59992d7","selected_any","[]"
"route_cb3f82a9856c7d97e40b223b","route_cb3f82a9856c7d97e40b223b.clause.20","1","occ_148572366a978659adc4ce41","selected_any","[]"
"route_cb3f82a9856c7d97e40b223b","route_cb3f82a9856c7d97e40b223b.clause.21","1","occ_ca35336a3d682799320c498e","selected_any","[]"
"route_cb3f82a9856c7d97e40b223b","route_cb3f82a9856c7d97e40b223b.clause.22","1","occ_86e680f364be73556c710e7e","selected_any","[]"
"route_cb3f82a9856c7d97e40b223b","route_cb3f82a9856c7d97e40b223b.clause.23","1","occ_4d2e8532e1e77c781145486d","selected_any","[]"
"route_cb3f82a9856c7d97e40b223b","route_cb3f82a9856c7d97e40b223b.clause.24","1","occ_8bab310adf6ca41558d8e361","selected_any","[]"
"route_cb3f82a9856c7d97e40b223b","route_cb3f82a9856c7d97e40b223b.clause.25","1","occ_22833f80540dd1421a4255fb","selected_any","[]"
"route_cb3f82a9856c7d97e40b223b","route_cb3f82a9856c7d97e40b223b.clause.26","1","occ_3fc5d11d5cba08a2685c7302","selected_any","[]"
"route_cb3f82a9856c7d97e40b223b","route_cb3f82a9856c7d97e40b223b.clause.27","1","occ_70ed5475b6c27855a78d4812","selected_any","[]"
"route_cb3f82a9856c7d97e40b223b","route_cb3f82a9856c7d97e40b223b.clause.28","1","occ_813dc5970d7c124d9804055c","selected_any","[]"
"route_cb3f82a9856c7d97e40b223b","route_cb3f82a9856c7d97e40b223b.clause.29","1","occ_fb893bf377de3dae630a8894","selected_any","[]"
"route_cb3f82a9856c7d97e40b223b","route_cb3f82a9856c7d97e40b223b.clause.3","1","occ_9b59ea132f48200cf102d99a","selected_any","[]"
"route_cb3f82a9856c7d97e40b223b","route_cb3f82a9856c7d97e40b223b.clause.30","1","occ_9ed161849e8d8a6b61c142e1","selected_any","[]"
"route_cb3f82a9856c7d97e40b223b","route_cb3f82a9856c7d97e40b223b.clause.4","1","occ_4096034e8fd0351420fa6fd5","selected_any","[]"
"route_cb3f82a9856c7d97e40b223b","route_cb3f82a9856c7d97e40b223b.clause.5","1","occ_affb698acf7fd66af156e89a","selected_any","[]"
"route_cb3f82a9856c7d97e40b223b","route_cb3f82a9856c7d97e40b223b.clause.6","1","occ_809a395ac327fd17c1db62fa","selected_any","[]"
"route_cb3f82a9856c7d97e40b223b","route_cb3f82a9856c7d97e40b223b.clause.7","1","occ_8d60400ba42c068b04361e04","selected_any","[]"
"route_cb3f82a9856c7d97e40b223b","route_cb3f82a9856c7d97e40b223b.clause.8","1","occ_ca03c778c00f4b11bb502d75","selected_any","[]"
"route_cb3f82a9856c7d97e40b223b","route_cb3f82a9856c7d97e40b223b.clause.9","1","occ_781d4cb5f6f845042bfc3cd3","selected_any","[]"
"route_cb7ed780ea810b41ed63643e","route_cb7ed780ea810b41ed63643e.clause.1","1","occ_a6305d0ebd3d0f8d5f5203ad","equals","[1]"
"route_cb8a9b92ea560ec2acbd7e75","route_cb8a9b92ea560ec2acbd7e75.clause.1","1","occ_11e7545c070f811464bd8a85","equals","[1]"
"route_cb93da4cba0fb12ab3ebb5a6","route_cb93da4cba0fb12ab3ebb5a6.clause.1","1","occ_e165a5fbbf0f017e28313798","gte","[1]"
"route_cbb8d7689b033e8039dc88eb","route_cbb8d7689b033e8039dc88eb.clause.1","1","occ_592c0e9a66939fb6de7df410","in","[1,4]"
"route_cbdad643391694ee79a9d917","route_cbdad643391694ee79a9d917.clause.1","1","occ_d5b9265b4f519e8337cf7f2f","selected_any","[]"
"route_cbf29b7f0ff0c03f00a67f02","route_cbf29b7f0ff0c03f00a67f02.clause.1","1","occ_6f9e028b1d71b4ea4df250f1","in","[2,3]"
"route_cc14f6c2c9ca0d172e14e3ff","route_cc14f6c2c9ca0d172e14e3ff.clause.1","1","occ_ae13416da0c85a494b496841","equals","[1]"
"route_cc14f6c2c9ca0d172e14e3ff","route_cc14f6c2c9ca0d172e14e3ff.clause_1","1","occ_ae13416da0c85a494b496841","equals","[1]"
"route_cc2c0bf1484f560df89bca36","route_cc2c0bf1484f560df89bca36.clause.1","1","occ_4a9add2617ca7ab085ec8088","equals","[1]"
"route_cc3722738ccea65537d79178","route_cc3722738ccea65537d79178.clause.1","1","occ_c19baea3d5557316d94454c3","selected_any","[]"
"route_cc3722738ccea65537d79178","route_cc3722738ccea65537d79178.clause.10","1","occ_4aae47fa76ab1fdf0f8697c3","selected_any","[]"
"route_cc3722738ccea65537d79178","route_cc3722738ccea65537d79178.clause.11","1","occ_7a570181f4786e3d9c008e80","selected_any","[]"
"route_cc3722738ccea65537d79178","route_cc3722738ccea65537d79178.clause.12","1","occ_5e2edd7adba760c01fe6d4f4","selected_any","[]"
"route_cc3722738ccea65537d79178","route_cc3722738ccea65537d79178.clause.13","1","occ_dfcfc66ea61322fc560cafe6","selected_any","[]"
"route_cc3722738ccea65537d79178","route_cc3722738ccea65537d79178.clause.14","1","occ_e3ed1f4c3eaa0ec2d1e33519","selected_any","[]"
"route_cc3722738ccea65537d79178","route_cc3722738ccea65537d79178.clause.15","1","occ_42099ae459d2efc88fb31aeb","selected_any","[]"
"route_cc3722738ccea65537d79178","route_cc3722738ccea65537d79178.clause.16","1","occ_2534807fd3ccdce4fafc7b60","selected_any","[]"
"route_cc3722738ccea65537d79178","route_cc3722738ccea65537d79178.clause.17","1","occ_4d8a6cfa65ab0c900d85388f","selected_any","[]"
"route_cc3722738ccea65537d79178","route_cc3722738ccea65537d79178.clause.18","1","occ_6cd24d719b5794531011d5d4","selected_any","[]"
"route_cc3722738ccea65537d79178","route_cc3722738ccea65537d79178.clause.19","1","occ_072a953039e9257ee1377ca6","selected_any","[]"
"route_cc3722738ccea65537d79178","route_cc3722738ccea65537d79178.clause.2","1","occ_3f7bef46475f12313f9b6695","selected_any","[]"
"route_cc3722738ccea65537d79178","route_cc3722738ccea65537d79178.clause.20","1","occ_afd33f411dc84cfa07af471f","selected_any","[]"
"route_cc3722738ccea65537d79178","route_cc3722738ccea65537d79178.clause.21","1","occ_3396ba9b787d485003b2b43b","selected_any","[]"
"route_cc3722738ccea65537d79178","route_cc3722738ccea65537d79178.clause.22","1","occ_4d759945ae4654f85e69970f","selected_any","[]"
"route_cc3722738ccea65537d79178","route_cc3722738ccea65537d79178.clause.23","1","occ_6f7c99b2eabed4b46c251c7d","selected_any","[]"
"route_cc3722738ccea65537d79178","route_cc3722738ccea65537d79178.clause.24","1","occ_30db879b5db7f6f58c185d02","selected_any","[]"
"route_cc3722738ccea65537d79178","route_cc3722738ccea65537d79178.clause.25","1","occ_ed4105d825716d91851dc626","selected_any","[]"
"route_cc3722738ccea65537d79178","route_cc3722738ccea65537d79178.clause.26","1","occ_9fa295783796d038f1e5be89","selected_any","[]"
"route_cc3722738ccea65537d79178","route_cc3722738ccea65537d79178.clause.27","1","occ_49f11c5a9f688c70bf4d461a","selected_any","[]"
"route_cc3722738ccea65537d79178","route_cc3722738ccea65537d79178.clause.28","1","occ_cc256dda4d98b05e3e416472","selected_any","[]"
"route_cc3722738ccea65537d79178","route_cc3722738ccea65537d79178.clause.29","1","occ_8f518ef12b0a78c0cad86824","selected_any","[]"
"route_cc3722738ccea65537d79178","route_cc3722738ccea65537d79178.clause.3","1","occ_919388b652a8fa19c4ec5bca","selected_any","[]"
"route_cc3722738ccea65537d79178","route_cc3722738ccea65537d79178.clause.30","1","occ_e32fd2cfdcae6381f0323184","selected_any","[]"
"route_cc3722738ccea65537d79178","route_cc3722738ccea65537d79178.clause.4","1","occ_37afcd67909ea0c09dbbcee7","selected_any","[]"
"route_cc3722738ccea65537d79178","route_cc3722738ccea65537d79178.clause.5","1","occ_e22661092655d9a440d0f934","selected_any","[]"
"route_cc3722738ccea65537d79178","route_cc3722738ccea65537d79178.clause.6","1","occ_2020eff6af781e9f099957fe","selected_any","[]"
"route_cc3722738ccea65537d79178","route_cc3722738ccea65537d79178.clause.7","1","occ_4bd106b50fdd781da9271b7b","selected_any","[]"
"route_cc3722738ccea65537d79178","route_cc3722738ccea65537d79178.clause.8","1","occ_312efd7bc692f00da979c35b","selected_any","[]"
"route_cc3722738ccea65537d79178","route_cc3722738ccea65537d79178.clause.9","1","occ_aac464f26bb0f004806e4aa3","selected_any","[]"
"route_cc381ec06124ed46f3e5dad4","route_cc381ec06124ed46f3e5dad4.clause.1","1","occ_123b1fdc0de1221d9eea9718","in","[1,2]"
"route_cc98a52e957d2870a9e5eafe","route_cc98a52e957d2870a9e5eafe.clause_1","1","occ_141753c1e0efdf2f5b9091bc","equals","[2]"
"route_cc9a9f534d528df05fe4494d","route_cc9a9f534d528df05fe4494d.clause_1","1","occ_4b2fb518d285cd16b541b828","in","[1,2,3]"
"route_ccaf0b9dc96c1a69bddd01d5","route_ccaf0b9dc96c1a69bddd01d5.clause.1","1","occ_8ddae7a229919a990094a612","in","[1,2]"
"route_ccc6c989849a03bbeb67a230","route_ccc6c989849a03bbeb67a230.clause.1","1","occ_fe3762897205bce29cfb4d79","equals","[2]"
"route_ccce7913d4a889f476633d34","route_ccce7913d4a889f476633d34.clause.1","1","occ_2e163249b98714940acd622f","selected_any","[]"
"route_cce347bb8052dcb852af0f34","route_cce347bb8052dcb852af0f34.clause.1","1","occ_42b216683d8c350208b33cf3","in","[2,3]"
"route_cceaed3f0de93e9773c03b75","route_cceaed3f0de93e9773c03b75.clause.1","1","occ_712b76628a94931dbecebf21","gte","[2]"
"route_ccf8a295073d533bbd7312ae","route_ccf8a295073d533bbd7312ae.clause.1","1","occ_4ce0cb1b455c8e8917431839","in","[1,2]"
"route_cd0f98af4a0e8e6faded5727","route_cd0f98af4a0e8e6faded5727.clause.1","1","occ_8c80578c08f353e3a834827d","equals","[1]"
"route_cd1df4dcf26e8ca0a9288cd9","route_cd1df4dcf26e8ca0a9288cd9.clause.1","1","occ_3f23f692dc1db0f644f9dc61","selected_any","[]"
"route_cd2a1177a7315b1d0c4f4086","route_cd2a1177a7315b1d0c4f4086.clause.1","1","occ_4b7e5dee9caf277b2a0c8354","gte","[2]"
"route_cd57d6001ec4ec7664cd2f2a","route_cd57d6001ec4ec7664cd2f2a.clause_1","1","occ_75f47022944f9f8c3ad4e117","gte","[1]"
"route_cd97989bceff71b17678a630","route_cd97989bceff71b17678a630.clause.1","1","occ_5dca2179f8ffcc46adccf9bc","selected_any","[]"
"route_cdb56f7027ec04f12dca1c39","route_cdb56f7027ec04f12dca1c39.clause.1","1","occ_3c361b60ed0d1982feede673","selected_any","[]"
"route_cdf6b08b3b474a45f2d69adb","route_cdf6b08b3b474a45f2d69adb.clause.1","1","occ_531fbf096d515ccc491c41f4","in","[2,3]"
"route_cdf6b08b3b474a45f2d69adb","route_cdf6b08b3b474a45f2d69adb.clause_1","1","occ_531fbf096d515ccc491c41f4","in","[2,3]"
"route_ce0e2e89235b264e71eb3bdc","route_ce0e2e89235b264e71eb3bdc.clause.1","1","occ_fb55195d8c31fa974aca6bfe","in","[1,2]"
"route_ce11ce0d0aba2556da875dd0","route_ce11ce0d0aba2556da875dd0.clause.1","1","occ_a4328782e027d8f97abed9c3","selected_any","[]"
"route_ce1830b1034db0b76f623856","route_ce1830b1034db0b76f623856.clause.1","1","occ_9753620586726cdfbd9244c2","selected_any","[]"
"route_ce5662e786a9a9a35ff4e27a","route_ce5662e786a9a9a35ff4e27a.clause_1","1","occ_37fd52938759ab2c8c9fc0c7","not_in","[1]"
"route_ce5f5251759fac8089e36a60","route_ce5f5251759fac8089e36a60.clause.1","1","occ_d5d5153954fc63a9cf04374d","in","[2,3,4]"
"route_ce5f5251759fac8089e36a60","route_ce5f5251759fac8089e36a60.clause_1","1","occ_d5d5153954fc63a9cf04374d","in","[2,3,4]"
"route_ce62c0b38a635b1b1c534f35","route_ce62c0b38a635b1b1c534f35.clause.1","1","occ_271840d0b958220079fb4730","equals","[1]"
"route_ce62c0b38a635b1b1c534f35","route_ce62c0b38a635b1b1c534f35.clause_1","1","occ_271840d0b958220079fb4730","equals","[1]"
"route_ce6ab9b420f27774862935b0","route_ce6ab9b420f27774862935b0.clause.1","1","occ_886a8ace368bf9dd6eaa8ea1","selected_any","[]"
"route_cea56f193f21d74523d6fd34","route_cea56f193f21d74523d6fd34.clause.1","1","occ_6539e3e5cb36b8fd3ec73950","equals","[1]"
"route_cea884ea2103ff82efffff02","route_cea884ea2103ff82efffff02.clause.1","1","occ_6f07bdada1ced179fd0d74e6","equals","[1]"
"route_cf0264caa56673b264979989","route_cf0264caa56673b264979989.clause.1","1","occ_aac26f90a427d24687b0d70f","gte","[1]"
"route_cf0b2a165c1ca868cdc316d2","route_cf0b2a165c1ca868cdc316d2.clause_1","1","occ_ea7f075c4c8189227604e39e","not_in","[1]"
"route_cf18068042c0f6beda1123e9","route_cf18068042c0f6beda1123e9.clause.1","1","occ_09415981593a17b9c594bf15","gte","[2]"
"route_cf75349a2fbc061caecbf184","route_cf75349a2fbc061caecbf184.clause_1","1","occ_271840d0b958220079fb4730","equals","[1]"
"route_cf75349a2fbc061caecbf184","route_cf75349a2fbc061caecbf184.clause_1","2","occ_2b11d98d2c3eee6737a52e50","gte","[1]"
"route_cf8e86dd59fea3cb55cb7755","route_cf8e86dd59fea3cb55cb7755.clause.1","1","occ_f3d9071d616e81a825ce0242","equals","[1]"
"route_cf99bf7e91065d9ce6124db0","route_cf99bf7e91065d9ce6124db0.clause.1","1","occ_a6b0cd983d59cf5aacb3c34a","selected_any","[]"
"route_cfc7fd187b76f8585bd2041e","route_cfc7fd187b76f8585bd2041e.clause.1","1","occ_a64d7123111dc5a42e501b44","selected_any","[]"
"route_cfc7fd187b76f8585bd2041e","route_cfc7fd187b76f8585bd2041e.clause.10","1","occ_8bcc4c686a182604469c2008","selected_any","[]"
"route_cfc7fd187b76f8585bd2041e","route_cfc7fd187b76f8585bd2041e.clause.11","1","occ_599aadc1aa5b8af23031675a","selected_any","[]"
"route_cfc7fd187b76f8585bd2041e","route_cfc7fd187b76f8585bd2041e.clause.12","1","occ_9167be888d0c68c465ad869c","selected_any","[]"
"route_cfc7fd187b76f8585bd2041e","route_cfc7fd187b76f8585bd2041e.clause.13","1","occ_40c369d5be3a784613d65f98","selected_any","[]"
"route_cfc7fd187b76f8585bd2041e","route_cfc7fd187b76f8585bd2041e.clause.14","1","occ_64ed7a66253a6eff39c58f95","selected_any","[]"
"route_cfc7fd187b76f8585bd2041e","route_cfc7fd187b76f8585bd2041e.clause.15","1","occ_8f73c332262fc358b0f064b9","selected_any","[]"
"route_cfc7fd187b76f8585bd2041e","route_cfc7fd187b76f8585bd2041e.clause.16","1","occ_e1ba83bfb985d9c58d4d653e","selected_any","[]"
"route_cfc7fd187b76f8585bd2041e","route_cfc7fd187b76f8585bd2041e.clause.17","1","occ_92bee4f54097a9857e03e7d4","selected_any","[]"
"route_cfc7fd187b76f8585bd2041e","route_cfc7fd187b76f8585bd2041e.clause.18","1","occ_04eedff742199b904268688c","selected_any","[]"
"route_cfc7fd187b76f8585bd2041e","route_cfc7fd187b76f8585bd2041e.clause.19","1","occ_22e90f9b2f728b730567a335","selected_any","[]"
"route_cfc7fd187b76f8585bd2041e","route_cfc7fd187b76f8585bd2041e.clause.2","1","occ_fbb26f50e4d0b5cbfb2bc41e","selected_any","[]"
"route_cfc7fd187b76f8585bd2041e","route_cfc7fd187b76f8585bd2041e.clause.20","1","occ_aaaf5f8362b162b31fec1108","selected_any","[]"
"route_cfc7fd187b76f8585bd2041e","route_cfc7fd187b76f8585bd2041e.clause.21","1","occ_ba6db4943842871522b9fb11","selected_any","[]"
"route_cfc7fd187b76f8585bd2041e","route_cfc7fd187b76f8585bd2041e.clause.22","1","occ_0d6d34b1d16c6ad89f6c686e","selected_any","[]"
"route_cfc7fd187b76f8585bd2041e","route_cfc7fd187b76f8585bd2041e.clause.23","1","occ_48b2747250c789eb43e831ae","selected_any","[]"
"route_cfc7fd187b76f8585bd2041e","route_cfc7fd187b76f8585bd2041e.clause.24","1","occ_af91d7a40bd924d31f800ef6","selected_any","[]"
"route_cfc7fd187b76f8585bd2041e","route_cfc7fd187b76f8585bd2041e.clause.25","1","occ_0481af3874c690457a6df4d5","selected_any","[]"
"route_cfc7fd187b76f8585bd2041e","route_cfc7fd187b76f8585bd2041e.clause.26","1","occ_81b6d6bd011117bf188a895a","selected_any","[]"
"route_cfc7fd187b76f8585bd2041e","route_cfc7fd187b76f8585bd2041e.clause.27","1","occ_9e38d0f97b299ccfe29a93e8","selected_any","[]"
"route_cfc7fd187b76f8585bd2041e","route_cfc7fd187b76f8585bd2041e.clause.28","1","occ_7e2bda32e2c8a3d39cf59d6e","selected_any","[]"
"route_cfc7fd187b76f8585bd2041e","route_cfc7fd187b76f8585bd2041e.clause.29","1","occ_828d44e32de661e48aa2957e","selected_any","[]"
"route_cfc7fd187b76f8585bd2041e","route_cfc7fd187b76f8585bd2041e.clause.3","1","occ_48134f28096c75a27943d23c","selected_any","[]"
"route_cfc7fd187b76f8585bd2041e","route_cfc7fd187b76f8585bd2041e.clause.30","1","occ_e6d1d06235647ee0e861c1e3","selected_any","[]"
"route_cfc7fd187b76f8585bd2041e","route_cfc7fd187b76f8585bd2041e.clause.4","1","occ_94f3009249b9e72d719d2492","selected_any","[]"
"route_cfc7fd187b76f8585bd2041e","route_cfc7fd187b76f8585bd2041e.clause.5","1","occ_cc74076c30a845c5e9679fe8","selected_any","[]"
"route_cfc7fd187b76f8585bd2041e","route_cfc7fd187b76f8585bd2041e.clause.6","1","occ_541186132c118e1697346c53","selected_any","[]"
"route_cfc7fd187b76f8585bd2041e","route_cfc7fd187b76f8585bd2041e.clause.7","1","occ_114fe7e62403c3a80dcd6a55","selected_any","[]"
"route_cfc7fd187b76f8585bd2041e","route_cfc7fd187b76f8585bd2041e.clause.8","1","occ_79fced16c5419a81b5a688c4","selected_any","[]"
"route_cfc7fd187b76f8585bd2041e","route_cfc7fd187b76f8585bd2041e.clause.9","1","occ_33df98d32204961264f99fb9","selected_any","[]"
"route_d067d13a677856cde152748a","route_d067d13a677856cde152748a.clause.1","1","occ_9753620586726cdfbd9244c2","selected_any","[]"
"route_d076922e21d84aa2b0e63073","route_d076922e21d84aa2b0e63073.clause.1","1","occ_2eff3bad5e2f7b67d2ba9092","equals","[1]"
"route_d07b705e9b89e6eb955681a6","route_d07b705e9b89e6eb955681a6.clause.1","1","occ_acbec8e01e91fa5bfa16b4bb","selected_any","[]"
"route_d07b705e9b89e6eb955681a6","route_d07b705e9b89e6eb955681a6.clause.2","1","occ_fbe1dfe5bdc27ee822cb70f5","selected_any","[]"
"route_d07b705e9b89e6eb955681a6","route_d07b705e9b89e6eb955681a6.clause.3","1","occ_12be7a9f6729107129713837","selected_any","[]"
"route_d080fd7ddaffc4a68a5f97c4","route_d080fd7ddaffc4a68a5f97c4.clause.1","1","occ_c065d8a7cb236e383359be4c","in","[1,3]"
"route_d08a37d265659d02bf0fbca3","route_d08a37d265659d02bf0fbca3.clause.1","1","occ_6752b05b1b036bc081b14626","equals","[1]"
"route_d0931c42057122d20d3dead6","route_d0931c42057122d20d3dead6.clause.1","1","occ_0938d6f4e9a6217f31c3110a","selected_any","[]"
"route_d0ab870aaefd6bd7672010f2","route_d0ab870aaefd6bd7672010f2.clause.1","1","occ_5c521f53d6e03cf333510be3","selected_any","[]"
"route_d0b410748c41be8382215281","route_d0b410748c41be8382215281.clause.1","1","occ_504de558202f25a67a6e35ef","equals","[1]"
"route_d0b458449f87f2c9400fab35","route_d0b458449f87f2c9400fab35.clause.1","1","occ_f7aa113ea968a4e376f1b3ca","equals","[1]"
"route_d0b5d1e058852146a9e07e72","route_d0b5d1e058852146a9e07e72.clause.1","1","occ_7b2c5c1bb57417f79df84445","in","[1,2]"
"route_d0e0fe4ca09354479af8d432","route_d0e0fe4ca09354479af8d432.clause.1","1","occ_11e7545c070f811464bd8a85","equals","[1]"
"route_d171a44c5b73829113abfe01","route_d171a44c5b73829113abfe01.clause.1","1","occ_09453e28c90b8f45c50d5da9","in","[1,4]"
"route_d18113408fe14c45b6b1e9fe","route_d18113408fe14c45b6b1e9fe.clause.1","1","occ_3b079805f1744cf781402e63","equals","[1]"
"route_d1af4c8c1cfa1e898c678bad","route_d1af4c8c1cfa1e898c678bad.clause.1","1","occ_d72df68d25f60240945a86f7","equals","[1]"
"route_d1afd5b4ae7c20904f85fa3d","route_d1afd5b4ae7c20904f85fa3d.clause.1","1","occ_ba5ef7814a0dfccc0a97c0d1","selected_any","[]"
"route_d1ba0f0a0ed442a8014e3bc7","route_d1ba0f0a0ed442a8014e3bc7.clause.1","1","occ_30d763b9767228fe99c9eebc","selected_any","[]"
"route_d1e8ee422565167c1801b207","route_d1e8ee422565167c1801b207.clause_1","1","occ_a9a92791d6d24039558d0098","in","[2,3]"
"route_d26e0e9d2708ce10d322e2a3","route_d26e0e9d2708ce10d322e2a3.clause.1","1","occ_175c272c57075d7af0e6ffaf","selected_any","[]"
"route_d27d2f647c42d39a000e3bb7","route_d27d2f647c42d39a000e3bb7.clause.1","1","occ_165a3a3452dda9ba6b803cf0","equals","[2]"
"route_d29fb5677da7806f819c5054","route_d29fb5677da7806f819c5054.clause.1","1","occ_63640d23a2e91f7dd28afe34","equals","[1]"
"route_d29fb5677da7806f819c5054","route_d29fb5677da7806f819c5054.clause_1","1","occ_63640d23a2e91f7dd28afe34","equals","[1]"
"route_d2ddd091a9638a70d4491ebb","route_d2ddd091a9638a70d4491ebb.clause.1","1","occ_c203dbdff5936ebe69c5c5c7","equals","[1]"
"route_d2fc782dd2cf5fc11a49c855","route_d2fc782dd2cf5fc11a49c855.clause.1","1","occ_924a288f7ef68fa93cb1e399","in","[2,3,4]"
"route_d39676079578aa8a98122eb8","route_d39676079578aa8a98122eb8.clause.1","1","occ_4362b6b0904af50a3a62d0d6","equals","[1]"
"route_d39d6d52cdd9ecb28c8ba0c7","route_d39d6d52cdd9ecb28c8ba0c7.clause.1","1","occ_229f40f39f4423cfbf265495","equals","[1]"
"route_d3c98e5cb7e7e63e8405aa48","route_d3c98e5cb7e7e63e8405aa48.clause.1","1","occ_82c2595e459d7f9e06db578d","equals","[1]"
"route_d3edfeb706205567efe8f9dc","route_d3edfeb706205567efe8f9dc.clause.1","1","occ_ad1644da8525eab46fb02864","equals","[2]"
"route_d459bf98e34143a271be25c3","route_d459bf98e34143a271be25c3.clause_1","1","occ_5905173501ea82a87ea632aa","in","[2,3]"
"route_d45a9d3cfde6a27623fa222a","route_d45a9d3cfde6a27623fa222a.clause.1","1","occ_06ac7ace0e9814a5b36f4de1","equals","[2]"
"route_d46993993852e26216c20b05","route_d46993993852e26216c20b05.clause.1","1","occ_f4d8b038c1322ecf0e5089a2","equals","[2]"
"route_d489d2348c3f04f93e82c236","route_d489d2348c3f04f93e82c236.clause.1","1","occ_3ae36be0adc79bd32dade022","equals","[1]"
"route_d498853b370aeca9bc86bee7","route_d498853b370aeca9bc86bee7.clause.1","1","occ_4a99ec3e71e50d001b555fb0","equals","[7]"
"route_d4a7add00432aafee2560553","route_d4a7add00432aafee2560553.clause.1","1","occ_afce9db80b3ab2afc71803e8","in","[2,3,4]"
"route_d4a7add00432aafee2560553","route_d4a7add00432aafee2560553.clause_1","1","occ_afce9db80b3ab2afc71803e8","in","[2,3,4]"
"route_d4b0560b7182d73d70249997","route_d4b0560b7182d73d70249997.clause.1","1","occ_8666875f7a22b274fe94f08c","gte","[1]"
"route_d4f0fcff933c3386bb368505","route_d4f0fcff933c3386bb368505.clause.1","1","occ_a07cd639c22d376306667ffe","equals","[1]"
"route_d4f10a7dc331c1abf5a60cee","route_d4f10a7dc331c1abf5a60cee.clause.1","1","occ_b6111c639507e902d181b0d6","equals","[1]"
"route_d5124a282dfdb99cadeb8606","route_d5124a282dfdb99cadeb8606.clause_1","1","occ_5e254555564ebffc2765bdc3","in","[1,2,3]"
"route_d512f980f79741ea6737993f","route_d512f980f79741ea6737993f.clause.1","1","occ_9221739c766e193b59ea2b41","equals","[1]"
"route_d52be23327805febde4db469","route_d52be23327805febde4db469.clause.1","1","occ_1d25553bb39be95d1aee5930","equals","[2]"
"route_d52be23327805febde4db469","route_d52be23327805febde4db469.clause_1","1","occ_1d25553bb39be95d1aee5930","equals","[2]"
"route_d53be57b6084439d5b13a44e","route_d53be57b6084439d5b13a44e.clause.1","1","occ_77bc0f7ee90213e99008626b","equals","[1]"
"route_d540aaf5e9490715f033b27f","route_d540aaf5e9490715f033b27f.clause.1","1","occ_ba017883304c5839325015ea","gte","[1]"
"route_d5acc1d111bed22e90bf34ee","route_d5acc1d111bed22e90bf34ee.clause.1","1","occ_0e19fc6f4924a83628c7501f","equals","[2]"
"route_d5b92b025f6bfa222a165971","route_d5b92b025f6bfa222a165971.clause.1","1","occ_1069b8968e6fdb3aa539d74a","gte","[3]"
"route_d60695650b8a35a53cf05616","route_d60695650b8a35a53cf05616.clause.1","1","occ_afce9db80b3ab2afc71803e8","in","[2,3,4]"
"route_d60695650b8a35a53cf05616","route_d60695650b8a35a53cf05616.clause_1","1","occ_afce9db80b3ab2afc71803e8","in","[2,3,4]"
"route_d653a9a0ba1c3d6b2760c31b","route_d653a9a0ba1c3d6b2760c31b.clause.1","1","occ_256dd6f8f6b1c70c94ff48da","in","[1,4]"
"route_d653adbbe0e40223e6fd8c8b","route_d653adbbe0e40223e6fd8c8b.clause.1","1","occ_313a5295d9d50e3e989f417d","equals","[1]"
"route_d66eca8ed96d52cb35a678b0","route_d66eca8ed96d52cb35a678b0.clause.1","1","occ_e28db890f25fc67b481d6efc","in","[2,3]"
"route_d67ae66e1bec034495cc3825","route_d67ae66e1bec034495cc3825.clause.1","1","occ_31f5d0598263bc4289afaf28","equals","[1]"
"route_d69996ad09503b704bfabbe5","route_d69996ad09503b704bfabbe5.clause.1","1","occ_fb1ad8b67b34091436acbec4","selected_any","[]"
"route_d69a5737e6d4b534eaaec1c8","route_d69a5737e6d4b534eaaec1c8.clause.1","1","occ_3a592702159d40121c5b20f8","equals","[1]"
"route_d6b542c351b5705dd36ef326","route_d6b542c351b5705dd36ef326.clause.1","1","occ_1b44cd800f16de4743f5b74a","equals","[1]"
"route_d6df75ef8de25e02eac96a3f","route_d6df75ef8de25e02eac96a3f.clause.1","1","occ_dfb8dd4bb262b37ee681815f","selected_any","[]"
"route_d6ea1a62cfd3d38edf26d10b","route_d6ea1a62cfd3d38edf26d10b.clause.1","1","occ_efff5faecd6c9bb36d88f799","equals","[7]"
"route_d70ed58c1b1c8e9ad36d39fb","route_d70ed58c1b1c8e9ad36d39fb.clause.1","1","occ_d8d8e4f3cee8c3dab9da2ecb","equals","[1]"
"route_d7195950ebcef14cf61cc18b","route_d7195950ebcef14cf61cc18b.clause.1","1","occ_4362b6b0904af50a3a62d0d6","equals","[1]"
"route_d72f9f6932d54acab23b9728","route_d72f9f6932d54acab23b9728.clause.1","1","occ_160e83b871797419ee08dfb9","in","[1,2]"
"route_d74d35e1debdb25cb00ed3d7","route_d74d35e1debdb25cb00ed3d7.clause_1","1","occ_7696184bbb7420adf17ec974","equals","[4]"
"route_d77246b3b07403172708ac4d","route_d77246b3b07403172708ac4d.clause.1","1","occ_e16bce0f4a98b8a45b4f5409","equals","[1]"
"route_d78ac38dcb0078cf498da8c8","route_d78ac38dcb0078cf498da8c8.clause.1","1","occ_af0289b664629fc1cc49052b","equals","[1]"
"route_d7c7ac74de88d58d32523c15","route_d7c7ac74de88d58d32523c15.clause.1","1","occ_6ad6edf569d513b31268e47a","equals","[1]"
"route_d7f05c21fdc67e74eaeee94a","route_d7f05c21fdc67e74eaeee94a.clause.1","1","occ_6994b62bd55c7fedfd8475c2","equals","[1]"
"route_d81214f131d6cecb07f86a7f","route_d81214f131d6cecb07f86a7f.clause.1","1","occ_24d3198fd322145cdf8f5bbf","gte","[2]"
"route_d81abc1c24910f3be0494401","route_d81abc1c24910f3be0494401.clause.1","1","occ_43831e19f7609afeea24f1ea","equals","[1]"
"route_d82d8092609084176b51e6c8","route_d82d8092609084176b51e6c8.clause.1","1","occ_015ec807a1cde4407c8c3374","in","[2,3]"
"route_d8d826a4e4fbff2d365f020a","route_d8d826a4e4fbff2d365f020a.clause.1","1","occ_c3e039456a59e72f4d161835","equals","[1]"
"route_d916b48020dca3aa5ae180f2","route_d916b48020dca3aa5ae180f2.clause.1","1","occ_7ddda871613dad14f3419cd9","equals","[1]"
"route_d91f7b27c144938ed357ec43","route_d91f7b27c144938ed357ec43.clause.1","1","occ_eee723e6c4052cd7fa257448","equals","[1]"
"route_d94144deba99b964c633f311","route_d94144deba99b964c633f311.clause.1","1","occ_60716360410db851b3b88cbe","in","[1,4]"
"route_d962cb1055a7805040a07915","route_d962cb1055a7805040a07915.clause.1","1","occ_b857e43eec61200201ac07c9","equals","[1]"
"route_d962cb1055a7805040a07915","route_d962cb1055a7805040a07915.clause_1","1","occ_b857e43eec61200201ac07c9","equals","[1]"
"route_d9b80b7362b18a137387dab7","route_d9b80b7362b18a137387dab7.clause.1","1","occ_c0f6ebacb42eb1de75446e7d","in","[2,3]"
"route_d9cc94a80defbf681e592293","route_d9cc94a80defbf681e592293.clause.1","1","occ_c75cf97872fe58f0792cbcef","in","[1,2]"
"route_d9cc94a80defbf681e592293","route_d9cc94a80defbf681e592293.clause_1","1","occ_c75cf97872fe58f0792cbcef","in","[1,2]"
"route_da265b5039d662bad959b903","route_da265b5039d662bad959b903.clause.1","1","occ_2ee3c47605b94fae8b4773ff","in","[1,2]"
"route_da265b5039d662bad959b903","route_da265b5039d662bad959b903.clause_1","1","occ_2ee3c47605b94fae8b4773ff","in","[1,2]"
"route_da319bdc7074d912a34530c6","route_da319bdc7074d912a34530c6.clause.1","1","occ_3639ec8a7570b342df1ec3eb","selected_any","[]"
"route_da4898db7d9e22991964acd2","route_da4898db7d9e22991964acd2.clause.1","1","occ_0a3f7d8fa282d45524359d75","gte","[1]"
"route_da8834e436506a734831c1ab","route_da8834e436506a734831c1ab.clause.1","1","occ_beef3453cbb3023df144b408","equals","[1]"
"route_da89eeade2cd074a022de979","route_da89eeade2cd074a022de979.clause.1","1","occ_d83e1ac976d1288f74a2a419","in","[0,1,2,3,4,5]"
"route_da89eeade2cd074a022de979","route_da89eeade2cd074a022de979.clause_1","1","occ_d83e1ac976d1288f74a2a419","in","[0,1,2,3,4,5]"
"route_dab68266d9212391a20b124a","route_dab68266d9212391a20b124a.clause.1","1","occ_9c41904389259961b3fd25de","equals","[1]"
"route_dafd0c09b573965c686209d9","route_dafd0c09b573965c686209d9.clause.1","1","occ_ca8d648f5c2955863b029d8c","selected_any","[]"
"route_db342d8a6b4a6e300c725091","route_db342d8a6b4a6e300c725091.clause.1","1","occ_51765940c00510c82294f1b6","gte","[1]"
"route_db470c7e07eac29c49053482","route_db470c7e07eac29c49053482.clause.1","1","occ_5f1fccb72ad4f6145ffbb6d5","equals","[1]"
"route_db4e387a12c5e71b300e1a08","route_db4e387a12c5e71b300e1a08.clause.1","1","occ_938343f9ccf6f2c4a1f92185","equals","[1]"
"route_db5d74e859e8bbdd20f0b4ec","route_db5d74e859e8bbdd20f0b4ec.clause.1","1","occ_de6401e3d294605c090cacae","in","[1,2]"
"route_db76cea64113acbe4ed6f872","route_db76cea64113acbe4ed6f872.clause.1","1","occ_29a941be6d07c3783f5cde1a","gte","[2]"
"route_db9aff9a3382a4347621ecb9","route_db9aff9a3382a4347621ecb9.clause.1","1","occ_2e5bd9e4640c5385f15ecafb","equals","[1]"
"route_db9aff9a3382a4347621ecb9","route_db9aff9a3382a4347621ecb9.clause_1","1","occ_2e5bd9e4640c5385f15ecafb","equals","[1]"
"route_dba8649d472fb6b457f15889","route_dba8649d472fb6b457f15889.clause.1","1","occ_4a48296b633ac074df949ef3","in","[1,2,3]"
"route_dbe1e6d6180c55270fad6023","route_dbe1e6d6180c55270fad6023.clause.1","1","occ_8e9680612b301b1ad3ec917e","equals","[1]"
"route_dc0e3d68c3d96e56bd4b567c","route_dc0e3d68c3d96e56bd4b567c.clause.1","1","occ_ecd30735fde510b7ec537c39","equals","[1]"
"route_dc25aaba4a6098f7a88caa25","route_dc25aaba4a6098f7a88caa25.clause_1","1","occ_5971d903b3bd757cba90d21c","equals","[1]"
"route_dc3100e32acc2234cb0758d6","route_dc3100e32acc2234cb0758d6.clause_1","1","occ_8d718e26f353bf26015cb6fa","equals","[2]"
"route_dc3950ecc69108f0e11da395","route_dc3950ecc69108f0e11da395.clause.1","1","occ_77bc0f7ee90213e99008626b","equals","[1]"
"route_dc526b14e19a38869dcd45fb","route_dc526b14e19a38869dcd45fb.clause.1","1","occ_fbc21de4fca9ab3687dc3e92","selected_any","[]"
"route_dc5531d3a5f3c285df154bbd","route_dc5531d3a5f3c285df154bbd.clause.1","1","occ_43287b5326f84bb312ed8f3f","equals","[1]"
"route_dc5d602acb3016b747e7da04","route_dc5d602acb3016b747e7da04.clause.1","1","occ_007d0a34575aaf261cc87497","equals","[1]"
"route_dc6f0afcd1714f7cbb0bef02","route_dc6f0afcd1714f7cbb0bef02.clause.1","1","occ_a8e78a8d63dc251842971114","selected_any","[]"
"route_dcac0721d7e3a01d9e196939","route_dcac0721d7e3a01d9e196939.clause.1","1","occ_b767a16c50d01995c2425d50","equals","[1]"
"route_dccb6f382be3d4eb8ab57fd3","route_dccb6f382be3d4eb8ab57fd3.clause.1","1","occ_a374ed907e174e3da1c1f42f","equals","[1]"
"route_dcfbc4c63f106220e61be987","route_dcfbc4c63f106220e61be987.clause.1","1","occ_0d1dba20cee2835febeca5ae","selected_any","[]"
"route_dcfbc4c63f106220e61be987","route_dcfbc4c63f106220e61be987.clause.10","1","occ_9dd912036794587306fde1ad","selected_any","[]"
"route_dcfbc4c63f106220e61be987","route_dcfbc4c63f106220e61be987.clause.11","1","occ_78cce2c316acdca3a6d551fe","selected_any","[]"
"route_dcfbc4c63f106220e61be987","route_dcfbc4c63f106220e61be987.clause.12","1","occ_c04369ea39ff325034a471fc","selected_any","[]"
"route_dcfbc4c63f106220e61be987","route_dcfbc4c63f106220e61be987.clause.13","1","occ_7ac131f946f2d0cac3544413","selected_any","[]"
"route_dcfbc4c63f106220e61be987","route_dcfbc4c63f106220e61be987.clause.14","1","occ_ae546080240ff480ed6bd9f7","selected_any","[]"
"route_dcfbc4c63f106220e61be987","route_dcfbc4c63f106220e61be987.clause.15","1","occ_f70a8adfb9ec739d48961a90","selected_any","[]"
"route_dcfbc4c63f106220e61be987","route_dcfbc4c63f106220e61be987.clause.16","1","occ_9f845595c3e68cf00b62d43a","selected_any","[]"
"route_dcfbc4c63f106220e61be987","route_dcfbc4c63f106220e61be987.clause.17","1","occ_47b9831ecb734624298a3b7c","selected_any","[]"
"route_dcfbc4c63f106220e61be987","route_dcfbc4c63f106220e61be987.clause.18","1","occ_85b0992ebd32a18dd3d7301d","selected_any","[]"
"route_dcfbc4c63f106220e61be987","route_dcfbc4c63f106220e61be987.clause.19","1","occ_fe6bcc40360d1f149d6b72cb","selected_any","[]"
"route_dcfbc4c63f106220e61be987","route_dcfbc4c63f106220e61be987.clause.2","1","occ_699487055a8e20fa55cb7e87","selected_any","[]"
"route_dcfbc4c63f106220e61be987","route_dcfbc4c63f106220e61be987.clause.20","1","occ_cb5c16beb2fd2a10f5903d46","selected_any","[]"
"route_dcfbc4c63f106220e61be987","route_dcfbc4c63f106220e61be987.clause.21","1","occ_a81010140bbe46ab3cf5e864","selected_any","[]"
"route_dcfbc4c63f106220e61be987","route_dcfbc4c63f106220e61be987.clause.22","1","occ_2f62eecc3c311c2eafe22051","selected_any","[]"
"route_dcfbc4c63f106220e61be987","route_dcfbc4c63f106220e61be987.clause.23","1","occ_d3a960c4d346a61b59dced09","selected_any","[]"
"route_dcfbc4c63f106220e61be987","route_dcfbc4c63f106220e61be987.clause.24","1","occ_dcf68c9af85f84c80b3fb1a9","selected_any","[]"
"route_dcfbc4c63f106220e61be987","route_dcfbc4c63f106220e61be987.clause.25","1","occ_3f5a1464bbdddab1aee5d2d5","selected_any","[]"
"route_dcfbc4c63f106220e61be987","route_dcfbc4c63f106220e61be987.clause.26","1","occ_19a1a38e0e846f950c41ce27","selected_any","[]"
"route_dcfbc4c63f106220e61be987","route_dcfbc4c63f106220e61be987.clause.27","1","occ_dfca47beddd4ddc01cd9341a","selected_any","[]"
"route_dcfbc4c63f106220e61be987","route_dcfbc4c63f106220e61be987.clause.28","1","occ_5e482c8fdecc1b18dc1aec63","selected_any","[]"
"route_dcfbc4c63f106220e61be987","route_dcfbc4c63f106220e61be987.clause.29","1","occ_255e9127e89b91edcb22463f","selected_any","[]"
"route_dcfbc4c63f106220e61be987","route_dcfbc4c63f106220e61be987.clause.3","1","occ_5a214c4081108483d7105029","selected_any","[]"
"route_dcfbc4c63f106220e61be987","route_dcfbc4c63f106220e61be987.clause.30","1","occ_a12225e17f70e376e7e43a3c","selected_any","[]"
"route_dcfbc4c63f106220e61be987","route_dcfbc4c63f106220e61be987.clause.4","1","occ_cf550fedd1a12abc7a998d45","selected_any","[]"
"route_dcfbc4c63f106220e61be987","route_dcfbc4c63f106220e61be987.clause.5","1","occ_d0ee15b7770b9df4e472d1bc","selected_any","[]"
"route_dcfbc4c63f106220e61be987","route_dcfbc4c63f106220e61be987.clause.6","1","occ_a9e754387123b828d981b969","selected_any","[]"
"route_dcfbc4c63f106220e61be987","route_dcfbc4c63f106220e61be987.clause.7","1","occ_1a3232ee9c6476e11158e2ad","selected_any","[]"
"route_dcfbc4c63f106220e61be987","route_dcfbc4c63f106220e61be987.clause.8","1","occ_cce7d6fc651ba2fc126e3f34","selected_any","[]"
"route_dcfbc4c63f106220e61be987","route_dcfbc4c63f106220e61be987.clause.9","1","occ_be3be7bda5c9d0949eb4beb8","selected_any","[]"
"route_dd27d706f65074a61b50e227","route_dd27d706f65074a61b50e227.clause.1","1","occ_38844b41c5d9e349654593b4","in","[2,3]"
"route_dd644a40cdec27ba5434a510","route_dd644a40cdec27ba5434a510.clause.1","1","occ_be5334cd0cd6a45983200bae","in","[2,3]"
"route_dd67f086dd2288b6be9277a3","route_dd67f086dd2288b6be9277a3.clause.1","1","occ_5756aea9d07dc600769b4287","in","[1,2]"
"route_dd722b0feadfebe3e196c2f7","route_dd722b0feadfebe3e196c2f7.clause.1","1","occ_bd144f0c4b138a8d9b057a42","equals","[1]"
"route_dd722b0feadfebe3e196c2f7","route_dd722b0feadfebe3e196c2f7.clause_1","1","occ_bd144f0c4b138a8d9b057a42","equals","[1]"
"route_dd78722f7d3cbbff2b3cb484","route_dd78722f7d3cbbff2b3cb484.clause.1","1","occ_85ff74360c5c22fb6a78a4e2","selected_any","[]"
"route_dd7ab3e2e2447583f507b4b0","route_dd7ab3e2e2447583f507b4b0.clause.1","1","occ_494908fe35d0a1fea322b6f9","equals","[1]"
"route_ddb10aa66779314fb99aa799","route_ddb10aa66779314fb99aa799.clause.1","1","occ_1d21a0d14507f9e4cf759ea9","not_in","[1]"
"route_ddb10aa66779314fb99aa799","route_ddb10aa66779314fb99aa799.clause_1","1","occ_1d21a0d14507f9e4cf759ea9","not_in","[1]"
"route_ddb305d355c967e5741e2e4a","route_ddb305d355c967e5741e2e4a.clause.1","1","occ_1f7f1333741b991e6b1675f8","equals","[1]"
"route_dde2bfe5b879aebaad4a6946","route_dde2bfe5b879aebaad4a6946.clause.1","1","occ_5dec207d1dff4fbd74cd3cb9","in","[1,2,3]"
"route_ddecad3438dab63a9874a652","route_ddecad3438dab63a9874a652.clause.1","1","occ_11f567e617ab7a740395d753","equals","[1]"
"route_de181840d1e2578392dbf7dd","route_de181840d1e2578392dbf7dd.clause.1","1","occ_f6cdbfd92f5e5bb241a2e789","equals","[3]"
"route_de41517ab4dd6f9bd2802f4d","route_de41517ab4dd6f9bd2802f4d.clause.1","1","occ_816ef098672391eb6d454a96","selected_any","[]"
"route_de54a70969285c2f73d270d3","route_de54a70969285c2f73d270d3.clause.1","1","occ_45d936bc6c9d24f773c8a165","selected_any","[]"
"route_de54a70969285c2f73d270d3","route_de54a70969285c2f73d270d3.clause.2","1","occ_ea2bc5df84a504ea3f1acd29","selected_any","[]"
"route_de54a70969285c2f73d270d3","route_de54a70969285c2f73d270d3.clause.3","1","occ_83e6cefa09cd11dc7f349805","selected_any","[]"
"route_de54a70969285c2f73d270d3","route_de54a70969285c2f73d270d3.clause.4","1","occ_742db5a239a963cdadc79165","selected_any","[]"
"route_de5b4b373344bc7d80697d53","route_de5b4b373344bc7d80697d53.clause.1","1","occ_684490fbf27f5f5e7190ae7a","equals","[1]"
"route_de753a0037e53c5ad470185e","route_de753a0037e53c5ad470185e.clause_1","1","occ_37fd52938759ab2c8c9fc0c7","not_in","[1]"
"route_dea46e4b881dbb12e3bf4ed7","route_dea46e4b881dbb12e3bf4ed7.clause.1","1","occ_1abe297a482b8511298e7a0e","gte","[2]"
"route_ded7789ce71d213c7f32f31d","route_ded7789ce71d213c7f32f31d.clause.1","1","occ_219e1224826dec2bea8d7c9e","in","[3,4]"
"route_dee64f65121d112abbd84332","route_dee64f65121d112abbd84332.clause.1","1","occ_f3d9071d616e81a825ce0242","equals","[1]"
"route_df06020374319d776ded0e5f","route_df06020374319d776ded0e5f.clause.1","1","occ_a67ed3f8a7a0aaf7fe539936","in","[2,3,4]"
"route_df0b3ee94caccf3490ba1a87","route_df0b3ee94caccf3490ba1a87.clause.1","1","occ_ba017883304c5839325015ea","gte","[1]"
"route_df0c4cb5830d47b23198e4a2","route_df0c4cb5830d47b23198e4a2.clause.1","1","occ_a0891cd73258435d0ab62ae7","equals","[7]"
"route_df3c85b45482f058ecbb6935","route_df3c85b45482f058ecbb6935.clause.1","1","occ_9fbb3010a75a267f41b2a890","selected_any","[]"
"route_df4df319e7563e4b939b3728","route_df4df319e7563e4b939b3728.clause.1","1","occ_6994b62bd55c7fedfd8475c2","in","[2,3]"
"route_df678090525ea41da7424232","route_df678090525ea41da7424232.clause.1","1","occ_94a0f62b714851a58748ea2c","in","[2,3]"
"route_df841d0a097c9b8d5ab59ba8","route_df841d0a097c9b8d5ab59ba8.clause.1","1","occ_8a52ad037a759b1400598e8a","equals","[3]"
"route_df89ee0687aa1811db746df2","route_df89ee0687aa1811db746df2.clause.1","1","occ_030c488eb9d0de10c847f3f9","gte","[3]"
"route_dfb8024e1755992c6c479b75","route_dfb8024e1755992c6c479b75.clause.1","1","occ_0f42570c96155120ceedbd2a","in","[1,2]"
"route_dfd11e24da2075e08439ce5c","route_dfd11e24da2075e08439ce5c.clause.1","1","occ_d117bac375f07bae7114541b","equals","[1]"
"route_e00ff38920a7695778a4eb02","route_e00ff38920a7695778a4eb02.clause.1","1","occ_7c440841c458bd04ac23241d","equals","[1]"
"route_e016a6fd51f44356acad6e9d","route_e016a6fd51f44356acad6e9d.clause.1","1","occ_9bca49e81eee83952153d7f1","gte","[2]"
"route_e0350ae7c22b0832d2b2fc0a","route_e0350ae7c22b0832d2b2fc0a.clause.1","1","occ_bd6f5370b72a6f28b10fa86d","in","[1,2]"
"route_e05afef47dcc281b7283ef1f","route_e05afef47dcc281b7283ef1f.clause.1","1","occ_0fa2d43f5667ded47af05f77","equals","[4]"
"route_e095e269b008ec84c56f277c","route_e095e269b008ec84c56f277c.clause.1","1","occ_d40bf8377d82c4b0e2ddee73","selected_any","[]"
"route_e095e269b008ec84c56f277c","route_e095e269b008ec84c56f277c.clause.2","1","occ_2abcdf6e099ca531a3b60f36","selected_any","[]"
"route_e095e269b008ec84c56f277c","route_e095e269b008ec84c56f277c.clause.3","1","occ_fd9170d65ae61b824dd79595","selected_any","[]"
"route_e09794e3ecd3df9030a3f72b","route_e09794e3ecd3df9030a3f72b.clause.1","1","occ_637568efbcc61655d03d1174","equals","[1]"
"route_e0d42d237c9dd44bc50b2107","route_e0d42d237c9dd44bc50b2107.clause.1","1","occ_fca5ce8bf9ab809ef9f18d3b","equals","[1]"
"route_e143df24e521c0cf7953652c","route_e143df24e521c0cf7953652c.clause.1","1","occ_229f40f39f4423cfbf265495","equals","[1]"
"route_e14d2f7a0e6b66e20e05ec2d","route_e14d2f7a0e6b66e20e05ec2d.clause.1","1","occ_7323947fb142a666575c1c3c","equals","[2]"
"route_e154a40806339d28658175a2","route_e154a40806339d28658175a2.clause.1","1","occ_180058d3a23f0cf04b371583","in","[1,2,3]"
"route_e17416571329dbd1330b7033","route_e17416571329dbd1330b7033.clause.1","1","occ_979a4df019950664de893f2f","in","[1,2]"
"route_e17416571329dbd1330b7033","route_e17416571329dbd1330b7033.clause_1","1","occ_979a4df019950664de893f2f","in","[1,2]"
"route_e18480d12a359e62fa6327b6","route_e18480d12a359e62fa6327b6.clause.1","1","occ_3ceef0adbca63cfd98947f6a","in","[2,3]"
"route_e1be7994208930bb0ce4a099","route_e1be7994208930bb0ce4a099.clause.1","1","occ_36ac79de0f86eff352a9fb62","in","[1,2,3]"
"route_e1d0704d448d56cec4bf990f","route_e1d0704d448d56cec4bf990f.clause.1","1","occ_1d46ca0fee1d92916e83807b","in","[2,3]"
"route_e1d5cf1f48447356f4f08f43","route_e1d5cf1f48447356f4f08f43.clause.1","1","occ_5756aea9d07dc600769b4287","in","[1,2]"
"route_e1e02d068a169b797af3a0e9","route_e1e02d068a169b797af3a0e9.clause.1","1","occ_cf886583bf491cf0004c6c3c","in","[1,2]"
"route_e21f6b92f2684165d33797f0","route_e21f6b92f2684165d33797f0.clause.1","1","occ_2caad4dcb97965c2f68a86e5","equals","[1]"
"route_e23d9076004e5d35c41d6189","route_e23d9076004e5d35c41d6189.clause.1","1","occ_308351033927e0fcccffe4e5","equals","[1]"
"route_e24757bed84e06c183b35c7c","route_e24757bed84e06c183b35c7c.clause.1","1","occ_43287b5326f84bb312ed8f3f","equals","[1]"
"route_e2d37c99a325f4025912802f","route_e2d37c99a325f4025912802f.clause.1","1","occ_a04aa4b89790fab6c04eebf4","equals","[2]"
"route_e2dd1a282396863631e3670f","route_e2dd1a282396863631e3670f.clause.1","1","occ_40c98f7a837d685596774b98","in","[1,2]"
"route_e2f37c6e11312fd8e2bfdc10","route_e2f37c6e11312fd8e2bfdc10.clause.1","1","occ_b21ab419bb881e5cf24343b1","selected_any","[]"
"route_e2f5d25e2489de0d08e46b93","route_e2f5d25e2489de0d08e46b93.clause.1","1","occ_308351033927e0fcccffe4e5","equals","[1]"
"route_e2fc4c4e57f6576ca42855bf","route_e2fc4c4e57f6576ca42855bf.clause_1","1","occ_3529d77ad0466ac83c643bbb","gte","[1]"
"route_e315125a16b4ed3acf673991","route_e315125a16b4ed3acf673991.clause.1","1","occ_07a85d133d8942dfe31c9bf5","equals","[1]"
"route_e316cd498c5f30be8e360e2f","route_e316cd498c5f30be8e360e2f.clause.1","1","occ_d0519f15408a6a1c56280a01","equals","[2]"
"route_e31755f6531b71e8f517e807","route_e31755f6531b71e8f517e807.clause.1","1","occ_c0f6ebacb42eb1de75446e7d","in","[2,3]"
"route_e32cb8670a93dfaf5f68d894","route_e32cb8670a93dfaf5f68d894.clause_1","1","occ_f816ed659b75ce99d33540d5","equals","[1]"
"route_e32da6d2f8a16b02c65596ed","route_e32da6d2f8a16b02c65596ed.clause.1","1","occ_f129e9935010637622acffc7","selected_any","[]"
"route_e3329c42b7460c3152b074cb","route_e3329c42b7460c3152b074cb.clause.1","1","occ_dc1a9c1e426908c6ed986208","gte","[2]"
"route_e37e09008e204091aa50f355","route_e37e09008e204091aa50f355.clause.1","1","occ_e4d78f07461e1c8c0a3dd228","selected_any","[]"
"route_e38f021f9246cb95334c2114","route_e38f021f9246cb95334c2114.clause.1","1","occ_2f7917764515bfe89a851821","equals","[1]"
"route_e39383c2fce20ce0342b96d4","route_e39383c2fce20ce0342b96d4.clause.1","1","occ_ca8d0a6a0e2f3d9ed2a1409e","equals","[1]"
"route_e3b6fdb38fb0bf8594cbaf9c","route_e3b6fdb38fb0bf8594cbaf9c.clause.1","1","occ_66b3d8463a6e3149e196c88f","selected_any","[]"
"route_e3cf586b07737cdfb4b90cc6","route_e3cf586b07737cdfb4b90cc6.clause.1","1","occ_0f42570c96155120ceedbd2a","in","[1,2]"
"route_e3f02122296ea97c966b1b21","route_e3f02122296ea97c966b1b21.clause_1","1","occ_f1c77220ac6a6e4c8f4aec22","in","[2,3]"
"route_e41a2d24c0e3abe9d9f3611b","route_e41a2d24c0e3abe9d9f3611b.clause.1","1","occ_ff894505c2ad072db001dbfe","equals","[1]"
"route_e41a7fb96208a98b4f4bb2bc","route_e41a7fb96208a98b4f4bb2bc.clause.1","1","occ_8cb9141c09ffba357a38bbac","equals","[1]"
"route_e41a7fb96208a98b4f4bb2bc","route_e41a7fb96208a98b4f4bb2bc.clause_1","1","occ_8cb9141c09ffba357a38bbac","equals","[1]"
"route_e46cf49491f9af03545f53a5","route_e46cf49491f9af03545f53a5.clause_1","1","occ_271840d0b958220079fb4730","equals","[1]"
"route_e46cf49491f9af03545f53a5","route_e46cf49491f9af03545f53a5.clause_1","2","occ_2b11d98d2c3eee6737a52e50","gte","[1]"
"route_e4c572d2ac7b3e013cf552f9","route_e4c572d2ac7b3e013cf552f9.clause.1","1","occ_b9a95b424027e4b7252ff065","equals","[1]"
"route_e50ef83b1e77bcb49d6d6174","route_e50ef83b1e77bcb49d6d6174.clause.1","1","occ_05b9fd5027b070874676fdf6","in","[11,12]"
"route_e51bc3daaeac192209ac1407","route_e51bc3daaeac192209ac1407.clause.1","1","occ_1ff688ddaa71d0c9fedd0a13","equals","[1]"
"route_e541f011d47cd0d281c26ec8","route_e541f011d47cd0d281c26ec8.clause.1","1","occ_df8989e03f158caebe65b2b1","gte","[3]"
"route_e5592328fff1b1189eeb8dea","route_e5592328fff1b1189eeb8dea.clause.1","1","occ_5a788078766a4a84b35b729f","equals","[1]"
"route_e5726c42cc06ef884d1993e1","route_e5726c42cc06ef884d1993e1.clause.1","1","occ_bcc52de7ee9ffb16350ca71a","equals","[1]"
"route_e5a055426a042354a3f041d8","route_e5a055426a042354a3f041d8.clause.1","1","occ_bb908f1f570c8ced9b54ea52","in","[2,3]"
"route_e5aa3f5af24c1605c5bffcef","route_e5aa3f5af24c1605c5bffcef.clause.1","1","occ_99cba1914ad835bdde26b341","selected_any","[]"
"route_e5aa3f5af24c1605c5bffcef","route_e5aa3f5af24c1605c5bffcef.clause.2","1","occ_d06ca7b7454fa12f32f508dc","selected_any","[]"
"route_e5aa3f5af24c1605c5bffcef","route_e5aa3f5af24c1605c5bffcef.clause.3","1","occ_880cf6fb4fc72d05c5f4dc18","selected_any","[]"
"route_e5b5db02c39d1a6a091cbaf2","route_e5b5db02c39d1a6a091cbaf2.clause.1","1","occ_73cc0d72554b863c616c9882","equals","[1]"
"route_e5d6db7df701f1bda8c4155c","route_e5d6db7df701f1bda8c4155c.clause.1","1","occ_f463d2442d6afbd7029e8e8a","equals","[2]"
"route_e5e1bd32a3cc5558e5780420","route_e5e1bd32a3cc5558e5780420.clause.1","1","occ_e3c39cfb6461f46622cec3f5","in","[1,2]"
"route_e62357f8d6bc938d9fc7602f","route_e62357f8d6bc938d9fc7602f.clause.1","1","occ_25d48e8720129d2c2aaa8700","selected_any","[]"
"route_e62357f8d6bc938d9fc7602f","route_e62357f8d6bc938d9fc7602f.clause.2","1","occ_7fc372236a0c83ef868dcf4b","selected_any","[]"
"route_e62357f8d6bc938d9fc7602f","route_e62357f8d6bc938d9fc7602f.clause.3","1","occ_ac71aadc4d5b10b2b7fa516c","selected_any","[]"
"route_e62357f8d6bc938d9fc7602f","route_e62357f8d6bc938d9fc7602f.clause.4","1","occ_53dcf2ac9be07b6bf6816de0","selected_any","[]"
"route_e68279227a551a92e41b1049","route_e68279227a551a92e41b1049.clause.1","1","occ_b45ace28a718b8fd15962b07","equals","[4]"
"route_e6c78f05c938faceddda830b","route_e6c78f05c938faceddda830b.clause.1","1","occ_35c1d068bc46110af560d695","equals","[1]"
"route_e6e0bf3b2ccedc3847a3e6f1","route_e6e0bf3b2ccedc3847a3e6f1.clause.1","1","occ_954a8c06103592cea217ccec","gte","[3]"
"route_e6e3a4b2ad21d9171ddae74c","route_e6e3a4b2ad21d9171ddae74c.clause.1","1","occ_c234902d958ed4c74a83352a","in","[2,3,4]"
"route_e737eb7cf934c4da36e073e3","route_e737eb7cf934c4da36e073e3.clause.1","1","occ_728f8e9598df67aa3b9a4d40","equals","[1]"
"route_e740d0c8c017d0b87e41ed07","route_e740d0c8c017d0b87e41ed07.clause.1","1","occ_5e5087e4fd98a688584c8139","equals","[1]"
"route_e740d0c8c017d0b87e41ed07","route_e740d0c8c017d0b87e41ed07.clause_1","1","occ_5e5087e4fd98a688584c8139","equals","[1]"
"route_e754b5266af41f980edc98d0","route_e754b5266af41f980edc98d0.clause.1","1","occ_7323947fb142a666575c1c3c","equals","[1]"
"route_e7787a0a23429830bd4df548","route_e7787a0a23429830bd4df548.clause.1","1","occ_132fdf3301703954b99d9985","equals","[1]"
"route_e7bfd056d8558b6a3a31b258","route_e7bfd056d8558b6a3a31b258.clause.1","1","occ_4df3a45f0268eef09b51d0e1","selected_any","[]"
"route_e801bacf46df3f7c2e0c3b53","route_e801bacf46df3f7c2e0c3b53.clause.1","1","occ_18d1318c26074aeda5539a95","equals","[2]"
"route_e821a23eddd48e1070becba0","route_e821a23eddd48e1070becba0.clause.1","1","occ_ed736a9bf51d71294340edfd","in","[2,3]"
"route_e82bbf3b73d71a37867ae6f0","route_e82bbf3b73d71a37867ae6f0.clause.1","1","occ_1d6a4f78d0126f1cf4f04339","equals","[1]"
"route_e82bbf3b73d71a37867ae6f0","route_e82bbf3b73d71a37867ae6f0.clause_1","1","occ_1d6a4f78d0126f1cf4f04339","equals","[1]"
"route_e84f8bc18d7b9fa61f5bac6e","route_e84f8bc18d7b9fa61f5bac6e.clause.1","1","occ_baf43cef5d29806c52aa8ea4","selected_any","[]"
"route_e85a6e99127ad3f326059ce3","route_e85a6e99127ad3f326059ce3.clause_1","1","occ_2e8732c531675e5fa4155b16","not_in","[1]"
"route_e87e44141a943545a5ed31f2","route_e87e44141a943545a5ed31f2.clause.1","1","occ_da2cac458e17c9640fb95855","in","[0,1,2,3,4]"
"route_e87e44141a943545a5ed31f2","route_e87e44141a943545a5ed31f2.clause_1","1","occ_da2cac458e17c9640fb95855","in","[0,1,2,3,4]"
"route_e893fff31c93cb6e8d3aa3a7","route_e893fff31c93cb6e8d3aa3a7.clause_1","1","occ_52a21f4e1ad4c321dc5e8ed6","equals","[1]"
"route_e896e78662e107a509d62b1b","route_e896e78662e107a509d62b1b.clause.1","1","occ_832e59853d27cada486b4455","selected_any","[]"
"route_e89e8bbb50f36375639fd50d","route_e89e8bbb50f36375639fd50d.clause.1","1","occ_a67ed3f8a7a0aaf7fe539936","equals","[2]"
"route_e8ae8ecde0c868a487f66c4e","route_e8ae8ecde0c868a487f66c4e.clause.1","1","occ_4a99ec3e71e50d001b555fb0","in","[1,2,3]"
"route_e8b39ccba31d7f5450dd80c6","route_e8b39ccba31d7f5450dd80c6.clause.1","1","occ_37cac3d3035648efa62a740d","gte","[1]"
"route_e8de0923439c21ffc6251c47","route_e8de0923439c21ffc6251c47.clause.1","1","occ_c618750d61fdab9a75aaa9cc","in","[1,2]"
"route_e905b7326c2ebfd67147fda4","route_e905b7326c2ebfd67147fda4.clause.1","1","occ_900a3781b34c307c7b592db8","equals","[1]"
"route_e90948b2eb0dcd324104dd95","route_e90948b2eb0dcd324104dd95.clause_1","1","occ_31dc40d11d7f370e0619c098","gte","[1]"
"route_e945977ff15ee7fd87c3be43","route_e945977ff15ee7fd87c3be43.clause.1","1","occ_6abef9db233a22f45336d637","equals","[1]"
"route_e9686135ca40fa9d1fc08892","route_e9686135ca40fa9d1fc08892.clause.1","1","occ_63b982a189494b4a8e2e9fd0","selected_any","[]"
"route_e97768bf34a1c6eb41278ae9","route_e97768bf34a1c6eb41278ae9.clause.1","1","occ_ed1de70166ff775495ed87a3","selected_any","[]"
"route_e97768bf34a1c6eb41278ae9","route_e97768bf34a1c6eb41278ae9.clause.10","1","occ_cfd3f52432aa076c9c7f9d0e","selected_any","[]"
"route_e97768bf34a1c6eb41278ae9","route_e97768bf34a1c6eb41278ae9.clause.11","1","occ_8d8076d53ef27dc27cc6dd21","selected_any","[]"
"route_e97768bf34a1c6eb41278ae9","route_e97768bf34a1c6eb41278ae9.clause.12","1","occ_ba6ff0dcbdae4f96810c6b9c","selected_any","[]"
"route_e97768bf34a1c6eb41278ae9","route_e97768bf34a1c6eb41278ae9.clause.13","1","occ_87c5b00f02c56cc6712a1549","selected_any","[]"
"route_e97768bf34a1c6eb41278ae9","route_e97768bf34a1c6eb41278ae9.clause.14","1","occ_87dd0607ec305b5bfc1b1efd","selected_any","[]"
"route_e97768bf34a1c6eb41278ae9","route_e97768bf34a1c6eb41278ae9.clause.15","1","occ_e625c30604a945ab560e221b","selected_any","[]"
"route_e97768bf34a1c6eb41278ae9","route_e97768bf34a1c6eb41278ae9.clause.16","1","occ_92799bd3120bd81ecbad4063","selected_any","[]"
"route_e97768bf34a1c6eb41278ae9","route_e97768bf34a1c6eb41278ae9.clause.17","1","occ_890094c53d131d36f242e035","selected_any","[]"
"route_e97768bf34a1c6eb41278ae9","route_e97768bf34a1c6eb41278ae9.clause.18","1","occ_6276f2d1d381fb8dfdfd7826","selected_any","[]"
"route_e97768bf34a1c6eb41278ae9","route_e97768bf34a1c6eb41278ae9.clause.19","1","occ_6291527c1c7c60526ade582e","selected_any","[]"
"route_e97768bf34a1c6eb41278ae9","route_e97768bf34a1c6eb41278ae9.clause.2","1","occ_5815c7e4bfd16e99ae79a374","selected_any","[]"
"route_e97768bf34a1c6eb41278ae9","route_e97768bf34a1c6eb41278ae9.clause.20","1","occ_cc2719179aadc2fa154a8484","selected_any","[]"
"route_e97768bf34a1c6eb41278ae9","route_e97768bf34a1c6eb41278ae9.clause.21","1","occ_5629d3b17726be8f8374f050","selected_any","[]"
"route_e97768bf34a1c6eb41278ae9","route_e97768bf34a1c6eb41278ae9.clause.22","1","occ_70afbf712ea570bd3e48a4af","selected_any","[]"
"route_e97768bf34a1c6eb41278ae9","route_e97768bf34a1c6eb41278ae9.clause.23","1","occ_d9136fbd9f97926d567403ce","selected_any","[]"
"route_e97768bf34a1c6eb41278ae9","route_e97768bf34a1c6eb41278ae9.clause.24","1","occ_2ab59618ed880a6b30cbb95f","selected_any","[]"
"route_e97768bf34a1c6eb41278ae9","route_e97768bf34a1c6eb41278ae9.clause.25","1","occ_9167b8c0649907ffc0fc799d","selected_any","[]"
"route_e97768bf34a1c6eb41278ae9","route_e97768bf34a1c6eb41278ae9.clause.26","1","occ_b7c2f3d548b9b9de8591af2e","selected_any","[]"
"route_e97768bf34a1c6eb41278ae9","route_e97768bf34a1c6eb41278ae9.clause.27","1","occ_31843f13741e9baa42d5ad2e","selected_any","[]"
"route_e97768bf34a1c6eb41278ae9","route_e97768bf34a1c6eb41278ae9.clause.3","1","occ_413488f63f21aa51237b9697","selected_any","[]"
"route_e97768bf34a1c6eb41278ae9","route_e97768bf34a1c6eb41278ae9.clause.4","1","occ_febdbf365544f43b7a5e71b5","selected_any","[]"
"route_e97768bf34a1c6eb41278ae9","route_e97768bf34a1c6eb41278ae9.clause.5","1","occ_337dc1ba4a89b91d5fbc462b","selected_any","[]"
"route_e97768bf34a1c6eb41278ae9","route_e97768bf34a1c6eb41278ae9.clause.6","1","occ_802ed0468c472074b88d4525","selected_any","[]"
"route_e97768bf34a1c6eb41278ae9","route_e97768bf34a1c6eb41278ae9.clause.7","1","occ_fa3a84dc441f94f48daf3a1e","selected_any","[]"
"route_e97768bf34a1c6eb41278ae9","route_e97768bf34a1c6eb41278ae9.clause.8","1","occ_185603baa36b66f894b72293","selected_any","[]"
"route_e97768bf34a1c6eb41278ae9","route_e97768bf34a1c6eb41278ae9.clause.9","1","occ_02c4e3055233e060f11169d3","selected_any","[]"
"route_e981b691091146bf3a2e0e8e","route_e981b691091146bf3a2e0e8e.clause.1","1","occ_efff5faecd6c9bb36d88f799","equals","[7]"
"route_e98f506933b8f6026b3896b3","route_e98f506933b8f6026b3896b3.clause_1","1","occ_b43b5eacd0940306eba1de07","selected_any","[]"
"route_e9967a6e8a605e1829a2bc53","route_e9967a6e8a605e1829a2bc53.clause.1","1","occ_ef0df70502d7eac528c742d0","in","[1,2,3]"
"route_e996cf4f7df43fa14d2a77fc","route_e996cf4f7df43fa14d2a77fc.clause.1","1","occ_39bca43a880e7f63cbb455a3","selected_any","[]"
"route_e9c681a8ec7baafc457efa64","route_e9c681a8ec7baafc457efa64.clause.1","1","occ_7c2a028e77fde5b2f756855e","in","[1,2]"
"route_e9df7517da31ddd455a3c209","route_e9df7517da31ddd455a3c209.clause_1","1","occ_90ff18d87d4bb6efb5d84fc6","gte","[1]"
"route_e9df7517da31ddd455a3c209","route_e9df7517da31ddd455a3c209.clause_1","2","occ_8420fd05e269470582c93714","selected_any","[]"
"route_ea1635a1079bc9b8b8c96eb0","route_ea1635a1079bc9b8b8c96eb0.clause.1","1","occ_ded1a7297d93c0c4781173e1","selected_any","[]"
"route_ea2a37d1471022899c0e926b","route_ea2a37d1471022899c0e926b.clause.1","1","occ_a170810f0fb80de75366e0c5","in","[1,2,3]"
"route_ea5408cb1523047ec534d514","route_ea5408cb1523047ec534d514.clause.1","1","occ_44f01de76666d6863012e593","equals","[2]"
"route_ea5c8799673f9d696d844574","route_ea5c8799673f9d696d844574.clause.1","1","occ_276c52c0ea541a59a43089ff","equals","[1]"
"route_ea706f17acd632d108a30f13","route_ea706f17acd632d108a30f13.clause.1","1","occ_58f31bd1e8343e3379b19334","in","[1,2,3]"
"route_ea92415b933c70030308b617","route_ea92415b933c70030308b617.clause.1","1","occ_58c126a8d0417353910ad0e4","in","[2,3]"
"route_eab6faff5a246fcd2d406498","route_eab6faff5a246fcd2d406498.clause.1","1","occ_a414bf3fa4850fbee404802e","equals","[1]"
"route_ead0a765a8977f7a23e7fe82","route_ead0a765a8977f7a23e7fe82.clause.1","1","occ_9416a7377781d575086a99d8","selected_any","[]"
"route_ead0a765a8977f7a23e7fe82","route_ead0a765a8977f7a23e7fe82.clause.2","1","occ_c4e93d9cf1dbb58c357e5f02","selected_any","[]"
"route_ead0a765a8977f7a23e7fe82","route_ead0a765a8977f7a23e7fe82.clause.3","1","occ_037fce167df0555f63175178","selected_any","[]"
"route_eb1fb524518742716d7e092e","route_eb1fb524518742716d7e092e.clause.1","1","occ_c9c7826fccac411044a4b62c","selected_any","[]"
"route_eb1fb524518742716d7e092e","route_eb1fb524518742716d7e092e.clause.10","1","occ_bf9aae860b84410b4f06efac","selected_any","[]"
"route_eb1fb524518742716d7e092e","route_eb1fb524518742716d7e092e.clause.11","1","occ_7e9948d6d3738d071923a2bc","selected_any","[]"
"route_eb1fb524518742716d7e092e","route_eb1fb524518742716d7e092e.clause.12","1","occ_9cbf4736e4f37b6d1b136bd4","selected_any","[]"
"route_eb1fb524518742716d7e092e","route_eb1fb524518742716d7e092e.clause.13","1","occ_7f68e42126525782a70bc768","selected_any","[]"
"route_eb1fb524518742716d7e092e","route_eb1fb524518742716d7e092e.clause.14","1","occ_1a3dae633d872b771c92b70a","selected_any","[]"
"route_eb1fb524518742716d7e092e","route_eb1fb524518742716d7e092e.clause.15","1","occ_7b60213b2260dfd494bec957","selected_any","[]"
"route_eb1fb524518742716d7e092e","route_eb1fb524518742716d7e092e.clause.16","1","occ_6469fffb3e4c0510c44b805b","selected_any","[]"
"route_eb1fb524518742716d7e092e","route_eb1fb524518742716d7e092e.clause.17","1","occ_4c623a4152f5740bc9c1149d","selected_any","[]"
"route_eb1fb524518742716d7e092e","route_eb1fb524518742716d7e092e.clause.18","1","occ_33806eced3d8d7770f141b72","selected_any","[]"
"route_eb1fb524518742716d7e092e","route_eb1fb524518742716d7e092e.clause.19","1","occ_180ac7532e47836fc3ffd318","selected_any","[]"
"route_eb1fb524518742716d7e092e","route_eb1fb524518742716d7e092e.clause.2","1","occ_cce4fad6aeb9d685ee0f8011","selected_any","[]"
"route_eb1fb524518742716d7e092e","route_eb1fb524518742716d7e092e.clause.20","1","occ_da60b0543e9b83ccb8eb7f5c","selected_any","[]"
"route_eb1fb524518742716d7e092e","route_eb1fb524518742716d7e092e.clause.21","1","occ_e95af0cc18b6b6a67faaf989","selected_any","[]"
"route_eb1fb524518742716d7e092e","route_eb1fb524518742716d7e092e.clause.22","1","occ_6cdbcb0f3d6b56216400bcd0","selected_any","[]"
"route_eb1fb524518742716d7e092e","route_eb1fb524518742716d7e092e.clause.23","1","occ_a5d83bea949201e78c2d8cc9","selected_any","[]"
"route_eb1fb524518742716d7e092e","route_eb1fb524518742716d7e092e.clause.24","1","occ_1693a74e28c97ca90b7a0055","selected_any","[]"
"route_eb1fb524518742716d7e092e","route_eb1fb524518742716d7e092e.clause.25","1","occ_8f5963a8c5d88eb788264ea5","selected_any","[]"
"route_eb1fb524518742716d7e092e","route_eb1fb524518742716d7e092e.clause.26","1","occ_7d4c3b8d5655aa4674ac9fff","selected_any","[]"
"route_eb1fb524518742716d7e092e","route_eb1fb524518742716d7e092e.clause.27","1","occ_27a0149ffd56e1754fa2b3d0","selected_any","[]"
"route_eb1fb524518742716d7e092e","route_eb1fb524518742716d7e092e.clause.28","1","occ_5f314f794b46b59af122a304","selected_any","[]"
"route_eb1fb524518742716d7e092e","route_eb1fb524518742716d7e092e.clause.29","1","occ_016078944941bd00c036a43d","selected_any","[]"
"route_eb1fb524518742716d7e092e","route_eb1fb524518742716d7e092e.clause.3","1","occ_a1ba30c99691610178b055a8","selected_any","[]"
"route_eb1fb524518742716d7e092e","route_eb1fb524518742716d7e092e.clause.4","1","occ_91dc4f14f361b659cbf1c134","selected_any","[]"
"route_eb1fb524518742716d7e092e","route_eb1fb524518742716d7e092e.clause.5","1","occ_8933b03f6568564125689dab","selected_any","[]"
"route_eb1fb524518742716d7e092e","route_eb1fb524518742716d7e092e.clause.6","1","occ_31fdd08dc560edae2fcdd0ab","selected_any","[]"
"route_eb1fb524518742716d7e092e","route_eb1fb524518742716d7e092e.clause.7","1","occ_7fa32967e1288a3f10900b91","selected_any","[]"
"route_eb1fb524518742716d7e092e","route_eb1fb524518742716d7e092e.clause.8","1","occ_758d43af83ed3faf6b0bd62b","selected_any","[]"
"route_eb1fb524518742716d7e092e","route_eb1fb524518742716d7e092e.clause.9","1","occ_e1440374e88d4557ef9b1e89","selected_any","[]"
"route_eb40567b9c07e52fca60eb64","route_eb40567b9c07e52fca60eb64.clause.1","1","occ_dcca8b33d4dae48747451e9d","equals","[1]"
"route_eb4c50604592bb560e149c07","route_eb4c50604592bb560e149c07.clause.1","1","occ_d1a12cc831cf42a0b5caa6f8","equals","[1]"
"route_eb537e325366d24a2045d0f3","route_eb537e325366d24a2045d0f3.clause.1","1","occ_51b5195e60846a90aac94ea7","selected_any","[]"
"route_eb537e325366d24a2045d0f3","route_eb537e325366d24a2045d0f3.clause.2","1","occ_1be246850cdb76117ec7a65a","selected_any","[]"
"route_eb537e325366d24a2045d0f3","route_eb537e325366d24a2045d0f3.clause.3","1","occ_33f6c1a0ad4165d4ae0c90d3","selected_any","[]"
"route_eb537e325366d24a2045d0f3","route_eb537e325366d24a2045d0f3.clause.4","1","occ_2dabe355de503015beab81f0","selected_any","[]"
"route_eb67e7551f7a0c1c293523a5","route_eb67e7551f7a0c1c293523a5.clause.1","1","occ_f44bea045b2666425c31d51b","selected_any","[]"
"route_eb67e7551f7a0c1c293523a5","route_eb67e7551f7a0c1c293523a5.clause.10","1","occ_f959c8929b1631b556579728","selected_any","[]"
"route_eb67e7551f7a0c1c293523a5","route_eb67e7551f7a0c1c293523a5.clause.11","1","occ_18b584312ba1435782ea3e43","selected_any","[]"
"route_eb67e7551f7a0c1c293523a5","route_eb67e7551f7a0c1c293523a5.clause.12","1","occ_9572de54913c743f685f64ae","selected_any","[]"
"route_eb67e7551f7a0c1c293523a5","route_eb67e7551f7a0c1c293523a5.clause.13","1","occ_2e180057e6e465027b9976a4","selected_any","[]"
"route_eb67e7551f7a0c1c293523a5","route_eb67e7551f7a0c1c293523a5.clause.14","1","occ_0cb00e27f7f9af3ce21a6cc2","selected_any","[]"
"route_eb67e7551f7a0c1c293523a5","route_eb67e7551f7a0c1c293523a5.clause.15","1","occ_92cad630f52c828039a582a5","selected_any","[]"
"route_eb67e7551f7a0c1c293523a5","route_eb67e7551f7a0c1c293523a5.clause.16","1","occ_33f20bf9b668a5696bd638ff","selected_any","[]"
"route_eb67e7551f7a0c1c293523a5","route_eb67e7551f7a0c1c293523a5.clause.17","1","occ_743db651ae0905ab31e30003","selected_any","[]"
"route_eb67e7551f7a0c1c293523a5","route_eb67e7551f7a0c1c293523a5.clause.18","1","occ_b89d331ac9f8ac3df744edd3","selected_any","[]"
"route_eb67e7551f7a0c1c293523a5","route_eb67e7551f7a0c1c293523a5.clause.19","1","occ_d01383509aadac632570a981","selected_any","[]"
"route_eb67e7551f7a0c1c293523a5","route_eb67e7551f7a0c1c293523a5.clause.2","1","occ_4e8cc3df50dc30bd1df6ce46","selected_any","[]"
"route_eb67e7551f7a0c1c293523a5","route_eb67e7551f7a0c1c293523a5.clause.20","1","occ_2972fc56a2771e5625f37be3","selected_any","[]"
"route_eb67e7551f7a0c1c293523a5","route_eb67e7551f7a0c1c293523a5.clause.21","1","occ_110274dbc136b00c08268b11","selected_any","[]"
"route_eb67e7551f7a0c1c293523a5","route_eb67e7551f7a0c1c293523a5.clause.22","1","occ_3426393b1dd4b91c83ccda7f","selected_any","[]"
"route_eb67e7551f7a0c1c293523a5","route_eb67e7551f7a0c1c293523a5.clause.23","1","occ_a70be2d05fe1a04371dcaf70","selected_any","[]"
"route_eb67e7551f7a0c1c293523a5","route_eb67e7551f7a0c1c293523a5.clause.24","1","occ_b700aa6c08aff942c3cbf4a0","selected_any","[]"
"route_eb67e7551f7a0c1c293523a5","route_eb67e7551f7a0c1c293523a5.clause.25","1","occ_ab6076791b2721834549cdda","selected_any","[]"
"route_eb67e7551f7a0c1c293523a5","route_eb67e7551f7a0c1c293523a5.clause.26","1","occ_f84c6dd5f7dfb7dc6baee9f4","selected_any","[]"
"route_eb67e7551f7a0c1c293523a5","route_eb67e7551f7a0c1c293523a5.clause.27","1","occ_995120a1514f4318940f064d","selected_any","[]"
"route_eb67e7551f7a0c1c293523a5","route_eb67e7551f7a0c1c293523a5.clause.28","1","occ_c024becd3f67c52994c5f443","selected_any","[]"
"route_eb67e7551f7a0c1c293523a5","route_eb67e7551f7a0c1c293523a5.clause.29","1","occ_3f11ee36d1d2054d6f93aeae","selected_any","[]"
"route_eb67e7551f7a0c1c293523a5","route_eb67e7551f7a0c1c293523a5.clause.3","1","occ_3447b34973aaf48320e5295a","selected_any","[]"
"route_eb67e7551f7a0c1c293523a5","route_eb67e7551f7a0c1c293523a5.clause.30","1","occ_554ea2b366841131f1a8d8d9","selected_any","[]"
"route_eb67e7551f7a0c1c293523a5","route_eb67e7551f7a0c1c293523a5.clause.4","1","occ_8399320349cc9c57d0e01b10","selected_any","[]"
"route_eb67e7551f7a0c1c293523a5","route_eb67e7551f7a0c1c293523a5.clause.5","1","occ_ec7e2069f49890da6aaafcc5","selected_any","[]"
"route_eb67e7551f7a0c1c293523a5","route_eb67e7551f7a0c1c293523a5.clause.6","1","occ_4b11b2f24c4ac54c2c050ada","selected_any","[]"
"route_eb67e7551f7a0c1c293523a5","route_eb67e7551f7a0c1c293523a5.clause.7","1","occ_24a8fd0b0c00d540e6b61b77","selected_any","[]"
"route_eb67e7551f7a0c1c293523a5","route_eb67e7551f7a0c1c293523a5.clause.8","1","occ_117160885b9d2f03c7ed6b73","selected_any","[]"
"route_eb67e7551f7a0c1c293523a5","route_eb67e7551f7a0c1c293523a5.clause.9","1","occ_3019f0835b2e99499e5a9bbf","selected_any","[]"
"route_eb88bb91a17e991a3ea71d49","route_eb88bb91a17e991a3ea71d49.clause.1","1","occ_a81039aceea7e57f0d9234db","in","[2,3]"
"route_eb9eb630fc47973e8ab47626","route_eb9eb630fc47973e8ab47626.clause.1","1","occ_c4b253d706e263fc1df70447","in","[1,2,3]"
"route_ebb2db80b53955ed20a6f262","route_ebb2db80b53955ed20a6f262.clause.1","1","occ_ca521d1f9a6df95ec09d90d5","equals","[1]"
"route_ebd4ba56d07d0b661b673395","route_ebd4ba56d07d0b661b673395.clause.1","1","occ_47fad865e98da79af159d87c","equals","[1]"
"route_ebdb0187fab6bb338b8ee795","route_ebdb0187fab6bb338b8ee795.clause.1","1","occ_a6305d0ebd3d0f8d5f5203ad","equals","[1]"
"route_ec18b273f7f3d9c0116b7689","route_ec18b273f7f3d9c0116b7689.clause.1","1","occ_43a4567a9c23499c715528d0","selected_any","[]"
"route_ec422941c4cb347b813e7f32","route_ec422941c4cb347b813e7f32.clause.1","1","occ_46dbe34107577a12f0bbb89b","in","[2,3]"
"route_ec473c72d161a4e5e574229d","route_ec473c72d161a4e5e574229d.clause.1","1","occ_ce3457a1ccf814420c086e24","equals","[2]"
"route_ec49034ca31aa0d25b3371af","route_ec49034ca31aa0d25b3371af.clause_1","1","occ_47af19139624f2e21e855b64","equals","[1]"
"route_ec6e4a5d450b7296d8098078","route_ec6e4a5d450b7296d8098078.clause.1","1","occ_a9f10b39ea7ee6cf16b59e0e","equals","[1]"
"route_ec70b6bdd2dafdeba9474de4","route_ec70b6bdd2dafdeba9474de4.clause.1","1","occ_e28b6dfa353ac9770afc28ab","equals","[1]"
"route_ec8840509c03177c01060374","route_ec8840509c03177c01060374.clause.1","1","occ_23e4a509d565a8f927289d91","in","[2,3]"
"route_eca3f16fd3879483da57727a","route_eca3f16fd3879483da57727a.clause.1","1","occ_10bd4165e564be9ccbc5c8c2","selected_any","[]"
"route_ed0c719cb4f5eb13a40bbaa7","route_ed0c719cb4f5eb13a40bbaa7.clause.1","1","occ_7d80b66f95dcb9778d9de310","equals","[1]"
"route_ed1c9f51fdea804d884036cd","route_ed1c9f51fdea804d884036cd.clause.1","1","occ_cc935036823369b7977aa1c6","gte","[2]"
"route_ed29e82ef85b84f807e3c835","route_ed29e82ef85b84f807e3c835.clause.1","1","occ_5b57149f44f393c733c4d75b","in","[1,2,3]"
"route_ed29e82ef85b84f807e3c835","route_ed29e82ef85b84f807e3c835.clause_1","1","occ_5b57149f44f393c733c4d75b","in","[1,2,3]"
"route_ed360e10f1c0d9e1b3347fff","route_ed360e10f1c0d9e1b3347fff.clause.1","1","occ_3001fe3af1264a673ce8eba8","equals","[1]"
"route_ed5ce0f14ffe281ccae60c39","route_ed5ce0f14ffe281ccae60c39.clause_1","1","occ_19872efdb4e691e4c49ab231","equals","[1]"
"route_ed5ce0f14ffe281ccae60c39","route_ed5ce0f14ffe281ccae60c39.clause_1","2","occ_4aa8c39e7e5064abfa3af2f4","lt","[3]"
"route_ed6067b9f60e0154921ef5a7","route_ed6067b9f60e0154921ef5a7.clause.1","1","occ_90ebd6090efaebb9528ae27c","in","[2,3]"
"route_ed6c358c38e341ebd7ce6f7d","route_ed6c358c38e341ebd7ce6f7d.clause.1","1","occ_5c8f843a65bb0b41fb23bd6d","equals","[2]"
"route_ed8bb3881e60fb085b841d9b","route_ed8bb3881e60fb085b841d9b.clause.1","1","occ_ce48c1420528a66579a1cd0a","equals","[1]"
"route_edab35f9d76956802a99b9d1","route_edab35f9d76956802a99b9d1.clause.1","1","occ_9c80c83064024245e1e8c65a","selected_any","[]"
"route_edb928dbbd8b5ef44f2dd10e","route_edb928dbbd8b5ef44f2dd10e.clause.1","1","occ_23e3622100295b03dbbe16a9","selected_any","[]"
"route_edbb7d95390731527c7c893e","route_edbb7d95390731527c7c893e.clause.1","1","occ_e9cd176ec4515e17ca428b7b","gte","[1]"
"route_edbd3d3d34754cd07e01824f","route_edbd3d3d34754cd07e01824f.clause.1","1","occ_c435d6ad1c46a56b287f4563","equals","[1]"
"route_edcf48ed802fe6caa09609cf","route_edcf48ed802fe6caa09609cf.clause.1","1","occ_4a99ec3e71e50d001b555fb0","in","[1,2,3]"
"route_edd3ea187d782a855607790c","route_edd3ea187d782a855607790c.clause.1","1","occ_fcab900d3bc22322a9b63a25","equals","[1]"
"route_ee39bf3035821563fd4436a0","route_ee39bf3035821563fd4436a0.clause.1","1","occ_d68dca14c5774d617e3197e0","equals","[1]"
"route_eebed9354be8ae50c2ce8361","route_eebed9354be8ae50c2ce8361.clause.1","1","occ_f32bd68cd23b0516f3478169","equals","[1]"
"route_ef1818aae6f1ac88ef5038a7","route_ef1818aae6f1ac88ef5038a7.clause.1","1","occ_99e2f0aa79cae0be050e2917","in","[1,2]"
"route_ef463389783b4fa2e36b9ea1","route_ef463389783b4fa2e36b9ea1.clause.1","1","occ_275678d6908b64795c20ee2f","selected_any","[]"
"route_ef5c6d91cd41d740348bc68e","route_ef5c6d91cd41d740348bc68e.clause_1","1","occ_19872efdb4e691e4c49ab231","equals","[1]"
"route_ef5c6d91cd41d740348bc68e","route_ef5c6d91cd41d740348bc68e.clause_1","2","occ_4aa8c39e7e5064abfa3af2f4","lt","[3]"
"route_ef623d190595969b634d3005","route_ef623d190595969b634d3005.clause.1","1","occ_87974b7ca22b14ce4669c8bf","selected_any","[]"
"route_ef8b77ac986af0ac9868cf13","route_ef8b77ac986af0ac9868cf13.clause.1","1","occ_ed5dbf4f3440b8161d9f824b","selected_any","[]"
"route_ef8b77ac986af0ac9868cf13","route_ef8b77ac986af0ac9868cf13.clause.2","1","occ_af83c4cc8c2d36af3b2773e8","selected_any","[]"
"route_ef8b77ac986af0ac9868cf13","route_ef8b77ac986af0ac9868cf13.clause.3","1","occ_0202c0972f9140613700216a","selected_any","[]"
"route_ef8b77ac986af0ac9868cf13","route_ef8b77ac986af0ac9868cf13.clause.4","1","occ_5cb11e1b0efa97a6f3d04bec","selected_any","[]"
"route_ef9d49f97bd611c36c3da6c8","route_ef9d49f97bd611c36c3da6c8.clause.1","1","occ_6508ccd7f8dc3a3661f1e869","selected_any","[]"
"route_efa96a2d00c45e4cea184396","route_efa96a2d00c45e4cea184396.clause.1","1","occ_35c1d068bc46110af560d695","equals","[2]"
"route_efbbb0447dfee13152ddbd2f","route_efbbb0447dfee13152ddbd2f.clause.1","1","occ_34ed3dbaa6cdde221df15ac9","equals","[1]"
"route_efd2ed2ee97ba5e7525b80b2","route_efd2ed2ee97ba5e7525b80b2.clause.1","1","occ_fcc33068d705f486fb5cc295","selected_any","[]"
"route_efeb53f83153a6f216025abe","route_efeb53f83153a6f216025abe.clause.1","1","occ_a455a5b7c28419e489659497","equals","[1]"
"route_f04981fd634201cc84c054a4","route_f04981fd634201cc84c054a4.clause.1","1","occ_165a3a3452dda9ba6b803cf0","equals","[1]"
"route_f069c78437cc2e79ef8845eb","route_f069c78437cc2e79ef8845eb.clause.1","1","occ_219e1224826dec2bea8d7c9e","in","[2,3,4]"
"route_f07117d78c03baa62eed02c1","route_f07117d78c03baa62eed02c1.clause.1","1","occ_693b0c00a76c35bae2a3e211","equals","[1]"
"route_f084abb93eef56e1858107c0","route_f084abb93eef56e1858107c0.clause.1","1","occ_c5eedc67605d0d9008185777","equals","[1]"
"route_f0aaba68320525321a0ad429","route_f0aaba68320525321a0ad429.clause.1","1","occ_bcafad313a770cd0298ced41","in","[3,4]"
"route_f0c8e348e8b30acaebf9b72c","route_f0c8e348e8b30acaebf9b72c.clause.1","1","occ_3a592702159d40121c5b20f8","equals","[1]"
"route_f0ceed52475daba30585c100","route_f0ceed52475daba30585c100.clause.1","1","occ_12cda237f0680f8ed885537f","equals","[1]"
"route_f10790cabdfe46fed4399163","route_f10790cabdfe46fed4399163.clause.1","1","occ_180058d3a23f0cf04b371583","equals","[7]"
"route_f15078b377fde2ae4082e62a","route_f15078b377fde2ae4082e62a.clause.1","1","occ_7b2200c089296d8c3c227766","gte","[1]"
"route_f15dd67992b68ab4017a413a","route_f15dd67992b68ab4017a413a.clause.1","1","occ_a374ed907e174e3da1c1f42f","equals","[1]"
"route_f1d24fe26cdd43ffeb9e80bf","route_f1d24fe26cdd43ffeb9e80bf.clause.1","1","occ_eca3486e6111e6d13d68a90e","selected_any","[]"
"route_f255531ab56e9529a2c066ac","route_f255531ab56e9529a2c066ac.clause.1","1","occ_ae4ecc530b47cb6f677668a9","equals","[1]"
"route_f2a857cf92c80bd5cf75a883","route_f2a857cf92c80bd5cf75a883.clause.1","1","occ_19872efdb4e691e4c49ab231","equals","[1]"
"route_f2a857cf92c80bd5cf75a883","route_f2a857cf92c80bd5cf75a883.clause_1","1","occ_19872efdb4e691e4c49ab231","equals","[1]"
"route_f362b40e0eb4fe4b28fd6280","route_f362b40e0eb4fe4b28fd6280.clause.1","1","occ_b857e43eec61200201ac07c9","in","[2,3]"
"route_f362b40e0eb4fe4b28fd6280","route_f362b40e0eb4fe4b28fd6280.clause_1","1","occ_b857e43eec61200201ac07c9","in","[2,3]"
"route_f379ebeb3c26a0cb50ab140d","route_f379ebeb3c26a0cb50ab140d.clause.1","1","occ_63f9287e683c894c5cc00773","gte","[1]"
"route_f38a6bd445d2a7a8e50d7c1b","route_f38a6bd445d2a7a8e50d7c1b.clause.1","1","occ_258f1f55ba85bf6826b4b687","selected_any","[]"
"route_f38a6bd445d2a7a8e50d7c1b","route_f38a6bd445d2a7a8e50d7c1b.clause.2","1","occ_257188c6bd1c8939971e9f33","selected_any","[]"
"route_f38a6bd445d2a7a8e50d7c1b","route_f38a6bd445d2a7a8e50d7c1b.clause.3","1","occ_617581eed39a59e5b234ea3b","selected_any","[]"
"route_f38f448a030ca46b469b8afe","route_f38f448a030ca46b469b8afe.clause.1","1","occ_ea4736b4dc5eca4d4a0fc310","in","[2,3]"
"route_f3e01452a6cfa650f40731ef","route_f3e01452a6cfa650f40731ef.clause.1","1","occ_42c388b101020046cc841477","in","[1,2,3]"
"route_f440e73143de29528aef69d9","route_f440e73143de29528aef69d9.clause.1","1","occ_0893d573317232e7965c92f3","in","[1,2,3]"
"route_f463a5d1829caf06bf0af345","route_f463a5d1829caf06bf0af345.clause.1","1","occ_3fe712046826c8d34599fe21","equals","[2]"
"route_f469d5f66584d55f9ea3b402","route_f469d5f66584d55f9ea3b402.clause.1","1","occ_279ac394606e9bf50c8a658a","equals","[1]"
"route_f4b07950d0b07b2cf0d73ac0","route_f4b07950d0b07b2cf0d73ac0.clause.1","1","occ_19e03004ac4af1926169208d","gte","[2]"
"route_f50f98d9fab6ba3e526f4cca","route_f50f98d9fab6ba3e526f4cca.clause.1","1","occ_3d27b824c7b0ab648e58ba83","equals","[1]"
"route_f511e6162ed7d8c31c8704ce","route_f511e6162ed7d8c31c8704ce.clause.1","1","occ_df488366f48af541ce77d544","equals","[1]"
"route_f5298e89b2c655598a087166","route_f5298e89b2c655598a087166.clause.1","1","occ_9b7c442da327cbb9d70964f8","equals","[1]"
"route_f54eb97073ea11c61a04d500","route_f54eb97073ea11c61a04d500.clause.1","1","occ_af0289b664629fc1cc49052b","equals","[1]"
"route_f550aef2d8abde127314d83e","route_f550aef2d8abde127314d83e.clause_1","1","occ_07ae0ace0097d5d7a48dda29","gte","[2]"
"route_f557b0d6d72cac184d881f53","route_f557b0d6d72cac184d881f53.clause.1","1","occ_11f567e617ab7a740395d753","equals","[1]"
"route_f5957c1ad9ec0071f0480cf5","route_f5957c1ad9ec0071f0480cf5.clause.1","1","occ_b857e43eec61200201ac07c9","equals","[1]"
"route_f5957c1ad9ec0071f0480cf5","route_f5957c1ad9ec0071f0480cf5.clause_1","1","occ_b857e43eec61200201ac07c9","equals","[1]"
"route_f5c06ab069568734c69a1b5c","route_f5c06ab069568734c69a1b5c.clause.1","1","occ_637568efbcc61655d03d1174","equals","[1]"
"route_f5c14cfd3c9e6b2d856843ed","route_f5c14cfd3c9e6b2d856843ed.clause.1","1","occ_fe3762897205bce29cfb4d79","equals","[2]"
"route_f5d879487a66525094fb858b","route_f5d879487a66525094fb858b.clause.1","1","occ_141753c1e0efdf2f5b9091bc","equals","[1]"
"route_f5d879487a66525094fb858b","route_f5d879487a66525094fb858b.clause_1","1","occ_141753c1e0efdf2f5b9091bc","equals","[1]"
"route_f5f8f5b8d1fec24e1d2209bd","route_f5f8f5b8d1fec24e1d2209bd.clause.1","1","occ_a582882093ca714eb7c237b8","equals","[1]"
"route_f684f392d3d8f8b411f7b41a","route_f684f392d3d8f8b411f7b41a.clause.1","1","occ_31f5d0598263bc4289afaf28","equals","[1]"
"route_f6933e04994be11af6e84ae7","route_f6933e04994be11af6e84ae7.clause.1","1","occ_1456a46a44bf48e06c7350d1","equals","[1]"
"route_f69e836c0de3c5a18b87d5f4","route_f69e836c0de3c5a18b87d5f4.clause.1","1","occ_7733845840be46eb589289fd","equals","[4]"
"route_f7011ab8b9a51e7545e95aa4","route_f7011ab8b9a51e7545e95aa4.clause.1","1","occ_bb908f1f570c8ced9b54ea52","equals","[1]"
"route_f70c13bf35f7d0e1193e11fe","route_f70c13bf35f7d0e1193e11fe.clause.1","1","occ_b9a95b424027e4b7252ff065","in","[2,3,4]"
"route_f72455b610d2c2817878d068","route_f72455b610d2c2817878d068.clause.1","1","occ_313a5295d9d50e3e989f417d","equals","[1]"
"route_f73d23740e7be88017310f0d","route_f73d23740e7be88017310f0d.clause.1","1","occ_c7f66f299f6107852b5062b8","gte","[3]"
"route_f756c5c9acc94312d05d9bb7","route_f756c5c9acc94312d05d9bb7.clause.1","1","occ_f8ba95d179c626fdeb24436d","selected_any","[]"
"route_f773f0c6e883598fbf024214","route_f773f0c6e883598fbf024214.clause.1","1","occ_17ae143596ec7036f0a1e52a","gte","[1]"
"route_f7aee97d46c94c1c5a6b01e3","route_f7aee97d46c94c1c5a6b01e3.clause.1","1","occ_cb1a60022f44f46e3484bdd7","equals","[2]"
"route_f7d4cde31e9b756b3b7afa61","route_f7d4cde31e9b756b3b7afa61.clause.1","1","occ_c759b9769736aae8f24652b8","equals","[7]"
"route_f81b49a870a32c4dca0a9a22","route_f81b49a870a32c4dca0a9a22.clause.1","1","occ_51765940c00510c82294f1b6","gte","[1]"
"route_f86d41645a67594e44c90585","route_f86d41645a67594e44c90585.clause.1","1","occ_763e078958896aab9468699d","in","[2,3]"
"route_f884b2aefd0f1f94ecaab9f6","route_f884b2aefd0f1f94ecaab9f6.clause.1","1","occ_c3e53fdfafcc15be4da8670d","selected_any","[]"
"route_f887d4af3bec6907c1456cd3","route_f887d4af3bec6907c1456cd3.clause.1","1","occ_3fec07886f43b292169ce91f","equals","[1]"
"route_f89ceb38326a2f2b56087ded","route_f89ceb38326a2f2b56087ded.clause.1","1","occ_79717f753542e18fdf359e79","equals","[2]"
"route_f93b2d0f46908e11d48ffb55","route_f93b2d0f46908e11d48ffb55.clause.1","1","occ_dd10adda1bd71ccd915027c4","gte","[2]"
"route_f9614b67bb9348de20dca9b6","route_f9614b67bb9348de20dca9b6.clause.1","1","occ_a14c22260188bda229747d18","in","[1,2]"
"route_f961606c56ac8e447bee7ec4","route_f961606c56ac8e447bee7ec4.clause.1","1","occ_7696184bbb7420adf17ec974","in","[1,2,3]"
"route_f961606c56ac8e447bee7ec4","route_f961606c56ac8e447bee7ec4.clause_1","1","occ_7696184bbb7420adf17ec974","in","[1,2,3]"
"route_f9975b573eaf137c02cafd5f","route_f9975b573eaf137c02cafd5f.clause.1","1","occ_aae48ee82373ae62b0a7c44f","gte","[2]"
"route_fa4eca6338b89b1ef82fd9a7","route_fa4eca6338b89b1ef82fd9a7.clause.1","1","occ_f7347e7e0aba12e2e111a6d0","gte","[1]"
"route_fa876d0d83221a5b24675847","route_fa876d0d83221a5b24675847.clause.1","1","occ_888baa2ea8021801ed54f588","equals","[1]"
"route_fa94d966cee06ca5c923587a","route_fa94d966cee06ca5c923587a.clause.1","1","occ_b8278591375cec674b1fc454","in","[1,2,3]"
"route_fad0e3779d5feba702eef2d5","route_fad0e3779d5feba702eef2d5.clause.1","1","occ_1d2e0ad77ce1ceaea296c7a2","equals","[1]"
"route_fb154e32861ed5dd70f96b29","route_fb154e32861ed5dd70f96b29.clause.1","1","occ_957210e00350a4b8697cc072","equals","[1]"
"route_fb810a2f9a844cd5635df1dd","route_fb810a2f9a844cd5635df1dd.clause.1","1","occ_78f2b82fea4e19b6d3fd1189","selected_any","[]"
"route_fbf02ff9edf9e46985a00b9a","route_fbf02ff9edf9e46985a00b9a.clause_1","1","occ_ea7f075c4c8189227604e39e","not_in","[1]"
"route_fc170b7668f9964ce9434a2c","route_fc170b7668f9964ce9434a2c.clause.1","1","occ_c29a2f2e03f1410969ad5622","equals","[1]"
"route_fc1e9945557db354d2845770","route_fc1e9945557db354d2845770.clause.1","1","occ_fca0dbe00ec03281da144a0c","selected_any","[]"
"route_fc326b1eda9d8d29c0bf047f","route_fc326b1eda9d8d29c0bf047f.clause.1","1","occ_4e4cd2fcf9fe1891791eaf94","selected_any","[]"
"route_fc6a304f99619cb59b390380","route_fc6a304f99619cb59b390380.clause.1","1","occ_eee723e6c4052cd7fa257448","equals","[1]"
"route_fcdc0c5514598de2ef7049cb","route_fcdc0c5514598de2ef7049cb.clause.1","1","occ_ce3457a1ccf814420c086e24","equals","[2]"
"route_fcec0f9dab0c1f367d351593","route_fcec0f9dab0c1f367d351593.clause.1","1","occ_0963e945e1e961adb5ab9927","equals","[1]"
"route_fcfede0fdf83a33daf378621","route_fcfede0fdf83a33daf378621.clause.1","1","occ_f15cd52981e6f412c74dcc09","selected_any","[]"
"route_fcfefaeecabd722709fd1702","route_fcfefaeecabd722709fd1702.clause.1","1","occ_59674a59307476c1a78c7260","equals","[1]"
"route_fd0b9dd0dc014b36d6822f56","route_fd0b9dd0dc014b36d6822f56.clause.1","1","occ_d1b327137e98fb8958e0540e","selected_any","[]"
"route_fd1573b070c6b5eb1b5db243","route_fd1573b070c6b5eb1b5db243.clause.1","1","occ_5f07d94a66bd3598782da1cb","in","[1,2]"
"route_fd279952121678a463b35e91","route_fd279952121678a463b35e91.clause.1","1","occ_7eba9d45aca378e9889e319b","in","[1,2]"
"route_fd2edfa2f4260afb7753ec45","route_fd2edfa2f4260afb7753ec45.clause.1","1","occ_fa219e7615c91e4fe425f73a","in","[1,2]"
"route_fd95b0adde9ec85533cdac00","route_fd95b0adde9ec85533cdac00.clause.1","1","occ_ce32b583eabc37f8c1a0d11c","selected_any","[]"
"route_fdcc9fcb7e623fb2ce794ed0","route_fdcc9fcb7e623fb2ce794ed0.clause.1","1","occ_7427251899b5454bc0506d2c","selected_any","[]"
"route_fddbf668da5940912ea280ff","route_fddbf668da5940912ea280ff.clause.1","1","occ_4b2fb518d285cd16b541b828","equals","[7]"
"route_fddbf668da5940912ea280ff","route_fddbf668da5940912ea280ff.clause_1","1","occ_4b2fb518d285cd16b541b828","equals","[7]"
"route_fe2be04f5d775f33caf0e87a","route_fe2be04f5d775f33caf0e87a.clause.1","1","occ_9b96b63b98937175b1b78fe0","equals","[1]"
"route_fe34f50d3dce70d54f8f7529","route_fe34f50d3dce70d54f8f7529.clause.1","1","occ_1ae268f8cbd87e1274c24fa9","selected_any","[]"
"route_fe4ccc58d88c0e18682084f0","route_fe4ccc58d88c0e18682084f0.clause.1","1","occ_cac83093c3284ab5cf7301f5","in","[1,2,3]"
"route_fe7aab3a4dbc708d55124afc","route_fe7aab3a4dbc708d55124afc.clause.1","1","occ_5ed44bb93ad9f0ec4816ae32","equals","[1]"
"route_fea53ae2cef0a4e3404c479f","route_fea53ae2cef0a4e3404c479f.clause_1","1","occ_641c86e6d789901e374ac344","equals","[1]"
"route_fea53ae2cef0a4e3404c479f","route_fea53ae2cef0a4e3404c479f.clause_1","2","occ_25bd53a36e35f5f66f065886","gte","[1]"
"route_feb46ef6adb4d38e599d0234","route_feb46ef6adb4d38e599d0234.clause.1","1","occ_a7be3fb9f7d8c2338995f076","equals","[1]"
"route_fed061e6942300afa5ed26cd","route_fed061e6942300afa5ed26cd.clause.1","1","occ_3ceef0adbca63cfd98947f6a","equals","[1]"
"route_feed144b8dea20998700f8da","route_feed144b8dea20998700f8da.clause.1","1","occ_286138ba5797e328bcff5c51","equals","[1]"
"route_feee007c51b51b0d00805a5a","route_feee007c51b51b0d00805a5a.clause_1","1","occ_2789732e409760c13df967a2","selected_any","[]"
"route_feee007c51b51b0d00805a5a","route_feee007c51b51b0d00805a5a.clause_2","1","occ_e66b424a478a4ae40566c7aa","selected_any","[]"
"route_feee007c51b51b0d00805a5a","route_feee007c51b51b0d00805a5a.clause_3","1","occ_a33de1c8189f67f6a7404aed","selected_any","[]"
"route_fef479d99c6597d69759280f","route_fef479d99c6597d69759280f.clause.1","1","occ_12a2994a640f2d37b7776b20","equals","[4]"
"route_ff24eb9fecddbb7aba9b7959","route_ff24eb9fecddbb7aba9b7959.clause_1","1","occ_b43827616c15a39bf41d9fab","in","[1,2]"
"route_ff3fa9a943514ca679cbfe9f","route_ff3fa9a943514ca679cbfe9f.clause.1","1","occ_0d7e21107f42d1fedc4a72e1","equals","[1]"
"route_ff3fa9a943514ca679cbfe9f","route_ff3fa9a943514ca679cbfe9f.clause_1","1","occ_0d7e21107f42d1fedc4a72e1","equals","[1]"
"route_ff4f9d6434f27897e6e6ae0d","route_ff4f9d6434f27897e6e6ae0d.clause.1","1","occ_60716360410db851b3b88cbe","in","[1,4]"
"route_ff64abd5d1e3ceff422dc604","route_ff64abd5d1e3ceff422dc604.clause.1","1","occ_5b57149f44f393c733c4d75b","equals","[1]"
"route_ff64abd5d1e3ceff422dc604","route_ff64abd5d1e3ceff422dc604.clause_1","1","occ_5b57149f44f393c733c4d75b","equals","[1]"
"route_ff721fea48265ade832fb868","route_ff721fea48265ade832fb868.clause_1","1","occ_cbf49a5ecefb991f5847e03a","equals","[4]"
"route_ff8db7f6a988a7605e5c96c4","route_ff8db7f6a988a7605e5c96c4.clause.1","1","occ_4b2fb518d285cd16b541b828","in","[1,2,3]"
"route_ff8db7f6a988a7605e5c96c4","route_ff8db7f6a988a7605e5c96c4.clause_1","1","occ_4b2fb518d285cd16b541b828","in","[1,2,3]"
"route_ff989e1ba7495a1d785030a0","route_ff989e1ba7495a1d785030a0.clause.1","1","occ_1456a46a44bf48e06c7350d1","equals","[1]"
"route_ffba717ed22941f69a97e6f8","route_ffba717ed22941f69a97e6f8.clause.1","1","occ_3001fe3af1264a673ce8eba8","equals","[1]"
"route_ffd4833b81320b8dbe6d42a2","route_ffd4833b81320b8dbe6d42a2.clause.1","1","occ_afca1634b9daacbde837084d","gte","[1]"
"route_fff29424cf4a9e59205f2135","route_fff29424cf4a9e59205f2135.clause.1","1","occ_ca92b7464af2dd40801fc87f","equals","[1]"
"route_fff29424cf4a9e59205f2135","route_fff29424cf4a9e59205f2135.clause_1","1","occ_ca92b7464af2dd40801fc87f","equals","[1]"
