"instrument_id","page","instruction_kind","instruction","context","candidate_targets","review_state"
"react1.r01.individual","4","context_or_wording_needs_review","This survey is intended for [FF_Surname] [FF_Surname ]. If you are the parent or guardian","
This survey is intended for [FF_Surname] [FF_Surname ]. If you are the parent or guardian
of [FF_Surname] [FF_Surname ] you can complete the survey by proxy and answer the
survey on their behalf. Are you the parent or guardian of[FF_Surname] [FF_Surname ]?

","","candidate"
"react1.r01.individual","4","context_or_wording_needs_review","survey on their behalf. Are you the parent or guardian of[FF_Surname] [FF_Surname ]?","of [FF_Surname] [FF_Surname ] you can complete the survey by proxy and answer the
survey on their behalf. Are you the parent or guardian of[FF_Surname] [FF_Surname ]?



NOTE TO SCRIPTERS:","","candidate"
"react1.r01.individual","4","context_or_wording_needs_review","SAMPLE WILL HAVE AN AGE FLAG","NOTE TO SCRIPTERS:
SAMPLE WILL HAVE AN AGE FLAG

5-11 – PARENT WILL COMPLETE – USE PARENT WORDING IN FOLLOWING (REF MY
CHILD)
","","candidate"
"react1.r01.individual","4","wording_only","5-11 – PARENT WILL COMPLETE – USE PARENT WORDING IN FOLLOWING (REF MY","
5-11 – PARENT WILL COMPLETE – USE PARENT WORDING IN FOLLOWING (REF MY
CHILD)

12-17 – YOUNG PERSON WILL COMPLETE
","","candidate"
"react1.r01.individual","10","gate_or_option_instruction","ASK ALL AGED 13+","
ASK ALL AGED 13+
BEHAVA
Since COVID-19 emerged in January, but before the official lockdown started on March 23rd
2020, did you change your behaviour by doing any of the following?
","BEHAVA01|BEHAVA02|BEHAVA03|BEHAVA04|BEHAVA05|BEHAVA06|BEHAVA07|BEHAVA08|BEHAVA09|BEHAVA10|BEHAVA11|BEHAVA12|BEHAVA13|BEHAVA14|BEHAVA15|BEHAVA16|BEHAVA17|BEHAVA18","candidate"
"react1.r01.individual","11","gate_or_option_instruction","ASK ALL AGED 13+","
ASK ALL AGED 13+

PEOPA
How many people outside those in your household did you speak to in the last week
remotely (e.g. over the phone, social media or via video media)?","PEOPA","candidate"
"react1.r01.individual","11","context_or_wording_needs_review","of the following age groups/IF ONE What age were they?","You said you spoke to N people/IF ONE: person remotely. How many of those were in each
of the following age groups/IF ONE What age were they?

If you did not speak to someone in any of the age categories please write 0 for that age
category
","","candidate"
"react1.r01.individual","11","gate_or_option_instruction","If you did not speak to someone in any of the age categories please write 0 for that age","
If you did not speak to someone in any of the age categories please write 0 for that age
category

Under 18 ALLOW NUMBER
","","candidate"
"react1.r01.individual","11","context_or_wording_needs_review","Don’t know age ALLOW NUMBER","
Don’t know age ALLOW NUMBER



ASK ALL AGED 13+","","candidate"
"react1.r01.individual","11","gate_or_option_instruction","ASK ALL AGED 13+","
ASK ALL AGED 13+

PEOPB
How many people outside those in your household did you speak to in the last week face to
face with social distancing?","PEOPB","candidate"
"react1.r01.individual","11","context_or_wording_needs_review","many of those were in each of the following age groups/ IF ONE What age were they?","You said you spoke to N people/IF ONE: person face to face with social distancing. How
many of those were in each of the following age groups/ IF ONE What age were they?

If you did not speak to someone in any of the age categories please write 0 for that age
category
","","candidate"
"react1.r01.individual","11","gate_or_option_instruction","If you did not speak to someone in any of the age categories please write 0 for that age","
If you did not speak to someone in any of the age categories please write 0 for that age
category

Under 18 ALLOW NUMBER
","","candidate"
"react1.r01.individual","11","context_or_wording_needs_review","Don’t know age ALLOW NUMBER","
Don’t know age ALLOW NUMBER

11","","candidate"
"react1.r01.individual","12","gate_or_option_instruction","ASK ALL AGED 13+","
ASK ALL AGED 13+

PEOPC
How many people outside those in your household did you speak to in the last week face to
face with physical contact (e.g. handshake/hug/kiss, as part of your work etc.)?","PEOPC101|PEOPC102|PEOPC103|PEOPC104","candidate"
"react1.r01.individual","12","context_or_wording_needs_review","were in each of the following age groups/ IF ONE What age were they?","You said you spoke to N people/IF ONE: person with physical contact. How many of those
were in each of the following age groups/ IF ONE What age were they?

If you did not speak to someone in any of the age categories please write 0 for that age
category
","","candidate"
"react1.r01.individual","12","gate_or_option_instruction","If you did not speak to someone in any of the age categories please write 0 for that age","
If you did not speak to someone in any of the age categories please write 0 for that age
category

Under 18 ALLOW NUMBER
","","candidate"
"react1.r01.individual","12","context_or_wording_needs_review","Don’t know age ALLOW NUMBER","
Don’t know age ALLOW NUMBER



ASK ALL AGED 12+","","candidate"
"react1.r01.individual","12","gate_or_option_instruction","ASK ALL AGED 12+","
ASK ALL AGED 12+

F2F1a

Yesterday, how many people did you have a face-to-face, in person conversation with in","F2F1A","candidate"
"react1.r01.individual","13","gate_or_option_instruction","IF AGE =13-18","
IF AGE =13-18

F2F2a

Yesterday, how many people did you have a face-to-face, in person conversation with at","F2F2A","candidate"
"react1.r01.individual","13","gate_or_option_instruction","IF AGE = 19+","
IF AGE = 19+
F2F3a

Yesterday, how many people did you have a face-to-face, in person conversation with in
your workplace that lasted for more than 2 minutes?","F2F3A","candidate"
"react1.r01.individual","14","gate_or_option_instruction","ASK ALL AGED 13+","
ASK ALL AGED 13+

F2F4a

Yesterday, how many people did you have a face-to-face, in person, conversation with","F2F4A","candidate"
"react1.r01.individual","17","gate_or_option_instruction","ASK ALL AGED 18+","
ASK ALL AGED 18+
EDUC
What is your highest educational qualification? This means any educational, professional,
vocational or other work-related qualifications for which you received a certificate.
Please select one answer","EDUC","candidate"
"react1.r01.registration","4","context_or_wording_needs_review","you the parent of [FF_Surname] [FF_Surname]?","This survey is for [FF_Surname] [FF_Surname ]. Are you [FF_Surname] [FF_Surname]/Are
you the parent of [FF_Surname] [FF_Surname]?
Please select one answer


1. Yes","","candidate"
"react1.r01.registration","4","context_or_wording_needs_review","INDCONFPARENT","IF INDOCONF = 2
INDCONFPARENT
This survey is intended for [FF_Surname] [FF_Surname ]. If you are the parent or guardian
of [FF_Surname] [FF_Surname ] you can complete the survey by proxy and answer the
survey on their behalf. Are you the parent or guardian of [FF_Surname] [FF_Surname ]?
1. Yes","","candidate"
"react1.r01.registration","4","context_or_wording_needs_review","This survey is intended for [FF_Surname] [FF_Surname ]. If you are the parent or guardian","INDCONFPARENT
This survey is intended for [FF_Surname] [FF_Surname ]. If you are the parent or guardian
of [FF_Surname] [FF_Surname ] you can complete the survey by proxy and answer the
survey on their behalf. Are you the parent or guardian of [FF_Surname] [FF_Surname ]?
1. Yes
2. No","","candidate"
"react1.r01.registration","4","context_or_wording_needs_review","survey on their behalf. Are you the parent or guardian of [FF_Surname] [FF_Surname ]?","of [FF_Surname] [FF_Surname ] you can complete the survey by proxy and answer the
survey on their behalf. Are you the parent or guardian of [FF_Surname] [FF_Surname ]?
1. Yes
2. No

","","candidate"
"react1.r01.registration","5","gate_or_option_instruction","IF AGED 13-15","
IF AGED 13-15

PARCONS

Is your parent/carer happy for you to take part in this study?","PARCONS","candidate"
"react1.r01.registration","5","context_or_wording_needs_review","Is your parent/carer happy for you to take part in this study?","
Is your parent/carer happy for you to take part in this study?

1.      Yes
2.      No [TERMINATE]
","PARCONS","candidate"
"react1.r01.registration","5","context_or_wording_needs_review","Please ask your parent/carer for permission to complete the survey. Once they have agreed","
Please ask your parent/carer for permission to complete the survey. Once they have agreed
for you to take part, please log back into the survey.""

IF PARCONS = YES
PARNAME","","candidate"
"react1.r01.registration","5","context_or_wording_needs_review","Please write in the full name of your parent/carer who has agreed that you can take part:","
Please write in the full name of your parent/carer who has agreed that you can take part:
{text box}


Household composition","","candidate"
"react1.r01.registration","5","gate_or_option_instruction","IF AGED 18+ or 5-12 (PARENT COMPLETING)","Household composition
IF AGED 18+ or 5-12 (PARENT COMPLETING)
NADULTS

Including yourself, how many adults aged 18 and over currently live in your household?
","NADULTS","candidate"
"react1.r01.registration","5","context_or_wording_needs_review","Including yourself, how many adults aged 18 and over currently live in your household?","
Including yourself, how many adults aged 18 and over currently live in your household?

INFO4: Who should I include? Include all adults aged 18 and over, including any young
people aged 18 or over. Include young people who regularly spend part of the week in your
household. Include yourself.","NADULTS","candidate"
"react1.r01.registration","5","context_or_wording_needs_review","INFO4: Who should I include? Include all adults aged 18 and over, including any young","
INFO4: Who should I include? Include all adults aged 18 and over, including any young
people aged 18 or over. Include young people who regularly spend part of the week in your
household. Include yourself.

NUMERIC 1...10","","candidate"
"react1.r01.registration","5","context_or_wording_needs_review","people aged 18 or over. Include young people who regularly spend part of the week in your","INFO4: Who should I include? Include all adults aged 18 and over, including any young
people aged 18 or over. Include young people who regularly spend part of the week in your
household. Include yourself.

NUMERIC 1...10
","","candidate"
"react1.r01.registration","6","context_or_wording_needs_review","[Show multiple rows up for number of adults aged 18+ in household]","
[Show multiple rows up for number of adults aged 18+ in household]
Header: Age in Years
Rows for each adult:
First adult
Second adult (and so on)","","candidate"
"react1.r01.registration","6","context_or_wording_needs_review","Header: Age in Years","[Show multiple rows up for number of adults aged 18+ in household]
Header: Age in Years
Rows for each adult:
First adult
Second adult (and so on)
Columns for each adult:","","candidate"
"react1.r01.registration","6","gate_or_option_instruction","IF AGED 13-17","
IF AGED 13-17
NADULTS1

How many adults aged 18 and over currently live in your household?
","NADULTS1","candidate"
"react1.r01.registration","6","context_or_wording_needs_review","How many adults aged 18 and over currently live in your household?","
How many adults aged 18 and over currently live in your household?

INFO: Who should I include? Include all adults aged 18 and over, including any young
people aged 18 or over. Include young people who regularly spend part of the week in your
household.","NADULTS1","candidate"
"react1.r01.registration","6","context_or_wording_needs_review","INFO: Who should I include? Include all adults aged 18 and over, including any young","
INFO: Who should I include? Include all adults aged 18 and over, including any young
people aged 18 or over. Include young people who regularly spend part of the week in your
household.

NUMERIC 1...10","","candidate"
"react1.r01.registration","6","context_or_wording_needs_review","people aged 18 or over. Include young people who regularly spend part of the week in your","INFO: Who should I include? Include all adults aged 18 and over, including any young
people aged 18 or over. Include young people who regularly spend part of the week in your
household.

NUMERIC 1...10
","","candidate"
"react1.r01.registration","6","context_or_wording_needs_review","[Show multiple rows up for number of adults aged 18+ in household]","
[Show multiple rows up for number of adults aged 18+ in household]

Header: Age in Years

Rows for each adult:","","candidate"
"react1.r01.registration","6","context_or_wording_needs_review","Header: Age in Years","
Header: Age in Years

Rows for each adult:

First adult","","candidate"
"react1.r01.registration","7","gate_or_option_instruction","IF AGED 18+ or 5-12 (PARENT COMPLETING)","
IF AGED 18+ or 5-12 (PARENT COMPLETING)
NCHILD
How many children or young people aged 0 to 17 years currently live in your household?

INFO: Who should I include?","NCHILD","candidate"
"react1.r01.registration","7","context_or_wording_needs_review","How many children or young people aged 0 to 17 years currently live in your household?","NCHILD
How many children or young people aged 0 to 17 years currently live in your household?

INFO: Who should I include?
Include all children aged 0-17 in your household, whether or not they are your own children.
Include infants and babies. Include children who regularly spend part of the week in your","NCHILD","candidate"
"react1.r01.registration","7","context_or_wording_needs_review","Include all children aged 0-17 in your household, whether or not they are your own children.","INFO: Who should I include?
Include all children aged 0-17 in your household, whether or not they are your own children.
Include infants and babies. Include children who regularly spend part of the week in your
household.

NUMERIC 0...15","","candidate"
"react1.r01.registration","7","context_or_wording_needs_review","[Show multiple rows up for number of children aged 0-15 in household]","children?
[Show multiple rows up for number of children aged 0-15 in household]
Header: Age in Years
Rows for each child:
First child
Second child (and so on)","","candidate"
"react1.r01.registration","7","context_or_wording_needs_review","Header: Age in Years","[Show multiple rows up for number of children aged 0-15 in household]
Header: Age in Years
Rows for each child:
First child
Second child (and so on)
Columns for each child:","","candidate"
"react1.r01.registration","7","gate_or_option_instruction","IF AGED 13-17","
IF AGED 13-17
NCHILD1
Including yourself, how many children or young people aged 0 to 17 years currently live in
your household?
","NCHILD1","candidate"
"react1.r01.registration","7","context_or_wording_needs_review","Including yourself, how many children or young people aged 0 to 17 years currently live in","NCHILD1
Including yourself, how many children or young people aged 0 to 17 years currently live in
your household?

INFO: Who should I include?
Include all children aged 0-17 in your household, whether or not they are your own children.","NCHILD1","candidate"
"react1.r01.registration","7","context_or_wording_needs_review","Include all children aged 0-17 in your household, whether or not they are your own children.","INFO: Who should I include?
Include all children aged 0-17 in your household, whether or not they are your own children.
Include infants and babies. Include children who regularly spend part of the week in your
household. Include yourself.

NUMERIC 0...15","","candidate"
"react1.r01.registration","8","context_or_wording_needs_review","[Show multiple rows up for number of children aged 0-15 in household]","household. How old are these children?
[Show multiple rows up for number of children aged 0-15 in household]
Header: Age in Years
Rows for each child:
First child
Second child (and so on)","","candidate"
"react1.r01.registration","8","context_or_wording_needs_review","Header: Age in Years","[Show multiple rows up for number of children aged 0-15 in household]
Header: Age in Years
Rows for each child:
First child
Second child (and so on)
Columns for each child:","","candidate"
"react1.r01.registration","10","gate_or_option_instruction","IF EXCL = 2 OR 3 AND AGED 18+","
IF EXCL = 2 OR 3 AND AGED 18+
SMOKENOW

Do you smoke cigarettes at all nowadays?
","SMOKENOW","candidate"
"react1.r01.registration","11","gate_or_option_instruction","ASK ALL AGED 16+","Email and mobile of adults registering
ASK ALL AGED 16+
We would like to collect your email address and mobile phone number. We will only use
these to send you emails and text messages about this study. If you do not have a mobile
telephone number, please enter a landline telephone number. Please make sure your details
are correct.","","candidate"
"react1.r02.individual","4","context_or_wording_needs_review","This survey is for [FF_Surname] [FF_Surname ]. Are you / the parent or guardian of","INDCONF
This survey is for [FF_Surname] [FF_Surname ]. Are you / the parent or guardian of
[FF_Surname] [FF_Surname]?
Please select one answer
1. Yes
2. No","INDCONF","candidate"
"react1.r02.individual","4","context_or_wording_needs_review","INDCONFPARENT","IF INDCONF = 2
INDCONFPARENT
This survey is intended for [FF_Surname] [FF_Surname ]. If you are the parent or guardian
of [FF_Surname] [FF_Surname ] you can complete the survey by proxy and answer the
survey on their behalf. Are you the parent or guardian of [FF_Surname] [FF_Surname ]?
1. Yes","","candidate"
"react1.r02.individual","4","context_or_wording_needs_review","This survey is intended for [FF_Surname] [FF_Surname ]. If you are the parent or guardian","INDCONFPARENT
This survey is intended for [FF_Surname] [FF_Surname ]. If you are the parent or guardian
of [FF_Surname] [FF_Surname ] you can complete the survey by proxy and answer the
survey on their behalf. Are you the parent or guardian of [FF_Surname] [FF_Surname ]?
1. Yes
","INDCONFPARENT","candidate"
"react1.r02.individual","4","context_or_wording_needs_review","survey on their behalf. Are you the parent or guardian of [FF_Surname] [FF_Surname ]?","of [FF_Surname] [FF_Surname ] you can complete the survey by proxy and answer the
survey on their behalf. Are you the parent or guardian of [FF_Surname] [FF_Surname ]?
1. Yes

2. No [TERMINATE]
","","candidate"
"react1.r02.individual","11","response_option","2.      In my place of work [SHOW ONLY IF MAIL_GRP1 OR MAIL_GRP2 13-17 AND","1.      In my household
2.      In my place of work [SHOW ONLY IF MAIL_GRP1 OR MAIL_GRP2 13-17 AND
INDCONF=1]
3.      In my/their school or college
4.      At a social event or gathering
5.      Somewhere else","","candidate"
"react1.r02.individual","12","gate_or_option_instruction","ASK IF COVIDCONPL=2 AND MAIL_GRP1 OR MAIL_GRP2 AND INDONF-=1","
ASK IF COVIDCONPL=2 AND MAIL_GRP1 OR MAIL_GRP2 AND INDONF-=1
COVIDCONWP
You said that you met the [IF COVIDCONNUM=1] /the last [IF COVIDCONNUM=2+] person
you were in contact with who was a confirmed COVID-19 case in your workplace. Do you
work in any of the following?","COVIDCONWP","candidate"
"react1.r02.individual","15","gate_or_option_instruction","ASK AGED 18+ OR (AGED 13-17 AND INDCONF=1)","
ASK AGED 18+ OR (AGED 13-17 AND INDCONF=1)
BEHAVA
In the last 7 days, that is since <DATE/MONTH>, did you do any of the following?

Please select any that apply","BEHAVA1|BEHAVA2|BEHAVA3|BEHAVA4|BEHAVA5|BEHAVA6|BEHAVA7|BEHAVA8|BEHAVA9|BEHAVA10|BEHAVA11|BEHAVA12|BEHAVA13|BEHAVA14|BEHAVA15|BEHAVA16|BEHAVA17|BEHAVA18","candidate"
"react1.r02.individual","15","gate_or_option_instruction","IF AGED 18+ AND LEAVE 1 =1","
IF AGED 18+ AND LEAVE 1 =1

LEAVE 2

In the last 7 days, that is since <DATE/MONTH>, for what reasons have you left home?","","candidate"
"react1.r02.individual","16","context_or_wording_needs_review","members of your household. How many of those were in each of the following age groups?","You said that yesterday you came into contact with CONTACT1 people who are not
members of your household. How many of those were in each of the following age groups?

1. 0 to 17 years old      (enter number)
2. 18 to 34 years old     (enter number)
3. 35 to 64 years old     (enter number)","","candidate"
"react1.r02.individual","22","gate_or_option_instruction","ASK ALL AGED 18+","Demographics
ASK ALL AGED 18+
EDUC
What is your highest educational qualification? This means any educational, professional,
vocational or other work-related qualifications for which you received a certificate.
Please select one answer","EDUC","candidate"
"react1.r02.individual","26","context_or_wording_needs_review","Do you give permission for Imperial College to do this [IF PARENT COMPLETING ON","
Do you give permission for Imperial College to do this [IF PARENT COMPLETING ON
BEHALF OF 5-12 YEAR OLD] / until your child is 16 years old?

1. Yes
2. No","","candidate"
"react1.r02.registration","3","context_or_wording_needs_review","There are 3 groups corresponding to Mail_Grp i.e. u_mail_grp","NOTE TO SCRIPTERS:
There are 3 groups corresponding to Mail_Grp i.e. u_mail_grp
Mail_Grp                                          Age group
Mail_Grp=1                                        18+
Mail_Grp=2                                        13-17
Mail_grp=3                                        5-12","","candidate"
"react1.r02.registration","3","context_definition_or_continuation","Mail_Grp                                          Age group","There are 3 groups corresponding to Mail_Grp i.e. u_mail_grp
Mail_Grp                                          Age group
Mail_Grp=1                                        18+
Mail_Grp=2                                        13-17
Mail_grp=3                                        5-12
","","candidate"
"react1.r02.registration","3","context_definition_or_continuation","Mail_Grp=1                                        18+","Mail_Grp                                          Age group
Mail_Grp=1                                        18+
Mail_Grp=2                                        13-17
Mail_grp=3                                        5-12

","","candidate"
"react1.r02.registration","3","context_definition_or_continuation","Mail_Grp=2                                        13-17","Mail_Grp=1                                        18+
Mail_Grp=2                                        13-17
Mail_grp=3                                        5-12


","","candidate"
"react1.r02.registration","3","context_definition_or_continuation","Mail_grp=3                                        5-12","Mail_Grp=2                                        13-17
Mail_grp=3                                        5-12



","","candidate"
"react1.r02.registration","4","gate_or_option_instruction","IF CHILD is 5-12 Are you the parent or guardian of [u_firstname] [u_name]?","[FF_Surname]?
IF CHILD is 5-12 Are you the parent or guardian of [u_firstname] [u_name]?
Please select one answer


1. Yes","","candidate"
"react1.r02.registration","4","gate_or_option_instruction","IF INDCONF = 2 AND AGE 13-17","
IF INDCONF = 2 AND AGE 13-17
INDCONFPARENT
This survey is intended for [FF_Surname] [FF_Surname ]. If you are the parent or guardian
of [FF_Surname] [FF_Surname ] you can complete the survey by proxy and answer the
survey on their behalf. Are you the parent or guardian of [FF_Surname] [FF_Surname ]?","INDCONFPARENT","candidate"
"react1.r02.registration","4","context_or_wording_needs_review","INDCONFPARENT","IF INDCONF = 2 AND AGE 13-17
INDCONFPARENT
This survey is intended for [FF_Surname] [FF_Surname ]. If you are the parent or guardian
of [FF_Surname] [FF_Surname ] you can complete the survey by proxy and answer the
survey on their behalf. Are you the parent or guardian of [FF_Surname] [FF_Surname ]?
1. Yes","","candidate"
"react1.r02.registration","4","context_or_wording_needs_review","This survey is intended for [FF_Surname] [FF_Surname ]. If you are the parent or guardian","INDCONFPARENT
This survey is intended for [FF_Surname] [FF_Surname ]. If you are the parent or guardian
of [FF_Surname] [FF_Surname ] you can complete the survey by proxy and answer the
survey on their behalf. Are you the parent or guardian of [FF_Surname] [FF_Surname ]?
1. Yes
2. No","INDCONFPARENT","candidate"
"react1.r02.registration","4","context_or_wording_needs_review","survey on their behalf. Are you the parent or guardian of [FF_Surname] [FF_Surname ]?","of [FF_Surname] [FF_Surname ] you can complete the survey by proxy and answer the
survey on their behalf. Are you the parent or guardian of [FF_Surname] [FF_Surname ]?
1. Yes
2. No

IF INDCONFPARENT=2 OR (INDCONF=2 AND AGE 18+) OR (INDCONF=2 AND AGE 5-","","candidate"
"react1.r02.registration","4","gate_or_option_instruction","IF INDCONFPARENT=2 OR (INDCONF=2 AND AGE 18+) OR (INDCONF=2 AND AGE 5-","
IF INDCONFPARENT=2 OR (INDCONF=2 AND AGE 18+) OR (INDCONF=2 AND AGE 5-
12)
CLOSE1
“We thank you for your time spent taking this survey.”
TERMINATE","","candidate"
"react1.r02.registration","4","wording_only","IF 5-12 OR (13-17 INDCONFPARENT =1) Textfill is “your child”","IF 18+ OR (13-17 INDCONF=1) Textfill is “your”
IF 5-12 OR (13-17 INDCONFPARENT =1) Textfill is “your child”


ASK ALL
DOBCONF","","candidate"
"react1.r02.registration","5","context_or_wording_needs_review","What was your/your child’s age at your/their last birthday?","AGE
What was your/your child’s age at your/their last birthday?
[OPEN NUMERIC BOX AND APPLY TO AGE GROUPS AS OUTLINED BELOW,]
GROUP          GROUP ALLOW RANGE                 ERROR MESSAGE
AGE
Mail_Grp=1     18+         RANGE 18 -112         “Please enter a value of 18 or higher”","AGE","candidate"
"react1.r02.registration","5","context_or_wording_needs_review","[OPEN NUMERIC BOX AND APPLY TO AGE GROUPS AS OUTLINED BELOW,]","What was your/your child’s age at your/their last birthday?
[OPEN NUMERIC BOX AND APPLY TO AGE GROUPS AS OUTLINED BELOW,]
GROUP          GROUP ALLOW RANGE                 ERROR MESSAGE
AGE
Mail_Grp=1     18+         RANGE 18 -112         “Please enter a value of 18 or higher”
Mail_Grp=2     13-17       RANGE 13-17           “Please enter a value between 13 – 17”","","candidate"
"react1.r02.registration","5","context_definition_or_continuation","Mail_Grp=1     18+         RANGE 18 -112         “Please enter a value of 18 or higher”","AGE
Mail_Grp=1     18+         RANGE 18 -112         “Please enter a value of 18 or higher”
Mail_Grp=2     13-17       RANGE 13-17           “Please enter a value between 13 – 17”
Mail_grp=3     5-12        RANGE 5- 12           “Please enter a value between 5-12”

","AGE","candidate"
"react1.r02.registration","5","context_definition_or_continuation","Mail_Grp=2     13-17       RANGE 13-17           “Please enter a value between 13 – 17”","Mail_Grp=1     18+         RANGE 18 -112         “Please enter a value of 18 or higher”
Mail_Grp=2     13-17       RANGE 13-17           “Please enter a value between 13 – 17”
Mail_grp=3     5-12        RANGE 5- 12           “Please enter a value between 5-12”


1. Prefer not to say","","candidate"
"react1.r02.registration","5","context_definition_or_continuation","Mail_grp=3     5-12        RANGE 5- 12           “Please enter a value between 5-12”","Mail_Grp=2     13-17       RANGE 13-17           “Please enter a value between 13 – 17”
Mail_grp=3     5-12        RANGE 5- 12           “Please enter a value between 5-12”


1. Prefer not to say
","","candidate"
"react1.r02.registration","5","context_or_wording_needs_review","AGEPARENT","
AGEPARENT

What was your age at your last birthday?

[OPEN NUMERIC BOX, RANGE 16– 112]","","candidate"
"react1.r02.registration","5","context_or_wording_needs_review","What was your age at your last birthday?","
What was your age at your last birthday?

[OPEN NUMERIC BOX, RANGE 16– 112]
1. Prefer not to say
","AGEPARENT","candidate"
"react1.r02.registration","5","gate_or_option_instruction","IF AGED 13-15","
IF AGED 13-15

PARCONS

Does your parent or guardian give you permission to take part in this study?","PARCONS","candidate"
"react1.r02.registration","5","context_or_wording_needs_review","Does your parent or guardian give you permission to take part in this study?","
Does your parent or guardian give you permission to take part in this study?

1.        Yes
2.        No
","PARCONS","candidate"
"react1.r02.registration","6","context_or_wording_needs_review","Please ask your parent or guardian for permission to complete the survey. Once they have","
Please ask your parent or guardian for permission to complete the survey. Once they have
agreed for you to take part, please log back in to the survey.""
TERMINATE

IF PARCONS = 1","","candidate"
"react1.r02.registration","6","context_or_wording_needs_review","Please write in the full name of your parent/carer who has agreed that you can take part:","
Please write in the full name of your parent/carer who has agreed that you can take part:
{text box}


Household composition","PARNAME","candidate"
"react1.r02.registration","6","gate_or_option_instruction","IF AGED 18+ OR 5-12 OR (13-17 INDCONFPARENT =1)","Household composition
IF AGED 18+ OR 5-12 OR (13-17 INDCONFPARENT =1)
NADULTS

Including yourself, how many adults aged 18 and over currently live in your household?
","NADULTS","candidate"
"react1.r02.registration","6","context_or_wording_needs_review","Including yourself, how many adults aged 18 and over currently live in your household?","
Including yourself, how many adults aged 18 and over currently live in your household?

INFO: Who should I include? Include all adults aged 18 and over, including any young
people aged 18 or over. Include young people who regularly spend part of the week in your
household. Include yourself.","NADULTS","candidate"
"react1.r02.registration","6","context_or_wording_needs_review","INFO: Who should I include? Include all adults aged 18 and over, including any young","
INFO: Who should I include? Include all adults aged 18 and over, including any young
people aged 18 or over. Include young people who regularly spend part of the week in your
household. Include yourself.

NUMERIC 1...10","","candidate"
"react1.r02.registration","6","context_or_wording_needs_review","people aged 18 or over. Include young people who regularly spend part of the week in your","INFO: Who should I include? Include all adults aged 18 and over, including any young
people aged 18 or over. Include young people who regularly spend part of the week in your
household. Include yourself.

NUMERIC 1...10
","","candidate"
"react1.r02.registration","6","context_or_wording_needs_review","[Show multiple rows up for number of adults aged 18+ in household ALLOW RANGE 18 -","
[Show multiple rows up for number of adults aged 18+ in household ALLOW RANGE 18 -
112]

Header: Age in Years
","","candidate"
"react1.r02.registration","6","context_or_wording_needs_review","Header: Age in Years","
Header: Age in Years

Rows for each adult:

First adult","","candidate"
"react1.r02.registration","7","gate_or_option_instruction","IF AGED 13-17 (INDCONF = 1)","
IF AGED 13-17 (INDCONF = 1)
NADULTS1

How many adults aged 18 and over currently live in your household?
","NADULTS1","candidate"
"react1.r02.registration","7","context_or_wording_needs_review","How many adults aged 18 and over currently live in your household?","
How many adults aged 18 and over currently live in your household?

INFO: Who should I include? Include all adults aged 18 and over, including any young
people aged 18 or over. Include young people who regularly spend part of the week in your
household.","NADULTS1","candidate"
"react1.r02.registration","7","context_or_wording_needs_review","INFO: Who should I include? Include all adults aged 18 and over, including any young","
INFO: Who should I include? Include all adults aged 18 and over, including any young
people aged 18 or over. Include young people who regularly spend part of the week in your
household.

NUMERIC 1...10","","candidate"
"react1.r02.registration","7","context_or_wording_needs_review","people aged 18 or over. Include young people who regularly spend part of the week in your","INFO: Who should I include? Include all adults aged 18 and over, including any young
people aged 18 or over. Include young people who regularly spend part of the week in your
household.

NUMERIC 1...10
","","candidate"
"react1.r02.registration","7","context_or_wording_needs_review","[Show multiple rows up for number of adults aged 18+ in household ALLOW RANGE 18 -","
[Show multiple rows up for number of adults aged 18+ in household ALLOW RANGE 18 -
112]

Header: Age in Years
","","candidate"
"react1.r02.registration","7","context_or_wording_needs_review","Header: Age in Years","
Header: Age in Years

Rows for each adult:

First adult","","candidate"
"react1.r02.registration","7","gate_or_option_instruction","IF AGED 18+ or 5-12 (13-17 INDCONFPARENT =1)","
IF AGED 18+ or 5-12 (13-17 INDCONFPARENT =1)
NCHILD
How many children or young people aged 0 to 17 years currently live in your household?

INFO: Who should I include?","NCHILD","candidate"
"react1.r02.registration","7","context_or_wording_needs_review","How many children or young people aged 0 to 17 years currently live in your household?","NCHILD
How many children or young people aged 0 to 17 years currently live in your household?

INFO: Who should I include?
Include all children aged 0-17 in your household, whether or not they are your own children.
Include infants and babies. Include children who regularly spend part of the week in your","NCHILD","candidate"
"react1.r02.registration","7","context_or_wording_needs_review","Include all children aged 0-17 in your household, whether or not they are your own children.","INFO: Who should I include?
Include all children aged 0-17 in your household, whether or not they are your own children.
Include infants and babies. Include children who regularly spend part of the week in your
household.

NUMERIC 0...15","","candidate"
"react1.r02.registration","8","context_or_wording_needs_review","[Show multiple rows up for number of children aged 0-17 in household. ALLOW RANGE 0-","children?
[Show multiple rows up for number of children aged 0-17 in household. ALLOW RANGE 0-
17]
Header: Age in Years
Rows for each child:
First child","","candidate"
"react1.r02.registration","8","context_or_wording_needs_review","Header: Age in Years","17]
Header: Age in Years
Rows for each child:
First child
Second child (and so on)
Columns for each child:","","candidate"
"react1.r02.registration","8","gate_or_option_instruction","IF AGED 13-17 (INDCONF = 1)","
IF AGED 13-17 (INDCONF = 1)

NCHILD1
Including yourself, how many children or young people aged 0 to 17 years currently live in
your household?","NCHILD1","candidate"
"react1.r02.registration","8","context_or_wording_needs_review","Including yourself, how many children or young people aged 0 to 17 years currently live in","NCHILD1
Including yourself, how many children or young people aged 0 to 17 years currently live in
your household?

INFO: Who should I include?
Include all children aged 0-17 in your household, whether or not they are your own children.","NCHILD1","candidate"
"react1.r02.registration","8","context_or_wording_needs_review","Include all children aged 0-17 in your household, whether or not they are your own children.","INFO: Who should I include?
Include all children aged 0-17 in your household, whether or not they are your own children.
Include infants and babies. Include children who regularly spend part of the week in your
household. Include yourself.

NUMERIC 0...15","","candidate"
"react1.r02.registration","8","context_or_wording_needs_review","[Show multiple rows up for number of children aged 0-17 in household]","household. How old are these children?
[Show multiple rows up for number of children aged 0-17 in household]
Header: Age in Years
Rows for each child:
First child
Second child (and so on)","","candidate"
"react1.r02.registration","8","context_or_wording_needs_review","Header: Age in Years","[Show multiple rows up for number of children aged 0-17 in household]
Header: Age in Years
Rows for each child:
First child
Second child (and so on)
Columns for each child:","","candidate"
"react1.r02.registration","9","context_or_wording_needs_review","OR (16-17 INDCONFPARENT =1) Is your child….","IF 18+ OR 5-12 OR (16-17 INDCONF =1) Are you …
OR (16-17 INDCONFPARENT =1) Is your child….


WORKTYP1
Are you …/Is your child","WORKTYP1_1|WORKTYP1_2|WORKTYP1_3|WORKTYP1_4|WORKTYP1_5|WORKTYP1_6|WORKTYP1_7","candidate"
"react1.r02.registration","11","context_or_wording_needs_review","Group 3 (5-12) OR group 2 INDCONFPARENT=1 ‘my child’","Group 1 (18+) OR group 2 INDCONF=1 Textfill ‘you’
Group 3 (5-12) OR group 2 INDCONFPARENT=1 ‘my child’
EXCL
Do you/Does your child have an increased risk of bleeding (for example taking
anticoagulants or a medical condition such as haemophilia, or are/ are they prone to
nosebleeds)?","EXCL","candidate"
"react1.r02.registration","11","gate_or_option_instruction","IF (EXCL = 2 OR 3OR EXCLCONF=2 OR 3 ) AND AGED 18+ (GROUP 1) ONLY","
IF (EXCL = 2 OR 3OR EXCLCONF=2 OR 3 ) AND AGED 18+ (GROUP 1) ONLY
SMOKENOW

Do you smoke cigarettes at all nowadays?
","SMOKENOW","candidate"
"react1.r03.individual","4","context_or_wording_needs_review","This survey is for [FF_Surname] [FF_Surname ]. Are you / the parent or guardian of","INDCONF
This survey is for [FF_Surname] [FF_Surname ]. Are you / the parent or guardian of
[FF_Surname] [FF_Surname]?
Please select one answer
1. Yes
2. No","INDCONF","candidate"
"react1.r03.individual","4","gate_or_option_instruction","IF INDCONF = 2 AND Mail_Grp 2","IF INDCONF =2 GO TO CLOSE1
IF INDCONF = 2 AND Mail_Grp 2
INDCONFPARENT
This survey is intended for [FF_firstname] [FF_Surname ]. If you are the parent or guardian
of [FF_firstname] [FF_Surname ] you can complete the survey by proxy and answer the
survey on their behalf. Are you the parent or guardian of [FF_firstname] [FF_Surname ]?","INDCONFPARENT","candidate"
"react1.r03.individual","4","context_or_wording_needs_review","INDCONFPARENT","IF INDCONF = 2 AND Mail_Grp 2
INDCONFPARENT
This survey is intended for [FF_firstname] [FF_Surname ]. If you are the parent or guardian
of [FF_firstname] [FF_Surname ] you can complete the survey by proxy and answer the
survey on their behalf. Are you the parent or guardian of [FF_firstname] [FF_Surname ]?
1. Yes","","candidate"
"react1.r03.individual","4","context_or_wording_needs_review","This survey is intended for [FF_firstname] [FF_Surname ]. If you are the parent or guardian","INDCONFPARENT
This survey is intended for [FF_firstname] [FF_Surname ]. If you are the parent or guardian
of [FF_firstname] [FF_Surname ] you can complete the survey by proxy and answer the
survey on their behalf. Are you the parent or guardian of [FF_firstname] [FF_Surname ]?
1. Yes
","INDCONFPARENT","candidate"
"react1.r03.individual","4","context_or_wording_needs_review","survey on their behalf. Are you the parent or guardian of [FF_firstname] [FF_Surname ]?","of [FF_firstname] [FF_Surname ] you can complete the survey by proxy and answer the
survey on their behalf. Are you the parent or guardian of [FF_firstname] [FF_Surname ]?
1. Yes

2. No [TERMINATE]
","","candidate"
"react1.r03.individual","4","gate_or_option_instruction","IF INDCONFPARENT=2 OR (INDCONF=2 AND AGE Mail_Grp 3)","
IF INDCONFPARENT=2 OR (INDCONF=2 AND AGE Mail_Grp 3)
CLOSE1
“We thank you for your time spent taking this survey.”
TERMINATE
","","candidate"
"react1.r03.individual","4","gate_or_option_instruction","IF INDCONF =2 AND Mail_Grp 1","
IF INDCONF =2 AND Mail_Grp 1
INDCONFCARER
This survey is intended for [FF_firstame] [FF_Surname ]. If you are a carer for [FF_firstname]
[FF_Surname ] you can help them to complete the survey. Are you a carer for [FF_firstname]
[FF_Surname ]?","INDCONFCARER","candidate"
"react1.r03.individual","4","context_or_wording_needs_review","INDCONFCARER","IF INDCONF =2 AND Mail_Grp 1
INDCONFCARER
This survey is intended for [FF_firstame] [FF_Surname ]. If you are a carer for [FF_firstname]
[FF_Surname ] you can help them to complete the survey. Are you a carer for [FF_firstname]
[FF_Surname ]?
1. Yes","","candidate"
"react1.r03.individual","4","context_or_wording_needs_review","This survey is intended for [FF_firstame] [FF_Surname ]. If you are a carer for [FF_firstname]","INDCONFCARER
This survey is intended for [FF_firstame] [FF_Surname ]. If you are a carer for [FF_firstname]
[FF_Surname ] you can help them to complete the survey. Are you a carer for [FF_firstname]
[FF_Surname ]?
1. Yes
2. No","INDCONFCARER","candidate"
"react1.r03.individual","4","context_or_wording_needs_review","[FF_Surname ] you can help them to complete the survey. Are you a carer for [FF_firstname]","This survey is intended for [FF_firstame] [FF_Surname ]. If you are a carer for [FF_firstname]
[FF_Surname ] you can help them to complete the survey. Are you a carer for [FF_firstname]
[FF_Surname ]?
1. Yes
2. No
","","candidate"
"react1.r03.individual","5","gate_or_option_instruction","IF INDCONFCARER =2","
IF INDCONFCARER =2
CLOSE1
“We thank you for your time spent taking this survey.”
TERMINATE
","","candidate"
"react1.r03.individual","5","wording_only","IF Mail_Grp 1 OR (Mail_Grp 2 INDCONF=1) Textfill is “your”","PROGRAMMER: SET TEXTFILL
IF Mail_Grp 1 OR (Mail_Grp 2 INDCONF=1) Textfill is “your”
IF Mail_Grp 3 OR (Mail_Grp 2 INDCONFPARENT =1) Textfill is “your child”


","","candidate"
"react1.r03.individual","5","wording_only","IF Mail_Grp 3 OR (Mail_Grp 2 INDCONFPARENT =1) Textfill is “your child”","IF Mail_Grp 1 OR (Mail_Grp 2 INDCONF=1) Textfill is “your”
IF Mail_Grp 3 OR (Mail_Grp 2 INDCONFPARENT =1) Textfill is “your child”



Health","","candidate"
"react1.r03.individual","12","response_option","2.    In my place of work [SHOW ONLY IF MAIL_GRP1 OR MAIL_GRP2 AND","1.    In my household
2.    In my place of work [SHOW ONLY IF MAIL_GRP1 OR MAIL_GRP2 AND
INDCONF=1]
3.    In my/their school or college
4.    At a social event or gathering
5.    Somewhere else","","candidate"
"react1.r03.individual","13","gate_or_option_instruction","ASK IF COVIDCONPL=2 AND MAIL_GRP1 OR MAIL_GRP2 AND INDONF-=1","
ASK IF COVIDCONPL=2 AND MAIL_GRP1 OR MAIL_GRP2 AND INDONF-=1
COVIDCONWP

You said that you/your child had [IF COVIDCONNUM=2+ the most recent] contact with the
person who was a confirmed COVID-19 case in your workplace. Do you work in any of the","COVIDCONWP","candidate"
"react1.r03.individual","15","response_option","2. Yes, my child has –[REMOVE MAIL_GRP1]","1. Yes, I have
2. Yes, my child has –[REMOVE MAIL_GRP1]
3. Yes, someone else in my household has
4. No
5. Don’t know
","","candidate"
"react1.r03.individual","16","gate_or_option_instruction","ASK Mail_Grp 1 OR (Mail_Grp 2 AND INDCONF=1)","
ASK Mail_Grp 1 OR (Mail_Grp 2 AND INDCONF=1)
BEHAVA
In the last 7 days, that is since <DATE/MONTH>, did you do any of the following?

Please select any that apply.","BEHAVA1|BEHAVA2|BEHAVA3|BEHAVA4|BEHAVA5|BEHAVA6|BEHAVA7|BEHAVA8|BEHAVA9|BEHAVA10|BEHAVA11|BEHAVA12|BEHAVA13|BEHAVA14|BEHAVA15|BEHAVA16|BEHAVA17|BEHAVA18","candidate"
"react1.r03.individual","17","gate_or_option_instruction","IF Mail_Grp 1 AND LEAVE 1 =1","
IF Mail_Grp 1 AND LEAVE 1 =1

LEAVE 2

In the last 7 days, that is since <DATE/MONTH>, for what reasons have you left home?","","candidate"
"react1.r03.individual","18","context_or_wording_needs_review","[(IF MAIL_GRP 1 OR MAIL_GRP 2 AND INDCONF=1) Please do not include anything that","In the last 7 days have you/has your child done any of the following activities indoors?
[(IF MAIL_GRP 1 OR MAIL_GRP 2 AND INDCONF=1) Please do not include anything that
you did as part of your job.]
Please select all that apply

1.   Taken exercise or a class inside at a gym or leisure centre","","candidate"
"react1.r03.individual","18","context_or_wording_needs_review","[(IF MAIL_GRP 1 OR MAIL_GRP 2 AND INDCONF=1) Please do not include anything that","In the last 7 days have you/has your child done any of the following activities outdoors?
[(IF MAIL_GRP 1 OR MAIL_GRP 2 AND INDCONF=1) Please do not include anything that
you did as part of your job.]
Please select all that apply.

1.   Played team sports or taken exercise classes outside","","candidate"
"react1.r03.individual","19","context_or_wording_needs_review","members of your household. How many of those were in each of the following age groups?","You said that yesterday you came into contact with CONTACT1 people who are not
members of your household. How many of those were in each of the following age groups?

1. 0 to 17 years old      (enter number)
2. 18 to 34 years old     (enter number)
3. 35 to 64 years old     (enter number)","","candidate"
"react1.r03.individual","26","context_or_wording_needs_review","Have you been contacted by the Test and Trace Programme [IF MAIL_GRP 3 OR Mail_Grp","
Have you been contacted by the Test and Trace Programme [IF MAIL_GRP 3 OR Mail_Grp
2 AND INDCONFPARENT=1) about your child]?

1. Yes
2. No","COVIDTETR","candidate"
"react1.r03.individual","26","context_or_wording_needs_review","2 AND INDCONFPARENT=1) about your child]?","Have you been contacted by the Test and Trace Programme [IF MAIL_GRP 3 OR Mail_Grp
2 AND INDCONFPARENT=1) about your child]?

1. Yes
2. No
3. Prefer not to say","","candidate"
"react1.r03.individual","28","gate_or_option_instruction","ASK ALL Mail_Grp 1","
ASK ALL Mail_Grp 1
EDUC
What is your highest educational qualification? This means any educational, professional,
vocational or other work-related qualifications for which you received a certificate.
Please select one answer","EDUC","candidate"
"react1.r03.individual","29","response_option","2. Yes, my child does (SHOW CODE IF (MAIL_GRP = 3) OR (MAIL_GRP = 2 AND","1. Yes, I do
2. Yes, my child does (SHOW CODE IF (MAIL_GRP = 3) OR (MAIL_GRP = 2 AND
INDCONFPARENT=1))
3. Yes, someone else in my household does
4. No
5. Don’t know","","candidate"
"react1.r03.individual","29","context_or_wording_needs_review","INDCONFPARENT=1))","2. Yes, my child does (SHOW CODE IF (MAIL_GRP = 3) OR (MAIL_GRP = 2 AND
INDCONFPARENT=1))
3. Yes, someone else in my household does
4. No
5. Don’t know
","","candidate"
"react1.r03.individual","32","context_or_wording_needs_review","DO NOT ASK IF INDCONFPARENT=1","
DO NOT ASK IF INDCONFPARENT=1

LINKAGE

Imperial College would like your permission to link information held by NHS Digital and other","","candidate"
"react1.r03.individual","32","context_or_wording_needs_review","Do you give permission for Imperial College to do this [IF PARENT COMPLETING ON","
Do you give permission for Imperial College to do this [IF PARENT COMPLETING ON
BEHALF OF 5-12 YEAR OLD Mail_Grp 3] / until your child is 16 years old?

1. Yes
2. No","","candidate"
"react1.r03.individual","32","context_or_wording_needs_review","BEHALF OF 5-12 YEAR OLD Mail_Grp 3] / until your child is 16 years old?","Do you give permission for Imperial College to do this [IF PARENT COMPLETING ON
BEHALF OF 5-12 YEAR OLD Mail_Grp 3] / until your child is 16 years old?

1. Yes
2. No
","","candidate"
"react1.r03.registration","3","context_or_wording_needs_review","There are 3 groups corresponding to Mail_Grp i.e. u_mail_grp","NOTE TO SCRIPTERS:
There are 3 groups corresponding to Mail_Grp i.e. u_mail_grp
Mail_Grp                                          Age group
Mail_Grp=1                                        18+
Mail_Grp=2                                        13-17
Mail_grp=3                                        5-12","","candidate"
"react1.r03.registration","3","context_definition_or_continuation","Mail_Grp                                          Age group","There are 3 groups corresponding to Mail_Grp i.e. u_mail_grp
Mail_Grp                                          Age group
Mail_Grp=1                                        18+
Mail_Grp=2                                        13-17
Mail_grp=3                                        5-12
","","candidate"
"react1.r03.registration","3","context_definition_or_continuation","Mail_Grp=1                                        18+","Mail_Grp                                          Age group
Mail_Grp=1                                        18+
Mail_Grp=2                                        13-17
Mail_grp=3                                        5-12

","","candidate"
"react1.r03.registration","3","context_definition_or_continuation","Mail_Grp=2                                        13-17","Mail_Grp=1                                        18+
Mail_Grp=2                                        13-17
Mail_grp=3                                        5-12


","","candidate"
"react1.r03.registration","3","context_definition_or_continuation","Mail_grp=3                                        5-12","Mail_Grp=2                                        13-17
Mail_grp=3                                        5-12



","","candidate"
"react1.r03.registration","4","gate_or_option_instruction","ASK Mail_Grp=1 AND Mail_Grp=2 This survey is for [u_firstname] [u_name]. Are you","INDCONF
ASK Mail_Grp=1 AND Mail_Grp=2 This survey is for [u_firstname] [u_name]. Are you
[FF_Surname] [FF_Surname]?
IF CHILD is Mail_Grp=3 Are you the parent or guardian of [u_firstname] [u_name]?
Please select one answer
","INDCONF","candidate"
"react1.r03.registration","4","gate_or_option_instruction","IF CHILD is Mail_Grp=3 Are you the parent or guardian of [u_firstname] [u_name]?","[FF_Surname] [FF_Surname]?
IF CHILD is Mail_Grp=3 Are you the parent or guardian of [u_firstname] [u_name]?
Please select one answer


1. Yes","","candidate"
"react1.r03.registration","4","gate_or_option_instruction","IF INDCONF = 2 AND AGE Mail_Grp=2","
IF INDCONF = 2 AND AGE Mail_Grp=2
INDCONFPARENT
This survey is intended for [FF_Surname] [FF_Surname ]. If you are the parent or guardian
of [FF_Surname] [FF_Surname ] you can complete the survey on their behalf. Are you the
parent or guardian of [FF_Surname] [FF_Surname ]?","INDCONFPARENT","candidate"
"react1.r03.registration","4","context_or_wording_needs_review","INDCONFPARENT","IF INDCONF = 2 AND AGE Mail_Grp=2
INDCONFPARENT
This survey is intended for [FF_Surname] [FF_Surname ]. If you are the parent or guardian
of [FF_Surname] [FF_Surname ] you can complete the survey on their behalf. Are you the
parent or guardian of [FF_Surname] [FF_Surname ]?
1. Yes","","candidate"
"react1.r03.registration","4","context_or_wording_needs_review","This survey is intended for [FF_Surname] [FF_Surname ]. If you are the parent or guardian","INDCONFPARENT
This survey is intended for [FF_Surname] [FF_Surname ]. If you are the parent or guardian
of [FF_Surname] [FF_Surname ] you can complete the survey on their behalf. Are you the
parent or guardian of [FF_Surname] [FF_Surname ]?
1. Yes
2. No","INDCONFPARENT","candidate"
"react1.r03.registration","4","context_or_wording_needs_review","parent or guardian of [FF_Surname] [FF_Surname ]?","of [FF_Surname] [FF_Surname ] you can complete the survey on their behalf. Are you the
parent or guardian of [FF_Surname] [FF_Surname ]?
1. Yes
2. No

IF INDCONFPARENT=2 OR OR (INDCONF=2 AND AGE Mail_Grp=3)","","candidate"
"react1.r03.registration","4","gate_or_option_instruction","IF INDCONFPARENT=2 OR OR (INDCONF=2 AND AGE Mail_Grp=3)","
IF INDCONFPARENT=2 OR OR (INDCONF=2 AND AGE Mail_Grp=3)
CLOSE1
“We thank you for your time spent taking this survey.”
TERMINATE
","","candidate"
"react1.r03.registration","4","gate_or_option_instruction","IF INDCONF =2 AND AGE =18+ (Mail_Grp=1)","
IF INDCONF =2 AND AGE =18+ (Mail_Grp=1)
INDCONFCARER
This survey is intended for [FF_Surname] [FF_Surname ]. If you are a carer for
[FF_Surname] [FF_Surname ] you can help them to complete the survey. Are you a carer for
[FF_Surname] [FF_Surname ]?","INDCONFCARER","candidate"
"react1.r03.registration","4","context_or_wording_needs_review","INDCONFCARER","IF INDCONF =2 AND AGE =18+ (Mail_Grp=1)
INDCONFCARER
This survey is intended for [FF_Surname] [FF_Surname ]. If you are a carer for
[FF_Surname] [FF_Surname ] you can help them to complete the survey. Are you a carer for
[FF_Surname] [FF_Surname ]?
1. Yes","","candidate"
"react1.r03.registration","4","context_or_wording_needs_review","This survey is intended for [FF_Surname] [FF_Surname ]. If you are a carer for","INDCONFCARER
This survey is intended for [FF_Surname] [FF_Surname ]. If you are a carer for
[FF_Surname] [FF_Surname ] you can help them to complete the survey. Are you a carer for
[FF_Surname] [FF_Surname ]?
1. Yes
2. No","INDCONFCARER","candidate"
"react1.r03.registration","4","context_or_wording_needs_review","[FF_Surname] [FF_Surname ] you can help them to complete the survey. Are you a carer for","This survey is intended for [FF_Surname] [FF_Surname ]. If you are a carer for
[FF_Surname] [FF_Surname ] you can help them to complete the survey. Are you a carer for
[FF_Surname] [FF_Surname ]?
1. Yes
2. No
","","candidate"
"react1.r03.registration","4","gate_or_option_instruction","IF INDCONFCARER =2","
IF INDCONFCARER =2
CLOSE1
“We thank you for your time spent taking this survey.”
TERMINATE
","","candidate"
"react1.r03.registration","5","wording_only","IF 5-12 OR (13-17 INDCONFPARENT =1) Textfill is “your child”","IF 18+ OR (13-17 INDCONF=1) Textfill is “your”
IF 5-12 OR (13-17 INDCONFPARENT =1) Textfill is “your child”


ASK ALL
DOBCONF","","candidate"
"react1.r03.registration","5","context_or_wording_needs_review","What was your/your child’s age at your/their last birthday?","AGE
What was your/your child’s age at your/their last birthday?
[OPEN NUMERIC BOX AND APPLY TO AGE GROUPS AS OUTLINED BELOW,]
GROUP          GROUP ALLOW RANGE                     ERROR MESSAGE
AGE
Mail_Grp=1     18+         RANGE 18 -112             “Please enter a value of 18 or higher”","AGE","candidate"
"react1.r03.registration","5","context_or_wording_needs_review","[OPEN NUMERIC BOX AND APPLY TO AGE GROUPS AS OUTLINED BELOW,]","What was your/your child’s age at your/their last birthday?
[OPEN NUMERIC BOX AND APPLY TO AGE GROUPS AS OUTLINED BELOW,]
GROUP          GROUP ALLOW RANGE                     ERROR MESSAGE
AGE
Mail_Grp=1     18+         RANGE 18 -112             “Please enter a value of 18 or higher”
Mail_Grp=2     13-17       RANGE 13-17               “Please enter a value between 13 – 17”","","candidate"
"react1.r03.registration","5","context_definition_or_continuation","Mail_Grp=1     18+         RANGE 18 -112             “Please enter a value of 18 or higher”","AGE
Mail_Grp=1     18+         RANGE 18 -112             “Please enter a value of 18 or higher”
Mail_Grp=2     13-17       RANGE 13-17               “Please enter a value between 13 – 17”
Mail_grp=3     5-12        RANGE 5- 12               “Please enter a value between 5-12”

","AGE","candidate"
"react1.r03.registration","5","context_definition_or_continuation","Mail_Grp=2     13-17       RANGE 13-17               “Please enter a value between 13 – 17”","Mail_Grp=1     18+         RANGE 18 -112             “Please enter a value of 18 or higher”
Mail_Grp=2     13-17       RANGE 13-17               “Please enter a value between 13 – 17”
Mail_grp=3     5-12        RANGE 5- 12               “Please enter a value between 5-12”


1. Prefer not to say","","candidate"
"react1.r03.registration","5","context_definition_or_continuation","Mail_grp=3     5-12        RANGE 5- 12               “Please enter a value between 5-12”","Mail_Grp=2     13-17       RANGE 13-17               “Please enter a value between 13 – 17”
Mail_grp=3     5-12        RANGE 5- 12               “Please enter a value between 5-12”


1. Prefer not to say
","","candidate"
"react1.r03.registration","5","gate_or_option_instruction","IF Mail_Grp=3","
IF Mail_Grp=3

AGEPARENT

What was your age at your last birthday?","AGEPARENT","candidate"
"react1.r03.registration","5","context_or_wording_needs_review","AGEPARENT","
AGEPARENT

What was your age at your last birthday?

[OPEN NUMERIC BOX, RANGE 16– 112]","","candidate"
"react1.r03.registration","5","context_or_wording_needs_review","What was your age at your last birthday?","
What was your age at your last birthday?

[OPEN NUMERIC BOX, RANGE 16– 112]
1. Prefer not to say
","AGEPARENT","candidate"
"react1.r03.registration","6","gate_or_option_instruction","IF AGED 13-15","
IF AGED 13-15

PARCONS

Does your parent or guardian give you permission to take part in this study?","PARCONS","candidate"
"react1.r03.registration","6","context_or_wording_needs_review","Does your parent or guardian give you permission to take part in this study?","
Does your parent or guardian give you permission to take part in this study?

1.     Yes
2.     No
","PARCONS","candidate"
"react1.r03.registration","6","context_or_wording_needs_review","Please ask your parent or guardian for permission to complete the survey. Once they have","
Please ask your parent or guardian for permission to complete the survey. Once they have
agreed for you to take part, please log back in to the survey.""
TERMINATE

IF PARCONS = 1","","candidate"
"react1.r03.registration","6","context_or_wording_needs_review","Please write in the full name of your parent/carer who has agreed that you can take part:","
Please write in the full name of your parent/carer who has agreed that you can take part:
{text box}


Household composition","PARNAME","candidate"
"react1.r03.registration","6","gate_or_option_instruction","IF AGED Mail_Grp=1 OR Mail_Grp=3 OR (Mail_Grp=2 INDCONFPARENT =1)","Household composition
IF AGED Mail_Grp=1 OR Mail_Grp=3 OR (Mail_Grp=2 INDCONFPARENT =1)
NADULTS

Including yourself, how many adults aged 18 and over currently live in your household?
","NADULTS","candidate"
"react1.r03.registration","6","context_or_wording_needs_review","Including yourself, how many adults aged 18 and over currently live in your household?","
Including yourself, how many adults aged 18 and over currently live in your household?

INFO: Who should I include? Include all adults aged 18 and over, including any young
people aged 18 or over. Include young people who regularly spend part of the week in your
household. Include yourself.","NADULTS","candidate"
"react1.r03.registration","6","context_or_wording_needs_review","INFO: Who should I include? Include all adults aged 18 and over, including any young","
INFO: Who should I include? Include all adults aged 18 and over, including any young
people aged 18 or over. Include young people who regularly spend part of the week in your
household. Include yourself.

NUMERIC 1...","","candidate"
"react1.r03.registration","6","context_or_wording_needs_review","people aged 18 or over. Include young people who regularly spend part of the week in your","INFO: Who should I include? Include all adults aged 18 and over, including any young
people aged 18 or over. Include young people who regularly spend part of the week in your
household. Include yourself.

NUMERIC 1...
","","candidate"
"react1.r03.registration","6","context_or_wording_needs_review","[Show multiple rows up for number of adults aged Mail_Grp=1 in household ALLOW RANGE","
[Show multiple rows up for number of adults aged Mail_Grp=1 in household ALLOW RANGE
18 -112]


6","","candidate"
"react1.r03.registration","7","context_or_wording_needs_review","Header: Age in Years","
Header: Age in Years
Rows for each adult:
First adult
Second adult (and so on)
Columns for each adult:","","candidate"
"react1.r03.registration","7","gate_or_option_instruction","IF AGED Mail_Grp=2 (INDCONF = 1)","
IF AGED Mail_Grp=2 (INDCONF = 1)
NADULTS1

How many adults aged 18 and over currently live in your household?
","NADULTS1","candidate"
"react1.r03.registration","7","context_or_wording_needs_review","How many adults aged 18 and over currently live in your household?","
How many adults aged 18 and over currently live in your household?

INFO: Who should I include? Include all adults aged 18 and over, including any young
people aged 18 or over. Include young people who regularly spend part of the week in your
household.","NADULTS1","candidate"
"react1.r03.registration","7","context_or_wording_needs_review","INFO: Who should I include? Include all adults aged 18 and over, including any young","
INFO: Who should I include? Include all adults aged 18 and over, including any young
people aged 18 or over. Include young people who regularly spend part of the week in your
household.

NUMERIC 1...","","candidate"
"react1.r03.registration","7","context_or_wording_needs_review","people aged 18 or over. Include young people who regularly spend part of the week in your","INFO: Who should I include? Include all adults aged 18 and over, including any young
people aged 18 or over. Include young people who regularly spend part of the week in your
household.

NUMERIC 1...
","","candidate"
"react1.r03.registration","7","context_or_wording_needs_review","[Show multiple rows up for number of adults aged Mail_Grp=1 in household ALLOW RANGE","
[Show multiple rows up for number of adults aged Mail_Grp=1 in household ALLOW RANGE
18 -112]

[IF MORE THAN 10 ADULTS ENTERED AT NADULTS1 ALLOW ONLY 10 ROWS FOR
NUMBER OF ADULTS]","","candidate"
"react1.r03.registration","7","context_or_wording_needs_review","Header: Age in Years","
Header: Age in Years
Rows for each adult:
First adult
Second adult (and so on)
Columns for each adult:","","candidate"
"react1.r03.registration","8","gate_or_option_instruction","IF AGED Mail_Grp=1 or Mail_Grp=3 (Mail_Grp=2 INDCONFPARENT =1)","
IF AGED Mail_Grp=1 or Mail_Grp=3 (Mail_Grp=2 INDCONFPARENT =1)
NCHILD
How many children or young people aged 0 to 17 years currently live in your household?

INFO: Who should I include?","NCHILD","candidate"
"react1.r03.registration","8","context_or_wording_needs_review","How many children or young people aged 0 to 17 years currently live in your household?","NCHILD
How many children or young people aged 0 to 17 years currently live in your household?

INFO: Who should I include?
Include all children aged 0-17 in your household, whether or not they are your own children.
Include infants and babies. Include children who regularly spend part of the week in your","NCHILD","candidate"
"react1.r03.registration","8","context_or_wording_needs_review","Include all children aged 0-17 in your household, whether or not they are your own children.","INFO: Who should I include?
Include all children aged 0-17 in your household, whether or not they are your own children.
Include infants and babies. Include children who regularly spend part of the week in your
household.

NUMERIC 0...15","","candidate"
"react1.r03.registration","8","context_or_wording_needs_review","DO NOT ASK IF MAIL_GRP =3 AND NCHILD =1 OR MAIL_GRP=2 AND","CHILDAGE
DO NOT ASK IF MAIL_GRP =3 AND NCHILD =1 OR MAIL_GRP=2 AND
INDCONFPARENT=1 AND NUMBER AT NCHILD =1
You said that [(IF NUMBER AT NCHILD = 1) there is 1 child] [(IF NUMBER AT NCHILD =
2+) there are (NUMBER AT NCHILD) children] in your household. How old are these
children?","CHILDAGE_1|CHILDAGE_2|CHILDAGE_3|CHILDAGE_4|CHILDAGE_5|CHILDAGE_6|CHILDAGE_7|CHILDAGE_8|CHILDAGE_9|CHILDAGE_10|CHILDAGE_11|CHILDAGE_12|CHILDAGE_13|CHILDAGE_14|CHILDAGE_15","candidate"
"react1.r03.registration","8","context_or_wording_needs_review","INDCONFPARENT=1 AND NUMBER AT NCHILD =1","DO NOT ASK IF MAIL_GRP =3 AND NCHILD =1 OR MAIL_GRP=2 AND
INDCONFPARENT=1 AND NUMBER AT NCHILD =1
You said that [(IF NUMBER AT NCHILD = 1) there is 1 child] [(IF NUMBER AT NCHILD =
2+) there are (NUMBER AT NCHILD) children] in your household. How old are these
children?
[Show multiple rows up for number of children aged 0-17 in household. ALLOW RANGE 0-","","candidate"
"react1.r03.registration","8","context_or_wording_needs_review","[Show multiple rows up for number of children aged 0-17 in household. ALLOW RANGE 0-","children?
[Show multiple rows up for number of children aged 0-17 in household. ALLOW RANGE 0-
17]


Header: Age in Years","","candidate"
"react1.r03.registration","8","context_or_wording_needs_review","Header: Age in Years","
Header: Age in Years
Rows for each child:
First child
Second child (and so on)
Columns for each child:","","candidate"
"react1.r03.registration","8","gate_or_option_instruction","IF AGED Mail_Grp=2 (INDCONF = 1)","
IF AGED Mail_Grp=2 (INDCONF = 1)

NCHILD1
Including yourself, how many children or young people aged 0 to 17 years currently live in
your household?","NCHILD1","candidate"
"react1.r03.registration","8","context_or_wording_needs_review","Including yourself, how many children or young people aged 0 to 17 years currently live in","NCHILD1
Including yourself, how many children or young people aged 0 to 17 years currently live in
your household?

INFO: Who should I include?
Include all children aged 0-17 in your household, whether or not they are your own children.","NCHILD1","candidate"
"react1.r03.registration","8","context_or_wording_needs_review","Include all children aged 0-17 in your household, whether or not they are your own children.","INFO: Who should I include?
Include all children aged 0-17 in your household, whether or not they are your own children.
Include infants and babies. Include children who regularly spend part of the week in your
household. Include yourself.

NUMERIC 0...15","","candidate"
"react1.r03.registration","9","context_or_wording_needs_review","[Show multiple rows up for number of children aged 0-17 in household]","household. How old are these children?
[Show multiple rows up for number of children aged 0-17 in household]


Header: Age in Years
Rows for each child:","","candidate"
"react1.r03.registration","9","context_or_wording_needs_review","Header: Age in Years","
Header: Age in Years
Rows for each child:
First child
Second child (and so on)
Columns for each child:","","candidate"
"react1.r03.registration","9","gate_or_option_instruction","IF Mail_Grp=1 OR Mail_Grp=3 OR (16-17 INDCONF =1) Are you …","WORKTYP1
IF Mail_Grp=1 OR Mail_Grp=3 OR (16-17 INDCONF =1) Are you …
OR (16-17 INDCONFPARENT =1) Is your child….

WORKTYP1
Are you …/Is your child","WORKTYP1_4|WORKTYP1_5|WORKTYP1_6|WORKTYP1_7|WORKTYP1_1|WORKTYP1_2|WORKTYP1_3","candidate"
"react1.r03.registration","9","context_or_wording_needs_review","OR (16-17 INDCONFPARENT =1) Is your child….","IF Mail_Grp=1 OR Mail_Grp=3 OR (16-17 INDCONF =1) Are you …
OR (16-17 INDCONFPARENT =1) Is your child….

WORKTYP1
Are you …/Is your child
","WORKTYP1_4|WORKTYP1_5|WORKTYP1_6|WORKTYP1_7|WORKTYP1_1|WORKTYP1_2|WORKTYP1_3","candidate"
"react1.r03.registration","11","context_or_wording_needs_review","Group 3 (5-12) OR group 2 INDCONFPARENT=1 ‘my child’","Group 1 (18+) OR group 2 INDCONF=1 Textfill ‘you’
Group 3 (5-12) OR group 2 INDCONFPARENT=1 ‘my child’
EXCL
Do you/Does your child have an increased risk of bleeding (for example taking
anticoagulants or a medical condition such as haemophilia, or are/ are they prone to
nosebleeds)?","EXCL","candidate"
"react1.r03.registration","12","gate_or_option_instruction","IF (EXCL = 2 OR 3 OR EXCLCONF=2 OR 3 ) AND Mail_Grp=1 ONLY","
IF (EXCL = 2 OR 3 OR EXCLCONF=2 OR 3 ) AND Mail_Grp=1 ONLY
SMOKENOW

Do you smoke cigarettes at all nowadays?
","SMOKENOW","candidate"
"react1.r04.individual","4","context_or_wording_needs_review","This survey is for [FF_Surname] [FF_Surname ]. Are you / the parent or guardian of","INDCONF
This survey is for [FF_Surname] [FF_Surname ]. Are you / the parent or guardian of
[FF_Surname] [FF_Surname]?
Please select one answer
1. Yes
2. No","INDCONF","candidate"
"react1.r04.individual","4","gate_or_option_instruction","IF INDCONF = 2 AND Mail_Grp 2","IF INDCONF =2 GO TO CLOSE1
IF INDCONF = 2 AND Mail_Grp 2
INDCONFPARENT
This survey is intended for [FF_firstname] [FF_Surname ]. If you are the parent or guardian
of [FF_firstname] [FF_Surname ] you can complete the survey by proxy and answer the
survey on their behalf. Are you the parent or guardian of [FF_firstname] [FF_Surname ]?","INDCONFPARENT","candidate"
"react1.r04.individual","4","context_or_wording_needs_review","INDCONFPARENT","IF INDCONF = 2 AND Mail_Grp 2
INDCONFPARENT
This survey is intended for [FF_firstname] [FF_Surname ]. If you are the parent or guardian
of [FF_firstname] [FF_Surname ] you can complete the survey by proxy and answer the
survey on their behalf. Are you the parent or guardian of [FF_firstname] [FF_Surname ]?
1. Yes","","candidate"
"react1.r04.individual","4","context_or_wording_needs_review","This survey is intended for [FF_firstname] [FF_Surname ]. If you are the parent or guardian","INDCONFPARENT
This survey is intended for [FF_firstname] [FF_Surname ]. If you are the parent or guardian
of [FF_firstname] [FF_Surname ] you can complete the survey by proxy and answer the
survey on their behalf. Are you the parent or guardian of [FF_firstname] [FF_Surname ]?
1. Yes
","INDCONFPARENT","candidate"
"react1.r04.individual","4","context_or_wording_needs_review","survey on their behalf. Are you the parent or guardian of [FF_firstname] [FF_Surname ]?","of [FF_firstname] [FF_Surname ] you can complete the survey by proxy and answer the
survey on their behalf. Are you the parent or guardian of [FF_firstname] [FF_Surname ]?
1. Yes

2. No [TERMINATE]
","","candidate"
"react1.r04.individual","4","gate_or_option_instruction","IF INDCONFPARENT=2 OR (INDCONF=2 AND AGE Mail_Grp 3)","
IF INDCONFPARENT=2 OR (INDCONF=2 AND AGE Mail_Grp 3)
CLOSE1
“We thank you for your time spent taking this survey.”
TERMINATE
","","candidate"
"react1.r04.individual","4","gate_or_option_instruction","IF INDCONF =2 AND Mail_Grp 1","
IF INDCONF =2 AND Mail_Grp 1
INDCONFCARER
This survey is intended for [FF_firstame] [FF_Surname ]. If you are a carer for [FF_firstname]
[FF_Surname ] you can help them to complete the survey. Are you a carer for [FF_firstname]
[FF_Surname ]?","INDCONFCARER","candidate"
"react1.r04.individual","4","context_or_wording_needs_review","INDCONFCARER","IF INDCONF =2 AND Mail_Grp 1
INDCONFCARER
This survey is intended for [FF_firstame] [FF_Surname ]. If you are a carer for [FF_firstname]
[FF_Surname ] you can help them to complete the survey. Are you a carer for [FF_firstname]
[FF_Surname ]?
1. Yes","","candidate"
"react1.r04.individual","4","context_or_wording_needs_review","This survey is intended for [FF_firstame] [FF_Surname ]. If you are a carer for [FF_firstname]","INDCONFCARER
This survey is intended for [FF_firstame] [FF_Surname ]. If you are a carer for [FF_firstname]
[FF_Surname ] you can help them to complete the survey. Are you a carer for [FF_firstname]
[FF_Surname ]?
1. Yes
2. No","INDCONFCARER","candidate"
"react1.r04.individual","4","context_or_wording_needs_review","[FF_Surname ] you can help them to complete the survey. Are you a carer for [FF_firstname]","This survey is intended for [FF_firstame] [FF_Surname ]. If you are a carer for [FF_firstname]
[FF_Surname ] you can help them to complete the survey. Are you a carer for [FF_firstname]
[FF_Surname ]?
1. Yes
2. No
","","candidate"
"react1.r04.individual","5","gate_or_option_instruction","IF INDCONFCARER =2","
IF INDCONFCARER =2
CLOSE1
“We thank you for your time spent taking this survey.”
TERMINATE
","","candidate"
"react1.r04.individual","5","wording_only","IF Mail_Grp 1 OR (Mail_Grp 2 INDCONF=1) Textfill is “your”","PROGRAMMER: SET TEXTFILL
IF Mail_Grp 1 OR (Mail_Grp 2 INDCONF=1) Textfill is “your”
IF Mail_Grp 3 OR (Mail_Grp 2 INDCONFPARENT =1) Textfill is “your child”


","","candidate"
"react1.r04.individual","5","wording_only","IF Mail_Grp 3 OR (Mail_Grp 2 INDCONFPARENT =1) Textfill is “your child”","IF Mail_Grp 1 OR (Mail_Grp 2 INDCONF=1) Textfill is “your”
IF Mail_Grp 3 OR (Mail_Grp 2 INDCONFPARENT =1) Textfill is “your child”



Health","","candidate"
"react1.r04.individual","7","context_definition_or_continuation","MAIL_GRP1] pregnancy etc.)?","COVID-19 or were they all related to another issue (e.g. other illness, allergy,[IF
MAIL_GRP1] pregnancy etc.)?

DISPLAY LIST OF SYMPTOMS MENTIONED AT SYMPTANY1, SYMPTANY2,
SYMPTANY3
","","candidate"
"react1.r04.individual","12","response_option","2.      In my place of work [SHOW ONLY IF MAIL_GRP1 OR MAIL_GRP2 AND","1.      In my household
2.      In my place of work [SHOW ONLY IF MAIL_GRP1 OR MAIL_GRP2 AND
INDCONF=1]
3.      In my/their school or college
4.      At a social event or gathering
5.      Somewhere else","","candidate"
"react1.r04.individual","12","gate_or_option_instruction","ASK IF COVIDCONPL=2 AND MAIL_GRP1 OR MAIL_GRP2 AND INDONF-=1","
ASK IF COVIDCONPL=2 AND MAIL_GRP1 OR MAIL_GRP2 AND INDONF-=1
COVIDCONWP

You said that you/your child had [IF COVIDCONNUM=2+ the most recent] contact with the
person who was a confirmed COVID-19 case in your workplace. Do you work in any of the","COVIDCONWP","candidate"
"react1.r04.individual","15","response_option","2. Yes, my child has – [REMOVE MAIL_GRP1 OR MAIL_GRP2 IF","1. Yes, I have
2. Yes, my child has – [REMOVE MAIL_GRP1 OR MAIL_GRP2 IF
INDCONF=1]
3. Yes, someone else in my household has
4. No
5. Don’t know","","candidate"
"react1.r04.individual","16","gate_or_option_instruction","ASK AGED Mail_Grp 1 OR (AGED Mail_Grp 2 AND INDCONF=1)","
ASK AGED Mail_Grp 1 OR (AGED Mail_Grp 2 AND INDCONF=1)
BEHAVA
In the last 7 days, that is since <DATE/MONTH>, did you do any of the following?

Please select any that apply.","BEHAVA1|BEHAVA2|BEHAVA3|BEHAVA4|BEHAVA5|BEHAVA6|BEHAVA7|BEHAVA8|BEHAVA9|BEHAVA10|BEHAVA11|BEHAVA12|BEHAVA13|BEHAVA14|BEHAVA15|BEHAVA16|BEHAVA17|BEHAVA18","candidate"
"react1.r04.individual","17","gate_or_option_instruction","IF Mail_Grp 1 AND LEAVE 1 =1","
IF Mail_Grp 1 AND LEAVE 1 =1

LEAVE 2

In the last 7 days, that is since <DATE/MONTH>, for what reasons have you left home?","","candidate"
"react1.r04.individual","17","gate_or_option_instruction","IF MAIL_GRP3 OR MAIL_GRP2","
IF MAIL_GRP3 OR MAIL_GRP2
SCHOOL
Has your child/Have you gone back to school [(IF MAIL_GRP2) or college] yet in person (not
just attending online)?
","SCHOOL","candidate"
"react1.r04.individual","17","context_or_wording_needs_review","Has your child/Have you gone back to school [(IF MAIL_GRP2) or college] yet in person (not","SCHOOL
Has your child/Have you gone back to school [(IF MAIL_GRP2) or college] yet in person (not
just attending online)?

1.   Yes
2.   No, but will be going back soon","SCHOOL","candidate"
"react1.r04.individual","18","context_or_wording_needs_review","Please do not include anything done as part of (IF MAIL_GRP1 OR MAIL_GRP2 AND","In the last 7 days have you/has your child done any of the following activities indoors?
Please do not include anything done as part of (IF MAIL_GRP1 OR MAIL_GRP2 AND
INDCONF=1 your job or education/IF MAIL_GRP = 3 OR MAIL_GRP = 2 AND
INDCONFPARENT=1 your child’s education.)

Please select all that apply","","candidate"
"react1.r04.individual","18","context_or_wording_needs_review","INDCONF=1 your job or education/IF MAIL_GRP = 3 OR MAIL_GRP = 2 AND","Please do not include anything done as part of (IF MAIL_GRP1 OR MAIL_GRP2 AND
INDCONF=1 your job or education/IF MAIL_GRP = 3 OR MAIL_GRP = 2 AND
INDCONFPARENT=1 your child’s education.)

Please select all that apply
","","candidate"
"react1.r04.individual","18","context_or_wording_needs_review","INDCONFPARENT=1 your child’s education.)","INDCONF=1 your job or education/IF MAIL_GRP = 3 OR MAIL_GRP = 2 AND
INDCONFPARENT=1 your child’s education.)

Please select all that apply

1. Taken exercise or a class inside at a gym or leisure centre","","candidate"
"react1.r04.individual","18","context_or_wording_needs_review","outside your household (not including for IF MAIL_GRP1 OR MAIL_GRP2 AND","7. Other indoor activities involving spending more than 5 minutes with people from
outside your household (not including for IF MAIL_GRP1 OR MAIL_GRP2 AND
INDCONF=1 work IF MAIL_GRP = 3 OR MAIL_GRP = 2 AND INDCONFPARENT=1
education.)
8. None of these
9. Prefer not to say","","candidate"
"react1.r04.individual","18","context_or_wording_needs_review","INDCONF=1 work IF MAIL_GRP = 3 OR MAIL_GRP = 2 AND INDCONFPARENT=1","outside your household (not including for IF MAIL_GRP1 OR MAIL_GRP2 AND
INDCONF=1 work IF MAIL_GRP = 3 OR MAIL_GRP = 2 AND INDCONFPARENT=1
education.)
8. None of these
9. Prefer not to say
","","candidate"
"react1.r04.individual","19","context_or_wording_needs_review","[(IF MAIL_GRP 1 OR MAIL_GRP 2 AND INDCONF=1) Please do not include anything that","In the last 7 days have you/has your child done any of the following activities outdoors?
[(IF MAIL_GRP 1 OR MAIL_GRP 2 AND INDCONF=1) Please do not include anything that
you did as part of your job.]
Please select all that apply.

1.   Played team sports or taken exercise classes outside","","candidate"
"react1.r04.individual","19","context_or_wording_needs_review","members of your household. How many of those were in each of the following age groups?","You said that yesterday you came into contact with CONTACT1 people who are not
members of your household. How many of those were in each of the following age groups?

1. 0 to 17 years old       (enter number)
2. 18 to 34 years old      (enter number)
3. 35 to 64 years old      (enter number)","","candidate"
"react1.r04.individual","27","context_or_wording_needs_review","Have you been contacted by the Test and Trace Programme [IF MAIL_GRP 3 OR Mail_Grp","
Have you been contacted by the Test and Trace Programme [IF MAIL_GRP 3 OR Mail_Grp
2 AND INDCONFPARENT=1) about your child]?

1. Yes
2. No","COVIDTETR","candidate"
"react1.r04.individual","27","context_or_wording_needs_review","2 AND INDCONFPARENT=1) about your child]?","Have you been contacted by the Test and Trace Programme [IF MAIL_GRP 3 OR Mail_Grp
2 AND INDCONFPARENT=1) about your child]?

1. Yes
2. No
3. Prefer not to say","","candidate"
"react1.r04.individual","29","gate_or_option_instruction","ASK ALL Mail_Grp 1","
ASK ALL Mail_Grp 1
EDUC
What is your highest educational qualification? This means any educational, professional,
vocational or other work-related qualifications for which you received a certificate.
Please select one answer","EDUC","candidate"
"react1.r04.individual","30","gate_or_option_instruction","IF MAIL_GRP1 AND EMPL = 7","
IF MAIL_GRP1 AND EMPL = 7

EDTYPE

This autumn term will you be studying…","EDTYPE","candidate"
"react1.r04.individual","30","gate_or_option_instruction","IF MAIL_GRP1 AND EMPL = 7","
IF MAIL_GRP1 AND EMPL = 7

UNIMOVE

This autumn term, are you planning to move from your current address to go to","UNIMOVE","candidate"
"react1.r04.individual","30","response_option","6. Parents’ or guardians’ home","5. Your own home which you own
6. Parents’ or guardians’ home
7. Other
8. Don’t know

","","candidate"
"react1.r04.individual","31","response_option","6. Parents’ or guardians’ home","5. Your own home which you own
6. Parents’ or guardians’ home
7. Other


ASK ALL","","candidate"
"react1.r04.individual","31","response_option","2. Yes, my child does (SHOW CODE IF (MAIL_GRP = 3) OR (MAIL_GRP = 2 AND","1. Yes, I do
2. Yes, my child does (SHOW CODE IF (MAIL_GRP = 3) OR (MAIL_GRP = 2 AND
INDCONFPARENT=1))
3. Yes, someone else in my household does
4. No
5. Don’t know","","candidate"
"react1.r04.individual","31","context_or_wording_needs_review","INDCONFPARENT=1))","2. Yes, my child does (SHOW CODE IF (MAIL_GRP = 3) OR (MAIL_GRP = 2 AND
INDCONFPARENT=1))
3. Yes, someone else in my household does
4. No
5. Don’t know
","","candidate"
"react1.r04.individual","34","gate_or_option_instruction","[ASK GENDER = FEMALE AND MAIL_GRP = 1 AND (DAGE < 55) AND (valid HEIGHT","
[ASK GENDER = FEMALE AND MAIL_GRP = 1 AND (DAGE < 55) AND (valid HEIGHT
ANSWER and VALID WEIGHT ANSWER). Do not ask this if gave prefer not to say or
cannot give estimate on HEIGHT OR WEIGHT]

PREG","","candidate"
"react1.r04.individual","35","context_or_wording_needs_review","DO NOT ASK IF INDCONFPARENT=1","
DO NOT ASK IF INDCONFPARENT=1

LINKAGE

Imperial College would like your permission to link information held by NHS Digital and other","","candidate"
"react1.r04.individual","35","context_or_wording_needs_review","Do you give permission for Imperial College to do this [IF PARENT COMPLETING ON","
Do you give permission for Imperial College to do this [IF PARENT COMPLETING ON
BEHALF OF 5-12 YEAR OLD Mail_Grp 3] / until your child is 16 years old?

1. Yes
2. No","","candidate"
"react1.r04.individual","35","context_or_wording_needs_review","BEHALF OF 5-12 YEAR OLD Mail_Grp 3] / until your child is 16 years old?","Do you give permission for Imperial College to do this [IF PARENT COMPLETING ON
BEHALF OF 5-12 YEAR OLD Mail_Grp 3] / until your child is 16 years old?

1. Yes
2. No
","","candidate"
"react1.r04.registration","3","context_or_wording_needs_review","There are 3 groups corresponding to Mail_Grp i.e. u_mail_grp","NOTE TO SCRIPTERS:
There are 3 groups corresponding to Mail_Grp i.e. u_mail_grp
Mail_Grp                                          Age group
Mail_Grp=1                                        18+
Mail_Grp=2                                        13-17
Mail_grp=3                                        5-12","","candidate"
"react1.r04.registration","3","context_definition_or_continuation","Mail_Grp                                          Age group","There are 3 groups corresponding to Mail_Grp i.e. u_mail_grp
Mail_Grp                                          Age group
Mail_Grp=1                                        18+
Mail_Grp=2                                        13-17
Mail_grp=3                                        5-12
","","candidate"
"react1.r04.registration","3","context_definition_or_continuation","Mail_Grp=1                                        18+","Mail_Grp                                          Age group
Mail_Grp=1                                        18+
Mail_Grp=2                                        13-17
Mail_grp=3                                        5-12

","","candidate"
"react1.r04.registration","3","context_definition_or_continuation","Mail_Grp=2                                        13-17","Mail_Grp=1                                        18+
Mail_Grp=2                                        13-17
Mail_grp=3                                        5-12


","","candidate"
"react1.r04.registration","3","context_definition_or_continuation","Mail_grp=3                                        5-12","Mail_Grp=2                                        13-17
Mail_grp=3                                        5-12



","","candidate"
"react1.r04.registration","4","gate_or_option_instruction","ASK Mail_Grp=1 AND Mail_Grp=2 This survey is for [u_firstname] [u_name]. Are you","INDCONF
ASK Mail_Grp=1 AND Mail_Grp=2 This survey is for [u_firstname] [u_name]. Are you
[FF_Surname] [FF_Surname]?
IF CHILD is Mail_Grp=3 Are you the parent or guardian of [u_firstname] [u_name]?
Please select one answer
","INDCONF","candidate"
"react1.r04.registration","4","gate_or_option_instruction","IF CHILD is Mail_Grp=3 Are you the parent or guardian of [u_firstname] [u_name]?","[FF_Surname] [FF_Surname]?
IF CHILD is Mail_Grp=3 Are you the parent or guardian of [u_firstname] [u_name]?
Please select one answer


1. Yes","","candidate"
"react1.r04.registration","4","gate_or_option_instruction","IF INDCONF = 2 AND Mail_Grp=2","
IF INDCONF = 2 AND Mail_Grp=2
INDCONFPARENT
This survey is intended for [FF_Surname] [FF_Surname ]. If you are the parent or guardian
of [FF_Surname] [FF_Surname ] you can complete the survey on their behalf. Are you the
parent or guardian of [FF_Surname] [FF_Surname ]?","INDCONFPARENT","candidate"
"react1.r04.registration","4","context_or_wording_needs_review","INDCONFPARENT","IF INDCONF = 2 AND Mail_Grp=2
INDCONFPARENT
This survey is intended for [FF_Surname] [FF_Surname ]. If you are the parent or guardian
of [FF_Surname] [FF_Surname ] you can complete the survey on their behalf. Are you the
parent or guardian of [FF_Surname] [FF_Surname ]?
1. Yes","","candidate"
"react1.r04.registration","4","context_or_wording_needs_review","This survey is intended for [FF_Surname] [FF_Surname ]. If you are the parent or guardian","INDCONFPARENT
This survey is intended for [FF_Surname] [FF_Surname ]. If you are the parent or guardian
of [FF_Surname] [FF_Surname ] you can complete the survey on their behalf. Are you the
parent or guardian of [FF_Surname] [FF_Surname ]?
1. Yes
2. No","INDCONFPARENT","candidate"
"react1.r04.registration","4","context_or_wording_needs_review","parent or guardian of [FF_Surname] [FF_Surname ]?","of [FF_Surname] [FF_Surname ] you can complete the survey on their behalf. Are you the
parent or guardian of [FF_Surname] [FF_Surname ]?
1. Yes
2. No

","","candidate"
"react1.r04.registration","4","gate_or_option_instruction","IF INDCONFPARENT=2 OR INDCONF=2 AND Mail_Grp=3","
IF INDCONFPARENT=2 OR INDCONF=2 AND Mail_Grp=3
CLOSE1
“We thank you for your time spent taking this survey.”
TERMINATE
","","candidate"
"react1.r04.registration","4","gate_or_option_instruction","IF INDCONF =2 AND Mail_Grp=1","
IF INDCONF =2 AND Mail_Grp=1
INDCONFCARER
This survey is intended for [FF_Surname] [FF_Surname ]. If you are a carer for
[FF_Surname] [FF_Surname ] you can help them to complete the survey. Are you a carer for
[FF_Surname] [FF_Surname ]?","INDCONFCARER","candidate"
"react1.r04.registration","4","context_or_wording_needs_review","INDCONFCARER","IF INDCONF =2 AND Mail_Grp=1
INDCONFCARER
This survey is intended for [FF_Surname] [FF_Surname ]. If you are a carer for
[FF_Surname] [FF_Surname ] you can help them to complete the survey. Are you a carer for
[FF_Surname] [FF_Surname ]?
1. Yes","","candidate"
"react1.r04.registration","4","context_or_wording_needs_review","This survey is intended for [FF_Surname] [FF_Surname ]. If you are a carer for","INDCONFCARER
This survey is intended for [FF_Surname] [FF_Surname ]. If you are a carer for
[FF_Surname] [FF_Surname ] you can help them to complete the survey. Are you a carer for
[FF_Surname] [FF_Surname ]?
1. Yes
2. No","INDCONFCARER","candidate"
"react1.r04.registration","4","context_or_wording_needs_review","[FF_Surname] [FF_Surname ] you can help them to complete the survey. Are you a carer for","This survey is intended for [FF_Surname] [FF_Surname ]. If you are a carer for
[FF_Surname] [FF_Surname ] you can help them to complete the survey. Are you a carer for
[FF_Surname] [FF_Surname ]?
1. Yes
2. No
","","candidate"
"react1.r04.registration","5","gate_or_option_instruction","IF INDCONFCARER =2","
IF INDCONFCARER =2
CLOSE1
“We thank you for your time spent taking this survey.”
TERMINATE
","","candidate"
"react1.r04.registration","5","wording_only","IF 5-12 OR (13-17 INDCONFPARENT =1) Textfill is “your child”","IF 18+ OR (13-17 INDCONF=1) Textfill is “your”
IF 5-12 OR (13-17 INDCONFPARENT =1) Textfill is “your child”


ASK ALL
AGE","","candidate"
"react1.r04.registration","5","context_or_wording_needs_review","What was your/your child’s age at your/their last birthday?","AGE
What was your/your child’s age at your/their last birthday?
[OPEN NUMERIC BOX AND APPLY TO AGE GROUPS AS OUTLINED BELOW BUT
ALLOW PAST]
GROUP         GROUP ALLOW RANGE                  ERROR MESSAGE
AGE","AGE","candidate"
"react1.r04.registration","5","context_or_wording_needs_review","[OPEN NUMERIC BOX AND APPLY TO AGE GROUPS AS OUTLINED BELOW BUT","What was your/your child’s age at your/their last birthday?
[OPEN NUMERIC BOX AND APPLY TO AGE GROUPS AS OUTLINED BELOW BUT
ALLOW PAST]
GROUP         GROUP ALLOW RANGE                  ERROR MESSAGE
AGE
Mail_Grp=1    18+        RANGE 17 -112           “Our records suggest you are aged 17 or","","candidate"
"react1.r04.registration","5","context_definition_or_continuation","Mail_Grp=1    18+        RANGE 17 -112           “Our records suggest you are aged 17 or","AGE
Mail_Grp=1    18+        RANGE 17 -112           “Our records suggest you are aged 17 or
over, please check your answer.”
Mail_Grp=2    13-17      RANGE 12-18             “Our records suggest [IF INDCONF = 1:
you are/IF INCONFPARENT = 1 your child
is] aged between 12 and 18, please check","AGE","candidate"
"react1.r04.registration","5","context_definition_or_continuation","Mail_Grp=2    13-17      RANGE 12-18             “Our records suggest [IF INDCONF = 1:","over, please check your answer.”
Mail_Grp=2    13-17      RANGE 12-18             “Our records suggest [IF INDCONF = 1:
you are/IF INCONFPARENT = 1 your child
is] aged between 12 and 18, please check
your answer”
Mail_grp=3    5-12       RANGE 5- 13             “Our records suggest your child is aged","","candidate"
"react1.r04.registration","5","context_or_wording_needs_review","you are/IF INCONFPARENT = 1 your child","Mail_Grp=2    13-17      RANGE 12-18             “Our records suggest [IF INDCONF = 1:
you are/IF INCONFPARENT = 1 your child
is] aged between 12 and 18, please check
your answer”
Mail_grp=3    5-12       RANGE 5- 13             “Our records suggest your child is aged
between 5 and 13, please check your","","candidate"
"react1.r04.registration","5","context_or_wording_needs_review","is] aged between 12 and 18, please check","you are/IF INCONFPARENT = 1 your child
is] aged between 12 and 18, please check
your answer”
Mail_grp=3    5-12       RANGE 5- 13             “Our records suggest your child is aged
between 5 and 13, please check your
answer”","","candidate"
"react1.r04.registration","5","context_definition_or_continuation","Mail_grp=3    5-12       RANGE 5- 13             “Our records suggest your child is aged","your answer”
Mail_grp=3    5-12       RANGE 5- 13             “Our records suggest your child is aged
between 5 and 13, please check your
answer”

","","candidate"
"react1.r04.registration","5","context_or_wording_needs_review","DAGE [Derived age for filter questions)","
DAGE [Derived age for filter questions)

IF PREFER NOT TO SAY AT AGE: CALCULATE AGE FROM SAMPLE INFORMATION
(assume day is 15 of month)
","","candidate"
"react1.r04.registration","5","gate_or_option_instruction","IF PREFER NOT TO SAY AT AGE: CALCULATE AGE FROM SAMPLE INFORMATION","
IF PREFER NOT TO SAY AT AGE: CALCULATE AGE FROM SAMPLE INFORMATION
(assume day is 15 of month)

OTHERWISE USE AGE FROM AGE FOR FILTERING
","","candidate"
"react1.r04.registration","5","context_or_wording_needs_review","OTHERWISE USE AGE FROM AGE FOR FILTERING","
OTHERWISE USE AGE FROM AGE FOR FILTERING



","","candidate"
"react1.r04.registration","6","gate_or_option_instruction","IF Mail_Grp=3","
IF Mail_Grp=3

AGEPARENT

What was your age at your last birthday?","AGEPARENT","candidate"
"react1.r04.registration","6","context_or_wording_needs_review","AGEPARENT","
AGEPARENT

What was your age at your last birthday?

[OPEN NUMERIC BOX, RANGE 16– 112]","","candidate"
"react1.r04.registration","6","context_or_wording_needs_review","What was your age at your last birthday?","
What was your age at your last birthday?

[OPEN NUMERIC BOX, RANGE 16– 112]
1. Prefer not to say
","AGEPARENT","candidate"
"react1.r04.registration","6","gate_or_option_instruction","IF AGED 13-15 AND MAIL_GRP2","
IF AGED 13-15 AND MAIL_GRP2

PARCONS

Does your parent or guardian give you permission to take part in this study?","PARCONS","candidate"
"react1.r04.registration","6","context_or_wording_needs_review","Does your parent or guardian give you permission to take part in this study?","
Does your parent or guardian give you permission to take part in this study?

1.      Yes
2.      No
","PARCONS","candidate"
"react1.r04.registration","6","context_or_wording_needs_review","Please ask your parent or guardian for permission to complete the survey. Once they have","
Please ask your parent or guardian for permission to complete the survey. Once they have
agreed for you to take part, please log back in to the survey.""
TERMINATE

","","candidate"
"react1.r04.registration","6","context_or_wording_needs_review","Please write in the full name of your parent/carer who has agreed that you can take part:","
Please write in the full name of your parent/carer who has agreed that you can take part:
{text box}


","PARNAME","candidate"
"react1.r04.registration","6","gate_or_option_instruction","IF AGED Mail_Grp=1 OR Mail_Grp=3 OR (Mail_Grp=2 INDCONFPARENT =1)","Household composition
IF AGED Mail_Grp=1 OR Mail_Grp=3 OR (Mail_Grp=2 INDCONFPARENT =1)
NADULTS

Including yourself, how many adults aged 18 and over currently live in your household?
","NADULTS","candidate"
"react1.r04.registration","6","context_or_wording_needs_review","Including yourself, how many adults aged 18 and over currently live in your household?","
Including yourself, how many adults aged 18 and over currently live in your household?

INFO: Who should I include? Include all adults aged 18 and over, including any young
people aged 18 or over. Include young people who regularly spend part of the week in your
household. Include yourself.","NADULTS","candidate"
"react1.r04.registration","6","context_or_wording_needs_review","INFO: Who should I include? Include all adults aged 18 and over, including any young","
INFO: Who should I include? Include all adults aged 18 and over, including any young
people aged 18 or over. Include young people who regularly spend part of the week in your
household. Include yourself.

NUMERIC 1...","","candidate"
"react1.r04.registration","6","context_or_wording_needs_review","people aged 18 or over. Include young people who regularly spend part of the week in your","INFO: Who should I include? Include all adults aged 18 and over, including any young
people aged 18 or over. Include young people who regularly spend part of the week in your
household. Include yourself.

NUMERIC 1...
","","candidate"
"react1.r04.registration","7","context_or_wording_needs_review","[Show multiple rows up for number of adults aged Mail_Grp=1 in household ALLOW RANGE","
[Show multiple rows up for number of adults aged Mail_Grp=1 in household ALLOW RANGE
18 -112]
[IF MORE THAN 10 ADULTS ENTERED AT NADULTS ALLOW ONLY 10 ROWS FOR
NUMBER OF ADULTS]
","","candidate"
"react1.r04.registration","7","context_or_wording_needs_review","Header: Age in Years","
Header: Age in Years

Rows for each adult:

First adult","","candidate"
"react1.r04.registration","7","gate_or_option_instruction","IF Mail_Grp1 OR Mail_Grp=2 ANDINDCONF = 1.","
IF Mail_Grp1 OR Mail_Grp=2 ANDINDCONF = 1.
NADULTS1

How many adults aged 18 and over currently live in your household?
","NADULTS1","candidate"
"react1.r04.registration","7","context_or_wording_needs_review","How many adults aged 18 and over currently live in your household?","
How many adults aged 18 and over currently live in your household?

INFO: Who should I include? Include all adults aged 18 and over, including any young
people aged 18 or over. Include young people who regularly spend part of the week in your
household.","NADULTS1","candidate"
"react1.r04.registration","7","context_or_wording_needs_review","INFO: Who should I include? Include all adults aged 18 and over, including any young","
INFO: Who should I include? Include all adults aged 18 and over, including any young
people aged 18 or over. Include young people who regularly spend part of the week in your
household.

NUMERIC 1...","","candidate"
"react1.r04.registration","7","context_or_wording_needs_review","people aged 18 or over. Include young people who regularly spend part of the week in your","INFO: Who should I include? Include all adults aged 18 and over, including any young
people aged 18 or over. Include young people who regularly spend part of the week in your
household.

NUMERIC 1...
","","candidate"
"react1.r04.registration","8","context_or_wording_needs_review","[Show multiple rows up for number of adults aged Mail_Grp=1 in household ALLOW RANGE","
[Show multiple rows up for number of adults aged Mail_Grp=1 in household ALLOW RANGE
18 -112]

[IF MORE THAN 10 ADULTS ENTERED AT NADULTS1 ALLOW ONLY 10 ROWS FOR
NUMBER OF ADULTS]","","candidate"
"react1.r04.registration","8","context_or_wording_needs_review","Header: Age in Years","
Header: Age in Years

Rows for each adult:

First adult","","candidate"
"react1.r04.registration","8","gate_or_option_instruction","IF Mail_Grp=1 or Mail_Grp=3 or (Mail_Grp=2 and INDCONFPARENT =1)","
IF Mail_Grp=1 or Mail_Grp=3 or (Mail_Grp=2 and INDCONFPARENT =1)
NCHILD
How many children or young people aged 0 to 17 years currently live in your household?

INFO: Who should I include?","NCHILD","candidate"
"react1.r04.registration","8","context_or_wording_needs_review","How many children or young people aged 0 to 17 years currently live in your household?","NCHILD
How many children or young people aged 0 to 17 years currently live in your household?

INFO: Who should I include?
Include all children aged 0-17 in your household, whether or not they are your own children.
Include infants and babies. Include children who regularly spend part of the week in your","NCHILD","candidate"
"react1.r04.registration","8","context_or_wording_needs_review","Include all children aged 0-17 in your household, whether or not they are your own children.","INFO: Who should I include?
Include all children aged 0-17 in your household, whether or not they are your own children.
Include infants and babies. Include children who regularly spend part of the week in your
household.

NOTE FOR PROGRAMMER: IF MAIL_GRP = 3 or (MAIL_GRP=2 AND","","candidate"
"react1.r04.registration","8","context_or_wording_needs_review","NOTE FOR PROGRAMMER: IF MAIL_GRP = 3 or (MAIL_GRP=2 AND","
NOTE FOR PROGRAMMER: IF MAIL_GRP = 3 or (MAIL_GRP=2 AND
INDCONFPARENT=1) IF 0 IS ENTERED, PLEASE BRING UP ERROR MESSAGE:

“You have said that there are no children aged 0-17 in your household. Please remember to
include the child this survey relates to.”","","candidate"
"react1.r04.registration","8","context_or_wording_needs_review","INDCONFPARENT=1) IF 0 IS ENTERED, PLEASE BRING UP ERROR MESSAGE:","NOTE FOR PROGRAMMER: IF MAIL_GRP = 3 or (MAIL_GRP=2 AND
INDCONFPARENT=1) IF 0 IS ENTERED, PLEASE BRING UP ERROR MESSAGE:

“You have said that there are no children aged 0-17 in your household. Please remember to
include the child this survey relates to.”
","","candidate"
"react1.r04.registration","8","context_or_wording_needs_review","“You have said that there are no children aged 0-17 in your household. Please remember to","
“You have said that there are no children aged 0-17 in your household. Please remember to
include the child this survey relates to.”

NUMERIC 0...15
","","candidate"
"react1.r04.registration","8","gate_or_option_instruction","ASK IF MAIL_GRP1 OR MAIL_GRP3 AND NCHILD=2+ OR MAIL_GRP2 AND","CHILDAGE
ASK IF MAIL_GRP1 OR MAIL_GRP3 AND NCHILD=2+ OR MAIL_GRP2 AND
INDCONFPARENT=1 AND NUMBER AT NCHILD=2+
You said that [(IF NUMBER AT NCHILD = 1) there is 1 child] [(IF NUMBER AT NCHILD =
2+) there are (NUMBER AT NCHILD) children] in your household. How old are these
children?","CHILDAGE_1|CHILDAGE_2|CHILDAGE_3|CHILDAGE_4|CHILDAGE_5|CHILDAGE_6|CHILDAGE_7|CHILDAGE_8|CHILDAGE_9|CHILDAGE_10|CHILDAGE_11|CHILDAGE_12|CHILDAGE_13|CHILDAGE_14|CHILDAGE_15","candidate"
"react1.r04.registration","8","context_or_wording_needs_review","INDCONFPARENT=1 AND NUMBER AT NCHILD=2+","ASK IF MAIL_GRP1 OR MAIL_GRP3 AND NCHILD=2+ OR MAIL_GRP2 AND
INDCONFPARENT=1 AND NUMBER AT NCHILD=2+
You said that [(IF NUMBER AT NCHILD = 1) there is 1 child] [(IF NUMBER AT NCHILD =
2+) there are (NUMBER AT NCHILD) children] in your household. How old are these
children?
","","candidate"
"react1.r04.registration","9","context_or_wording_needs_review","[Show multiple rows up for number of children aged 0-17 in household. ALLOW RANGE 0-","
[Show multiple rows up for number of children aged 0-17 in household. ALLOW RANGE 0-
17]
Header: Age in Years
Rows for each child:
First child","","candidate"
"react1.r04.registration","9","context_or_wording_needs_review","Header: Age in Years","17]
Header: Age in Years
Rows for each child:
First child
Second child (and so on)
Columns for each child:","","candidate"
"react1.r04.registration","9","gate_or_option_instruction","IF Mail_Grp=2 (INDCONF = 1)","
IF Mail_Grp=2 (INDCONF = 1)

NCHILD1
Including yourself, how many children or young people aged 0 to 17 years currently live in
your household?","NCHILD1","candidate"
"react1.r04.registration","9","context_or_wording_needs_review","Including yourself, how many children or young people aged 0 to 17 years currently live in","NCHILD1
Including yourself, how many children or young people aged 0 to 17 years currently live in
your household?

INFO: Who should I include?
Include all children aged 0-17 in your household, whether or not they are your own children.","NCHILD1","candidate"
"react1.r04.registration","9","context_or_wording_needs_review","Include all children aged 0-17 in your household, whether or not they are your own children.","INFO: Who should I include?
Include all children aged 0-17 in your household, whether or not they are your own children.
Include infants and babies. Include children who regularly spend part of the week in your
household. Include yourself.

NUMERIC 0...15","","candidate"
"react1.r04.registration","9","context_or_wording_needs_review","[Show multiple rows up for number of children aged 0-17 in household]","household. How old are these children?
[Show multiple rows up for number of children aged 0-17 in household]
Header: Age in Years
Rows for each child:
First child
Second child (and so on)","","candidate"
"react1.r04.registration","9","context_or_wording_needs_review","Header: Age in Years","[Show multiple rows up for number of children aged 0-17 in household]
Header: Age in Years
Rows for each child:
First child
Second child (and so on)
Columns for each child:","","candidate"
"react1.r04.registration","10","gate_or_option_instruction","IF Mail_Grp=1 OR Mail_Grp=3 OR (16-17 INDONF =1) Are you …","WORKTYP1
IF Mail_Grp=1 OR Mail_Grp=3 OR (16-17 INDONF =1) Are you …
OR (16-17 INDCONFPARENT =1) Is your child….

WORKTYP1
Are you …/Is your child","WORKTYP1_1|WORKTYP1_2|WORKTYP1_3|WORKTYP1_4|WORKTYP1_5|WORKTYP1_6|WORKTYP1_7","candidate"
"react1.r04.registration","10","context_or_wording_needs_review","OR (16-17 INDCONFPARENT =1) Is your child….","IF Mail_Grp=1 OR Mail_Grp=3 OR (16-17 INDONF =1) Are you …
OR (16-17 INDCONFPARENT =1) Is your child….

WORKTYP1
Are you …/Is your child
","WORKTYP1_1|WORKTYP1_2|WORKTYP1_3|WORKTYP1_4|WORKTYP1_5|WORKTYP1_6|WORKTYP1_7","candidate"
"react1.r04.registration","12","context_or_wording_needs_review","Group 3 (5-12) OR group 2 INDCONFPARENT=1 ‘my child’","Group 1 (18+) OR group 2 INDCONF=1 Textfill ‘you’
Group 3 (5-12) OR group 2 INDCONFPARENT=1 ‘my child’
EXCL
Do you/Does your child have an increased risk of bleeding (for example taking
anticoagulants or a medical condition such as haemophilia, or are/ are they prone to
nosebleeds)?","EXCL","candidate"
"react1.r04.registration","12","gate_or_option_instruction","IF (EXCL = 2 OR 3 OR EXCLCONF=2 OR 3) AND AGED Mail_Grp=1 ONLY","
IF (EXCL = 2 OR 3 OR EXCLCONF=2 OR 3) AND AGED Mail_Grp=1 ONLY
SMOKENOW

Do you smoke cigarettes at all nowadays?
","SMOKENOW","candidate"
"react1.r05.individual","4","context_or_wording_needs_review","This survey is for [FF_Surname] [FF_Surname ]. Are you / the parent or guardian of","INDCONF
This survey is for [FF_Surname] [FF_Surname ]. Are you / the parent or guardian of
[FF_Surname] [FF_Surname]?
Please select one answer
1. Yes
2. No","INDCONF","candidate"
"react1.r05.individual","4","gate_or_option_instruction","IF INDCONF = 2 AND Mail_Grp 2","IF INDCONF =2 GO TO CLOSE1
IF INDCONF = 2 AND Mail_Grp 2
INDCONFPARENT
This survey is intended for [FF_firstname] [FF_Surname ]. If you are the parent or guardian
of [FF_firstname] [FF_Surname ] you can complete the survey by proxy and answer the
survey on their behalf. Are you the parent or guardian of [FF_firstname] [FF_Surname ]?","INDCONFPARENT","candidate"
"react1.r05.individual","4","context_or_wording_needs_review","INDCONFPARENT","IF INDCONF = 2 AND Mail_Grp 2
INDCONFPARENT
This survey is intended for [FF_firstname] [FF_Surname ]. If you are the parent or guardian
of [FF_firstname] [FF_Surname ] you can complete the survey by proxy and answer the
survey on their behalf. Are you the parent or guardian of [FF_firstname] [FF_Surname ]?
1. Yes","","candidate"
"react1.r05.individual","4","context_or_wording_needs_review","This survey is intended for [FF_firstname] [FF_Surname ]. If you are the parent or guardian","INDCONFPARENT
This survey is intended for [FF_firstname] [FF_Surname ]. If you are the parent or guardian
of [FF_firstname] [FF_Surname ] you can complete the survey by proxy and answer the
survey on their behalf. Are you the parent or guardian of [FF_firstname] [FF_Surname ]?
1. Yes
","INDCONFPARENT","candidate"
"react1.r05.individual","4","context_or_wording_needs_review","survey on their behalf. Are you the parent or guardian of [FF_firstname] [FF_Surname ]?","of [FF_firstname] [FF_Surname ] you can complete the survey by proxy and answer the
survey on their behalf. Are you the parent or guardian of [FF_firstname] [FF_Surname ]?
1. Yes

2. No [TERMINATE]
","","candidate"
"react1.r05.individual","4","gate_or_option_instruction","IF INDCONFPARENT=2 OR (INDCONF=2 AND AGE Mail_Grp 3)","
IF INDCONFPARENT=2 OR (INDCONF=2 AND AGE Mail_Grp 3)
CLOSE1
“We thank you for your time spent taking this survey.”
TERMINATE
","","candidate"
"react1.r05.individual","4","gate_or_option_instruction","IF INDCONF =2 AND Mail_Grp 1","
IF INDCONF =2 AND Mail_Grp 1
INDCONFCARER
This survey is intended for [FF_firstame] [FF_Surname ]. If you are a carer for [FF_firstname]
[FF_Surname ] you can help them to complete the survey. Are you a carer for [FF_firstname]
[FF_Surname ]?","INDCONFCARER","candidate"
"react1.r05.individual","4","context_or_wording_needs_review","INDCONFCARER","IF INDCONF =2 AND Mail_Grp 1
INDCONFCARER
This survey is intended for [FF_firstame] [FF_Surname ]. If you are a carer for [FF_firstname]
[FF_Surname ] you can help them to complete the survey. Are you a carer for [FF_firstname]
[FF_Surname ]?
1. Yes","","candidate"
"react1.r05.individual","4","context_or_wording_needs_review","This survey is intended for [FF_firstame] [FF_Surname ]. If you are a carer for [FF_firstname]","INDCONFCARER
This survey is intended for [FF_firstame] [FF_Surname ]. If you are a carer for [FF_firstname]
[FF_Surname ] you can help them to complete the survey. Are you a carer for [FF_firstname]
[FF_Surname ]?
1. Yes
2. No","INDCONFCARER","candidate"
"react1.r05.individual","4","context_or_wording_needs_review","[FF_Surname ] you can help them to complete the survey. Are you a carer for [FF_firstname]","This survey is intended for [FF_firstame] [FF_Surname ]. If you are a carer for [FF_firstname]
[FF_Surname ] you can help them to complete the survey. Are you a carer for [FF_firstname]
[FF_Surname ]?
1. Yes
2. No
","","candidate"
"react1.r05.individual","5","gate_or_option_instruction","IF INDCONFCARER =2","
IF INDCONFCARER =2
CLOSE1
“We thank you for your time spent taking this survey.”
TERMINATE
","","candidate"
"react1.r05.individual","5","wording_only","IF Mail_Grp 1 OR (Mail_Grp 2 INDCONF=1) Textfill is “your”","PROGRAMMER: SET TEXTFILL
IF Mail_Grp 1 OR (Mail_Grp 2 INDCONF=1) Textfill is “your”
IF Mail_Grp 3 OR (Mail_Grp 2 INDCONFPARENT =1) Textfill is “your child”


","","candidate"
"react1.r05.individual","5","wording_only","IF Mail_Grp 3 OR (Mail_Grp 2 INDCONFPARENT =1) Textfill is “your child”","IF Mail_Grp 1 OR (Mail_Grp 2 INDCONF=1) Textfill is “your”
IF Mail_Grp 3 OR (Mail_Grp 2 INDCONFPARENT =1) Textfill is “your child”



Health","","candidate"
"react1.r05.individual","12","response_option","2.      In my place of work [SHOW ONLY IF MAIL_GRP1 OR MAIL_GRP2 AND","1.      In my household
2.      In my place of work [SHOW ONLY IF MAIL_GRP1 OR MAIL_GRP2 AND
INDCONF=1]
3.      In my/their school or college
4.      At a social event or gathering
5.      Somewhere else","","candidate"
"react1.r05.individual","13","gate_or_option_instruction","ASK IF COVIDCONPL=2 AND MAIL_GRP1 OR MAIL_GRP2 AND INDONF-=1","
ASK IF COVIDCONPL=2 AND MAIL_GRP1 OR MAIL_GRP2 AND INDONF-=1
COVIDCONWP

You said that you/your child had [IF COVIDCONNUM=2+ the most recent] contact with the
person who was a confirmed COVID-19 case in your workplace. Do you work in any of the","COVIDCONWP","candidate"
"react1.r05.individual","15","response_option","2. Yes, my child has –[ ONLY Mail_grp3 OR for Mailgrp2 IF","1. Yes, I have
2. Yes, my child has –[ ONLY Mail_grp3 OR for Mailgrp2 IF
INDCONFPARENT=1
3. Yes, someone else in my household has
4. No
5. Don’t know","","candidate"
"react1.r05.individual","15","context_or_wording_needs_review","INDCONFPARENT=1","2. Yes, my child has –[ ONLY Mail_grp3 OR for Mailgrp2 IF
INDCONFPARENT=1
3. Yes, someone else in my household has
4. No
5. Don’t know
","","candidate"
"react1.r05.individual","16","gate_or_option_instruction","ASK Mail_Grp 1 OR (Mail_Grp 2 AND INDCONF=1)","
ASK Mail_Grp 1 OR (Mail_Grp 2 AND INDCONF=1)
BEHAVA
In the last 7 days, that is since <DATE/MONTH>, did you do any of the following?

Please select any that apply.","BEHAVA1|BEHAVA2|BEHAVA3|BEHAVA4|BEHAVA5|BEHAVA6|BEHAVA7|BEHAVA8|BEHAVA9|BEHAVA10|BEHAVA11|BEHAVA12|BEHAVA13|BEHAVA14|BEHAVA15|BEHAVA16|BEHAVA17|BEHAVA18","candidate"
"react1.r05.individual","17","gate_or_option_instruction","IF Mail_Grp 1 AND LEAVE 1 =1","
IF Mail_Grp 1 AND LEAVE 1 =1

LEAVE 2

In the last 7 days, that is since <DATE/MONTH>, for what reasons have you left home?","","candidate"
"react1.r05.individual","17","gate_or_option_instruction","IF MAIL_GRP3 OR MAIL_GRP2","
IF MAIL_GRP3 OR MAIL_GRP2
SCHOOL
Has your child/Have you gone back to school [(IF MAIL_GRP2) or college] yet in person (not
just attending online)?
","SCHOOL","candidate"
"react1.r05.individual","17","context_or_wording_needs_review","Has your child/Have you gone back to school [(IF MAIL_GRP2) or college] yet in person (not","SCHOOL
Has your child/Have you gone back to school [(IF MAIL_GRP2) or college] yet in person (not
just attending online)?

1.   Yes
2.   No, but will be going back soon","SCHOOL","candidate"
"react1.r05.individual","18","context_or_wording_needs_review","Please do not include anything done as part of (IF MAIL_GRP1 OR MAIL_GRP2 AND","In the last 7 days have you/has your child done any of the following activities indoors?
Please do not include anything done as part of (IF MAIL_GRP1 OR MAIL_GRP2 AND
INDCONF=1 your job or education/IF MAIL_GRP = 3 OR MAIL_GRP = 2 AND
INDCONFPARENT=1 your child’s education.)

Please select all that apply","","candidate"
"react1.r05.individual","18","context_or_wording_needs_review","INDCONF=1 your job or education/IF MAIL_GRP = 3 OR MAIL_GRP = 2 AND","Please do not include anything done as part of (IF MAIL_GRP1 OR MAIL_GRP2 AND
INDCONF=1 your job or education/IF MAIL_GRP = 3 OR MAIL_GRP = 2 AND
INDCONFPARENT=1 your child’s education.)

Please select all that apply
","","candidate"
"react1.r05.individual","18","context_or_wording_needs_review","INDCONFPARENT=1 your child’s education.)","INDCONF=1 your job or education/IF MAIL_GRP = 3 OR MAIL_GRP = 2 AND
INDCONFPARENT=1 your child’s education.)

Please select all that apply

1. Taken exercise or a class inside at a gym or leisure centre","","candidate"
"react1.r05.individual","18","context_or_wording_needs_review","outside your household (not including for IF MAIL_GRP1 OR MAIL_GRP2 AND","7. Other indoor activities involving spending more than 5 minutes with people from
outside your household (not including for IF MAIL_GRP1 OR MAIL_GRP2 AND
INDCONF=1 work IF MAIL_GRP = 3 OR MAIL_GRP = 2 AND INDCONFPARENT=1
education.)
8. None of these
9. Prefer not to say","","candidate"
"react1.r05.individual","18","context_or_wording_needs_review","INDCONF=1 work IF MAIL_GRP = 3 OR MAIL_GRP = 2 AND INDCONFPARENT=1","outside your household (not including for IF MAIL_GRP1 OR MAIL_GRP2 AND
INDCONF=1 work IF MAIL_GRP = 3 OR MAIL_GRP = 2 AND INDCONFPARENT=1
education.)
8. None of these
9. Prefer not to say
","","candidate"
"react1.r05.individual","19","context_or_wording_needs_review","[(IF MAIL_GRP 1 OR MAIL_GRP 2 AND INDCONF=1) Please do not include anything done","In the last 7 days have you/has your child done any of the following activities outdoors?
[(IF MAIL_GRP 1 OR MAIL_GRP 2 AND INDCONF=1) Please do not include anything done
as part of your job.] IF MAIL_GRP = 3 OR MAIL_GRP = 2 AND INDCONFPARENT=1 your
child’s education.
Please select all that apply.
","","candidate"
"react1.r05.individual","19","context_or_wording_needs_review","as part of your job.] IF MAIL_GRP = 3 OR MAIL_GRP = 2 AND INDCONFPARENT=1 your","[(IF MAIL_GRP 1 OR MAIL_GRP 2 AND INDCONF=1) Please do not include anything done
as part of your job.] IF MAIL_GRP = 3 OR MAIL_GRP = 2 AND INDCONFPARENT=1 your
child’s education.
Please select all that apply.

1.   Played team sports or taken exercise classes outside","","candidate"
"react1.r05.individual","19","context_or_wording_needs_review","members of your household. How many of those were in each of the following age groups?","You said that yesterday you came into contact with CONTACT1 people who are not
members of your household. How many of those were in each of the following age groups?

1. 0 to 17 years old       (enter number)
2. 18 to 34 years old      (enter number)
3. 35 to 64 years old      (enter number)","","candidate"
"react1.r05.individual","27","context_or_wording_needs_review","Have you been contacted by the Test and Trace Programme [IF MAIL_GRP 3 OR Mail_Grp","
Have you been contacted by the Test and Trace Programme [IF MAIL_GRP 3 OR Mail_Grp
2 AND INDCONFPARENT=1) about your child]?

1. Yes
2. No","COVIDTETR","candidate"
"react1.r05.individual","27","context_or_wording_needs_review","2 AND INDCONFPARENT=1) about your child]?","Have you been contacted by the Test and Trace Programme [IF MAIL_GRP 3 OR Mail_Grp
2 AND INDCONFPARENT=1) about your child]?

1. Yes
2. No
3. Prefer not to say","","candidate"
"react1.r05.individual","29","gate_or_option_instruction","ASK ALL Mail_Grp 1","
ASK ALL Mail_Grp 1
EDUC
What is your highest educational qualification? This means any educational, professional,
vocational or other work-related qualifications for which you received a certificate.
Please select one answer","EDUC","candidate"
"react1.r05.individual","30","gate_or_option_instruction","IF MAIL_GRP1 AND EMPL = 7","
IF MAIL_GRP1 AND EMPL = 7
EDTYPE

This autumn term will you be studying…
","EDTYPE","candidate"
"react1.r05.individual","30","gate_or_option_instruction","IF MAIL_GRP1 AND EMPL = 7","
IF MAIL_GRP1 AND EMPL = 7
CAMPUS1

Where are you planning to live when you go to college/University?
","CAMPUS1","candidate"
"react1.r05.individual","30","response_option","6. Parents’ or guardians’ home","5. Your own home which you own
6. Parents’ or guardians’ home
7. Other
8. Don’t know

","","candidate"
"react1.r05.individual","30","response_option","6. Parents’ or guardians’ home","5. Your own home which you own
6. Parents’ or guardians’ home
7. Other


","","candidate"
"react1.r05.individual","31","response_option","2. Yes, my child does (SHOW CODE IF (MAIL_GRP = 3) OR (MAIL_GRP = 2 AND","1. Yes, I do
2. Yes, my child does (SHOW CODE IF (MAIL_GRP = 3) OR (MAIL_GRP = 2 AND
INDCONFPARENT=1))
3. Yes, someone else in my household does
4. No
5. Don’t know","","candidate"
"react1.r05.individual","31","context_or_wording_needs_review","INDCONFPARENT=1))","2. Yes, my child does (SHOW CODE IF (MAIL_GRP = 3) OR (MAIL_GRP = 2 AND
INDCONFPARENT=1))
3. Yes, someone else in my household does
4. No
5. Don’t know
","","candidate"
"react1.r05.individual","35","gate_or_option_instruction","[ASK GENDER = FEMALE AND MAIL_GRP = 1 AND (DAGE < 55) AND (valid HEIGHT","
[ASK GENDER = FEMALE AND MAIL_GRP = 1 AND (DAGE < 55) AND (valid HEIGHT
ANSWER and VALID WEIGHT ANSWER). Do not ask this if gave prefer not to say or
cannot give estimate on HEIGHT OR WEIGHT]

PREG","","candidate"
"react1.r05.individual","36","context_or_wording_needs_review","DO NOT ASK IF INDCONFPARENT=1","
DO NOT ASK IF INDCONFPARENT=1

LINKAGE

Imperial College would like your permission to link information held by NHS Digital and other","","candidate"
"react1.r05.individual","36","context_or_wording_needs_review","Do you give permission for Imperial College to do this [IF PARENT COMPLETING ON","
Do you give permission for Imperial College to do this [IF PARENT COMPLETING ON
BEHALF OF 5-12 YEAR OLD Mail_Grp 3] / until your child is 16 years old?

1. Yes
2. No","","candidate"
"react1.r05.individual","36","context_or_wording_needs_review","BEHALF OF 5-12 YEAR OLD Mail_Grp 3] / until your child is 16 years old?","Do you give permission for Imperial College to do this [IF PARENT COMPLETING ON
BEHALF OF 5-12 YEAR OLD Mail_Grp 3] / until your child is 16 years old?

1. Yes
2. No
","","candidate"
"react1.r05.registration","3","context_or_wording_needs_review","There are 3 groups corresponding to Mail_Grp i.e. u_mail_grp","NOTE TO SCRIPTERS:
There are 3 groups corresponding to Mail_Grp i.e. u_mail_grp
Mail_Grp                                          Age group
Mail_Grp=1                                        18+
Mail_Grp=2                                        13-17
Mail_grp=3                                        5-12","","candidate"
"react1.r05.registration","3","context_definition_or_continuation","Mail_Grp                                          Age group","There are 3 groups corresponding to Mail_Grp i.e. u_mail_grp
Mail_Grp                                          Age group
Mail_Grp=1                                        18+
Mail_Grp=2                                        13-17
Mail_grp=3                                        5-12
","","candidate"
"react1.r05.registration","3","context_definition_or_continuation","Mail_Grp=1                                        18+","Mail_Grp                                          Age group
Mail_Grp=1                                        18+
Mail_Grp=2                                        13-17
Mail_grp=3                                        5-12

","","candidate"
"react1.r05.registration","3","context_definition_or_continuation","Mail_Grp=2                                        13-17","Mail_Grp=1                                        18+
Mail_Grp=2                                        13-17
Mail_grp=3                                        5-12


","","candidate"
"react1.r05.registration","3","context_definition_or_continuation","Mail_grp=3                                        5-12","Mail_Grp=2                                        13-17
Mail_grp=3                                        5-12



","","candidate"
"react1.r05.registration","4","gate_or_option_instruction","ASK Mail_Grp=1 AND Mail_Grp=2 This survey is for [u_firstname] [u_name]. Are you","INDCONF
ASK Mail_Grp=1 AND Mail_Grp=2 This survey is for [u_firstname] [u_name]. Are you
[FF_Surname] [FF_Surname]?
IF CHILD is Mail_Grp=3 Are you the parent or guardian of [u_firstname] [u_name]?
Please select one answer
","INDCONF","candidate"
"react1.r05.registration","4","gate_or_option_instruction","IF CHILD is Mail_Grp=3 Are you the parent or guardian of [u_firstname] [u_name]?","[FF_Surname] [FF_Surname]?
IF CHILD is Mail_Grp=3 Are you the parent or guardian of [u_firstname] [u_name]?
Please select one answer


1. Yes","","candidate"
"react1.r05.registration","4","gate_or_option_instruction","IF INDCONF = 2 AND Mail_Grp=2","
IF INDCONF = 2 AND Mail_Grp=2
INDCONFPARENT
This survey is intended for [FF_Surname] [FF_Surname ]. If you are the parent or guardian
of [FF_Surname] [FF_Surname ] you can complete the survey on their behalf. Are you the
parent or guardian of [FF_Surname] [FF_Surname ]?","INDCONFPARENT","candidate"
"react1.r05.registration","4","context_or_wording_needs_review","INDCONFPARENT","IF INDCONF = 2 AND Mail_Grp=2
INDCONFPARENT
This survey is intended for [FF_Surname] [FF_Surname ]. If you are the parent or guardian
of [FF_Surname] [FF_Surname ] you can complete the survey on their behalf. Are you the
parent or guardian of [FF_Surname] [FF_Surname ]?
1. Yes","","candidate"
"react1.r05.registration","4","context_or_wording_needs_review","This survey is intended for [FF_Surname] [FF_Surname ]. If you are the parent or guardian","INDCONFPARENT
This survey is intended for [FF_Surname] [FF_Surname ]. If you are the parent or guardian
of [FF_Surname] [FF_Surname ] you can complete the survey on their behalf. Are you the
parent or guardian of [FF_Surname] [FF_Surname ]?
1. Yes
2. No","INDCONFPARENT","candidate"
"react1.r05.registration","4","context_or_wording_needs_review","parent or guardian of [FF_Surname] [FF_Surname ]?","of [FF_Surname] [FF_Surname ] you can complete the survey on their behalf. Are you the
parent or guardian of [FF_Surname] [FF_Surname ]?
1. Yes
2. No

","","candidate"
"react1.r05.registration","4","gate_or_option_instruction","IF INDCONFPARENT=2 OR INDCONF=2 AND Mail_Grp=3","
IF INDCONFPARENT=2 OR INDCONF=2 AND Mail_Grp=3
CLOSE1
“We thank you for your time spent taking this survey.”
TERMINATE
","","candidate"
"react1.r05.registration","4","gate_or_option_instruction","IF INDCONF =2 AND Mail_Grp=1","
IF INDCONF =2 AND Mail_Grp=1
INDCONFCARER
This survey is intended for [FF_Surname] [FF_Surname ]. If you are a carer for
[FF_Surname] [FF_Surname ] you can help them to complete the survey. Are you a carer for
[FF_Surname] [FF_Surname ]?","INDCONFCARER","candidate"
"react1.r05.registration","4","context_or_wording_needs_review","INDCONFCARER","IF INDCONF =2 AND Mail_Grp=1
INDCONFCARER
This survey is intended for [FF_Surname] [FF_Surname ]. If you are a carer for
[FF_Surname] [FF_Surname ] you can help them to complete the survey. Are you a carer for
[FF_Surname] [FF_Surname ]?
1. Yes","","candidate"
"react1.r05.registration","4","context_or_wording_needs_review","This survey is intended for [FF_Surname] [FF_Surname ]. If you are a carer for","INDCONFCARER
This survey is intended for [FF_Surname] [FF_Surname ]. If you are a carer for
[FF_Surname] [FF_Surname ] you can help them to complete the survey. Are you a carer for
[FF_Surname] [FF_Surname ]?
1. Yes
2. No","INDCONFCARER","candidate"
"react1.r05.registration","4","context_or_wording_needs_review","[FF_Surname] [FF_Surname ] you can help them to complete the survey. Are you a carer for","This survey is intended for [FF_Surname] [FF_Surname ]. If you are a carer for
[FF_Surname] [FF_Surname ] you can help them to complete the survey. Are you a carer for
[FF_Surname] [FF_Surname ]?
1. Yes
2. No
","","candidate"
"react1.r05.registration","4","gate_or_option_instruction","IF INDCONFCARER =2","
IF INDCONFCARER =2
CLOSE1
“We thank you for your time spent taking this survey.”
TERMINATE
","","candidate"
"react1.r05.registration","5","wording_only","IF 5-12 OR (13-17 INDCONFPARENT =1) Textfill is “your child”","IF 18+ OR (13-17 INDCONF=1) Textfill is “your”
IF 5-12 OR (13-17 INDCONFPARENT =1) Textfill is “your child”


ASK ALL
AGE","","candidate"
"react1.r05.registration","5","context_or_wording_needs_review","What was your/your child’s age at your/their last birthday?","AGE
What was your/your child’s age at your/their last birthday?
[OPEN NUMERIC BOX AND APPLY TO AGE GROUPS AS OUTLINED BELOW BUT
ALLOW PAST]
GROUP         GROUP ALLOW RANGE                  ERROR MESSAGE
AGE","AGE","candidate"
"react1.r05.registration","5","context_or_wording_needs_review","[OPEN NUMERIC BOX AND APPLY TO AGE GROUPS AS OUTLINED BELOW BUT","What was your/your child’s age at your/their last birthday?
[OPEN NUMERIC BOX AND APPLY TO AGE GROUPS AS OUTLINED BELOW BUT
ALLOW PAST]
GROUP         GROUP ALLOW RANGE                  ERROR MESSAGE
AGE
Mail_Grp=1    18+        RANGE 17 -112           “Our records suggest you are aged 17 or","","candidate"
"react1.r05.registration","5","context_definition_or_continuation","Mail_Grp=1    18+        RANGE 17 -112           “Our records suggest you are aged 17 or","AGE
Mail_Grp=1    18+        RANGE 17 -112           “Our records suggest you are aged 17 or
over, please check your answer.”
Mail_Grp=2    13-17      RANGE 12-18             “Our records suggest [IF INDCONF = 1:
you are/IF INCONFPARENT = 1 your child
is] aged between 12 and 18, please check","AGE","candidate"
"react1.r05.registration","5","context_definition_or_continuation","Mail_Grp=2    13-17      RANGE 12-18             “Our records suggest [IF INDCONF = 1:","over, please check your answer.”
Mail_Grp=2    13-17      RANGE 12-18             “Our records suggest [IF INDCONF = 1:
you are/IF INCONFPARENT = 1 your child
is] aged between 12 and 18, please check
your answer”
Mail_grp=3    5-12       RANGE 5- 13             “Our records suggest your child is aged","","candidate"
"react1.r05.registration","5","context_or_wording_needs_review","you are/IF INCONFPARENT = 1 your child","Mail_Grp=2    13-17      RANGE 12-18             “Our records suggest [IF INDCONF = 1:
you are/IF INCONFPARENT = 1 your child
is] aged between 12 and 18, please check
your answer”
Mail_grp=3    5-12       RANGE 5- 13             “Our records suggest your child is aged
between 5 and 13, please check your","","candidate"
"react1.r05.registration","5","context_or_wording_needs_review","is] aged between 12 and 18, please check","you are/IF INCONFPARENT = 1 your child
is] aged between 12 and 18, please check
your answer”
Mail_grp=3    5-12       RANGE 5- 13             “Our records suggest your child is aged
between 5 and 13, please check your
answer”","","candidate"
"react1.r05.registration","5","context_definition_or_continuation","Mail_grp=3    5-12       RANGE 5- 13             “Our records suggest your child is aged","your answer”
Mail_grp=3    5-12       RANGE 5- 13             “Our records suggest your child is aged
between 5 and 13, please check your
answer”

","","candidate"
"react1.r05.registration","5","context_or_wording_needs_review","DAGE [Derived age for filter questions)","
DAGE [Derived age for filter questions)



","","candidate"
"react1.r05.registration","6","gate_or_option_instruction","IF Mail_Grp=3","
IF Mail_Grp=3

AGEPARENT

What was your age at your last birthday?","AGEPARENT","candidate"
"react1.r05.registration","6","context_or_wording_needs_review","AGEPARENT","
AGEPARENT

What was your age at your last birthday?

[OPEN NUMERIC BOX, RANGE 16– 112]","","candidate"
"react1.r05.registration","6","context_or_wording_needs_review","What was your age at your last birthday?","
What was your age at your last birthday?

[OPEN NUMERIC BOX, RANGE 16– 112]
1. Prefer not to say
","AGEPARENT","candidate"
"react1.r05.registration","6","gate_or_option_instruction","IF AGED 13-15 AND MAIL_GRP2","
IF AGED 13-15 AND MAIL_GRP2

PARCONS

Does your parent or guardian give you permission to take part in this study?","PARCONS","candidate"
"react1.r05.registration","6","context_or_wording_needs_review","Does your parent or guardian give you permission to take part in this study?","
Does your parent or guardian give you permission to take part in this study?

1.      Yes
2.      No
","PARCONS","candidate"
"react1.r05.registration","6","context_or_wording_needs_review","Please ask your parent or guardian for permission to complete the survey. Once they have","
Please ask your parent or guardian for permission to complete the survey. Once they have
agreed for you to take part, please log back in to the survey.""
TERMINATE

","","candidate"
"react1.r05.registration","6","context_or_wording_needs_review","Please write in the full name of your parent/carer who has agreed that you can take part:","
Please write in the full name of your parent/carer who has agreed that you can take part:
{text box}


","PARNAME","candidate"
"react1.r05.registration","6","gate_or_option_instruction","IF AGED Mail_Grp=1 OR Mail_Grp=3 OR (Mail_Grp=2 INDCONFPARENT =1)","Household composition
IF AGED Mail_Grp=1 OR Mail_Grp=3 OR (Mail_Grp=2 INDCONFPARENT =1)
NADULTS

Including yourself, how many adults aged 18 and over currently live in your household?
","NADULTS","candidate"
"react1.r05.registration","6","context_or_wording_needs_review","Including yourself, how many adults aged 18 and over currently live in your household?","
Including yourself, how many adults aged 18 and over currently live in your household?

INFO: Who should I include? Include all adults aged 18 and over, including any young
people aged 18 or over. Include young people who regularly spend part of the week in your
household. Include yourself.","NADULTS","candidate"
"react1.r05.registration","6","context_or_wording_needs_review","INFO: Who should I include? Include all adults aged 18 and over, including any young","
INFO: Who should I include? Include all adults aged 18 and over, including any young
people aged 18 or over. Include young people who regularly spend part of the week in your
household. Include yourself.

NUMERIC 1...","","candidate"
"react1.r05.registration","6","context_or_wording_needs_review","people aged 18 or over. Include young people who regularly spend part of the week in your","INFO: Who should I include? Include all adults aged 18 and over, including any young
people aged 18 or over. Include young people who regularly spend part of the week in your
household. Include yourself.

NUMERIC 1...
","","candidate"
"react1.r05.registration","7","context_or_wording_needs_review","[Show multiple rows up for number of adults aged Mail_Grp=1 in household ALLOW RANGE","
[Show multiple rows up for number of adults aged Mail_Grp=1 in household ALLOW RANGE
18 -112]
[IF MORE THAN 10 ADULTS ENTERED AT NADULTS ALLOW ONLY 10 ROWS FOR
NUMBER OF ADULTS]
","","candidate"
"react1.r05.registration","7","context_or_wording_needs_review","Header: Age in Years","
Header: Age in Years

Rows for each adult:

First adult","","candidate"
"react1.r05.registration","7","gate_or_option_instruction","IF Mail_Grp1 OR Mail_Grp=2 ANDINDCONF = 1.","
IF Mail_Grp1 OR Mail_Grp=2 ANDINDCONF = 1.
NADULTS1

How many adults aged 18 and over currently live in your household?
","NADULTS1","candidate"
"react1.r05.registration","7","context_or_wording_needs_review","How many adults aged 18 and over currently live in your household?","
How many adults aged 18 and over currently live in your household?

INFO: Who should I include? Include all adults aged 18 and over, including any young
people aged 18 or over. Include young people who regularly spend part of the week in your
household.","NADULTS1","candidate"
"react1.r05.registration","7","context_or_wording_needs_review","INFO: Who should I include? Include all adults aged 18 and over, including any young","
INFO: Who should I include? Include all adults aged 18 and over, including any young
people aged 18 or over. Include young people who regularly spend part of the week in your
household.

NUMERIC 1...","","candidate"
"react1.r05.registration","7","context_or_wording_needs_review","people aged 18 or over. Include young people who regularly spend part of the week in your","INFO: Who should I include? Include all adults aged 18 and over, including any young
people aged 18 or over. Include young people who regularly spend part of the week in your
household.

NUMERIC 1...
","","candidate"
"react1.r05.registration","7","context_or_wording_needs_review","[Show multiple rows up for number of adults aged Mail_Grp=1 in household ALLOW RANGE","
[Show multiple rows up for number of adults aged Mail_Grp=1 in household ALLOW RANGE
18 -112]


7","","candidate"
"react1.r05.registration","8","context_or_wording_needs_review","Header: Age in Years","
Header: Age in Years

Rows for each adult:

First adult","","candidate"
"react1.r05.registration","8","gate_or_option_instruction","IF Mail_Grp=1 or Mail_Grp=3 or (Mail_Grp=2 and INDCONFPARENT =1)","
IF Mail_Grp=1 or Mail_Grp=3 or (Mail_Grp=2 and INDCONFPARENT =1)
NCHILD
How many children or young people aged 0 to 17 years currently live in your household?

INFO: Who should I include?","NCHILD","candidate"
"react1.r05.registration","8","context_or_wording_needs_review","How many children or young people aged 0 to 17 years currently live in your household?","NCHILD
How many children or young people aged 0 to 17 years currently live in your household?

INFO: Who should I include?
Include all children aged 0-17 in your household, whether or not they are your own children.
Include infants and babies. Include children who regularly spend part of the week in your","NCHILD","candidate"
"react1.r05.registration","8","context_or_wording_needs_review","Include all children aged 0-17 in your household, whether or not they are your own children.","INFO: Who should I include?
Include all children aged 0-17 in your household, whether or not they are your own children.
Include infants and babies. Include children who regularly spend part of the week in your
household.

NOTE FOR PROGRAMMER: IF MAIL_GRP = 3 or (MAIL_GRP=2 AND","","candidate"
"react1.r05.registration","8","context_or_wording_needs_review","NOTE FOR PROGRAMMER: IF MAIL_GRP = 3 or (MAIL_GRP=2 AND","
NOTE FOR PROGRAMMER: IF MAIL_GRP = 3 or (MAIL_GRP=2 AND
INDCONFPARENT=1) IF 0 IS ENTERED, PLEASE BRING UP ERROR MESSAGE:

“You have said that there are no children aged 0-17 in your household. Please remember to
include the child this survey relates to.”","","candidate"
"react1.r05.registration","8","context_or_wording_needs_review","INDCONFPARENT=1) IF 0 IS ENTERED, PLEASE BRING UP ERROR MESSAGE:","NOTE FOR PROGRAMMER: IF MAIL_GRP = 3 or (MAIL_GRP=2 AND
INDCONFPARENT=1) IF 0 IS ENTERED, PLEASE BRING UP ERROR MESSAGE:

“You have said that there are no children aged 0-17 in your household. Please remember to
include the child this survey relates to.”
","","candidate"
"react1.r05.registration","8","context_or_wording_needs_review","“You have said that there are no children aged 0-17 in your household. Please remember to","
“You have said that there are no children aged 0-17 in your household. Please remember to
include the child this survey relates to.”

NUMERIC 0...15
","","candidate"
"react1.r05.registration","8","gate_or_option_instruction","ASK IF MAIL_GRP1 OR MAIL_GRP3 AND NCHILD=2+ OR MAIL_GRP2 AND","CHILDAGE
ASK IF MAIL_GRP1 OR MAIL_GRP3 AND NCHILD=2+ OR MAIL_GRP2 AND
INDCONFPARENT=1 AND NUMBER AT NCHILD=2+
You said that [(IF NUMBER AT NCHILD = 1) there is 1 child] [(IF NUMBER AT NCHILD =
2+) there are (NUMBER AT NCHILD) children] in your household. How old are these
children?","CHILDAGE_1|CHILDAGE_2|CHILDAGE_3|CHILDAGE_4|CHILDAGE_5|CHILDAGE_6|CHILDAGE_7|CHILDAGE_8|CHILDAGE_9|CHILDAGE_10|CHILDAGE_11|CHILDAGE_12|CHILDAGE_13|CHILDAGE_14|CHILDAGE_15","candidate"
"react1.r05.registration","8","context_or_wording_needs_review","INDCONFPARENT=1 AND NUMBER AT NCHILD=2+","ASK IF MAIL_GRP1 OR MAIL_GRP3 AND NCHILD=2+ OR MAIL_GRP2 AND
INDCONFPARENT=1 AND NUMBER AT NCHILD=2+
You said that [(IF NUMBER AT NCHILD = 1) there is 1 child] [(IF NUMBER AT NCHILD =
2+) there are (NUMBER AT NCHILD) children] in your household. How old are these
children?
[Show multiple rows up for number of children aged 0-17 in household. ALLOW RANGE 0-","","candidate"
"react1.r05.registration","8","context_or_wording_needs_review","[Show multiple rows up for number of children aged 0-17 in household. ALLOW RANGE 0-","children?
[Show multiple rows up for number of children aged 0-17 in household. ALLOW RANGE 0-
17]
Header: Age in Years

8","","candidate"
"react1.r05.registration","8","context_or_wording_needs_review","Header: Age in Years","17]
Header: Age in Years

8","","candidate"
"react1.r05.registration","9","gate_or_option_instruction","IF Mail_Grp=2 (INDCONF = 1)","
IF Mail_Grp=2 (INDCONF = 1)

NCHILD1
Including yourself, how many children or young people aged 0 to 17 years currently live in
your household?","NCHILD1","candidate"
"react1.r05.registration","9","context_or_wording_needs_review","Including yourself, how many children or young people aged 0 to 17 years currently live in","NCHILD1
Including yourself, how many children or young people aged 0 to 17 years currently live in
your household?

INFO: Who should I include?
Include all children aged 0-17 in your household, whether or not they are your own children.","NCHILD1","candidate"
"react1.r05.registration","9","context_or_wording_needs_review","Include all children aged 0-17 in your household, whether or not they are your own children.","INFO: Who should I include?
Include all children aged 0-17 in your household, whether or not they are your own children.
Include infants and babies. Include children who regularly spend part of the week in your
household. Include yourself.

NUMERIC 0...15","","candidate"
"react1.r05.registration","9","context_or_wording_needs_review","[Show multiple rows up for number of children aged 0-17 in household]","household. How old are these children?
[Show multiple rows up for number of children aged 0-17 in household]
Header: Age in Years
Rows for each child:
First child
Second child (and so on)","","candidate"
"react1.r05.registration","9","context_or_wording_needs_review","Header: Age in Years","[Show multiple rows up for number of children aged 0-17 in household]
Header: Age in Years
Rows for each child:
First child
Second child (and so on)
Columns for each child:","","candidate"
"react1.r05.registration","10","gate_or_option_instruction","IF Mail_Grp=1 OR Mail_Grp=3 OR (16-17 INDONF =1) Are you …","WORKTYP1
IF Mail_Grp=1 OR Mail_Grp=3 OR (16-17 INDONF =1) Are you …
OR (16-17 INDCONFPARENT =1) Is your child….

WORKTYP1
Are you …/Is your child","WORKTYP1_1|WORKTYP1_2|WORKTYP1_3|WORKTYP1_4|WORKTYP1_5|WORKTYP1_6|WORKTYP1_7","candidate"
"react1.r05.registration","10","context_or_wording_needs_review","OR (16-17 INDCONFPARENT =1) Is your child….","IF Mail_Grp=1 OR Mail_Grp=3 OR (16-17 INDONF =1) Are you …
OR (16-17 INDCONFPARENT =1) Is your child….

WORKTYP1
Are you …/Is your child
","WORKTYP1_1|WORKTYP1_2|WORKTYP1_3|WORKTYP1_4|WORKTYP1_5|WORKTYP1_6|WORKTYP1_7","candidate"
"react1.r05.registration","12","context_or_wording_needs_review","Group 3 (5-12) OR group 2 INDCONFPARENT=1 ‘my child’","Group 1 (18+) OR group 2 INDCONF=1 Textfill ‘you’
Group 3 (5-12) OR group 2 INDCONFPARENT=1 ‘my child’
EXCL
Do you/Does your child have an increased risk of bleeding (for example taking
anticoagulants or a medical condition such as haemophilia, or are/ are they prone to
nosebleeds)?","EXCL","candidate"
"react1.r05.registration","13","gate_or_option_instruction","IF (EXCL = 2 OR 3 OR EXCLCONF=2 OR 3) AND AGED Mail_Grp=1 ONLY","
IF (EXCL = 2 OR 3 OR EXCLCONF=2 OR 3) AND AGED Mail_Grp=1 ONLY
SMOKENOW

Do you smoke cigarettes at all nowadays?
","SMOKENOW","candidate"
"react1.r06.individual","4","context_or_wording_needs_review","This survey is for [FF_Surname] [FF_Surname ]. Are you / the parent or guardian of","INDCONF
This survey is for [FF_Surname] [FF_Surname ]. Are you / the parent or guardian of
[FF_Surname] [FF_Surname]?
Please select one answer
1. Yes
2. No","INDCONF","candidate"
"react1.r06.individual","4","gate_or_option_instruction","IF INDCONF = 2 AND Mail_Grp 2","IF INDCONF =2 GO TO CLOSE1
IF INDCONF = 2 AND Mail_Grp 2
INDCONFPARENT
This survey is intended for [FF_firstname] [FF_Surname ]. If you are the parent or guardian
of [FF_firstname] [FF_Surname ] you can complete the survey by proxy and answer the
survey on their behalf. Are you the parent or guardian of [FF_firstname] [FF_Surname ]?","INDCONFPARENT","candidate"
"react1.r06.individual","4","context_or_wording_needs_review","INDCONFPARENT","IF INDCONF = 2 AND Mail_Grp 2
INDCONFPARENT
This survey is intended for [FF_firstname] [FF_Surname ]. If you are the parent or guardian
of [FF_firstname] [FF_Surname ] you can complete the survey by proxy and answer the
survey on their behalf. Are you the parent or guardian of [FF_firstname] [FF_Surname ]?
1. Yes","","candidate"
"react1.r06.individual","4","context_or_wording_needs_review","This survey is intended for [FF_firstname] [FF_Surname ]. If you are the parent or guardian","INDCONFPARENT
This survey is intended for [FF_firstname] [FF_Surname ]. If you are the parent or guardian
of [FF_firstname] [FF_Surname ] you can complete the survey by proxy and answer the
survey on their behalf. Are you the parent or guardian of [FF_firstname] [FF_Surname ]?
1. Yes
","INDCONFPARENT","candidate"
"react1.r06.individual","4","context_or_wording_needs_review","survey on their behalf. Are you the parent or guardian of [FF_firstname] [FF_Surname ]?","of [FF_firstname] [FF_Surname ] you can complete the survey by proxy and answer the
survey on their behalf. Are you the parent or guardian of [FF_firstname] [FF_Surname ]?
1. Yes

2. No [TERMINATE]
","","candidate"
"react1.r06.individual","4","gate_or_option_instruction","IF INDCONFPARENT=2 OR (INDCONF=2 AND AGE Mail_Grp 3)","
IF INDCONFPARENT=2 OR (INDCONF=2 AND AGE Mail_Grp 3)
CLOSE1
“We thank you for your time spent taking this survey.”
TERMINATE
","","candidate"
"react1.r06.individual","4","gate_or_option_instruction","IF INDCONF =2 AND Mail_Grp 1","
IF INDCONF =2 AND Mail_Grp 1
INDCONFCARER
This survey is intended for [FF_firstame] [FF_Surname ]. If you are a carer for [FF_firstname]
[FF_Surname ] you can help them to complete the survey. Are you a carer for [FF_firstname]
[FF_Surname ]?","INDCONFCARER","candidate"
"react1.r06.individual","4","context_or_wording_needs_review","INDCONFCARER","IF INDCONF =2 AND Mail_Grp 1
INDCONFCARER
This survey is intended for [FF_firstame] [FF_Surname ]. If you are a carer for [FF_firstname]
[FF_Surname ] you can help them to complete the survey. Are you a carer for [FF_firstname]
[FF_Surname ]?
1. Yes","","candidate"
"react1.r06.individual","4","context_or_wording_needs_review","This survey is intended for [FF_firstame] [FF_Surname ]. If you are a carer for [FF_firstname]","INDCONFCARER
This survey is intended for [FF_firstame] [FF_Surname ]. If you are a carer for [FF_firstname]
[FF_Surname ] you can help them to complete the survey. Are you a carer for [FF_firstname]
[FF_Surname ]?
1. Yes
2. No","INDCONFCARER","candidate"
"react1.r06.individual","4","context_or_wording_needs_review","[FF_Surname ] you can help them to complete the survey. Are you a carer for [FF_firstname]","This survey is intended for [FF_firstame] [FF_Surname ]. If you are a carer for [FF_firstname]
[FF_Surname ] you can help them to complete the survey. Are you a carer for [FF_firstname]
[FF_Surname ]?
1. Yes
2. No
","","candidate"
"react1.r06.individual","5","gate_or_option_instruction","IF INDCONFCARER =2","
IF INDCONFCARER =2
CLOSE1
“We thank you for your time spent taking this survey.”
TERMINATE
","","candidate"
"react1.r06.individual","5","wording_only","IF Mail_Grp 1 OR (Mail_Grp 2 INDCONF=1) Textfill is “your”","PROGRAMMER: SET TEXTFILL
IF Mail_Grp 1 OR (Mail_Grp 2 INDCONF=1) Textfill is “your”
IF Mail_Grp 3 OR (Mail_Grp 2 INDCONFPARENT =1) Textfill is “your child”


","","candidate"
"react1.r06.individual","5","wording_only","IF Mail_Grp 3 OR (Mail_Grp 2 INDCONFPARENT =1) Textfill is “your child”","IF Mail_Grp 1 OR (Mail_Grp 2 INDCONF=1) Textfill is “your”
IF Mail_Grp 3 OR (Mail_Grp 2 INDCONFPARENT =1) Textfill is “your child”



Health","","candidate"
"react1.r06.individual","12","response_option","2.       In my place of work [SHOW ONLY IF MAIL_GRP1 OR MAIL_GRP2 AND","1.       In my household
2.       In my place of work [SHOW ONLY IF MAIL_GRP1 OR MAIL_GRP2 AND
INDCONF=1]
3.       In my/their school or college
4.       At a social event or gathering
5.       Somewhere else","","candidate"
"react1.r06.individual","12","gate_or_option_instruction","ASK IF COVIDCONPL=2 AND MAIL_GRP1 OR MAIL_GRP2 AND INDONF-=1","
ASK IF COVIDCONPL=2 AND MAIL_GRP1 OR MAIL_GRP2 AND INDONF-=1
COVIDCONWP

You said that you/your child had [IF COVIDCONNUM=2+ the most recent] contact with the
person who was a confirmed COVID-19 case in your workplace. Do you work in any of the","COVIDCONWP","candidate"
"react1.r06.individual","14","context_or_wording_needs_review","When you [Mail_grp1 or Mail_Grp 2 AND INDCONFPARENT=1]/[your child Mail_Grp3 OR","
When you [Mail_grp1 or Mail_Grp 2 AND INDCONFPARENT=1]/[your child Mail_Grp3 OR
Mail_grp 2 AND INDCONF=1] had COVID-19, did your [Mail_grp1 or Mail_Grp 2 AND
INDCONFPARENT=1]//their Mail_Grp3 OR Mail_grp 2 AND INDCONF=1] symptoms last
for more than two weeks in total?
","","candidate"
"react1.r06.individual","14","context_definition_or_continuation","Mail_grp 2 AND INDCONF=1] had COVID-19, did your [Mail_grp1 or Mail_Grp 2 AND","When you [Mail_grp1 or Mail_Grp 2 AND INDCONFPARENT=1]/[your child Mail_Grp3 OR
Mail_grp 2 AND INDCONF=1] had COVID-19, did your [Mail_grp1 or Mail_Grp 2 AND
INDCONFPARENT=1]//their Mail_Grp3 OR Mail_grp 2 AND INDCONF=1] symptoms last
for more than two weeks in total?

1.   Yes, and I/my child still have/has symptoms","","candidate"
"react1.r06.individual","14","context_or_wording_needs_review","INDCONFPARENT=1]//their Mail_Grp3 OR Mail_grp 2 AND INDCONF=1] symptoms last","Mail_grp 2 AND INDCONF=1] had COVID-19, did your [Mail_grp1 or Mail_Grp 2 AND
INDCONFPARENT=1]//their Mail_Grp3 OR Mail_grp 2 AND INDCONF=1] symptoms last
for more than two weeks in total?

1.   Yes, and I/my child still have/has symptoms
2.   Yes, but I/my child no longer have/has symptoms","","candidate"
"react1.r06.individual","18","response_option","2. Yes, my child has –[ ONLY Mail_grp3 OR for Mailgrp2 IF INDCONFPARENT=1","1. Yes, I have
2. Yes, my child has –[ ONLY Mail_grp3 OR for Mailgrp2 IF INDCONFPARENT=1
3. Yes, someone else in my household has
4. No
5. Don’t know
","","candidate"
"react1.r06.individual","19","gate_or_option_instruction","ASK Mail_Grp 1 OR (Mail_Grp 2 AND INDCONF=1)","
ASK Mail_Grp 1 OR (Mail_Grp 2 AND INDCONF=1)
BEHAVA
In the last 7 days, that is since <DATE/MONTH>, did you do any of the following?

Please select any that apply.","BEHAVA1|BEHAVA2|BEHAVA3|BEHAVA4|BEHAVA5|BEHAVA6|BEHAVA7|BEHAVA8|BEHAVA9|BEHAVA10|BEHAVA11|BEHAVA12|BEHAVA13|BEHAVA14|BEHAVA15|BEHAVA16|BEHAVA17|BEHAVA18","candidate"
"react1.r06.individual","20","gate_or_option_instruction","IF Mail_Grp 1 AND LEAVE 1 =1","
IF Mail_Grp 1 AND LEAVE 1 =1

LEAVE 2

In the last 7 days, that is since <DATE/MONTH>, for what reasons have you left home?","","candidate"
"react1.r06.individual","20","gate_or_option_instruction","IF MAIL_GRP3 OR MAIL_GRP2","
IF MAIL_GRP3 OR MAIL_GRP2
SCHOOL

Did you/Did your child attend school [(IF MAIL_GRP2) or college] in person at all in the last 7
days?","SCHOOL","candidate"
"react1.r06.individual","20","context_or_wording_needs_review","Did you/Did your child attend school [(IF MAIL_GRP2) or college] in person at all in the last 7","
Did you/Did your child attend school [(IF MAIL_GRP2) or college] in person at all in the last 7
days?

1. Yes
2. No","SCHOOL","candidate"
"react1.r06.individual","21","context_or_wording_needs_review","Please do not include anything done as part of (IF MAIL_GRP1 OR MAIL_GRP2 AND","In the last 7 days have you/has your child done any of the following activities indoors?
Please do not include anything done as part of (IF MAIL_GRP1 OR MAIL_GRP2 AND
INDCONF=1 your job or education/IF MAIL_GRP = 3 OR MAIL_GRP = 2 AND
INDCONFPARENT=1 your child’s education.)

Please select all that apply","","candidate"
"react1.r06.individual","21","context_or_wording_needs_review","INDCONF=1 your job or education/IF MAIL_GRP = 3 OR MAIL_GRP = 2 AND","Please do not include anything done as part of (IF MAIL_GRP1 OR MAIL_GRP2 AND
INDCONF=1 your job or education/IF MAIL_GRP = 3 OR MAIL_GRP = 2 AND
INDCONFPARENT=1 your child’s education.)

Please select all that apply
","","candidate"
"react1.r06.individual","21","context_or_wording_needs_review","INDCONFPARENT=1 your child’s education.)","INDCONF=1 your job or education/IF MAIL_GRP = 3 OR MAIL_GRP = 2 AND
INDCONFPARENT=1 your child’s education.)

Please select all that apply

1. Taken exercise or a class inside at a gym or leisure centre","","candidate"
"react1.r06.individual","21","context_or_wording_needs_review","outside your household (not including for IF MAIL_GRP1 OR MAIL_GRP2 AND","7. Other indoor activities involving spending more than 5 minutes with people from
outside your household (not including for IF MAIL_GRP1 OR MAIL_GRP2 AND
INDCONF=1 work IF MAIL_GRP = 3 OR MAIL_GRP = 2 AND INDCONFPARENT=1
education.)
8. None of these
9. Prefer not to say","","candidate"
"react1.r06.individual","21","context_or_wording_needs_review","INDCONF=1 work IF MAIL_GRP = 3 OR MAIL_GRP = 2 AND INDCONFPARENT=1","outside your household (not including for IF MAIL_GRP1 OR MAIL_GRP2 AND
INDCONF=1 work IF MAIL_GRP = 3 OR MAIL_GRP = 2 AND INDCONFPARENT=1
education.)
8. None of these
9. Prefer not to say
","","candidate"
"react1.r06.individual","22","context_or_wording_needs_review","[(IF MAIL_GRP 1 OR MAIL_GRP 2 AND INDCONF=1) Please do not include anything done","In the last 7 days have you/has your child done any of the following activities outdoors?
[(IF MAIL_GRP 1 OR MAIL_GRP 2 AND INDCONF=1) Please do not include anything done
as part of your job.] IF MAIL_GRP = 3 OR MAIL_GRP = 2 AND INDCONFPARENT=1 your
child’s education.
Please select all that apply.
","","candidate"
"react1.r06.individual","22","context_or_wording_needs_review","as part of your job.] IF MAIL_GRP = 3 OR MAIL_GRP = 2 AND INDCONFPARENT=1 your","[(IF MAIL_GRP 1 OR MAIL_GRP 2 AND INDCONF=1) Please do not include anything done
as part of your job.] IF MAIL_GRP = 3 OR MAIL_GRP = 2 AND INDCONFPARENT=1 your
child’s education.
Please select all that apply.

1.   Played team sports or taken exercise classes outside","","candidate"
"react1.r06.individual","24","context_or_wording_needs_review","members of your household. How many of those were in each of the following age groups?","You said that yesterday you came into contact with CONTACT1 people who are not
members of your household. How many of those were in each of the following age groups?

1. 0 to 17 years old      (enter number)
2. 18 to 34 years old     (enter number)
3. 35 to 64 years old     (enter number)","","candidate"
"react1.r06.individual","30","context_or_wording_needs_review","Have you been contacted by the Test and Trace Programme [IF MAIL_GRP 3 OR Mail_Grp","
Have you been contacted by the Test and Trace Programme [IF MAIL_GRP 3 OR Mail_Grp
2 AND INDCONFPARENT=1) about your child]?

1. Yes
2. No","COVIDTETR","candidate"
"react1.r06.individual","30","context_or_wording_needs_review","2 AND INDCONFPARENT=1) about your child]?","Have you been contacted by the Test and Trace Programme [IF MAIL_GRP 3 OR Mail_Grp
2 AND INDCONFPARENT=1) about your child]?

1. Yes
2. No
3. Prefer not to say","","candidate"
"react1.r06.individual","32","gate_or_option_instruction","ASK ALL Mail_Grp 1","
ASK ALL Mail_Grp 1
EDUC
What is your highest educational qualification? This means any educational, professional,
vocational or other work-related qualifications for which you received a certificate.
Please select one answer","EDUC","candidate"
"react1.r06.individual","33","gate_or_option_instruction","IF MAIL_GRP1 AND EMPL = 7","
IF MAIL_GRP1 AND EMPL = 7

EDTYPE

This autumn term are you studying…","EDTYPE","candidate"
"react1.r06.individual","33","response_option","6. Parents’ or guardians’ home","5. Your own home which you own
6. Parents’ or guardians’ home
7. Other


ASK ALL","","candidate"
"react1.r06.individual","34","response_option","2. Yes, my child does (SHOW CODE IF (MAIL_GRP = 3) OR (MAIL_GRP = 2 AND","1. Yes, I do
2. Yes, my child does (SHOW CODE IF (MAIL_GRP = 3) OR (MAIL_GRP = 2 AND
INDCONFPARENT=1))
3. Yes, someone else in my household does
4. No
5. Don’t know","","candidate"
"react1.r06.individual","34","context_or_wording_needs_review","INDCONFPARENT=1))","2. Yes, my child does (SHOW CODE IF (MAIL_GRP = 3) OR (MAIL_GRP = 2 AND
INDCONFPARENT=1))
3. Yes, someone else in my household does
4. No
5. Don’t know
","","candidate"
"react1.r06.individual","38","gate_or_option_instruction","[ASK GENDER = FEMALE AND MAIL_GRP = 1 AND (DAGE < 55) AND (valid HEIGHT","
[ASK GENDER = FEMALE AND MAIL_GRP = 1 AND (DAGE < 55) AND (valid HEIGHT
ANSWER and VALID WEIGHT ANSWER). Do not ask this if gave prefer not to say or
cannot give estimate on HEIGHT OR WEIGHT]

PREG","","candidate"
"react1.r06.individual","39","context_or_wording_needs_review","DO NOT ASK IF INDCONFPARENT=1","
DO NOT ASK IF INDCONFPARENT=1

LINKAGE

Imperial College would like your permission to link information held by NHS Digital and other","","candidate"
"react1.r06.individual","39","context_or_wording_needs_review","Do you give permission for Imperial College to do this [IF PARENT COMPLETING ON","
Do you give permission for Imperial College to do this [IF PARENT COMPLETING ON
BEHALF OF 5-12 YEAR OLD Mail_Grp 3] / until your child is 16 years old?

1. Yes
2. No","","candidate"
"react1.r06.individual","39","context_or_wording_needs_review","BEHALF OF 5-12 YEAR OLD Mail_Grp 3] / until your child is 16 years old?","Do you give permission for Imperial College to do this [IF PARENT COMPLETING ON
BEHALF OF 5-12 YEAR OLD Mail_Grp 3] / until your child is 16 years old?

1. Yes
2. No
","","candidate"
"react1.r06.registration","3","context_or_wording_needs_review","There are 3 groups corresponding to Mail_Grp i.e. u_mail_grp","NOTE TO SCRIPTERS:
There are 3 groups corresponding to Mail_Grp i.e. u_mail_grp
Mail_Grp                                         Age group
Mail_Grp=1                                       18+
Mail_Grp=2                                       13-17
Mail_grp=3                                       5-12","","candidate"
"react1.r06.registration","3","context_definition_or_continuation","Mail_Grp                                         Age group","There are 3 groups corresponding to Mail_Grp i.e. u_mail_grp
Mail_Grp                                         Age group
Mail_Grp=1                                       18+
Mail_Grp=2                                       13-17
Mail_grp=3                                       5-12
","","candidate"
"react1.r06.registration","3","context_definition_or_continuation","Mail_Grp=1                                       18+","Mail_Grp                                         Age group
Mail_Grp=1                                       18+
Mail_Grp=2                                       13-17
Mail_grp=3                                       5-12

","","candidate"
"react1.r06.registration","3","context_definition_or_continuation","Mail_Grp=2                                       13-17","Mail_Grp=1                                       18+
Mail_Grp=2                                       13-17
Mail_grp=3                                       5-12


","","candidate"
"react1.r06.registration","3","context_definition_or_continuation","Mail_grp=3                                       5-12","Mail_Grp=2                                       13-17
Mail_grp=3                                       5-12



","","candidate"
"react1.r06.registration","4","gate_or_option_instruction","ASK Mail_Grp=1 AND Mail_Grp=2 This survey is for [u_firstname] [u_name]. Are you","INDCONF
ASK Mail_Grp=1 AND Mail_Grp=2 This survey is for [u_firstname] [u_name]. Are you
[FF_Surname] [FF_Surname]?
IF CHILD is Mail_Grp=3 Are you the parent or guardian of [u_firstname] [u_name]?
Please select one answer
1. Yes","INDCONF","candidate"
"react1.r06.registration","4","gate_or_option_instruction","IF CHILD is Mail_Grp=3 Are you the parent or guardian of [u_firstname] [u_name]?","[FF_Surname] [FF_Surname]?
IF CHILD is Mail_Grp=3 Are you the parent or guardian of [u_firstname] [u_name]?
Please select one answer
1. Yes
2. No
","","candidate"
"react1.r06.registration","4","gate_or_option_instruction","IF INDCONF = 2 AND Mail_Grp=2","
IF INDCONF = 2 AND Mail_Grp=2
INDCONFPARENT
This survey is intended for [FF_Surname] [FF_Surname ]. If you are the parent or guardian
of [FF_Surname] [FF_Surname ] you can complete the survey on their behalf. Are you the
parent or guardian of [FF_Surname] [FF_Surname ]?","INDCONFPARENT","candidate"
"react1.r06.registration","4","context_or_wording_needs_review","INDCONFPARENT","IF INDCONF = 2 AND Mail_Grp=2
INDCONFPARENT
This survey is intended for [FF_Surname] [FF_Surname ]. If you are the parent or guardian
of [FF_Surname] [FF_Surname ] you can complete the survey on their behalf. Are you the
parent or guardian of [FF_Surname] [FF_Surname ]?
1. Yes","","candidate"
"react1.r06.registration","4","context_or_wording_needs_review","This survey is intended for [FF_Surname] [FF_Surname ]. If you are the parent or guardian","INDCONFPARENT
This survey is intended for [FF_Surname] [FF_Surname ]. If you are the parent or guardian
of [FF_Surname] [FF_Surname ] you can complete the survey on their behalf. Are you the
parent or guardian of [FF_Surname] [FF_Surname ]?
1. Yes
2. No","INDCONFPARENT","candidate"
"react1.r06.registration","4","context_or_wording_needs_review","parent or guardian of [FF_Surname] [FF_Surname ]?","of [FF_Surname] [FF_Surname ] you can complete the survey on their behalf. Are you the
parent or guardian of [FF_Surname] [FF_Surname ]?
1. Yes
2. No

IF INDCONFPARENT=2 OR INDCONF=2 AND Mail_Grp=3","","candidate"
"react1.r06.registration","4","gate_or_option_instruction","IF INDCONFPARENT=2 OR INDCONF=2 AND Mail_Grp=3","
IF INDCONFPARENT=2 OR INDCONF=2 AND Mail_Grp=3
CLOSE1
“We thank you for your time spent taking this survey.”
TERMINATE
","","candidate"
"react1.r06.registration","4","gate_or_option_instruction","IF INDCONF =2 AND Mail_Grp=1","
IF INDCONF =2 AND Mail_Grp=1
INDCONFCARER
This survey is intended for [FF_Surname] [FF_Surname ]. If you are a carer for
[FF_Surname] [FF_Surname ] you can help them to complete the survey. Are you a carer for
[FF_Surname] [FF_Surname ]?","INDCONFCARER","candidate"
"react1.r06.registration","4","context_or_wording_needs_review","INDCONFCARER","IF INDCONF =2 AND Mail_Grp=1
INDCONFCARER
This survey is intended for [FF_Surname] [FF_Surname ]. If you are a carer for
[FF_Surname] [FF_Surname ] you can help them to complete the survey. Are you a carer for
[FF_Surname] [FF_Surname ]?
1. Yes","","candidate"
"react1.r06.registration","4","context_or_wording_needs_review","This survey is intended for [FF_Surname] [FF_Surname ]. If you are a carer for","INDCONFCARER
This survey is intended for [FF_Surname] [FF_Surname ]. If you are a carer for
[FF_Surname] [FF_Surname ] you can help them to complete the survey. Are you a carer for
[FF_Surname] [FF_Surname ]?
1. Yes
2. No","INDCONFCARER","candidate"
"react1.r06.registration","4","context_or_wording_needs_review","[FF_Surname] [FF_Surname ] you can help them to complete the survey. Are you a carer for","This survey is intended for [FF_Surname] [FF_Surname ]. If you are a carer for
[FF_Surname] [FF_Surname ] you can help them to complete the survey. Are you a carer for
[FF_Surname] [FF_Surname ]?
1. Yes
2. No
","","candidate"
"react1.r06.registration","4","gate_or_option_instruction","IF INDCONFCARER =2","
IF INDCONFCARER =2
CLOSE1
“We thank you for your time spent taking this survey.”
TERMINATE
","","candidate"
"react1.r06.registration","5","wording_only","IF 5-12 OR (13-17 INDCONFPARENT =1) Textfill is “your child”","IF 18+ OR (13-17 INDCONF=1) Textfill is “your”
IF 5-12 OR (13-17 INDCONFPARENT =1) Textfill is “your child”


ASK ALL
AGE","","candidate"
"react1.r06.registration","5","context_or_wording_needs_review","What was your/your child’s age at your/their last birthday?","AGE
What was your/your child’s age at your/their last birthday?
[OPEN NUMERIC BOX AND APPLY TO AGE GROUPS AS OUTLINED BELOW BUT
ALLOW PAST]
GROUP         GROUP ALLOW RANGE                  ERROR MESSAGE
AGE","AGE","candidate"
"react1.r06.registration","5","context_or_wording_needs_review","[OPEN NUMERIC BOX AND APPLY TO AGE GROUPS AS OUTLINED BELOW BUT","What was your/your child’s age at your/their last birthday?
[OPEN NUMERIC BOX AND APPLY TO AGE GROUPS AS OUTLINED BELOW BUT
ALLOW PAST]
GROUP         GROUP ALLOW RANGE                  ERROR MESSAGE
AGE
Mail_Grp=1    18+        RANGE 17 -112           “Our records suggest you are aged 17 or","","candidate"
"react1.r06.registration","5","context_definition_or_continuation","Mail_Grp=1    18+        RANGE 17 -112           “Our records suggest you are aged 17 or","AGE
Mail_Grp=1    18+        RANGE 17 -112           “Our records suggest you are aged 17 or
over, please check your answer.”
Mail_Grp=2    13-17      RANGE 12-18             “Our records suggest [IF INDCONF = 1:
you are/IF INCONFPARENT = 1 your child
is] aged between 12 and 18, please check","AGE","candidate"
"react1.r06.registration","5","context_definition_or_continuation","Mail_Grp=2    13-17      RANGE 12-18             “Our records suggest [IF INDCONF = 1:","over, please check your answer.”
Mail_Grp=2    13-17      RANGE 12-18             “Our records suggest [IF INDCONF = 1:
you are/IF INCONFPARENT = 1 your child
is] aged between 12 and 18, please check
your answer”
Mail_grp=3    5-12       RANGE 5- 13             “Our records suggest your child is aged","","candidate"
"react1.r06.registration","5","context_or_wording_needs_review","you are/IF INCONFPARENT = 1 your child","Mail_Grp=2    13-17      RANGE 12-18             “Our records suggest [IF INDCONF = 1:
you are/IF INCONFPARENT = 1 your child
is] aged between 12 and 18, please check
your answer”
Mail_grp=3    5-12       RANGE 5- 13             “Our records suggest your child is aged
between 5 and 13, please check your","","candidate"
"react1.r06.registration","5","context_or_wording_needs_review","is] aged between 12 and 18, please check","you are/IF INCONFPARENT = 1 your child
is] aged between 12 and 18, please check
your answer”
Mail_grp=3    5-12       RANGE 5- 13             “Our records suggest your child is aged
between 5 and 13, please check your
answer”","","candidate"
"react1.r06.registration","5","context_definition_or_continuation","Mail_grp=3    5-12       RANGE 5- 13             “Our records suggest your child is aged","your answer”
Mail_grp=3    5-12       RANGE 5- 13             “Our records suggest your child is aged
between 5 and 13, please check your
answer”

","","candidate"
"react1.r06.registration","5","context_or_wording_needs_review","DAGE [Derived age for filter questions)","
DAGE [Derived age for filter questions)



","","candidate"
"react1.r06.registration","6","gate_or_option_instruction","IF Mail_Grp=3","
IF Mail_Grp=3

AGEPARENT

What was your age at your last birthday?","AGEPARENT","candidate"
"react1.r06.registration","6","context_or_wording_needs_review","AGEPARENT","
AGEPARENT

What was your age at your last birthday?

[OPEN NUMERIC BOX, RANGE 16– 112]","","candidate"
"react1.r06.registration","6","context_or_wording_needs_review","What was your age at your last birthday?","
What was your age at your last birthday?

[OPEN NUMERIC BOX, RANGE 16– 112]
1. Prefer not to say
","AGEPARENT","candidate"
"react1.r06.registration","6","gate_or_option_instruction","IF AGED 13-15 AND MAIL_GRP2","
IF AGED 13-15 AND MAIL_GRP2

PARCONS

Does your parent or guardian give you permission to take part in this study?","PARCONS","candidate"
"react1.r06.registration","6","context_or_wording_needs_review","Does your parent or guardian give you permission to take part in this study?","
Does your parent or guardian give you permission to take part in this study?

1.      Yes
2.      No
","PARCONS","candidate"
"react1.r06.registration","6","context_or_wording_needs_review","Please ask your parent or guardian for permission to complete the survey. Once they have","
Please ask your parent or guardian for permission to complete the survey. Once they have
agreed for you to take part, please log back into the survey.""
TERMINATE

","","candidate"
"react1.r06.registration","6","context_or_wording_needs_review","Please write in the full name of your parent/carer who has agreed that you can take part:","
Please write in the full name of your parent/carer who has agreed that you can take part:
{text box}


[TO SCRIPTING: IF NUMERIC VALUE IS ENTERED DISPLAY ERROR MESSAGE ‘Please","","candidate"
"react1.r06.registration","6","gate_or_option_instruction","IF AGED Mail_Grp=1 OR Mail_Grp=3 OR (Mail_Grp=2 INDCONFPARENT =1)","Household composition
IF AGED Mail_Grp=1 OR Mail_Grp=3 OR (Mail_Grp=2 INDCONFPARENT =1)
NADULTS

Including yourself, how many adults aged 18 and over currently live in your household?
","NADULTS","candidate"
"react1.r06.registration","6","context_or_wording_needs_review","Including yourself, how many adults aged 18 and over currently live in your household?","
Including yourself, how many adults aged 18 and over currently live in your household?

INFO: Who should I include? Include all adults aged 18 and over, including any young
people aged 18 or over. Include young people who regularly spend part of the week in your
household. Include yourself.","NADULTS","candidate"
"react1.r06.registration","6","context_or_wording_needs_review","INFO: Who should I include? Include all adults aged 18 and over, including any young","
INFO: Who should I include? Include all adults aged 18 and over, including any young
people aged 18 or over. Include young people who regularly spend part of the week in your
household. Include yourself.

NUMERIC 1...","","candidate"
"react1.r06.registration","6","context_or_wording_needs_review","people aged 18 or over. Include young people who regularly spend part of the week in your","INFO: Who should I include? Include all adults aged 18 and over, including any young
people aged 18 or over. Include young people who regularly spend part of the week in your
household. Include yourself.

NUMERIC 1...
","","candidate"
"react1.r06.registration","7","context_or_wording_needs_review","[Show multiple rows up for number of adults aged Mail_Grp=1 in household ALLOW RANGE","
[Show multiple rows up for number of adults aged Mail_Grp=1 in household ALLOW RANGE
18 -112]
[IF MORE THAN 10 ADULTS ENTERED AT NADULTS ALLOW ONLY 10 ROWS FOR
NUMBER OF ADULTS]
","","candidate"
"react1.r06.registration","7","context_or_wording_needs_review","Header: Age in Years","
Header: Age in Years

Rows for each adult:

First adult","","candidate"
"react1.r06.registration","7","gate_or_option_instruction","IF Mail_Grp1 OR Mail_Grp=2 ANDINDCONF = 1.","
IF Mail_Grp1 OR Mail_Grp=2 ANDINDCONF = 1.
NADULTS1

How many adults aged 18 and over currently live in your household?
","NADULTS1","candidate"
"react1.r06.registration","7","context_or_wording_needs_review","How many adults aged 18 and over currently live in your household?","
How many adults aged 18 and over currently live in your household?

INFO: Who should I include? Include all adults aged 18 and over, including any young
people aged 18 or over. Include young people who regularly spend part of the week in your
household.","NADULTS1","candidate"
"react1.r06.registration","7","context_or_wording_needs_review","INFO: Who should I include? Include all adults aged 18 and over, including any young","
INFO: Who should I include? Include all adults aged 18 and over, including any young
people aged 18 or over. Include young people who regularly spend part of the week in your
household.

NUMERIC 1...","","candidate"
"react1.r06.registration","7","context_or_wording_needs_review","people aged 18 or over. Include young people who regularly spend part of the week in your","INFO: Who should I include? Include all adults aged 18 and over, including any young
people aged 18 or over. Include young people who regularly spend part of the week in your
household.

NUMERIC 1...
","","candidate"
"react1.r06.registration","8","context_or_wording_needs_review","[Show multiple rows up for number of adults aged Mail_Grp=1 in household ALLOW RANGE","
[Show multiple rows up for number of adults aged Mail_Grp=1 in household ALLOW RANGE
18 -112]

[IF MORE THAN 10 ADULTS ENTERED AT NADULTS1 ALLOW ONLY 10 ROWS FOR
NUMBER OF ADULTS]","","candidate"
"react1.r06.registration","8","context_or_wording_needs_review","Header: Age in Years","
Header: Age in Years

Rows for each adult:

First adult","","candidate"
"react1.r06.registration","8","gate_or_option_instruction","IF Mail_Grp=1 or Mail_Grp=3 or (Mail_Grp=2 and INDCONFPARENT =1)","
IF Mail_Grp=1 or Mail_Grp=3 or (Mail_Grp=2 and INDCONFPARENT =1)
NCHILD
How many children or young people aged 0 to 17 years currently live in your household?

INFO: Who should I include?","NCHILD","candidate"
"react1.r06.registration","8","context_or_wording_needs_review","How many children or young people aged 0 to 17 years currently live in your household?","NCHILD
How many children or young people aged 0 to 17 years currently live in your household?

INFO: Who should I include?
Include all children aged 0-17 in your household, whether or not they are your own children.
Include infants and babies. Include children who regularly spend part of the week in your","NCHILD","candidate"
"react1.r06.registration","8","context_or_wording_needs_review","Include all children aged 0-17 in your household, whether or not they are your own children.","INFO: Who should I include?
Include all children aged 0-17 in your household, whether or not they are your own children.
Include infants and babies. Include children who regularly spend part of the week in your
household.

NOTE FOR PROGRAMMER: IF MAIL_GRP = 3 or (MAIL_GRP=2 AND","","candidate"
"react1.r06.registration","8","context_or_wording_needs_review","NOTE FOR PROGRAMMER: IF MAIL_GRP = 3 or (MAIL_GRP=2 AND","
NOTE FOR PROGRAMMER: IF MAIL_GRP = 3 or (MAIL_GRP=2 AND
INDCONFPARENT=1) IF 0 IS ENTERED, PLEASE BRING UP ERROR MESSAGE:

“You have said that there are no children aged 0-17 in your household. Please remember to
include the child this survey relates to.”","","candidate"
"react1.r06.registration","8","context_or_wording_needs_review","INDCONFPARENT=1) IF 0 IS ENTERED, PLEASE BRING UP ERROR MESSAGE:","NOTE FOR PROGRAMMER: IF MAIL_GRP = 3 or (MAIL_GRP=2 AND
INDCONFPARENT=1) IF 0 IS ENTERED, PLEASE BRING UP ERROR MESSAGE:

“You have said that there are no children aged 0-17 in your household. Please remember to
include the child this survey relates to.”
","","candidate"
"react1.r06.registration","8","context_or_wording_needs_review","“You have said that there are no children aged 0-17 in your household. Please remember to","
“You have said that there are no children aged 0-17 in your household. Please remember to
include the child this survey relates to.”

NUMERIC 0...15
","","candidate"
"react1.r06.registration","9","gate_or_option_instruction","ASK IF MAIL_GRP1 OR MAIL_GRP3 AND NCHILD=2+ OR MAIL_GRP2 AND","CHILDAGE
ASK IF MAIL_GRP1 OR MAIL_GRP3 AND NCHILD=2+ OR MAIL_GRP2 AND
INDCONFPARENT=1 AND NUMBER AT NCHILD=2+
You said that [(IF NUMBER AT NCHILD = 1) there is 1 child] [(IF NUMBER AT NCHILD =
2+) there are (NUMBER AT NCHILD) children] in your household. How old are these
children?","CHILDAGE_1|CHILDAGE_2|CHILDAGE_3|CHILDAGE_4|CHILDAGE_5|CHILDAGE_6|CHILDAGE_7|CHILDAGE_8|CHILDAGE_9|CHILDAGE_10|CHILDAGE_11|CHILDAGE_12|CHILDAGE_13|CHILDAGE_14|CHILDAGE_15","candidate"
"react1.r06.registration","9","context_or_wording_needs_review","INDCONFPARENT=1 AND NUMBER AT NCHILD=2+","ASK IF MAIL_GRP1 OR MAIL_GRP3 AND NCHILD=2+ OR MAIL_GRP2 AND
INDCONFPARENT=1 AND NUMBER AT NCHILD=2+
You said that [(IF NUMBER AT NCHILD = 1) there is 1 child] [(IF NUMBER AT NCHILD =
2+) there are (NUMBER AT NCHILD) children] in your household. How old are these
children?
[Show multiple rows up for number of children aged 0-17 in household. ALLOW RANGE 0-","","candidate"
"react1.r06.registration","9","context_or_wording_needs_review","[Show multiple rows up for number of children aged 0-17 in household. ALLOW RANGE 0-","children?
[Show multiple rows up for number of children aged 0-17 in household. ALLOW RANGE 0-
17]
Header: Age in Years
Rows for each child:
First child","","candidate"
"react1.r06.registration","9","context_or_wording_needs_review","Header: Age in Years","17]
Header: Age in Years
Rows for each child:
First child
Second child (and so on)
Columns for each child:","","candidate"
"react1.r06.registration","9","gate_or_option_instruction","IF Mail_Grp=2 (INDCONF = 1)","
IF Mail_Grp=2 (INDCONF = 1)

NCHILD1
Including yourself, how many children or young people aged 0 to 17 years currently live in
your household?","NCHILD1","candidate"
"react1.r06.registration","9","context_or_wording_needs_review","Including yourself, how many children or young people aged 0 to 17 years currently live in","NCHILD1
Including yourself, how many children or young people aged 0 to 17 years currently live in
your household?

INFO: Who should I include?
Include all children aged 0-17 in your household, whether or not they are your own children.","NCHILD1","candidate"
"react1.r06.registration","9","context_or_wording_needs_review","Include all children aged 0-17 in your household, whether or not they are your own children.","INFO: Who should I include?
Include all children aged 0-17 in your household, whether or not they are your own children.
Include infants and babies. Include children who regularly spend part of the week in your
household. Include yourself.

NUMERIC 0...15","","candidate"
"react1.r06.registration","10","context_or_wording_needs_review","[Show multiple rows up for number of children aged 0-17 in household]","household. How old are these children?
[Show multiple rows up for number of children aged 0-17 in household]
Header: Age in Years
Rows for each child:
First child
Second child (and so on)","","candidate"
"react1.r06.registration","10","context_or_wording_needs_review","Header: Age in Years","[Show multiple rows up for number of children aged 0-17 in household]
Header: Age in Years
Rows for each child:
First child
Second child (and so on)
Columns for each child:","","candidate"
"react1.r06.registration","10","gate_or_option_instruction","IF Mail_Grp=1 OR Mail_Grp=3 OR (16-17 INDONF =1) Are you …","WORKTYP1
IF Mail_Grp=1 OR Mail_Grp=3 OR (16-17 INDONF =1) Are you …
OR (16-17 INDCONFPARENT =1) Is your child….

WORKTYP1
Are you …/Is your child","WORKTYP1_1|WORKTYP1_2|WORKTYP1_3|WORKTYP1_4|WORKTYP1_5|WORKTYP1_6|WORKTYP1_7","candidate"
"react1.r06.registration","10","context_or_wording_needs_review","OR (16-17 INDCONFPARENT =1) Is your child….","IF Mail_Grp=1 OR Mail_Grp=3 OR (16-17 INDONF =1) Are you …
OR (16-17 INDCONFPARENT =1) Is your child….

WORKTYP1
Are you …/Is your child
","WORKTYP1_1|WORKTYP1_2|WORKTYP1_3|WORKTYP1_4|WORKTYP1_5|WORKTYP1_6|WORKTYP1_7","candidate"
"react1.r06.registration","13","context_or_wording_needs_review","Group 3 (5-12) OR group 2 INDCONFPARENT=1 ‘my child’","Group 1 (18+) OR group 2 INDCONF=1 Textfill ‘you’
Group 3 (5-12) OR group 2 INDCONFPARENT=1 ‘my child’
EXCL
Do you/Does your child have an increased risk of bleeding (for example taking
anticoagulants or a medical condition such as haemophilia, or are/ are they prone to
nosebleeds)?","EXCL","candidate"
"react1.r06.registration","14","gate_or_option_instruction","IF (EXCL = 2 OR 3 OR EXCLCONF=2 OR 3) AND AGED Mail_Grp=1 ONLY","
IF (EXCL = 2 OR 3 OR EXCLCONF=2 OR 3) AND AGED Mail_Grp=1 ONLY
SMOKENOW

Do you smoke cigarettes at all nowadays?
","SMOKENOW","candidate"
"react1.r06.registration","15","gate_or_option_instruction","IF (EXCL = 2 OR 3 OR EXCLCONF=2 OR 3) AND AGED Mail_Grp=1 ONLY","
IF (EXCL = 2 OR 3 OR EXCLCONF=2 OR 3) AND AGED Mail_Grp=1 ONLY

VAPNOW

Do you vape/use e-cigarettes at all nowadays?","VAPNOW","candidate"
"react1.r06.registration","16","context_or_wording_needs_review","staff and researchers. Nobody will be able to identify you [IF MAIL_GRP3 OR MAIL_GRP2","information will be kept confidential by Ipsos MORI, and approved Imperial College London
staff and researchers. Nobody will be able to identify you [IF MAIL_GRP3 OR MAIL_GRP2
AND INDCONFPARENT =1 “or your child”] in any published results. We will send more
information with the test, and you can withdraw from the study at any time. Please note that
a small number of people who register to take part may not be included in the research and
will be informed of this.","","candidate"
"react1.r06.registration","16","context_or_wording_needs_review","AND INDCONFPARENT =1 “or your child”] in any published results. We will send more","staff and researchers. Nobody will be able to identify you [IF MAIL_GRP3 OR MAIL_GRP2
AND INDCONFPARENT =1 “or your child”] in any published results. We will send more
information with the test, and you can withdraw from the study at any time. Please note that
a small number of people who register to take part may not be included in the research and
will be informed of this.
If your/the test is positive (suggesting that you/your child currently have/has COVID-19) we","","candidate"
"react1.r07.individual","4","context_or_wording_needs_review","This survey is for [FF_Surname] [FF_Surname ]. Are you / the parent or guardian of","INDCONF
This survey is for [FF_Surname] [FF_Surname ]. Are you / the parent or guardian of
[FF_Surname] [FF_Surname]?
Please select one answer

1. Yes","INDCONF","candidate"
"react1.r07.individual","4","gate_or_option_instruction","IF INDCONF = 2 AND Mail_Grp 2","
IF INDCONF = 2 AND Mail_Grp 2
INDCONFPARENT
This survey is intended for [FF_firstname] [FF_Surname ]. If you are the parent or guardian
of [FF_firstname] [FF_Surname ] you can complete the survey by proxy and answer the
survey on their behalf. Are you the parent or guardian of [FF_firstname] [FF_Surname ]?","INDCONFPARENT","candidate"
"react1.r07.individual","4","context_or_wording_needs_review","INDCONFPARENT","IF INDCONF = 2 AND Mail_Grp 2
INDCONFPARENT
This survey is intended for [FF_firstname] [FF_Surname ]. If you are the parent or guardian
of [FF_firstname] [FF_Surname ] you can complete the survey by proxy and answer the
survey on their behalf. Are you the parent or guardian of [FF_firstname] [FF_Surname ]?
1. Yes","","candidate"
"react1.r07.individual","4","context_or_wording_needs_review","This survey is intended for [FF_firstname] [FF_Surname ]. If you are the parent or guardian","INDCONFPARENT
This survey is intended for [FF_firstname] [FF_Surname ]. If you are the parent or guardian
of [FF_firstname] [FF_Surname ] you can complete the survey by proxy and answer the
survey on their behalf. Are you the parent or guardian of [FF_firstname] [FF_Surname ]?
1. Yes
2. No [TERMINATE]","INDCONFPARENT","candidate"
"react1.r07.individual","4","context_or_wording_needs_review","survey on their behalf. Are you the parent or guardian of [FF_firstname] [FF_Surname ]?","of [FF_firstname] [FF_Surname ] you can complete the survey by proxy and answer the
survey on their behalf. Are you the parent or guardian of [FF_firstname] [FF_Surname ]?
1. Yes
2. No [TERMINATE]

","","candidate"
"react1.r07.individual","4","gate_or_option_instruction","IF INDCONFPARENT=2 OR (INDCONF=2 AND AGE Mail_Grp 3)","
IF INDCONFPARENT=2 OR (INDCONF=2 AND AGE Mail_Grp 3)
CLOSE1
“We thank you for your time spent taking this survey.”
TERMINATE
","","candidate"
"react1.r07.individual","4","gate_or_option_instruction","IF INDCONF =2 AND Mail_Grp 1","
IF INDCONF =2 AND Mail_Grp 1
INDCONFCARER
This survey is intended for [FF_firstame] [FF_Surname ]. If you are a carer for [FF_firstname]
[FF_Surname ] you can help them to complete the survey. Are you a carer for [FF_firstname]
[FF_Surname ]?","INDCONFCARER","candidate"
"react1.r07.individual","4","context_or_wording_needs_review","INDCONFCARER","IF INDCONF =2 AND Mail_Grp 1
INDCONFCARER
This survey is intended for [FF_firstame] [FF_Surname ]. If you are a carer for [FF_firstname]
[FF_Surname ] you can help them to complete the survey. Are you a carer for [FF_firstname]
[FF_Surname ]?
","","candidate"
"react1.r07.individual","4","context_or_wording_needs_review","This survey is intended for [FF_firstame] [FF_Surname ]. If you are a carer for [FF_firstname]","INDCONFCARER
This survey is intended for [FF_firstame] [FF_Surname ]. If you are a carer for [FF_firstname]
[FF_Surname ] you can help them to complete the survey. Are you a carer for [FF_firstname]
[FF_Surname ]?

1. Yes","INDCONFCARER","candidate"
"react1.r07.individual","4","context_or_wording_needs_review","[FF_Surname ] you can help them to complete the survey. Are you a carer for [FF_firstname]","This survey is intended for [FF_firstame] [FF_Surname ]. If you are a carer for [FF_firstname]
[FF_Surname ] you can help them to complete the survey. Are you a carer for [FF_firstname]
[FF_Surname ]?

1. Yes
2. No","","candidate"
"react1.r07.individual","5","gate_or_option_instruction","IF INDCONFCARER =2","
IF INDCONFCARER =2
CLOSE1
“We thank you for your time spent taking this survey.”
TERMINATE
","","candidate"
"react1.r07.individual","5","wording_only","IF Mail_Grp 1 OR (Mail_Grp 2 INDCONF=1) Textfill is “your”","PROGRAMMER: SET TEXTFILL
IF Mail_Grp 1 OR (Mail_Grp 2 INDCONF=1) Textfill is “your”
IF Mail_Grp 3 OR (Mail_Grp 2 INDCONFPARENT =1) Textfill is “your child”


","","candidate"
"react1.r07.individual","5","wording_only","IF Mail_Grp 3 OR (Mail_Grp 2 INDCONFPARENT =1) Textfill is “your child”","IF Mail_Grp 1 OR (Mail_Grp 2 INDCONF=1) Textfill is “your”
IF Mail_Grp 3 OR (Mail_Grp 2 INDCONFPARENT =1) Textfill is “your child”



Health","","candidate"
"react1.r07.individual","12","response_option","2.   In my place of work [SHOW ONLY IF MAIL_GRP1 OR MAIL_GRP2 AND","1.   In my household
2.   In my place of work [SHOW ONLY IF MAIL_GRP1 OR MAIL_GRP2 AND
INDCONF=1]
3.   In my/their school or college
4.   At a social event or gathering
5.   Somewhere else","","candidate"
"react1.r07.individual","12","gate_or_option_instruction","ASK IF COVIDCONPL=2 AND MAIL_GRP1 OR MAIL_GRP2 AND INDONF-=1","
ASK IF COVIDCONPL=2 AND MAIL_GRP1 OR MAIL_GRP2 AND INDONF-=1
COVIDCONWP

You said that you/your child had [IF COVIDCONNUM=2+ the most recent] contact with the
person who was a confirmed COVID-19 case in your workplace. Do you work in any of the","COVIDCONWP","candidate"
"react1.r07.individual","14","context_or_wording_needs_review","When you [Mail_grp1 or Mail_Grp 2 AND INDCONFPARENT=1]/[your child Mail_Grp3 OR","
When you [Mail_grp1 or Mail_Grp 2 AND INDCONFPARENT=1]/[your child Mail_Grp3 OR
Mail_grp 2 AND INDCONF=1] had COVID-19, did your [Mail_grp1 or Mail_Grp 2 AND
INDCONFPARENT=1]//their Mail_Grp3 OR Mail_grp 2 AND INDCONF=1] symptoms last
for more than two weeks in total?
","","candidate"
"react1.r07.individual","14","context_definition_or_continuation","Mail_grp 2 AND INDCONF=1] had COVID-19, did your [Mail_grp1 or Mail_Grp 2 AND","When you [Mail_grp1 or Mail_Grp 2 AND INDCONFPARENT=1]/[your child Mail_Grp3 OR
Mail_grp 2 AND INDCONF=1] had COVID-19, did your [Mail_grp1 or Mail_Grp 2 AND
INDCONFPARENT=1]//their Mail_Grp3 OR Mail_grp 2 AND INDCONF=1] symptoms last
for more than two weeks in total?

1.   Yes, and I/my child still have/has symptoms","","candidate"
"react1.r07.individual","14","context_or_wording_needs_review","INDCONFPARENT=1]//their Mail_Grp3 OR Mail_grp 2 AND INDCONF=1] symptoms last","Mail_grp 2 AND INDCONF=1] had COVID-19, did your [Mail_grp1 or Mail_Grp 2 AND
INDCONFPARENT=1]//their Mail_Grp3 OR Mail_grp 2 AND INDCONF=1] symptoms last
for more than two weeks in total?

1.   Yes, and I/my child still have/has symptoms
2.   Yes, but I/my child no longer have/has symptoms","","candidate"
"react1.r07.individual","18","gate_or_option_instruction","ASK Mail_Grp 1 OR (Mail_Grp 2 AND INDCONF=1)","
ASK Mail_Grp 1 OR (Mail_Grp 2 AND INDCONF=1)
BEHAVA
Since the new national lockdown started on Thursday 5 November have you been doing
any of the following?
","BEHAVA1|BEHAVA2|BEHAVA3|BEHAVA4|BEHAVA5|BEHAVA6|BEHAVA7|BEHAVA8|BEHAVA9|BEHAVA10|BEHAVA11|BEHAVA12|BEHAVA13|BEHAVA14|BEHAVA15|BEHAVA16|BEHAVA17|BEHAVA18","candidate"
"react1.r07.individual","19","response_option","2.   For work purposes[Mail_Grp1 only]","1.   For childcare or education, where this is not provided online
2.   For work purposes[Mail_Grp1 only]
3.   To exercise outdoors
4.   To visit an outdoor public place
5.   For any medical reason (including appointments, treatment etc.)
6.   Shopping for basic necessities e.g. food and medicine","","candidate"
"react1.r07.individual","19","gate_or_option_instruction","IF MAIL_GRP3 OR MAIL_GRP2","
IF MAIL_GRP3 OR MAIL_GRP2
SCHOOL
Did you/Did your child attend school [(IF MAIL_GRP2) or college] in person at all in the last 7
days?
","SCHOOL","candidate"
"react1.r07.individual","19","context_or_wording_needs_review","Did you/Did your child attend school [(IF MAIL_GRP2) or college] in person at all in the last 7","SCHOOL
Did you/Did your child attend school [(IF MAIL_GRP2) or college] in person at all in the last 7
days?

1. Yes
2. No","SCHOOL","candidate"
"react1.r07.individual","22","context_or_wording_needs_review","1 person who is not a member of your household. Which of the following age groups was","You said that yesterday you/your child came into contact with CONTACT1[IF CONTACT 1=1
1 person who is not a member of your household. Which of the following age groups was
this person in?]IF CONTACT1=2+ should say ""X people who are not members of your
household. How many of those were in each of the following age groups?]

1. 0 to 17 years old        (enter number)","","candidate"
"react1.r07.individual","22","context_or_wording_needs_review","household. How many of those were in each of the following age groups?]","this person in?]IF CONTACT1=2+ should say ""X people who are not members of your
household. How many of those were in each of the following age groups?]

1. 0 to 17 years old        (enter number)
2. 18 to 34 years old       (enter number)
3. 35 to 64 years old       (enter number)","","candidate"
"react1.r07.individual","23","gate_or_option_instruction","IF CONTACT1 = 1+ AND LEAVEREASON=2 AND MAIL_GRP1","
IF CONTACT1 = 1+ AND LEAVEREASON=2 AND MAIL_GRP1

CONTACT5

You said that yesterday you came into contact with CONTACT1 people who are not","CONTACT5","candidate"
"react1.r07.individual","28","context_or_wording_needs_review","Have you been contacted by the Test and Trace Programme [IF MAIL_GRP 3 OR Mail_Grp","
Have you been contacted by the Test and Trace Programme [IF MAIL_GRP 3 OR Mail_Grp
2 AND INDCONFPARENT=1) about your child]?

1. Yes
2. No","COVIDTETR","candidate"
"react1.r07.individual","28","context_or_wording_needs_review","2 AND INDCONFPARENT=1) about your child]?","Have you been contacted by the Test and Trace Programme [IF MAIL_GRP 3 OR Mail_Grp
2 AND INDCONFPARENT=1) about your child]?

1. Yes
2. No
3. Prefer not to say","","candidate"
"react1.r07.individual","29","gate_or_option_instruction","ASK IF INDCONF =1 AND MAIL_GRP1","
ASK IF INDCONF =1 AND MAIL_GRP1
VACCINE1

Are you taking part in a Coronavirus vaccine trial?
","VACCINE1","candidate"
"react1.r07.individual","30","gate_or_option_instruction","ASK ALL Mail_Grp 1","
ASK ALL Mail_Grp 1
EDUC
What is your highest educational qualification? This means any educational, professional,
vocational or other work-related qualifications for which you received a certificate.
Please select one answer","EDUC","candidate"
"react1.r07.individual","32","gate_or_option_instruction","IF MAIL_GRP1 AND EMPL = 7","
IF MAIL_GRP1 AND EMPL = 7
EDTYPE

This autumn term are you studying…
","EDTYPE","candidate"
"react1.r07.individual","32","response_option","6. Parents’ or guardians’ home","5. Your own home which you own
6. Parents’ or guardians’ home
7. Other


ASK ALL","","candidate"
"react1.r07.individual","33","response_option","2. Yes, my child does (SHOW CODE IF (MAIL_GRP = 3) OR (MAIL_GRP = 2 AND","1. Yes, I do
2. Yes, my child does (SHOW CODE IF (MAIL_GRP = 3) OR (MAIL_GRP = 2 AND
INDCONFPARENT=1))
3. Yes, someone else in my household does
4. No
5. Don’t know","","candidate"
"react1.r07.individual","33","context_or_wording_needs_review","INDCONFPARENT=1))","2. Yes, my child does (SHOW CODE IF (MAIL_GRP = 3) OR (MAIL_GRP = 2 AND
INDCONFPARENT=1))
3. Yes, someone else in my household does
4. No
5. Don’t know
","","candidate"
"react1.r07.individual","37","gate_or_option_instruction","[ASK GENDER = FEMALE AND MAIL_GRP = 1 AND (DAGE < 55) AND (valid HEIGHT","
[ASK GENDER = FEMALE AND MAIL_GRP = 1 AND (DAGE < 55) AND (valid HEIGHT
ANSWER and VALID WEIGHT ANSWER).

PREG
SA","","candidate"
"react1.r07.individual","38","context_or_wording_needs_review","DO NOT ASK IF INDCONFPARENT=1","
DO NOT ASK IF INDCONFPARENT=1
LINKAGE

Imperial College would like your permission to link information held by NHS Digital and other
UK NHS bodies about you/ your child to this survey data to follow your health status for up to","","candidate"
"react1.r07.individual","38","context_or_wording_needs_review","Do you give permission for Imperial College to do this [IF PARENT COMPLETING ON","
Do you give permission for Imperial College to do this [IF PARENT COMPLETING ON
BEHALF OF 5-12 YEAR OLD Mail_Grp 3] / until your child is 16 years old?

1. Yes
2. No","","candidate"
"react1.r07.individual","38","context_or_wording_needs_review","BEHALF OF 5-12 YEAR OLD Mail_Grp 3] / until your child is 16 years old?","Do you give permission for Imperial College to do this [IF PARENT COMPLETING ON
BEHALF OF 5-12 YEAR OLD Mail_Grp 3] / until your child is 16 years old?

1. Yes
2. No
","","candidate"
"react1.r07.registration","3","context_or_wording_needs_review","There are 3 groups corresponding to Mail_Grp i.e. u_mail_grp","
There are 3 groups corresponding to Mail_Grp i.e. u_mail_grp
Mail_Grp                                       Age group
Mail_Grp=1                                     18+
Mail_Grp=2                                     13-17
Mail_grp=3                                     5-12","","candidate"
"react1.r07.registration","3","context_definition_or_continuation","Mail_Grp                                       Age group","There are 3 groups corresponding to Mail_Grp i.e. u_mail_grp
Mail_Grp                                       Age group
Mail_Grp=1                                     18+
Mail_Grp=2                                     13-17
Mail_grp=3                                     5-12
","","candidate"
"react1.r07.registration","3","context_definition_or_continuation","Mail_Grp=1                                     18+","Mail_Grp                                       Age group
Mail_Grp=1                                     18+
Mail_Grp=2                                     13-17
Mail_grp=3                                     5-12

","","candidate"
"react1.r07.registration","3","context_definition_or_continuation","Mail_Grp=2                                     13-17","Mail_Grp=1                                     18+
Mail_Grp=2                                     13-17
Mail_grp=3                                     5-12


","","candidate"
"react1.r07.registration","3","context_definition_or_continuation","Mail_grp=3                                     5-12","Mail_Grp=2                                     13-17
Mail_grp=3                                     5-12



","","candidate"
"react1.r07.registration","4","gate_or_option_instruction","ASK Mail_Grp=1 AND Mail_Grp=2 This survey is for [u_firstname] [u_name]. Are you","INDCONF
ASK Mail_Grp=1 AND Mail_Grp=2 This survey is for [u_firstname] [u_name]. Are you
[FF_Surname] [FF_Surname]?
IF CHILD is Mail_Grp=3 Are you the parent or guardian of [u_firstname] [u_name]?
Please select one answer
1. Yes","INDCONF","candidate"
"react1.r07.registration","4","gate_or_option_instruction","IF CHILD is Mail_Grp=3 Are you the parent or guardian of [u_firstname] [u_name]?","[FF_Surname] [FF_Surname]?
IF CHILD is Mail_Grp=3 Are you the parent or guardian of [u_firstname] [u_name]?
Please select one answer
1. Yes
2. No
","","candidate"
"react1.r07.registration","4","gate_or_option_instruction","IF INDCONF = 2 AND Mail_Grp=2","
IF INDCONF = 2 AND Mail_Grp=2
INDCONFPARENT
This survey is intended for [FF_Surname] [FF_Surname ]. If you are the parent or guardian
of [FF_Surname] [FF_Surname ] you can complete the survey on their behalf. Are you the
parent or guardian of [FF_Surname] [FF_Surname ]?","INDCONFPARENT","candidate"
"react1.r07.registration","4","context_or_wording_needs_review","INDCONFPARENT","IF INDCONF = 2 AND Mail_Grp=2
INDCONFPARENT
This survey is intended for [FF_Surname] [FF_Surname ]. If you are the parent or guardian
of [FF_Surname] [FF_Surname ] you can complete the survey on their behalf. Are you the
parent or guardian of [FF_Surname] [FF_Surname ]?
","","candidate"
"react1.r07.registration","4","context_or_wording_needs_review","This survey is intended for [FF_Surname] [FF_Surname ]. If you are the parent or guardian","INDCONFPARENT
This survey is intended for [FF_Surname] [FF_Surname ]. If you are the parent or guardian
of [FF_Surname] [FF_Surname ] you can complete the survey on their behalf. Are you the
parent or guardian of [FF_Surname] [FF_Surname ]?

1. Yes","INDCONFPARENT","candidate"
"react1.r07.registration","4","context_or_wording_needs_review","parent or guardian of [FF_Surname] [FF_Surname ]?","of [FF_Surname] [FF_Surname ] you can complete the survey on their behalf. Are you the
parent or guardian of [FF_Surname] [FF_Surname ]?

1. Yes
2. No
","","candidate"
"react1.r07.registration","4","gate_or_option_instruction","IF INDCONFPARENT=2 OR INDCONF=2 AND Mail_Grp=3","
IF INDCONFPARENT=2 OR INDCONF=2 AND Mail_Grp=3
CLOSE1
“We thank you for your time spent taking this survey.”
TERMINATE
","","candidate"
"react1.r07.registration","4","gate_or_option_instruction","IF INDCONF =2 AND Mail_Grp=1","
IF INDCONF =2 AND Mail_Grp=1
INDCONFCARER
This survey is intended for [FF_Surname] [FF_Surname ]. If you are a carer for
[FF_Surname] [FF_Surname ] you can help them to complete the survey. Are you a carer for
[FF_Surname] [FF_Surname ]?","INDCONFCARER","candidate"
"react1.r07.registration","4","context_or_wording_needs_review","INDCONFCARER","IF INDCONF =2 AND Mail_Grp=1
INDCONFCARER
This survey is intended for [FF_Surname] [FF_Surname ]. If you are a carer for
[FF_Surname] [FF_Surname ] you can help them to complete the survey. Are you a carer for
[FF_Surname] [FF_Surname ]?
","","candidate"
"react1.r07.registration","4","context_or_wording_needs_review","This survey is intended for [FF_Surname] [FF_Surname ]. If you are a carer for","INDCONFCARER
This survey is intended for [FF_Surname] [FF_Surname ]. If you are a carer for
[FF_Surname] [FF_Surname ] you can help them to complete the survey. Are you a carer for
[FF_Surname] [FF_Surname ]?

1. Yes","INDCONFCARER","candidate"
"react1.r07.registration","4","context_or_wording_needs_review","[FF_Surname] [FF_Surname ] you can help them to complete the survey. Are you a carer for","This survey is intended for [FF_Surname] [FF_Surname ]. If you are a carer for
[FF_Surname] [FF_Surname ] you can help them to complete the survey. Are you a carer for
[FF_Surname] [FF_Surname ]?

1. Yes
2. No","","candidate"
"react1.r07.registration","4","gate_or_option_instruction","IF INDCONFCARER =2","
IF INDCONFCARER =2
CLOSE1
“We thank you for your time spent taking this survey.”
TERMINATE
","","candidate"
"react1.r07.registration","5","wording_only","IF 5-12 OR (13-17 INDCONFPARENT =1) Textfill is “your child”","IF 18+ OR (13-17 INDCONF=1) Textfill is “your”
IF 5-12 OR (13-17 INDCONFPARENT =1) Textfill is “your child”


ASK ALL
AGE","","candidate"
"react1.r07.registration","5","context_or_wording_needs_review","What was your/your child’s age at your/their last birthday?","AGE
What was your/your child’s age at your/their last birthday?
[OPEN NUMERIC BOX AND APPLY TO AGE GROUPS AS OUTLINED BELOW BUT
ALLOW PAST]
GROUP         GROUP ALLOW RANGE                  ERROR MESSAGE
AGE","AGE","candidate"
"react1.r07.registration","5","context_or_wording_needs_review","[OPEN NUMERIC BOX AND APPLY TO AGE GROUPS AS OUTLINED BELOW BUT","What was your/your child’s age at your/their last birthday?
[OPEN NUMERIC BOX AND APPLY TO AGE GROUPS AS OUTLINED BELOW BUT
ALLOW PAST]
GROUP         GROUP ALLOW RANGE                  ERROR MESSAGE
AGE
Mail_Grp=1    18+        RANGE 17 -112           “Our records suggest you are aged 17 or","","candidate"
"react1.r07.registration","5","context_definition_or_continuation","Mail_Grp=1    18+        RANGE 17 -112           “Our records suggest you are aged 17 or","AGE
Mail_Grp=1    18+        RANGE 17 -112           “Our records suggest you are aged 17 or
over, please check your answer.”
Mail_Grp=2    13-17      RANGE 12-18             “Our records suggest [IF INDCONF = 1:
you are/IF INCONFPARENT = 1 your child
is] aged between 12 and 18, please check","AGE","candidate"
"react1.r07.registration","5","context_definition_or_continuation","Mail_Grp=2    13-17      RANGE 12-18             “Our records suggest [IF INDCONF = 1:","over, please check your answer.”
Mail_Grp=2    13-17      RANGE 12-18             “Our records suggest [IF INDCONF = 1:
you are/IF INCONFPARENT = 1 your child
is] aged between 12 and 18, please check
your answer”
Mail_grp=3    5-12       RANGE 5- 13             “Our records suggest your child is aged","","candidate"
"react1.r07.registration","5","context_or_wording_needs_review","you are/IF INCONFPARENT = 1 your child","Mail_Grp=2    13-17      RANGE 12-18             “Our records suggest [IF INDCONF = 1:
you are/IF INCONFPARENT = 1 your child
is] aged between 12 and 18, please check
your answer”
Mail_grp=3    5-12       RANGE 5- 13             “Our records suggest your child is aged
between 5 and 13, please check your","","candidate"
"react1.r07.registration","5","context_or_wording_needs_review","is] aged between 12 and 18, please check","you are/IF INCONFPARENT = 1 your child
is] aged between 12 and 18, please check
your answer”
Mail_grp=3    5-12       RANGE 5- 13             “Our records suggest your child is aged
between 5 and 13, please check your
answer”","","candidate"
"react1.r07.registration","5","context_definition_or_continuation","Mail_grp=3    5-12       RANGE 5- 13             “Our records suggest your child is aged","your answer”
Mail_grp=3    5-12       RANGE 5- 13             “Our records suggest your child is aged
between 5 and 13, please check your
answer”

","","candidate"
"react1.r07.registration","6","gate_or_option_instruction","IF Mail_Grp=3","
IF Mail_Grp=3

AGEPARENT

What was your age at your last birthday?","AGEPARENT","candidate"
"react1.r07.registration","6","context_or_wording_needs_review","AGEPARENT","
AGEPARENT

What was your age at your last birthday?

[OPEN NUMERIC BOX, RANGE 16– 112]","","candidate"
"react1.r07.registration","6","context_or_wording_needs_review","What was your age at your last birthday?","
What was your age at your last birthday?

[OPEN NUMERIC BOX, RANGE 16– 112]
1. Prefer not to say
","AGEPARENT","candidate"
"react1.r07.registration","6","gate_or_option_instruction","IF AGED 13-15 AND MAIL_GRP2","
IF AGED 13-15 AND MAIL_GRP2

PARCONS

Does your parent or guardian give you permission to take part in this study?","PARCONS","candidate"
"react1.r07.registration","6","context_or_wording_needs_review","Does your parent or guardian give you permission to take part in this study?","
Does your parent or guardian give you permission to take part in this study?

1.      Yes
2.      No
","PARCONS","candidate"
"react1.r07.registration","6","context_or_wording_needs_review","Please ask your parent or guardian for permission to complete the survey. Once they have","
Please ask your parent or guardian for permission to complete the survey. Once they have
agreed for you to take part, please log back into the survey.""
TERMINATE

IF PARCONS = 1","","candidate"
"react1.r07.registration","6","context_or_wording_needs_review","Please write in the full name of your parent/carer who has agreed that you can take part:","
Please write in the full name of your parent/carer who has agreed that you can take part:
{text box}


","","candidate"
"react1.r07.registration","6","gate_or_option_instruction","IF AGED Mail_Grp=1 OR Mail_Grp=3 OR (Mail_Grp=2 INDCONFPARENT =1)","Household composition
IF AGED Mail_Grp=1 OR Mail_Grp=3 OR (Mail_Grp=2 INDCONFPARENT =1)
NADULTS

Including yourself, how many adults aged 18 and over currently live in your household?
","NADULTS","candidate"
"react1.r07.registration","6","context_or_wording_needs_review","Including yourself, how many adults aged 18 and over currently live in your household?","
Including yourself, how many adults aged 18 and over currently live in your household?

INFO: Who should I include? Include all adults aged 18 and over, including any young
people aged 18 or over. Include young people who regularly spend part of the week in your
household. Include yourself.","NADULTS","candidate"
"react1.r07.registration","6","context_or_wording_needs_review","INFO: Who should I include? Include all adults aged 18 and over, including any young","
INFO: Who should I include? Include all adults aged 18 and over, including any young
people aged 18 or over. Include young people who regularly spend part of the week in your
household. Include yourself.

NUMERIC 1...","","candidate"
"react1.r07.registration","6","context_or_wording_needs_review","people aged 18 or over. Include young people who regularly spend part of the week in your","INFO: Who should I include? Include all adults aged 18 and over, including any young
people aged 18 or over. Include young people who regularly spend part of the week in your
household. Include yourself.

NUMERIC 1...
IF NADULTS = 2+","","candidate"
"react1.r07.registration","7","context_or_wording_needs_review","[Show multiple rows up for number of adults aged Mail_Grp=1 in household ALLOW RANGE","
[Show multiple rows up for number of adults aged Mail_Grp=1 in household ALLOW RANGE
18 -112]
[IF MORE THAN 10 ADULTS ENTERED AT NADULTS ALLOW ONLY 10 ROWS FOR
NUMBER OF ADULTS]
","","candidate"
"react1.r07.registration","7","context_or_wording_needs_review","Header: Age in Years","
Header: Age in Years

Rows for each adult:

First adult","","candidate"
"react1.r07.registration","7","gate_or_option_instruction","IF Mail_Grp1 OR Mail_Grp=2 ANDINDCONF = 1.","
IF Mail_Grp1 OR Mail_Grp=2 ANDINDCONF = 1.
NADULTS1

How many adults aged 18 and over currently live in your household?
","NADULTS1","candidate"
"react1.r07.registration","7","context_or_wording_needs_review","How many adults aged 18 and over currently live in your household?","
How many adults aged 18 and over currently live in your household?

INFO: Who should I include? Include all adults aged 18 and over, including any young
people aged 18 or over. Include young people who regularly spend part of the week in your
household.","NADULTS1","candidate"
"react1.r07.registration","7","context_or_wording_needs_review","INFO: Who should I include? Include all adults aged 18 and over, including any young","
INFO: Who should I include? Include all adults aged 18 and over, including any young
people aged 18 or over. Include young people who regularly spend part of the week in your
household.

NUMERIC 1...","","candidate"
"react1.r07.registration","7","context_or_wording_needs_review","people aged 18 or over. Include young people who regularly spend part of the week in your","INFO: Who should I include? Include all adults aged 18 and over, including any young
people aged 18 or over. Include young people who regularly spend part of the week in your
household.

NUMERIC 1...
","","candidate"
"react1.r07.registration","8","context_or_wording_needs_review","[Show multiple rows up for number of adults aged Mail_Grp=1 in household ALLOW RANGE","
[Show multiple rows up for number of adults aged Mail_Grp=1 in household ALLOW RANGE
18 -112]

[IF MORE THAN 10 ADULTS ENTERED AT NADULTS1 ALLOW ONLY 10 ROWS FOR
NUMBER OF ADULTS]","","candidate"
"react1.r07.registration","8","context_or_wording_needs_review","Header: Age in Years","
Header: Age in Years

Rows for each adult:

First adult","","candidate"
"react1.r07.registration","8","gate_or_option_instruction","IF Mail_Grp=1 or Mail_Grp=3 or (Mail_Grp=2 and INDCONFPARENT =1)","
IF Mail_Grp=1 or Mail_Grp=3 or (Mail_Grp=2 and INDCONFPARENT =1)
NCHILD
How many children or young people aged 0 to 17 years currently live in your household?

INFO: Who should I include?","NCHILD","candidate"
"react1.r07.registration","8","context_or_wording_needs_review","How many children or young people aged 0 to 17 years currently live in your household?","NCHILD
How many children or young people aged 0 to 17 years currently live in your household?

INFO: Who should I include?
Include all children aged 0-17 in your household, whether or not they are your own children.
Include infants and babies. Include children who regularly spend part of the week in your","NCHILD","candidate"
"react1.r07.registration","8","context_or_wording_needs_review","Include all children aged 0-17 in your household, whether or not they are your own children.","INFO: Who should I include?
Include all children aged 0-17 in your household, whether or not they are your own children.
Include infants and babies. Include children who regularly spend part of the week in your
household.

NOTE FOR PROGRAMMER: IF MAIL_GRP = 3 or (MAIL_GRP=2 AND","","candidate"
"react1.r07.registration","8","context_or_wording_needs_review","NOTE FOR PROGRAMMER: IF MAIL_GRP = 3 or (MAIL_GRP=2 AND","
NOTE FOR PROGRAMMER: IF MAIL_GRP = 3 or (MAIL_GRP=2 AND
INDCONFPARENT=1) IF 0 IS ENTERED, PLEASE BRING UP ERROR MESSAGE:

“You have said that there are no children aged 0-17 in your household. Please remember to
include the child this survey relates to.”","","candidate"
"react1.r07.registration","8","context_or_wording_needs_review","INDCONFPARENT=1) IF 0 IS ENTERED, PLEASE BRING UP ERROR MESSAGE:","NOTE FOR PROGRAMMER: IF MAIL_GRP = 3 or (MAIL_GRP=2 AND
INDCONFPARENT=1) IF 0 IS ENTERED, PLEASE BRING UP ERROR MESSAGE:

“You have said that there are no children aged 0-17 in your household. Please remember to
include the child this survey relates to.”
","","candidate"
"react1.r07.registration","8","context_or_wording_needs_review","“You have said that there are no children aged 0-17 in your household. Please remember to","
“You have said that there are no children aged 0-17 in your household. Please remember to
include the child this survey relates to.”

NUMERIC 0...15
","","candidate"
"react1.r07.registration","9","gate_or_option_instruction","ASK (IF MAIL_GRP1 (AND NCHILD=1+)) OR (MAIL_GRP3 (AND NCHILD=2+))","
ASK (IF MAIL_GRP1 (AND NCHILD=1+)) OR (MAIL_GRP3 (AND NCHILD=2+))

OR (MAIL_GRP2 AND INDCONFPARENT=1 AND NUMBER AT NCHILD=2+)

You said that [(IF NUMBER AT NCHILD = 1) there is 1 child] [(IF NUMBER AT NCHILD =","","candidate"
"react1.r07.registration","9","context_or_wording_needs_review","OR (MAIL_GRP2 AND INDCONFPARENT=1 AND NUMBER AT NCHILD=2+)","
OR (MAIL_GRP2 AND INDCONFPARENT=1 AND NUMBER AT NCHILD=2+)

You said that [(IF NUMBER AT NCHILD = 1) there is 1 child] [(IF NUMBER AT NCHILD =
2+) there are (NUMBER AT NCHILD) children] in your household. How old are these
children?","","candidate"
"react1.r07.registration","9","context_or_wording_needs_review","[Show multiple rows up for number of children aged 0-17 in household. ALLOW RANGE 0-","children?
[Show multiple rows up for number of children aged 0-17 in household. ALLOW RANGE 0-
17]


Header: Age in Years","","candidate"
"react1.r07.registration","9","context_or_wording_needs_review","Header: Age in Years","
Header: Age in Years
Rows for each child:
First child
Second child (and so on)
Columns for each child:","","candidate"
"react1.r07.registration","9","gate_or_option_instruction","IF Mail_Grp=2 (INDCONF = 1)","
IF Mail_Grp=2 (INDCONF = 1)

NCHILD1
Including yourself, how many children or young people aged 0 to 17 years currently live in
your household?","NCHILD1","candidate"
"react1.r07.registration","9","context_or_wording_needs_review","Including yourself, how many children or young people aged 0 to 17 years currently live in","NCHILD1
Including yourself, how many children or young people aged 0 to 17 years currently live in
your household?

INFO: Who should I include?
","NCHILD1","candidate"
"react1.r07.registration","9","context_or_wording_needs_review","Include all children aged 0-17 in your household, whether or not they are your own children.","
Include all children aged 0-17 in your household, whether or not they are your own children.
Include infants and babies. Include children who regularly spend part of the week in your
household. Include yourself.

NUMERIC 0...15","","candidate"
"react1.r07.registration","10","context_or_wording_needs_review","[Show multiple rows up for number of children aged 0-17 in household]","household. How old are these children?
[Show multiple rows up for number of children aged 0-17 in household]
Header: Age in Years
Rows for each child:
First child
Second child (and so on)","","candidate"
"react1.r07.registration","10","context_or_wording_needs_review","Header: Age in Years","[Show multiple rows up for number of children aged 0-17 in household]
Header: Age in Years
Rows for each child:
First child
Second child (and so on)
Columns for each child:","","candidate"
"react1.r07.registration","10","gate_or_option_instruction","IF Mail_Grp=1 OR Mail_Grp=3 OR (16-17 INDONF =1) Are you …","WORKTYP1
IF Mail_Grp=1 OR Mail_Grp=3 OR (16-17 INDONF =1) Are you …
OR (16-17 INDCONFPARENT =1) Is your child….

WORKTYP1
Are you …/Is your child","WORKTYP1_1|WORKTYP1_2|WORKTYP1_3|WORKTYP1_4|WORKTYP1_5|WORKTYP1_6|WORKTYP1_7","candidate"
"react1.r07.registration","10","context_or_wording_needs_review","OR (16-17 INDCONFPARENT =1) Is your child….","IF Mail_Grp=1 OR Mail_Grp=3 OR (16-17 INDONF =1) Are you …
OR (16-17 INDCONFPARENT =1) Is your child….

WORKTYP1
Are you …/Is your child
","WORKTYP1_1|WORKTYP1_2|WORKTYP1_3|WORKTYP1_4|WORKTYP1_5|WORKTYP1_6|WORKTYP1_7","candidate"
"react1.r07.registration","12","context_or_wording_needs_review","Group 3 (5-12) OR group 2 INDCONFPARENT=1 ‘my child’","Group 1 (18+) OR group 2 INDCONF=1 Textfill ‘you’
Group 3 (5-12) OR group 2 INDCONFPARENT=1 ‘my child’
EXCL
Do you/Does your child have an increased risk of bleeding (for example taking
anticoagulants or a medical condition such as haemophilia, or are/ are they prone to
nosebleeds)?","EXCL","candidate"
"react1.r07.registration","13","gate_or_option_instruction","IF (EXCL = 2 OR 3 OR EXCLCONF=2 OR 3) AND AGED Mail_Grp=1 ONLY","
IF (EXCL = 2 OR 3 OR EXCLCONF=2 OR 3) AND AGED Mail_Grp=1 ONLY
SMOKENOW

Do you smoke cigarettes at all nowadays?
","SMOKENOW","candidate"
"react1.r07.registration","14","gate_or_option_instruction","IF (EXCL = 2 OR 3 OR EXCLCONF=2 OR 3) AND AGED Mail_Grp=1 ONLY","
IF (EXCL = 2 OR 3 OR EXCLCONF=2 OR 3) AND AGED Mail_Grp=1 ONLY
VAPNOW

Do you vape/use e-cigarettes at all nowadays?
","VAPNOW","candidate"
"react1.r07.registration","15","context_or_wording_needs_review","staff and researchers. Nobody will be able to identify you [IF MAIL_GRP3 OR MAIL_GRP2","information will be kept confidential by Ipsos MORI, and approved Imperial College London
staff and researchers. Nobody will be able to identify you [IF MAIL_GRP3 OR MAIL_GRP2
AND INDCONFPARENT =1 “or your child”] in any published results. We will send more
information with the test, and you can withdraw from the study at any time. Please note that
a small number of people who register to take part may not be included in the research and
will be informed of this.","","candidate"
"react1.r07.registration","15","context_or_wording_needs_review","AND INDCONFPARENT =1 “or your child”] in any published results. We will send more","staff and researchers. Nobody will be able to identify you [IF MAIL_GRP3 OR MAIL_GRP2
AND INDCONFPARENT =1 “or your child”] in any published results. We will send more
information with the test, and you can withdraw from the study at any time. Please note that
a small number of people who register to take part may not be included in the research and
will be informed of this.
For further information about the data which Ipsos MORI provides to NHS Test and Trace","","candidate"
"react1.r08.individual","4","context_or_wording_needs_review","This survey is for [FF_Surname] [FF_Surname ]. Are you / the parent or guardian of","INDCONF
This survey is for [FF_Surname] [FF_Surname ]. Are you / the parent or guardian of
[FF_Surname] [FF_Surname]?
Please select one answer
1. Yes
2. No","INDCONF","candidate"
"react1.r08.individual","4","gate_or_option_instruction","IF INDCONF = 2 AND Mail_Grp 2","
IF INDCONF = 2 AND Mail_Grp 2
INDCONFPARENT
This survey is intended for [FF_firstname] [FF_Surname ]. If you are the parent or guardian
of [FF_firstname] [FF_Surname ] you can complete the survey by proxy and answer the
survey on their behalf. Are you the parent or guardian of [FF_firstname] [FF_Surname ]?","INDCONFPARENT","candidate"
"react1.r08.individual","4","context_or_wording_needs_review","INDCONFPARENT","IF INDCONF = 2 AND Mail_Grp 2
INDCONFPARENT
This survey is intended for [FF_firstname] [FF_Surname ]. If you are the parent or guardian
of [FF_firstname] [FF_Surname ] you can complete the survey by proxy and answer the
survey on their behalf. Are you the parent or guardian of [FF_firstname] [FF_Surname ]?
1. Yes","","candidate"
"react1.r08.individual","4","context_or_wording_needs_review","This survey is intended for [FF_firstname] [FF_Surname ]. If you are the parent or guardian","INDCONFPARENT
This survey is intended for [FF_firstname] [FF_Surname ]. If you are the parent or guardian
of [FF_firstname] [FF_Surname ] you can complete the survey by proxy and answer the
survey on their behalf. Are you the parent or guardian of [FF_firstname] [FF_Surname ]?
1. Yes
","INDCONFPARENT","candidate"
"react1.r08.individual","4","context_or_wording_needs_review","survey on their behalf. Are you the parent or guardian of [FF_firstname] [FF_Surname ]?","of [FF_firstname] [FF_Surname ] you can complete the survey by proxy and answer the
survey on their behalf. Are you the parent or guardian of [FF_firstname] [FF_Surname ]?
1. Yes

2. No [TERMINATE]
","","candidate"
"react1.r08.individual","4","gate_or_option_instruction","IF INDCONFPARENT=2 OR (INDCONF=2 AND AGE Mail_Grp 3)","
IF INDCONFPARENT=2 OR (INDCONF=2 AND AGE Mail_Grp 3)
CLOSE1
“We thank you for your time spent taking this survey.”
TERMINATE
","","candidate"
"react1.r08.individual","4","gate_or_option_instruction","IF INDCONF =2 AND Mail_Grp 1","
IF INDCONF =2 AND Mail_Grp 1
INDCONFCARER
This survey is intended for [FF_firstame] [FF_Surname ]. If you are a carer for [FF_firstname]
[FF_Surname ], or they need assistance, you can help them to complete the survey. Are you
a carer for [FF_firstname] [FF_Surname ], or assisting them?","INDCONFCARER","candidate"
"react1.r08.individual","4","context_or_wording_needs_review","INDCONFCARER","IF INDCONF =2 AND Mail_Grp 1
INDCONFCARER
This survey is intended for [FF_firstame] [FF_Surname ]. If you are a carer for [FF_firstname]
[FF_Surname ], or they need assistance, you can help them to complete the survey. Are you
a carer for [FF_firstname] [FF_Surname ], or assisting them?
1. Yes","","candidate"
"react1.r08.individual","4","context_or_wording_needs_review","This survey is intended for [FF_firstame] [FF_Surname ]. If you are a carer for [FF_firstname]","INDCONFCARER
This survey is intended for [FF_firstame] [FF_Surname ]. If you are a carer for [FF_firstname]
[FF_Surname ], or they need assistance, you can help them to complete the survey. Are you
a carer for [FF_firstname] [FF_Surname ], or assisting them?
1. Yes
2. No","INDCONFCARER","candidate"
"react1.r08.individual","4","context_or_wording_needs_review","a carer for [FF_firstname] [FF_Surname ], or assisting them?","[FF_Surname ], or they need assistance, you can help them to complete the survey. Are you
a carer for [FF_firstname] [FF_Surname ], or assisting them?
1. Yes
2. No

","","candidate"
"react1.r08.individual","5","gate_or_option_instruction","IF INDCONFCARER =2","
IF INDCONFCARER =2
CLOSE1
“We thank you for your time spent taking this survey.”
TERMINATE
","","candidate"
"react1.r08.individual","5","wording_only","IF Mail_Grp 1 OR (Mail_Grp 2 INDCONF=1) Textfill is “your”","PROGRAMMER: SET TEXTFILL
IF Mail_Grp 1 OR (Mail_Grp 2 INDCONF=1) Textfill is “your”
IF Mail_Grp 3 OR (Mail_Grp 2 INDCONFPARENT =1) Textfill is “your child”


","","candidate"
"react1.r08.individual","5","wording_only","IF Mail_Grp 3 OR (Mail_Grp 2 INDCONFPARENT =1) Textfill is “your child”","IF Mail_Grp 1 OR (Mail_Grp 2 INDCONF=1) Textfill is “your”
IF Mail_Grp 3 OR (Mail_Grp 2 INDCONFPARENT =1) Textfill is “your child”



Health","","candidate"
"react1.r08.individual","12","response_option","2.       In my place of work [SHOW ONLY IF MAIL_GRP1 OR MAIL_GRP2 AND","1.       In my household
2.       In my place of work [SHOW ONLY IF MAIL_GRP1 OR MAIL_GRP2 AND
INDCONF=1]
3.       In my/their school or college
4.       At a social event or gathering
5.       Somewhere else","","candidate"
"react1.r08.individual","12","gate_or_option_instruction","ASK IF COVIDCONPL=2 AND MAIL_GRP1 OR MAIL_GRP2 AND INDONF-=1","
ASK IF COVIDCONPL=2 AND MAIL_GRP1 OR MAIL_GRP2 AND INDONF-=1
COVIDCONWP

You said that you/your child had [IF COVIDCONNUM=2+ the most recent] contact with the
person who was a confirmed COVID-19 case in your workplace. Do you work in any of the","COVIDCONWP","candidate"
"react1.r08.individual","14","context_or_wording_needs_review","When you [Mail_grp1 or Mail_Grp 2 AND INDCONFPARENT=1]/[your child Mail_Grp3 OR","
When you [Mail_grp1 or Mail_Grp 2 AND INDCONFPARENT=1]/[your child Mail_Grp3 OR
Mail_grp 2 AND INDCONF=1] had COVID-19, did your [Mail_grp1 or Mail_Grp 2 AND
INDCONFPARENT=1]//their Mail_Grp3 OR Mail_grp 2 AND INDCONF=1] symptoms last
for more than two weeks in total?
","","candidate"
"react1.r08.individual","14","context_definition_or_continuation","Mail_grp 2 AND INDCONF=1] had COVID-19, did your [Mail_grp1 or Mail_Grp 2 AND","When you [Mail_grp1 or Mail_Grp 2 AND INDCONFPARENT=1]/[your child Mail_Grp3 OR
Mail_grp 2 AND INDCONF=1] had COVID-19, did your [Mail_grp1 or Mail_Grp 2 AND
INDCONFPARENT=1]//their Mail_Grp3 OR Mail_grp 2 AND INDCONF=1] symptoms last
for more than two weeks in total?

Yes, and I/my child still have/has symptoms","","candidate"
"react1.r08.individual","14","context_or_wording_needs_review","INDCONFPARENT=1]//their Mail_Grp3 OR Mail_grp 2 AND INDCONF=1] symptoms last","Mail_grp 2 AND INDCONF=1] had COVID-19, did your [Mail_grp1 or Mail_Grp 2 AND
INDCONFPARENT=1]//their Mail_Grp3 OR Mail_grp 2 AND INDCONF=1] symptoms last
for more than two weeks in total?

Yes, and I/my child still have/has symptoms
","","candidate"
"react1.r08.individual","17","gate_or_option_instruction","[ASK IF GENDER = FEMALE AND MAIL_GRP = 1 AND (DAGE < 55]","
[ASK IF GENDER = FEMALE AND MAIL_GRP = 1 AND (DAGE < 55]

PREG
SA
Are you pregnant at present?","PREG","candidate"
"react1.r08.individual","18","response_option","2. Yes, my child has – [ ONLY Mail_grp3 OR for Mailgrp2 IF INDCONFPARENT=1","1. Yes, I have
2. Yes, my child has – [ ONLY Mail_grp3 OR for Mailgrp2 IF INDCONFPARENT=1
3. Yes, someone else in my household has
4. No
5. Don’t know
","","candidate"
"react1.r08.individual","19","gate_or_option_instruction","IF Mail_Grp 1 AND LEAVE 1 =1","
IF Mail_Grp 1 AND LEAVE 1 =1

LEAVE 2

In the last 7 days, that is since <DATE/MONTH>, for what reasons have you left home?","","candidate"
"react1.r08.individual","19","gate_or_option_instruction","IF MAIL_GRP3 OR MAIL_GRP2","
IF MAIL_GRP3 OR MAIL_GRP2
SCHOOL
Did you/Did your child attend school [(IF MAIL_GRP2) or college] in person at all in the last 7
days?
","SCHOOL","candidate"
"react1.r08.individual","19","context_or_wording_needs_review","Did you/Did your child attend school [(IF MAIL_GRP2) or college] in person at all in the last 7","SCHOOL
Did you/Did your child attend school [(IF MAIL_GRP2) or college] in person at all in the last 7
days?

1. Yes
2. No","SCHOOL","candidate"
"react1.r08.individual","20","context_or_wording_needs_review","Please do not include anything done as part of (IF MAIL_GRP1 OR MAIL_GRP2 AND","In the last 7 days have you/has your child done any of the following activities indoors?
Please do not include anything done as part of (IF MAIL_GRP1 OR MAIL_GRP2 AND
INDCONF=1 your job or education/IF MAIL_GRP = 3 OR MAIL_GRP = 2 AND
INDCONFPARENT=1 your child’s education.)

Please select all that apply","","candidate"
"react1.r08.individual","20","context_or_wording_needs_review","INDCONF=1 your job or education/IF MAIL_GRP = 3 OR MAIL_GRP = 2 AND","Please do not include anything done as part of (IF MAIL_GRP1 OR MAIL_GRP2 AND
INDCONF=1 your job or education/IF MAIL_GRP = 3 OR MAIL_GRP = 2 AND
INDCONFPARENT=1 your child’s education.)

Please select all that apply
","","candidate"
"react1.r08.individual","20","context_or_wording_needs_review","INDCONFPARENT=1 your child’s education.)","INDCONF=1 your job or education/IF MAIL_GRP = 3 OR MAIL_GRP = 2 AND
INDCONFPARENT=1 your child’s education.)

Please select all that apply

1. Taken exercise or a class inside at a gym or leisure centre","","candidate"
"react1.r08.individual","20","context_or_wording_needs_review","outside your household (not including for IF MAIL_GRP1 OR MAIL_GRP2 AND","7. Other indoor activities involving spending more than 5 minutes with people from
outside your household (not including for IF MAIL_GRP1 OR MAIL_GRP2 AND
INDCONF=1 work IF MAIL_GRP = 3 OR MAIL_GRP = 2 AND INDCONFPARENT=1
education.)
8. None of these
9. Prefer not to say","","candidate"
"react1.r08.individual","20","context_or_wording_needs_review","INDCONF=1 work IF MAIL_GRP = 3 OR MAIL_GRP = 2 AND INDCONFPARENT=1","outside your household (not including for IF MAIL_GRP1 OR MAIL_GRP2 AND
INDCONF=1 work IF MAIL_GRP = 3 OR MAIL_GRP = 2 AND INDCONFPARENT=1
education.)
8. None of these
9. Prefer not to say
","","candidate"
"react1.r08.individual","21","context_or_wording_needs_review","[(IF MAIL_GRP 1 OR MAIL_GRP 2 AND INDCONF=1) Please do not include anything done","In the last 7 days have you/has your child done any of the following activities outdoors?
[(IF MAIL_GRP 1 OR MAIL_GRP 2 AND INDCONF=1) Please do not include anything done
as part of your job.] IF MAIL_GRP = 3 OR MAIL_GRP = 2 AND INDCONFPARENT=1 your
child’s education.
Please select all that apply.
","","candidate"
"react1.r08.individual","21","context_or_wording_needs_review","as part of your job.] IF MAIL_GRP = 3 OR MAIL_GRP = 2 AND INDCONFPARENT=1 your","[(IF MAIL_GRP 1 OR MAIL_GRP 2 AND INDCONF=1) Please do not include anything done
as part of your job.] IF MAIL_GRP = 3 OR MAIL_GRP = 2 AND INDCONFPARENT=1 your
child’s education.
Please select all that apply.

1.   Played team sports or taken exercise classes outside","","candidate"
"react1.r08.individual","24","context_or_wording_needs_review","support and childcare bubbles]. Which of the following age groups was this person in?] [IF","1 person who is in your bubble(s) [IF YES (CODE 1) AT BUBBLE2 or people in your
support and childcare bubbles]. Which of the following age groups was this person in?] [IF
CONTACT1=2+ ""X people who are in your bubble(s)]. Which of the following age groups
were they in?

1. 0 to 17 years old        (enter number)","","candidate"
"react1.r08.individual","24","context_or_wording_needs_review","CONTACT1=2+ ""X people who are in your bubble(s)]. Which of the following age groups","support and childcare bubbles]. Which of the following age groups was this person in?] [IF
CONTACT1=2+ ""X people who are in your bubble(s)]. Which of the following age groups
were they in?

1. 0 to 17 years old        (enter number)
2. 18 to 34 years old       (enter number)","","candidate"
"react1.r08.individual","25","context_or_wording_needs_review","please count them only once. [IF Mail_Grp 2 or Mail_Grp 3 Do not include contact at school].","have contact with yesterday? If you/they had contact with a person more than one time,
please count them only once. [IF Mail_Grp 2 or Mail_Grp 3 Do not include contact at school].

Your answers will be kept strictly confidential.

By contact we mean:","","candidate"
"react1.r08.individual","25","context_or_wording_needs_review","people in your support and childcare bubbles]. Which of the following age groups was","1 person who is not a member of your household [IF YES (CODE 1) AT BUBBLE2 or
people in your support and childcare bubbles]. Which of the following age groups was
this person in?] [IF CONTACT1=2+ ""X people who are not members of your household].
How many of those were in each of the following age groups?

1. 0 to 17 years old (enter number)","","candidate"
"react1.r08.individual","25","context_or_wording_needs_review","How many of those were in each of the following age groups?","this person in?] [IF CONTACT1=2+ ""X people who are not members of your household].
How many of those were in each of the following age groups?

1. 0 to 17 years old (enter number)
2. 18 to 34 years old (enter number)
3. 35 to 64 years old (enter number)","","candidate"
"react1.r08.individual","25","gate_or_option_instruction","IF CONTACT1 = 1+ AND LEAVEREASON=2 AND MAIL_GRP1","
IF CONTACT1 = 1+ AND LEAVEREASON=2 AND MAIL_GRP1
CONTACT5

You said that yesterday you came into contact with CONTACT1 people who are not
members of your household. How many of those were at your place of work?","CONTACT5","candidate"
"react1.r08.individual","29","context_or_wording_needs_review","member of your household. Which age group was this person in? [IF","CONTACTCHRISTMASIND [IF CONTACTCHRISTMASIND =1 1 person who is not a
member of your household. Which age group was this person in? [IF
CONTACTCHRISTMASIND =2+ X people who are not members of your household. How
many of those were in each of the following age groups?]

If you are not sure please give your best guess.","","candidate"
"react1.r08.individual","29","context_or_wording_needs_review","many of those were in each of the following age groups?]","CONTACTCHRISTMASIND =2+ X people who are not members of your household. How
many of those were in each of the following age groups?]

If you are not sure please give your best guess.
1. 0 to 17 years old (enter number)
2. 18 to 34 years old (enter number)","","candidate"
"react1.r08.individual","36","context_or_wording_needs_review","Have you been contacted by the Test and Trace Programme [IF MAIL_GRP 3 OR Mail_Grp","
Have you been contacted by the Test and Trace Programme [IF MAIL_GRP 3 OR Mail_Grp
2 AND INDCONFPARENT=1] about your child]?

1.   Yes
2.   No","COVIDTETR","candidate"
"react1.r08.individual","36","context_or_wording_needs_review","2 AND INDCONFPARENT=1] about your child]?","Have you been contacted by the Test and Trace Programme [IF MAIL_GRP 3 OR Mail_Grp
2 AND INDCONFPARENT=1] about your child]?

1.   Yes
2.   No
3.   Prefer not to say","","candidate"
"react1.r08.individual","37","gate_or_option_instruction","ASK MAIL_GRP1 OR MAIL_GRP2 (AGED 16+)","
ASK MAIL_GRP1 OR MAIL_GRP2 (AGED 16+)

CALCULATE AGE FROM SAMPLE INFORMATION (assume day is 15 of month)

VACCINE3","VACCINE3","candidate"
"react1.r08.individual","37","context_or_wording_needs_review","CALCULATE AGE FROM SAMPLE INFORMATION (assume day is 15 of month)","
CALCULATE AGE FROM SAMPLE INFORMATION (assume day is 15 of month)

VACCINE3

Have you/Has your child had a coronavirus vaccine?","VACCINE3","candidate"
"react1.r08.individual","39","gate_or_option_instruction","ASK ALL Mail_Grp 1","
ASK ALL Mail_Grp 1
EDUC
What is your highest educational qualification? This means any educational, professional,
vocational or other work-related qualifications for which you received a certificate.
Please select one answer","EDUC","candidate"
"react1.r08.individual","41","gate_or_option_instruction","IF MAIL_GRP1 AND EMPL = 7","
IF MAIL_GRP1 AND EMPL = 7

EDTYPE

This term are you studying…","EDTYPE","candidate"
"react1.r08.individual","41","gate_or_option_instruction","IF MAIL_GRP1 AND EMPL = 7","
IF MAIL_GRP1 AND EMPL = 7

CAMPUS2

Where are you currently living?","CAMPUS2","candidate"
"react1.r08.individual","41","response_option","6.        Parents’ or guardians’ home","5.        Your own home which you own
6.        Parents’ or guardians’ home
7.        Other


","","candidate"
"react1.r08.individual","43","response_option","2. Yes, my child does (SHOW CODE IF (MAIL_GRP = 3) OR (MAIL_GRP = 2 AND","1. Yes, I do
2. Yes, my child does (SHOW CODE IF (MAIL_GRP = 3) OR (MAIL_GRP = 2 AND
INDCONFPARENT=1))
3. Yes, someone else in my household does
4. No
5. Don’t know","","candidate"
"react1.r08.individual","43","context_or_wording_needs_review","INDCONFPARENT=1))","2. Yes, my child does (SHOW CODE IF (MAIL_GRP = 3) OR (MAIL_GRP = 2 AND
INDCONFPARENT=1))
3. Yes, someone else in my household does
4. No
5. Don’t know
","","candidate"
"react1.r08.individual","48","context_or_wording_needs_review","DO NOT ASK IF INDCONFPARENT=1","
DO NOT ASK IF INDCONFPARENT=1

LINKAGE

Imperial College would like your permission to link information held by NHS Digital and other","","candidate"
"react1.r08.individual","48","context_or_wording_needs_review","Do you give permission for Imperial College to do this [IF PARENT COMPLETING ON","
Do you give permission for Imperial College to do this [IF PARENT COMPLETING ON
BEHALF OF 5-12 YEAR OLD Mail_Grp 3] / until your child is 16 years old?

Yes
No","","candidate"
"react1.r08.individual","48","context_or_wording_needs_review","BEHALF OF 5-12 YEAR OLD Mail_Grp 3] / until your child is 16 years old?","Do you give permission for Imperial College to do this [IF PARENT COMPLETING ON
BEHALF OF 5-12 YEAR OLD Mail_Grp 3] / until your child is 16 years old?

Yes
No
","","candidate"
"react1.r08.registration","3","context_or_wording_needs_review","There are 3 groups corresponding to Mail_Grp i.e. u_mail_grp","
There are 3 groups corresponding to Mail_Grp i.e. u_mail_grp
Mail_Grp                                       Age group
Mail_Grp=1                                     18+
Mail_Grp=2                                     13-17
Mail_grp=3                                     5-12","","candidate"
"react1.r08.registration","3","context_definition_or_continuation","Mail_Grp                                       Age group","There are 3 groups corresponding to Mail_Grp i.e. u_mail_grp
Mail_Grp                                       Age group
Mail_Grp=1                                     18+
Mail_Grp=2                                     13-17
Mail_grp=3                                     5-12
","","candidate"
"react1.r08.registration","3","context_definition_or_continuation","Mail_Grp=1                                     18+","Mail_Grp                                       Age group
Mail_Grp=1                                     18+
Mail_Grp=2                                     13-17
Mail_grp=3                                     5-12

","","candidate"
"react1.r08.registration","3","context_definition_or_continuation","Mail_Grp=2                                     13-17","Mail_Grp=1                                     18+
Mail_Grp=2                                     13-17
Mail_grp=3                                     5-12


","","candidate"
"react1.r08.registration","3","context_definition_or_continuation","Mail_grp=3                                     5-12","Mail_Grp=2                                     13-17
Mail_grp=3                                     5-12



","","candidate"
"react1.r08.registration","4","gate_or_option_instruction","ASK Mail_Grp=1 AND Mail_Grp=2 This survey is for [u_firstname] [u_name]. Are you","INDCONF
ASK Mail_Grp=1 AND Mail_Grp=2 This survey is for [u_firstname] [u_name]. Are you
[FF_Surname] [FF_Surname]?
IF CHILD is Mail_Grp=3 Are you the parent or guardian of [u_firstname] [u_name]?
Please select one answer
","INDCONF","candidate"
"react1.r08.registration","4","gate_or_option_instruction","IF CHILD is Mail_Grp=3 Are you the parent or guardian of [u_firstname] [u_name]?","[FF_Surname] [FF_Surname]?
IF CHILD is Mail_Grp=3 Are you the parent or guardian of [u_firstname] [u_name]?
Please select one answer


1. Yes","","candidate"
"react1.r08.registration","4","gate_or_option_instruction","IF INDCONF = 2 AND Mail_Grp=2","
IF INDCONF = 2 AND Mail_Grp=2
INDCONFPARENT
This survey is intended for [FF_Surname] [FF_Surname ]. If you are the parent or guardian
of [FF_Surname] [FF_Surname ] you can complete the survey on their behalf. Are you the
parent or guardian of [FF_Surname] [FF_Surname ]?","INDCONFPARENT","candidate"
"react1.r08.registration","4","context_or_wording_needs_review","INDCONFPARENT","IF INDCONF = 2 AND Mail_Grp=2
INDCONFPARENT
This survey is intended for [FF_Surname] [FF_Surname ]. If you are the parent or guardian
of [FF_Surname] [FF_Surname ] you can complete the survey on their behalf. Are you the
parent or guardian of [FF_Surname] [FF_Surname ]?
1. Yes","","candidate"
"react1.r08.registration","4","context_or_wording_needs_review","This survey is intended for [FF_Surname] [FF_Surname ]. If you are the parent or guardian","INDCONFPARENT
This survey is intended for [FF_Surname] [FF_Surname ]. If you are the parent or guardian
of [FF_Surname] [FF_Surname ] you can complete the survey on their behalf. Are you the
parent or guardian of [FF_Surname] [FF_Surname ]?
1. Yes
2. No","INDCONFPARENT","candidate"
"react1.r08.registration","4","context_or_wording_needs_review","parent or guardian of [FF_Surname] [FF_Surname ]?","of [FF_Surname] [FF_Surname ] you can complete the survey on their behalf. Are you the
parent or guardian of [FF_Surname] [FF_Surname ]?
1. Yes
2. No

IF INDCONFPARENT=2 OR INDCONF=2 AND Mail_Grp=3","","candidate"
"react1.r08.registration","4","gate_or_option_instruction","IF INDCONFPARENT=2 OR INDCONF=2 AND Mail_Grp=3","
IF INDCONFPARENT=2 OR INDCONF=2 AND Mail_Grp=3
CLOSE1
“We thank you for your time spent taking this survey.”
TERMINATE
","","candidate"
"react1.r08.registration","4","gate_or_option_instruction","IF INDCONF =2 AND Mail_Grp=1","
IF INDCONF =2 AND Mail_Grp=1
INDCONFCARER
This survey is intended for [FF_Surname] [FF_Surname ]. If you are a carer for
[FF_Surname] [FF_Surname ], or they need assistance, you can help them to complete the
survey. Are you a carer for [FF_Surname] [FF_Surname ], or assisting them?","INDCONFCARER","candidate"
"react1.r08.registration","4","context_or_wording_needs_review","INDCONFCARER","IF INDCONF =2 AND Mail_Grp=1
INDCONFCARER
This survey is intended for [FF_Surname] [FF_Surname ]. If you are a carer for
[FF_Surname] [FF_Surname ], or they need assistance, you can help them to complete the
survey. Are you a carer for [FF_Surname] [FF_Surname ], or assisting them?
1. Yes","","candidate"
"react1.r08.registration","4","context_or_wording_needs_review","This survey is intended for [FF_Surname] [FF_Surname ]. If you are a carer for","INDCONFCARER
This survey is intended for [FF_Surname] [FF_Surname ]. If you are a carer for
[FF_Surname] [FF_Surname ], or they need assistance, you can help them to complete the
survey. Are you a carer for [FF_Surname] [FF_Surname ], or assisting them?
1. Yes
2. No","INDCONFCARER","candidate"
"react1.r08.registration","4","context_or_wording_needs_review","survey. Are you a carer for [FF_Surname] [FF_Surname ], or assisting them?","[FF_Surname] [FF_Surname ], or they need assistance, you can help them to complete the
survey. Are you a carer for [FF_Surname] [FF_Surname ], or assisting them?
1. Yes
2. No

IF INDCONFCARER =2","","candidate"
"react1.r08.registration","4","gate_or_option_instruction","IF INDCONFCARER =2","
IF INDCONFCARER =2
CLOSE1
“We thank you for your time spent taking this survey.”
TERMINATE
","","candidate"
"react1.r08.registration","5","wording_only","IF 5-12 OR (13-17 INDCONFPARENT =1) Textfill is “your child”","IF 18+ OR (13-17 INDCONF=1) Textfill is “your”
IF 5-12 OR (13-17 INDCONFPARENT =1) Textfill is “your child”

ASK ALL
DOB
What is [your/your child’s] date of birth?","","candidate"
"react1.r08.registration","5","context_definition_or_continuation","Mail_Grp=1     18+        YEAR RANGE             “Our records suggest you are aged 17 or","AGE
Mail_Grp=1     18+        YEAR RANGE             “Our records suggest you are aged 17 or
1900 -2003             over, please check your answer.”
Mail_Grp=2     13-17      YEAR RANGE             “Our records suggest [IF INDCONF = 1:
2002 - 2008            you are/IF INCONFPARENT = 1 your child
is] aged between 12 and 18, please check","AGE","candidate"
"react1.r08.registration","5","context_definition_or_continuation","Mail_Grp=2     13-17      YEAR RANGE             “Our records suggest [IF INDCONF = 1:","1900 -2003             over, please check your answer.”
Mail_Grp=2     13-17      YEAR RANGE             “Our records suggest [IF INDCONF = 1:
2002 - 2008            you are/IF INCONFPARENT = 1 your child
is] aged between 12 and 18, please check
your answer”
Mail_grp=3     5-12       YEAR RANGE –           “Our records suggest your child is aged","","candidate"
"react1.r08.registration","5","context_or_wording_needs_review","2002 - 2008            you are/IF INCONFPARENT = 1 your child","Mail_Grp=2     13-17      YEAR RANGE             “Our records suggest [IF INDCONF = 1:
2002 - 2008            you are/IF INCONFPARENT = 1 your child
is] aged between 12 and 18, please check
your answer”
Mail_grp=3     5-12       YEAR RANGE –           “Our records suggest your child is aged
2007 - 2015            between 5 and 13, please check your","","candidate"
"react1.r08.registration","5","context_or_wording_needs_review","is] aged between 12 and 18, please check","2002 - 2008            you are/IF INCONFPARENT = 1 your child
is] aged between 12 and 18, please check
your answer”
Mail_grp=3     5-12       YEAR RANGE –           “Our records suggest your child is aged
2007 - 2015            between 5 and 13, please check your
answer”","","candidate"
"react1.r08.registration","5","context_definition_or_continuation","Mail_grp=3     5-12       YEAR RANGE –           “Our records suggest your child is aged","your answer”
Mail_grp=3     5-12       YEAR RANGE –           “Our records suggest your child is aged
2007 - 2015            between 5 and 13, please check your
answer”

","","candidate"
"react1.r08.registration","5","context_or_wording_needs_review","What was your/your child’s age at your/their last birthday?","AGE
What was your/your child’s age at your/their last birthday?
[OPEN NUMERIC BOX AND APPLY TO AGE GROUPS AS OUTLINED BELOW BUT
ALLOW PAST]
GROUP          GROUP ALLOW RANGE                 ERROR MESSAGE
AGE","AGE","candidate"
"react1.r08.registration","5","context_or_wording_needs_review","[OPEN NUMERIC BOX AND APPLY TO AGE GROUPS AS OUTLINED BELOW BUT","What was your/your child’s age at your/their last birthday?
[OPEN NUMERIC BOX AND APPLY TO AGE GROUPS AS OUTLINED BELOW BUT
ALLOW PAST]
GROUP          GROUP ALLOW RANGE                 ERROR MESSAGE
AGE
Mail_Grp=1     18+        RANGE 17 -112          “Our records suggest you are aged 17 or","","candidate"
"react1.r08.registration","5","context_definition_or_continuation","Mail_Grp=1     18+        RANGE 17 -112          “Our records suggest you are aged 17 or","AGE
Mail_Grp=1     18+        RANGE 17 -112          “Our records suggest you are aged 17 or
over, please check your answer.”
Mail_Grp=2     13-17      RANGE 12-18            “Our records suggest [IF INDCONF = 1:
you are/IF INCONFPARENT = 1 your child
is] aged between 12 and 18, please check","AGE","candidate"
"react1.r08.registration","5","context_definition_or_continuation","Mail_Grp=2     13-17      RANGE 12-18            “Our records suggest [IF INDCONF = 1:","over, please check your answer.”
Mail_Grp=2     13-17      RANGE 12-18            “Our records suggest [IF INDCONF = 1:
you are/IF INCONFPARENT = 1 your child
is] aged between 12 and 18, please check
your answer”
Mail_grp=3     5-12       RANGE 5- 13            “Our records suggest your child is aged","","candidate"
"react1.r08.registration","5","context_or_wording_needs_review","you are/IF INCONFPARENT = 1 your child","Mail_Grp=2     13-17      RANGE 12-18            “Our records suggest [IF INDCONF = 1:
you are/IF INCONFPARENT = 1 your child
is] aged between 12 and 18, please check
your answer”
Mail_grp=3     5-12       RANGE 5- 13            “Our records suggest your child is aged
between 5 and 13, please check your","","candidate"
"react1.r08.registration","5","context_or_wording_needs_review","is] aged between 12 and 18, please check","you are/IF INCONFPARENT = 1 your child
is] aged between 12 and 18, please check
your answer”
Mail_grp=3     5-12       RANGE 5- 13            “Our records suggest your child is aged
between 5 and 13, please check your
answer”","","candidate"
"react1.r08.registration","5","context_definition_or_continuation","Mail_grp=3     5-12       RANGE 5- 13            “Our records suggest your child is aged","your answer”
Mail_grp=3     5-12       RANGE 5- 13            “Our records suggest your child is aged
between 5 and 13, please check your
answer”

","","candidate"
"react1.r08.registration","6","context_or_wording_needs_review","DAGE [Derived age for filter questions)","
DAGE [Derived age for filter questions)

IF GIVE A DOB AT DOB OR PREFER NOT TO SAY AT AGE: CALCULATE AGE FROM
SAMPLE INFORMATION (assume day is 15 of month)
","","candidate"
"react1.r08.registration","6","gate_or_option_instruction","IF GIVE A DOB AT DOB OR PREFER NOT TO SAY AT AGE: CALCULATE AGE FROM","
IF GIVE A DOB AT DOB OR PREFER NOT TO SAY AT AGE: CALCULATE AGE FROM
SAMPLE INFORMATION (assume day is 15 of month)

OTHERWISE USE AGE FROM AGE FOR FILTERING
","","candidate"
"react1.r08.registration","6","context_or_wording_needs_review","OTHERWISE USE AGE FROM AGE FOR FILTERING","
OTHERWISE USE AGE FROM AGE FOR FILTERING

IF Mail_Grp=3

AGEPARENT","","candidate"
"react1.r08.registration","6","gate_or_option_instruction","IF Mail_Grp=3","
IF Mail_Grp=3

AGEPARENT

What was your age at your last birthday?","AGEPARENT","candidate"
"react1.r08.registration","6","context_or_wording_needs_review","AGEPARENT","
AGEPARENT

What was your age at your last birthday?

[OPEN NUMERIC BOX, RANGE 16– 112]","","candidate"
"react1.r08.registration","6","context_or_wording_needs_review","What was your age at your last birthday?","
What was your age at your last birthday?

[OPEN NUMERIC BOX, RANGE 16– 112]
1. Prefer not to say
","AGEPARENT","candidate"
"react1.r08.registration","6","gate_or_option_instruction","IF AGED 13-15 AND MAIL_GRP2","
IF AGED 13-15 AND MAIL_GRP2

PARCONS

Does your parent or guardian give you permission to take part in this study?","PARCONS","candidate"
"react1.r08.registration","6","context_or_wording_needs_review","Does your parent or guardian give you permission to take part in this study?","
Does your parent or guardian give you permission to take part in this study?

1.      Yes
2.      No
","PARCONS","candidate"
"react1.r08.registration","6","context_or_wording_needs_review","Please ask your parent or guardian for permission to complete the survey. Once they have","
Please ask your parent or guardian for permission to complete the survey. Once they have
agreed for you to take part, please log back in to the survey.""
TERMINATE

","","candidate"
"react1.r08.registration","6","context_or_wording_needs_review","Please write in the full name of your parent/carer who has agreed that you can take part:","
Please write in the full name of your parent/carer who has agreed that you can take part:
{text box}


","","candidate"
"react1.r08.registration","7","gate_or_option_instruction","IF AGED Mail_Grp=1 OR Mail_Grp=3 OR (Mail_Grp=2 INDCONFPARENT =1)","
IF AGED Mail_Grp=1 OR Mail_Grp=3 OR (Mail_Grp=2 INDCONFPARENT =1)
NADULTS

Including yourself, how many adults aged 18 and over currently live in your household?
","NADULTS","candidate"
"react1.r08.registration","7","context_or_wording_needs_review","Including yourself, how many adults aged 18 and over currently live in your household?","
Including yourself, how many adults aged 18 and over currently live in your household?

INFO: Who should I include? Include all adults aged 18 and over, including any young
people aged 18 or over. Include young people who regularly spend part of the week in your
household. Include yourself.","NADULTS","candidate"
"react1.r08.registration","7","context_or_wording_needs_review","INFO: Who should I include? Include all adults aged 18 and over, including any young","
INFO: Who should I include? Include all adults aged 18 and over, including any young
people aged 18 or over. Include young people who regularly spend part of the week in your
household. Include yourself.

NUMERIC 1...","","candidate"
"react1.r08.registration","7","context_or_wording_needs_review","people aged 18 or over. Include young people who regularly spend part of the week in your","INFO: Who should I include? Include all adults aged 18 and over, including any young
people aged 18 or over. Include young people who regularly spend part of the week in your
household. Include yourself.

NUMERIC 1...
","","candidate"
"react1.r08.registration","7","context_or_wording_needs_review","[Show multiple rows up for number of adults aged Mail_Grp=1 in household ALLOW RANGE","
[Show multiple rows up for number of adults aged Mail_Grp=1 in household ALLOW RANGE
18 -112]
[IF MORE THAN 10 ADULTS ENTERED AT NADULTS ALLOW ONLY 10 ROWS FOR
NUMBER OF ADULTS]
","","candidate"
"react1.r08.registration","7","context_or_wording_needs_review","Header: Age in Years","
Header: Age in Years

Rows for each adult:

First adult","","candidate"
"react1.r08.registration","8","gate_or_option_instruction","IF Mail_Grp1 OR Mail_Grp=2 ANDINDCONF = 1.","
IF Mail_Grp1 OR Mail_Grp=2 ANDINDCONF = 1.
NADULTS1

How many adults aged 18 and over currently live in your household?
","NADULTS1","candidate"
"react1.r08.registration","8","context_or_wording_needs_review","How many adults aged 18 and over currently live in your household?","
How many adults aged 18 and over currently live in your household?

INFO: Who should I include? Include all adults aged 18 and over, including any young
people aged 18 or over. Include young people who regularly spend part of the week in your
household.","NADULTS1","candidate"
"react1.r08.registration","8","context_or_wording_needs_review","INFO: Who should I include? Include all adults aged 18 and over, including any young","
INFO: Who should I include? Include all adults aged 18 and over, including any young
people aged 18 or over. Include young people who regularly spend part of the week in your
household.

NUMERIC 1...","","candidate"
"react1.r08.registration","8","context_or_wording_needs_review","people aged 18 or over. Include young people who regularly spend part of the week in your","INFO: Who should I include? Include all adults aged 18 and over, including any young
people aged 18 or over. Include young people who regularly spend part of the week in your
household.

NUMERIC 1...
","","candidate"
"react1.r08.registration","8","context_or_wording_needs_review","[Show multiple rows up for number of adults aged Mail_Grp=1 in household ALLOW RANGE","
[Show multiple rows up for number of adults aged Mail_Grp=1 in household ALLOW RANGE
18 -112]

[IF MORE THAN 10 ADULTS ENTERED AT NADULTS1 ALLOW ONLY 10 ROWS FOR
NUMBER OF ADULTS]","","candidate"
"react1.r08.registration","8","context_or_wording_needs_review","Header: Age in Years","
Header: Age in Years

Rows for each adult:

First adult","","candidate"
"react1.r08.registration","9","gate_or_option_instruction","IF Mail_Grp=1 or Mail_Grp=3 or (Mail_Grp=2 and INDCONFPARENT =1)","
IF Mail_Grp=1 or Mail_Grp=3 or (Mail_Grp=2 and INDCONFPARENT =1)
NCHILD
How many children or young people aged 0 to 17 years currently live in your household?

INFO: Who should I include?","NCHILD","candidate"
"react1.r08.registration","9","context_or_wording_needs_review","How many children or young people aged 0 to 17 years currently live in your household?","NCHILD
How many children or young people aged 0 to 17 years currently live in your household?

INFO: Who should I include?
Include all children aged 0-17 in your household, whether or not they are your own children.
Include infants and babies. Include children who regularly spend part of the week in your","NCHILD","candidate"
"react1.r08.registration","9","context_or_wording_needs_review","Include all children aged 0-17 in your household, whether or not they are your own children.","INFO: Who should I include?
Include all children aged 0-17 in your household, whether or not they are your own children.
Include infants and babies. Include children who regularly spend part of the week in your
household.

NOTE FOR PROGRAMMER: IF MAIL_GRP = 3 or (MAIL_GRP=2 AND","","candidate"
"react1.r08.registration","9","context_or_wording_needs_review","NOTE FOR PROGRAMMER: IF MAIL_GRP = 3 or (MAIL_GRP=2 AND","
NOTE FOR PROGRAMMER: IF MAIL_GRP = 3 or (MAIL_GRP=2 AND
INDCONFPARENT=1) IF 0 IS ENTERED, PLEASE BRING UP ERROR MESSAGE:

“You have said that there are no children aged 0-17 in your household. Please remember to
include the child this survey relates to.”","","candidate"
"react1.r08.registration","9","context_or_wording_needs_review","INDCONFPARENT=1) IF 0 IS ENTERED, PLEASE BRING UP ERROR MESSAGE:","NOTE FOR PROGRAMMER: IF MAIL_GRP = 3 or (MAIL_GRP=2 AND
INDCONFPARENT=1) IF 0 IS ENTERED, PLEASE BRING UP ERROR MESSAGE:

“You have said that there are no children aged 0-17 in your household. Please remember to
include the child this survey relates to.”
","","candidate"
"react1.r08.registration","9","context_or_wording_needs_review","“You have said that there are no children aged 0-17 in your household. Please remember to","
“You have said that there are no children aged 0-17 in your household. Please remember to
include the child this survey relates to.”

NUMERIC 0...15
","","candidate"
"react1.r08.registration","9","gate_or_option_instruction","ASK (IF MAIL_GRP1 (AND NCHILD=1+)) OR (MAIL_GRP3 (AND NCHILD=2+))","CHILDAGE
ASK (IF MAIL_GRP1 (AND NCHILD=1+)) OR (MAIL_GRP3 (AND NCHILD=2+))

OR (MAIL_GRP2 AND INDCONFPARENT=1 AND NUMBER AT NCHILD=2+)

","CHILDAGE_1|CHILDAGE_2|CHILDAGE_3|CHILDAGE_4|CHILDAGE_5|CHILDAGE_6|CHILDAGE_7|CHILDAGE_8|CHILDAGE_9|CHILDAGE_10|CHILDAGE_11|CHILDAGE_12|CHILDAGE_13|CHILDAGE_14|CHILDAGE_15","candidate"
"react1.r08.registration","9","context_or_wording_needs_review","OR (MAIL_GRP2 AND INDCONFPARENT=1 AND NUMBER AT NCHILD=2+)","
OR (MAIL_GRP2 AND INDCONFPARENT=1 AND NUMBER AT NCHILD=2+)


You said that [(IF NUMBER AT NCHILD = 1) there is 1 child] [(IF NUMBER AT NCHILD =
2+) there are (NUMBER AT NCHILD) children] in your household. How old are these","","candidate"
"react1.r08.registration","9","context_or_wording_needs_review","[Show multiple rows up for number of children aged 0-17 in household. ALLOW RANGE 0-","children?
[Show multiple rows up for number of children aged 0-17 in household. ALLOW RANGE 0-
17]
Header: Age in Years
Rows for each child:
First child","","candidate"
"react1.r08.registration","9","context_or_wording_needs_review","Header: Age in Years","17]
Header: Age in Years
Rows for each child:
First child
Second child (and so on)
Columns for each child:","","candidate"
"react1.r08.registration","10","gate_or_option_instruction","IF Mail_Grp=2 (INDCONF = 1)","
IF Mail_Grp=2 (INDCONF = 1)

NCHILD1
Including yourself, how many children or young people aged 0 to 17 years currently live in
your household?","NCHILD1","candidate"
"react1.r08.registration","10","context_or_wording_needs_review","Including yourself, how many children or young people aged 0 to 17 years currently live in","NCHILD1
Including yourself, how many children or young people aged 0 to 17 years currently live in
your household?

INFO: Who should I include?
Include all children aged 0-17 in your household, whether or not they are your own children.","NCHILD1","candidate"
"react1.r08.registration","10","context_or_wording_needs_review","Include all children aged 0-17 in your household, whether or not they are your own children.","INFO: Who should I include?
Include all children aged 0-17 in your household, whether or not they are your own children.
Include infants and babies. Include children who regularly spend part of the week in your
household. Include yourself.

NUMERIC 0...15","","candidate"
"react1.r08.registration","10","context_or_wording_needs_review","[Show multiple rows up for number of children aged 0-17 in household]","household. How old are these children?
[Show multiple rows up for number of children aged 0-17 in household]
Header: Age in Years
Rows for each child:
First child
Second child (and so on)","","candidate"
"react1.r08.registration","10","context_or_wording_needs_review","Header: Age in Years","[Show multiple rows up for number of children aged 0-17 in household]
Header: Age in Years
Rows for each child:
First child
Second child (and so on)
Columns for each child:","","candidate"
"react1.r08.registration","10","gate_or_option_instruction","IF Mail_Grp=1 OR Mail_Grp=3 OR (16-17 INDCONF =1) Are you …","WORKTYP1
IF Mail_Grp=1 OR Mail_Grp=3 OR (16-17 INDCONF =1) Are you …
OR (16-17 INDCONFPARENT =1) Is your child….

WORKTYP1
Are you …/Is your child","WORKTYP1_1|WORKTYP1_2|WORKTYP1_3|WORKTYP1_4|WORKTYP1_5|WORKTYP1_6|WORKTYP1_7","candidate"
"react1.r08.registration","10","context_or_wording_needs_review","OR (16-17 INDCONFPARENT =1) Is your child….","IF Mail_Grp=1 OR Mail_Grp=3 OR (16-17 INDCONF =1) Are you …
OR (16-17 INDCONFPARENT =1) Is your child….

WORKTYP1
Are you …/Is your child
","WORKTYP1_1|WORKTYP1_2|WORKTYP1_3|WORKTYP1_4|WORKTYP1_5|WORKTYP1_6|WORKTYP1_7","candidate"
"react1.r08.registration","11","gate_or_option_instruction","IF (MAILGRP=1 OR 3 AND NADULTS=2+) OR IF MAILGRP=2","WORKTYP3
IF (MAILGRP=1 OR 3 AND NADULTS=2+) OR IF MAILGRP=2

Is anyone <IF WORKTYP1 = 1-5: else> in your household …

1.   A healthcare worker with direct patient contact","WORKTYP3_1|WORKTYP3_2|WORKTYP3_3|WORKTYP3_4|WORKTYP3_5|WORKTYP3_6|WORKTYP3_7","candidate"
"react1.r08.registration","13","context_or_wording_needs_review","Group 3 (5-12) OR group 2 INDCONFPARENT=1 ‘my child’","Group 1 (18+) OR group 2 INDCONF=1 Textfill ‘you’
Group 3 (5-12) OR group 2 INDCONFPARENT=1 ‘my child’
EXCL
Do you/Does your child have an increased risk of bleeding (for example taking
anticoagulants or a medical condition such as haemophilia, or are/ are they prone to
nosebleeds)?","EXCL","candidate"
"react1.r08.registration","14","gate_or_option_instruction","IF (EXCL = 2 OR 3 OR EXCLCONF=2 OR 3) AND AGED Mail_Grp=1 ONLY","
IF (EXCL = 2 OR 3 OR EXCLCONF=2 OR 3) AND AGED Mail_Grp=1 ONLY
SMOKENOW

Do you smoke cigarettes at all nowadays?
","SMOKENOW","candidate"
"react1.r08.registration","15","gate_or_option_instruction","IF (EXCL = 2 OR 3 OR EXCLCONF=2 OR 3) AND AGED Mail_Grp=1 ONLY","
IF (EXCL = 2 OR 3 OR EXCLCONF=2 OR 3) AND AGED Mail_Grp=1 ONLY
VAPNOW

Do you vape/use e-cigarettes at all nowadays?
","VAPNOW","candidate"
"react1.r08.registration","16","context_or_wording_needs_review","staff and researchers. Nobody will be able to identify you [IF MAIL_GRP3 OR MAIL_GRP2","information will be kept confidential by Ipsos MORI, and approved Imperial College London
staff and researchers. Nobody will be able to identify you [IF MAIL_GRP3 OR MAIL_GRP2
AND INDCONFPARENT =1 “or your child”] in any published results. We will send more
information with the test, and you can withdraw from the study at any time.
Ipsos MORI will pass on test results to NHS Test and Trace. For more information, go to the
full Privacy Policy at www.ipsos.uk/covid-swab-privacy. If your/the test is positive","","candidate"
"react1.r08.registration","16","context_or_wording_needs_review","AND INDCONFPARENT =1 “or your child”] in any published results. We will send more","staff and researchers. Nobody will be able to identify you [IF MAIL_GRP3 OR MAIL_GRP2
AND INDCONFPARENT =1 “or your child”] in any published results. We will send more
information with the test, and you can withdraw from the study at any time.
Ipsos MORI will pass on test results to NHS Test and Trace. For more information, go to the
full Privacy Policy at www.ipsos.uk/covid-swab-privacy. If your/the test is positive
(suggesting that you/your child have/has COVID-19) NHS Test and Trace may contact you.","","candidate"
"react1.r09.individual","4","context_or_wording_needs_review","This survey is for [FF_Surname] [FF_Surname ]. Are you / the parent or guardian of","INDCONF
This survey is for [FF_Surname] [FF_Surname ]. Are you / the parent or guardian of
[FF_Surname] [FF_Surname]?
Please select one answer
1.    Yes
2.    No","INDCONF","candidate"
"react1.r09.individual","4","gate_or_option_instruction","IF INDCONF = 2 AND Mail_Grp 2","
IF INDCONF = 2 AND Mail_Grp 2
INDCONFPARENT
This survey is intended for [FF_firstname] [FF_Surname ]. If you are the parent or guardian
of [FF_firstname] [FF_Surname ] you can complete the survey by proxy and answer the
survey on their behalf. Are you the parent or guardian of [FF_firstname] [FF_Surname ]?","INDCONFPARENT","candidate"
"react1.r09.individual","4","context_or_wording_needs_review","INDCONFPARENT","IF INDCONF = 2 AND Mail_Grp 2
INDCONFPARENT
This survey is intended for [FF_firstname] [FF_Surname ]. If you are the parent or guardian
of [FF_firstname] [FF_Surname ] you can complete the survey by proxy and answer the
survey on their behalf. Are you the parent or guardian of [FF_firstname] [FF_Surname ]?
1.    Yes","","candidate"
"react1.r09.individual","4","context_or_wording_needs_review","This survey is intended for [FF_firstname] [FF_Surname ]. If you are the parent or guardian","INDCONFPARENT
This survey is intended for [FF_firstname] [FF_Surname ]. If you are the parent or guardian
of [FF_firstname] [FF_Surname ] you can complete the survey by proxy and answer the
survey on their behalf. Are you the parent or guardian of [FF_firstname] [FF_Surname ]?
1.    Yes
2.    No [TERMINATE]","INDCONFPARENT","candidate"
"react1.r09.individual","4","context_or_wording_needs_review","survey on their behalf. Are you the parent or guardian of [FF_firstname] [FF_Surname ]?","of [FF_firstname] [FF_Surname ] you can complete the survey by proxy and answer the
survey on their behalf. Are you the parent or guardian of [FF_firstname] [FF_Surname ]?
1.    Yes
2.    No [TERMINATE]

","","candidate"
"react1.r09.individual","4","gate_or_option_instruction","IF INDCONFPARENT=2 OR (INDCONF=2 AND AGE Mail_Grp 3)","
IF INDCONFPARENT=2 OR (INDCONF=2 AND AGE Mail_Grp 3)
CLOSE1
“We thank you for your time spent taking this survey.”
TERMINATE
","","candidate"
"react1.r09.individual","4","gate_or_option_instruction","IF INDCONF =2 AND Mail_Grp 1","
IF INDCONF =2 AND Mail_Grp 1
INDCONFCARER
This survey is intended for [FF_firstame] [FF_Surname ]. If you are a carer for [FF_firstname]
[FF_Surname ], or they need assistance, you can help them to complete the survey. Are you
a carer for [FF_firstname] [FF_Surname ], or assisting them?","INDCONFCARER","candidate"
"react1.r09.individual","4","context_or_wording_needs_review","INDCONFCARER","IF INDCONF =2 AND Mail_Grp 1
INDCONFCARER
This survey is intended for [FF_firstame] [FF_Surname ]. If you are a carer for [FF_firstname]
[FF_Surname ], or they need assistance, you can help them to complete the survey. Are you
a carer for [FF_firstname] [FF_Surname ], or assisting them?
1.    Yes","","candidate"
"react1.r09.individual","4","context_or_wording_needs_review","This survey is intended for [FF_firstame] [FF_Surname ]. If you are a carer for [FF_firstname]","INDCONFCARER
This survey is intended for [FF_firstame] [FF_Surname ]. If you are a carer for [FF_firstname]
[FF_Surname ], or they need assistance, you can help them to complete the survey. Are you
a carer for [FF_firstname] [FF_Surname ], or assisting them?
1.    Yes
2.    No","INDCONFCARER","candidate"
"react1.r09.individual","4","context_or_wording_needs_review","a carer for [FF_firstname] [FF_Surname ], or assisting them?","[FF_Surname ], or they need assistance, you can help them to complete the survey. Are you
a carer for [FF_firstname] [FF_Surname ], or assisting them?
1.    Yes
2.    No

","","candidate"
"react1.r09.individual","5","gate_or_option_instruction","IF INDCONFCARER =2","
IF INDCONFCARER =2
CLOSE1
“We thank you for your time spent taking this survey.”
TERMINATE
","","candidate"
"react1.r09.individual","5","wording_only","IF Mail_Grp 1 OR (Mail_Grp 2 INDCONF=1) Textfill is “your”","PROGRAMMER: SET TEXTFILL
IF Mail_Grp 1 OR (Mail_Grp 2 INDCONF=1) Textfill is “your”
IF Mail_Grp 3 OR (Mail_Grp 2 INDCONFPARENT =1) Textfill is “your child”


","","candidate"
"react1.r09.individual","5","wording_only","IF Mail_Grp 3 OR (Mail_Grp 2 INDCONFPARENT =1) Textfill is “your child”","IF Mail_Grp 1 OR (Mail_Grp 2 INDCONF=1) Textfill is “your”
IF Mail_Grp 3 OR (Mail_Grp 2 INDCONFPARENT =1) Textfill is “your child”



Health","","candidate"
"react1.r09.individual","12","response_option","2.      In my place of work [SHOW ONLY IF MAIL_GRP1 OR MAIL_GRP2 AND","1.      In my household
2.      In my place of work [SHOW ONLY IF MAIL_GRP1 OR MAIL_GRP2 AND
INDCONF=1]
6.      In my/their school or college
3.      Met them outside
4.      Somewhere else","","candidate"
"react1.r09.individual","12","gate_or_option_instruction","ASK IF COVIDCONPL=2 AND MAIL_GRP1 OR MAIL_GRP2 AND INDONF-=1","
ASK IF COVIDCONPL=2 AND MAIL_GRP1 OR MAIL_GRP2 AND INDONF-=1
COVIDCONWP

You said that you/your child had [IF COVIDCONNUM=2+ the most recent] contact with the
person who was a confirmed COVID-19 case in your workplace. Do you work in any of the","COVIDCONWP","candidate"
"react1.r09.individual","14","context_or_wording_needs_review","When you [Mail_grp1 or Mail_Grp 2 AND INDCONFPARENT=1]/[your child Mail_Grp3 OR","
When you [Mail_grp1 or Mail_Grp 2 AND INDCONFPARENT=1]/[your child Mail_Grp3 OR
Mail_grp 2 AND INDCONF=1] had COVID-19, did your [Mail_grp1 or Mail_Grp 2 AND
INDCONFPARENT=1]//their Mail_Grp3 OR Mail_grp 2 AND INDCONF=1] symptoms last
for more than two weeks in total?
","","candidate"
"react1.r09.individual","14","context_definition_or_continuation","Mail_grp 2 AND INDCONF=1] had COVID-19, did your [Mail_grp1 or Mail_Grp 2 AND","When you [Mail_grp1 or Mail_Grp 2 AND INDCONFPARENT=1]/[your child Mail_Grp3 OR
Mail_grp 2 AND INDCONF=1] had COVID-19, did your [Mail_grp1 or Mail_Grp 2 AND
INDCONFPARENT=1]//their Mail_Grp3 OR Mail_grp 2 AND INDCONF=1] symptoms last
for more than two weeks in total?

1.    Yes, and I/my child still have/has symptoms","","candidate"
"react1.r09.individual","14","context_or_wording_needs_review","INDCONFPARENT=1]//their Mail_Grp3 OR Mail_grp 2 AND INDCONF=1] symptoms last","Mail_grp 2 AND INDCONF=1] had COVID-19, did your [Mail_grp1 or Mail_Grp 2 AND
INDCONFPARENT=1]//their Mail_Grp3 OR Mail_grp 2 AND INDCONF=1] symptoms last
for more than two weeks in total?

1.    Yes, and I/my child still have/has symptoms
2.    Yes, but I/my child no longer have/has symptoms","","candidate"
"react1.r09.individual","16","gate_or_option_instruction","[ASK IF GENDER = FEMALE AND MAIL_GRP = 1 AND (DAGE < 55].","18.   None of these
[ASK IF GENDER = FEMALE AND MAIL_GRP = 1 AND (DAGE < 55].


16","","candidate"
"react1.r09.individual","18","response_option","2.    Yes, my child has – [ ONLY Mail_grp3 OR for Mailgrp2 IF INDCONFPARENT=1]","1.    Yes, I have
2.    Yes, my child has – [ ONLY Mail_grp3 OR for Mailgrp2 IF INDCONFPARENT=1]
3.    Yes, someone else in my household has
4.    No
5.    Don’t know
","","candidate"
"react1.r09.individual","19","gate_or_option_instruction","IF Mail_Grp 1 AND LEAVE 1 =1","
IF Mail_Grp 1 AND LEAVE 1 =1
LEAVE 2

In the last 7 days, that is since <DATE/MONTH>, for what reasons have you left home?
Please select all that apply.","","candidate"
"react1.r09.individual","19","gate_or_option_instruction","IF MAIL_GRP3 OR MAIL_GRP2","
IF MAIL_GRP3 OR MAIL_GRP2
SCHOOL
Did you/Did your child attend school [(IF MAIL_GRP2) or college] in person at all in the last 7
days?
","SCHOOL","candidate"
"react1.r09.individual","19","context_or_wording_needs_review","Did you/Did your child attend school [(IF MAIL_GRP2) or college] in person at all in the last 7","SCHOOL
Did you/Did your child attend school [(IF MAIL_GRP2) or college] in person at all in the last 7
days?

1.    Yes
2.    No","SCHOOL","candidate"
"react1.r09.individual","20","gate_or_option_instruction","IF Mail_Grp 1 AND LEAVE1 = 1","
IF Mail_Grp 1 AND LEAVE1 = 1
TRAVELDIST

In the last 7 days, that is since <DATE> what is the furthest distance you have travelled from
home on a single trip?","TRAVELDIST","candidate"
"react1.r09.individual","21","gate_or_option_instruction","IF Mail_Grp 1 AND LEAVE1 = 1 AND TRAVELDIST= CODES 2 TO 8","
IF Mail_Grp 1 AND LEAVE1 = 1 AND TRAVELDIST= CODES 2 TO 8
TRAVELDISTREASON

[RANDOMISE LIST]
","TRAVELDISTREASON_1|TRAVELDISTREASON_2|TRAVELDISTREASON_3|TRAVELDISTREASON_4|TRAVELDISTREASON_5|TRAVELDISTREASON_6|TRAVELDISTREASON_7|TRAVELDISTREASON_8|TRAVELDISTREASON_9|TRAVELDISTREASON_10|TRAVELDISTREASON_11|TRAVELDISTREASON_12|TRAVELDISTREASON_12_OTHER","candidate"
"react1.r09.individual","21","gate_or_option_instruction","IF Mail_Grp 1 AND LEAVE1 = 1 AND TRAVELDIST= CODES 2 TO 8","
IF Mail_Grp 1 AND LEAVE1 = 1 AND TRAVELDIST= CODES 2 TO 8
TRAVELDISTMODE

Which of the following forms of transport did you use for this trip?
","TRAVELDISTMODE_1|TRAVELDISTMODE_2|TRAVELDISTMODE_3|TRAVELDISTMODE_4|TRAVELDISTMODE_5|TRAVELDISTMODE_6|TRAVELDISTMODE_7|TRAVELDISTMODE_8|TRAVELDISTMODE_9|TRAVELDISTMODE_10|TRAVELDISTMODE_11|TRAVELDISTMODE_12|TRAVELDISTMODE_13|TRAVELDISTMODE_13_OTHER","candidate"
"react1.r09.individual","22","gate_or_option_instruction","IF Mail_Grp 1 AND LEAVE1 = 1 AND TRAVELDIST= CODES 2 TO 8","
IF Mail_Grp 1 AND LEAVE1 = 1 AND TRAVELDIST= CODES 2 TO 8
TRAVELREG

In the last 7 days, that is since <DATE> how many times have you done this trip?
","TRAVELREG","candidate"
"react1.r09.individual","24","context_or_wording_needs_review","support and childcare bubbles]. Which of the following age groups was this person in?] [IF","1 person who is in your bubble(s) [IF YES (CODE 1) AT BUBBLE2 or people in your
support and childcare bubbles]. Which of the following age groups was this person in?] [IF
CONTACT1=2+ ""X people who are in your bubble(s)]. Which of the following age groups
were they in?

1.    0 to 17 years old (enter number)","","candidate"
"react1.r09.individual","24","context_or_wording_needs_review","CONTACT1=2+ ""X people who are in your bubble(s)]. Which of the following age groups","support and childcare bubbles]. Which of the following age groups was this person in?] [IF
CONTACT1=2+ ""X people who are in your bubble(s)]. Which of the following age groups
were they in?

1.    0 to 17 years old (enter number)
2.    18 to 34 years old         (enter number)","","candidate"
"react1.r09.individual","25","context_or_wording_needs_review","please count them only once. [IF Mail_Grp 2 or Mail_Grp 3 Do not include contact at school].","have contact with yesterday? If you/they had contact with a person more than one time,
please count them only once. [IF Mail_Grp 2 or Mail_Grp 3 Do not include contact at school].

Your answers will be kept strictly confidential.

By contact we mean:","","candidate"
"react1.r09.individual","25","context_or_wording_needs_review","people in your support and childcare bubbles]. Which of the following age groups was","1 person who is not a member of your household [IF YES (CODE 1) AT BUBBLE2 or
people in your support and childcare bubbles]. Which of the following age groups was
this person in?] [IF CONTACT1=2+ ""X people who are not members of your household].
How many of those were in each of the following age groups?

1.    0 to 17 years old (enter number)","","candidate"
"react1.r09.individual","25","context_or_wording_needs_review","How many of those were in each of the following age groups?","this person in?] [IF CONTACT1=2+ ""X people who are not members of your household].
How many of those were in each of the following age groups?

1.    0 to 17 years old (enter number)
2.    18 to 34 years old (enter number)
3.    35 to 64 years old (enter number)","","candidate"
"react1.r09.individual","25","gate_or_option_instruction","IF CONTACT1 = 1+ AND LEAVEREASON=2 AND MAIL_GRP1","
IF CONTACT1 = 1+ AND LEAVEREASON=2 AND MAIL_GRP1
CONTACT5

You said that yesterday you came into contact with CONTACT1 people who are not
members of your household. How many of those were at your place of work?","CONTACT5","candidate"
"react1.r09.individual","29","gate_or_option_instruction","ASK IF Mail_grp 1 AND AGPREVNUM=2","
ASK IF Mail_grp 1 AND AGPREVNUM=2
TESTWORK

Do you regularly get tested for COVID-19 for your work? For example, if you work as a
keyworker.","TESTWORK","candidate"
"react1.r09.individual","30","gate_or_option_instruction","ASK IF Mail_grp 1 AND (AGPREVNUM=2 OR AGPREVTYPE = 1 AND 2)","
ASK IF Mail_grp 1 AND (AGPREVNUM=2 OR AGPREVTYPE = 1 AND 2)

IF AGPREV1 = 1
AGPREV2
","","candidate"
"react1.r09.individual","33","response_option","1.    For work [Mail_Grp1 or Mail_grp2 AND age 16+ ONLY]","
1.    For work [Mail_Grp1 or Mail_grp2 AND age 16+ ONLY]
2.    To volunteer [Mail_Grp1 or Mail_grp2 AND age 16+ ONLY]
3.    To seek medical assistance
4.    To care for someone else (for example, friends or family)
5.    To meet with someone outside","","candidate"
"react1.r09.individual","33","response_option","2.    To volunteer [Mail_Grp1 or Mail_grp2 AND age 16+ ONLY]","1.    For work [Mail_Grp1 or Mail_grp2 AND age 16+ ONLY]
2.    To volunteer [Mail_Grp1 or Mail_grp2 AND age 16+ ONLY]
3.    To seek medical assistance
4.    To care for someone else (for example, friends or family)
5.    To meet with someone outside
6.    To fulfil a legal obligation","","candidate"
"react1.r09.individual","33","response_option","8.    To take a child to school or childcare [Mail_Grp1 or Mail_grp2 AND age 16+","7.    To meet with someone indoors
8.    To take a child to school or childcare [Mail_Grp1 or Mail_grp2 AND age 16+
ONLY]
9.    To get a COVID-19 test
10.    There was a risk of harm
11.    For outdoor exercise (for example, going for a walk, run or cycle)","","candidate"
"react1.r09.individual","34","gate_or_option_instruction","ASK IF ISOLLEAVEREASON=1 AND Mail_Grp1 or (Mail_grp2 AND age 16+ ONLY and","
ASK IF ISOLLEAVEREASON=1 AND Mail_Grp1 or (Mail_grp2 AND age 16+ ONLY and
INDCONF=1]
COVIDWORK

Which of following best describes why you left home to go to work?","COVIDWORK_1|COVIDWORK_2|COVIDWORK_3|COVIDWORK_4|COVIDWORK_5|COVIDWORK_6|COVIDWORK_7|COVIDWORK_8|COVIDWORK_9|COVIDWORK_9_OTHER","candidate"
"react1.r09.individual","34","context_or_wording_needs_review","Have you been contacted by the Test and Trace Programme [IF MAIL_GRP 3 OR Mail_Grp","
Have you been contacted by the Test and Trace Programme [IF MAIL_GRP 3 OR Mail_Grp
2 AND INDCONFPARENT=1] about your child]?

1.     Yes
2.     No","COVIDTETR","candidate"
"react1.r09.individual","34","context_or_wording_needs_review","2 AND INDCONFPARENT=1] about your child]?","Have you been contacted by the Test and Trace Programme [IF MAIL_GRP 3 OR Mail_Grp
2 AND INDCONFPARENT=1] about your child]?

1.     Yes
2.     No
3.     Prefer not to say","","candidate"
"react1.r09.individual","35","gate_or_option_instruction","ASK MAIL_GRP1 OR MAIL_GRP2 (AGED 16+)","Vaccinations
ASK MAIL_GRP1 OR MAIL_GRP2 (AGED 16+)

CALCULATE AGE FROM SAMPLE INFORMATION (assume day is 15 of month)

VACCINE3SYM","VACCINE3SYM","candidate"
"react1.r09.individual","35","context_or_wording_needs_review","CALCULATE AGE FROM SAMPLE INFORMATION (assume day is 15 of month)","
CALCULATE AGE FROM SAMPLE INFORMATION (assume day is 15 of month)

VACCINE3SYM

We asked you this at when you registered to receive a swab test kit but we would just like to","VACCINE3SYM","candidate"
"react1.r09.individual","37","gate_or_option_instruction","IF VACCINEACCEPT=2 or 3 AND (Mail_Grp 1 OR (Mail_Grp 2 AND (AGE=16 OR 17) AND","
IF VACCINEACCEPT=2 or 3 AND (Mail_Grp 1 OR (Mail_Grp 2 AND (AGE=16 OR 17) AND
INDCONF=1))
VACCRUFUSE1

[RANDOMISE LIST]","VACCRUFUSE1_1|VACCRUFUSE1_2|VACCRUFUSE1_3|VACCRUFUSE1_4|VACCRUFUSE1_5|VACCRUFUSE1_6|VACCRUFUSE1_7|VACCRUFUSE1_8|VACCRUFUSE1_9|VACCRUFUSE1_10|VACCRUFUSE1_11|VACCRUFUSE1_12|VACCRUFUSE1_13|VACCRUFUSE1_14|VACCRUFUSE1_15|VACCRUFUSE1_16|VACCRUFUSE1_17|VACCRUFUSE1_18|VACCRUFUSE1_19|VACCRUFUSE1_19_OTHER|VACCRUFUSE1_20","candidate"
"react1.r09.individual","37","context_or_wording_needs_review","GENDER = FEMALE AND MAIL_GRP = 1 AND (DAGE < 55].","14.   I am pregnant/breastfeeding and afraid of the effects on my baby [ASK IF
GENDER = FEMALE AND MAIL_GRP = 1 AND (DAGE < 55].
15.   The impact of COVID-19 is being greatly exaggerated
16.   I don't trust the people who have developed the vaccine
17.   So long as most other people get the vaccine then it doesn't matter if I don't
18.   Doses of the vaccine are limited and other people need it more than me","","candidate"
"react1.r09.individual","38","context_or_wording_needs_review","VACCINEAPP2 =2 AND (Mail_Grp 1 OR (Mail_Grp 2 AND (AGE=16 OR 17) AND","
VACCINEAPP2 =2 AND (Mail_Grp 1 OR (Mail_Grp 2 AND (AGE=16 OR 17) AND
INDCONF=1))
VACCREFUSE2

[RANDOMISE LIST]","","candidate"
"react1.r09.individual","38","context_or_wording_needs_review","GENDER = FEMALE AND MAIL_GRP = 1 AND (DAGE < 55].","14.   I am pregnant/breastfeeding and afraid of the effects on my baby [ASK IF
GENDER = FEMALE AND MAIL_GRP = 1 AND (DAGE < 55].
15.   The impact of COVID-19 is being greatly exaggerated
16.   I don't trust the people who have developed the vaccine
17.   So long as most other people get the vaccine then it doesn't matter if I don't
18.   Doses of the vaccine are limited and other people need it more than me","","candidate"
"react1.r09.individual","40","gate_or_option_instruction","ASK ALL Mail_Grp 1","
ASK ALL Mail_Grp 1
EDUC
What is your highest educational qualification? This means any educational, professional,
vocational or other work-related qualifications for which you received a certificate.
Please select one answer","EDUC","candidate"
"react1.r09.individual","41","gate_or_option_instruction","IF MAIL_GRP1 AND EMPL = 7","
IF MAIL_GRP1 AND EMPL = 7
EDTYPE

This term are you studying…
","EDTYPE","candidate"
"react1.r09.individual","41","gate_or_option_instruction","IF MAIL_GRP1 AND EMPL = 7","
IF MAIL_GRP1 AND EMPL = 7
CAMPUS2

Where are you currently living?
","CAMPUS2","candidate"
"react1.r09.individual","41","response_option","6.     Parents’ or guardians’ home","5.     Your own home which you own
6.     Parents’ or guardians’ home
7.     Other


","","candidate"
"react1.r09.individual","43","gate_or_option_instruction","ASK ALL MAIL_GRP1 OR MAIL_GRP3 ONLY","
ASK ALL MAIL_GRP1 OR MAIL_GRP3 ONLY
COV_PayEx
Could your household afford to pay an unexpected, but necessary, expense of £850?

1.    Yes","COV_PAYEX","candidate"
"react1.r09.individual","44","response_option","2. Yes, my child does (SHOW CODE IF (MAIL_GRP = 3) OR (MAIL_GRP = 2 AND","1. Yes, I do
2. Yes, my child does (SHOW CODE IF (MAIL_GRP = 3) OR (MAIL_GRP = 2 AND
INDCONFPARENT=1))
3. Yes, someone else in my household does
4. No
5. Don’t know","","candidate"
"react1.r09.individual","44","context_or_wording_needs_review","INDCONFPARENT=1))","2. Yes, my child does (SHOW CODE IF (MAIL_GRP = 3) OR (MAIL_GRP = 2 AND
INDCONFPARENT=1))
3. Yes, someone else in my household does
4. No
5. Don’t know
","","candidate"
"react1.r09.individual","48","response_option","1.    For work [Mail_Grp1 or Mail_grp2 AND age 16+ ONLY]","
1.    For work [Mail_Grp1 or Mail_grp2 AND age 16+ ONLY]
2.    To volunteer [Mail_Grp1 or Mail_grp2 AND age 16+ ONLY]
3.    To seek medical assistance
4.    To care for someone else (for example, friends or family)
5.    To meet with someone outside","","candidate"
"react1.r09.individual","48","response_option","2.    To volunteer [Mail_Grp1 or Mail_grp2 AND age 16+ ONLY]","1.    For work [Mail_Grp1 or Mail_grp2 AND age 16+ ONLY]
2.    To volunteer [Mail_Grp1 or Mail_grp2 AND age 16+ ONLY]
3.    To seek medical assistance
4.    To care for someone else (for example, friends or family)
5.    To meet with someone outside
6.    To fulfil a legal obligation","","candidate"
"react1.r09.individual","48","response_option","12.   To take a child to school or childcare [Mail_Grp1 or Mail_grp2 AND age 16+","11.   To meet with someone indoors
12.   To take a child to school or childcare [Mail_Grp1 or Mail_grp2 AND age 16+
ONLY]
13.   To get a COVID-19 test
14.   There was a risk of harm
15.   I am certain I do not have COVID-19","","candidate"
"react1.r09.individual","49","gate_or_option_instruction","ASK IF QISOLLEAVEREASON=1 AND Mail_Grp1 or (Mail_grp2 AND age 16+ ONLY and","
ASK IF QISOLLEAVEREASON=1 AND Mail_Grp1 or (Mail_grp2 AND age 16+ ONLY and
INDCONF=1]
QCOVIDWORK

[RANDOMISE LIST]","QCOVIDWORK_1|QCOVIDWORK_2|QCOVIDWORK_3|QCOVIDWORK_4|QCOVIDWORK_5|QCOVIDWORK_6|QCOVIDWORK_7|QCOVIDWORK_8|QCOVIDWORK_9|QCOVIDWORK_9_OTHER|QCOVIDWORK_10","candidate"
"react1.r09.individual","49","gate_or_option_instruction","ASK Mail_Grp=1","
ASK Mail_Grp=1
SMOKENOW

Do you smoke cigarettes at all nowadays?
","SMOKENOW","candidate"
"react1.r09.individual","50","gate_or_option_instruction","ASK Mailgrp=1","
ASK Mailgrp=1
VAPNOW

Do you vape/use e-cigarettes at all nowadays?
","VAPNOW","candidate"
"react1.r09.individual","53","context_or_wording_needs_review","DO NOT ASK IF INDCONFPARENT=1","
DO NOT ASK IF INDCONFPARENT=1

LINKAGE

Imperial College would like your permission to link information held by NHS Digital and other","","candidate"
"react1.r09.individual","53","context_or_wording_needs_review","Do you give permission for Imperial College to do this [IF PARENT COMPLETING ON","
Do you give permission for Imperial College to do this [IF PARENT COMPLETING ON
BEHALF OF 5-12 YEAR OLD Mail_Grp 3] / until your child is 16 years old?

1.    Yes
2.    No","","candidate"
"react1.r09.individual","53","context_or_wording_needs_review","BEHALF OF 5-12 YEAR OLD Mail_Grp 3] / until your child is 16 years old?","Do you give permission for Imperial College to do this [IF PARENT COMPLETING ON
BEHALF OF 5-12 YEAR OLD Mail_Grp 3] / until your child is 16 years old?

1.    Yes
2.    No
","","candidate"
"react1.r09.registration","3","context_or_wording_needs_review","There are 3 groups corresponding to Mail_Grp i.e. u_mail_grp","
There are 3 groups corresponding to Mail_Grp i.e. u_mail_grp
Mail_Grp                                       Age group
Mail_Grp=1                                     18+
Mail_Grp=2                                     13-17
Mail_grp=3                                     5-12","","candidate"
"react1.r09.registration","3","context_definition_or_continuation","Mail_Grp                                       Age group","There are 3 groups corresponding to Mail_Grp i.e. u_mail_grp
Mail_Grp                                       Age group
Mail_Grp=1                                     18+
Mail_Grp=2                                     13-17
Mail_grp=3                                     5-12
","","candidate"
"react1.r09.registration","3","context_definition_or_continuation","Mail_Grp=1                                     18+","Mail_Grp                                       Age group
Mail_Grp=1                                     18+
Mail_Grp=2                                     13-17
Mail_grp=3                                     5-12

","","candidate"
"react1.r09.registration","3","context_definition_or_continuation","Mail_Grp=2                                     13-17","Mail_Grp=1                                     18+
Mail_Grp=2                                     13-17
Mail_grp=3                                     5-12


","","candidate"
"react1.r09.registration","3","context_definition_or_continuation","Mail_grp=3                                     5-12","Mail_Grp=2                                     13-17
Mail_grp=3                                     5-12



","","candidate"
"react1.r09.registration","4","gate_or_option_instruction","ASK Mail_Grp=1 AND Mail_Grp=2 This survey is for [u_firstname] [u_name]. Are you","INDCONF
ASK Mail_Grp=1 AND Mail_Grp=2 This survey is for [u_firstname] [u_name]. Are you
[FF_Surname] [FF_Surname]?
IF CHILD is Mail_Grp=3 Are you the parent or guardian of [u_firstname] [u_name]?
Please select one answer
","INDCONF","candidate"
"react1.r09.registration","4","gate_or_option_instruction","IF CHILD is Mail_Grp=3 Are you the parent or guardian of [u_firstname] [u_name]?","[FF_Surname] [FF_Surname]?
IF CHILD is Mail_Grp=3 Are you the parent or guardian of [u_firstname] [u_name]?
Please select one answer

1.       Yes
2.       No","","candidate"
"react1.r09.registration","4","gate_or_option_instruction","IF INDCONF = 2 AND Mail_Grp=2","
IF INDCONF = 2 AND Mail_Grp=2
INDCONFPARENT
This survey is intended for [FF_Surname] [FF_Surname ]. If you are the parent or guardian
of [FF_Surname] [FF_Surname ] you can complete the survey on their behalf. Are you the
parent or guardian of [FF_Surname] [FF_Surname ]?","INDCONFPARENT","candidate"
"react1.r09.registration","4","context_or_wording_needs_review","INDCONFPARENT","IF INDCONF = 2 AND Mail_Grp=2
INDCONFPARENT
This survey is intended for [FF_Surname] [FF_Surname ]. If you are the parent or guardian
of [FF_Surname] [FF_Surname ] you can complete the survey on their behalf. Are you the
parent or guardian of [FF_Surname] [FF_Surname ]?
1.       Yes","","candidate"
"react1.r09.registration","4","context_or_wording_needs_review","This survey is intended for [FF_Surname] [FF_Surname ]. If you are the parent or guardian","INDCONFPARENT
This survey is intended for [FF_Surname] [FF_Surname ]. If you are the parent or guardian
of [FF_Surname] [FF_Surname ] you can complete the survey on their behalf. Are you the
parent or guardian of [FF_Surname] [FF_Surname ]?
1.       Yes
2.       No","INDCONFPARENT","candidate"
"react1.r09.registration","4","context_or_wording_needs_review","parent or guardian of [FF_Surname] [FF_Surname ]?","of [FF_Surname] [FF_Surname ] you can complete the survey on their behalf. Are you the
parent or guardian of [FF_Surname] [FF_Surname ]?
1.       Yes
2.       No

","","candidate"
"react1.r09.registration","4","gate_or_option_instruction","IF INDCONFPARENT=2 OR INDCONF=2 AND Mail_Grp=3","
IF INDCONFPARENT=2 OR INDCONF=2 AND Mail_Grp=3
CLOSE1
“We thank you for your time spent taking this survey.”
TERMINATE
","","candidate"
"react1.r09.registration","4","gate_or_option_instruction","IF INDCONF =2 AND Mail_Grp=1","
IF INDCONF =2 AND Mail_Grp=1
INDCONFCARER
This survey is intended for [FF_Surname] [FF_Surname ]. If you are a carer for
[FF_Surname] [FF_Surname ], or they need assistance, you can help them to complete the
survey. Are you a carer for [FF_Surname] [FF_Surname ], or assisting them?","INDCONFCARER","candidate"
"react1.r09.registration","4","context_or_wording_needs_review","INDCONFCARER","IF INDCONF =2 AND Mail_Grp=1
INDCONFCARER
This survey is intended for [FF_Surname] [FF_Surname ]. If you are a carer for
[FF_Surname] [FF_Surname ], or they need assistance, you can help them to complete the
survey. Are you a carer for [FF_Surname] [FF_Surname ], or assisting them?
1.       Yes","","candidate"
"react1.r09.registration","4","context_or_wording_needs_review","This survey is intended for [FF_Surname] [FF_Surname ]. If you are a carer for","INDCONFCARER
This survey is intended for [FF_Surname] [FF_Surname ]. If you are a carer for
[FF_Surname] [FF_Surname ], or they need assistance, you can help them to complete the
survey. Are you a carer for [FF_Surname] [FF_Surname ], or assisting them?
1.       Yes
2.       No","INDCONFCARER","candidate"
"react1.r09.registration","4","context_or_wording_needs_review","survey. Are you a carer for [FF_Surname] [FF_Surname ], or assisting them?","[FF_Surname] [FF_Surname ], or they need assistance, you can help them to complete the
survey. Are you a carer for [FF_Surname] [FF_Surname ], or assisting them?
1.       Yes
2.       No

","","candidate"
"react1.r09.registration","4","gate_or_option_instruction","IF INDCONFCARER =2","
IF INDCONFCARER =2
CLOSE1
“We thank you for your time spent taking this survey.”
TERMINATE
","","candidate"
"react1.r09.registration","5","wording_only","IF 5-12 OR (13-17 INDCONFPARENT =1) Textfill is “your child”","IF 18+ OR (13-17 INDCONF=1) Textfill is “your”
IF 5-12 OR (13-17 INDCONFPARENT =1) Textfill is “your child”


ASK ALL
DOB","","candidate"
"react1.r09.registration","5","context_definition_or_continuation","Mail_Grp=1     18+        YEAR RANGE             “Our records suggest you are aged 17 or","AGE
Mail_Grp=1     18+        YEAR RANGE             “Our records suggest you are aged 17 or
1900 - 2004            over, please check your answer.”
Mail_Grp=2     13-17      YEAR RANGE             “Our records suggest [IF INDCONF = 1:
2003 - 2009            you are/IF INCONFPARENT = 1 your child
is] aged between 12 and 18, please check","AGE","candidate"
"react1.r09.registration","5","context_definition_or_continuation","Mail_Grp=2     13-17      YEAR RANGE             “Our records suggest [IF INDCONF = 1:","1900 - 2004            over, please check your answer.”
Mail_Grp=2     13-17      YEAR RANGE             “Our records suggest [IF INDCONF = 1:
2003 - 2009            you are/IF INCONFPARENT = 1 your child
is] aged between 12 and 18, please check
your answer”
Mail_grp=3     5-12       YEAR RANGE –           “Our records suggest your child is aged","","candidate"
"react1.r09.registration","5","context_or_wording_needs_review","2003 - 2009            you are/IF INCONFPARENT = 1 your child","Mail_Grp=2     13-17      YEAR RANGE             “Our records suggest [IF INDCONF = 1:
2003 - 2009            you are/IF INCONFPARENT = 1 your child
is] aged between 12 and 18, please check
your answer”
Mail_grp=3     5-12       YEAR RANGE –           “Our records suggest your child is aged
2008 - 2016            between 5 and 13, please check your","","candidate"
"react1.r09.registration","5","context_or_wording_needs_review","is] aged between 12 and 18, please check","2003 - 2009            you are/IF INCONFPARENT = 1 your child
is] aged between 12 and 18, please check
your answer”
Mail_grp=3     5-12       YEAR RANGE –           “Our records suggest your child is aged
2008 - 2016            between 5 and 13, please check your
answer”","","candidate"
"react1.r09.registration","5","context_definition_or_continuation","Mail_grp=3     5-12       YEAR RANGE –           “Our records suggest your child is aged","your answer”
Mail_grp=3     5-12       YEAR RANGE –           “Our records suggest your child is aged
2008 - 2016            between 5 and 13, please check your
answer”

","","candidate"
"react1.r09.registration","5","context_or_wording_needs_review","What was your/your child’s age at your/their last birthday?","AGE
What was your/your child’s age at your/their last birthday?
[OPEN NUMERIC BOX AND APPLY TO AGE GROUPS AS OUTLINED BELOW BUT
ALLOW PAST]
GROUP          GROUP ALLOW RANGE                 ERROR MESSAGE
AGE","AGE","candidate"
"react1.r09.registration","5","context_or_wording_needs_review","[OPEN NUMERIC BOX AND APPLY TO AGE GROUPS AS OUTLINED BELOW BUT","What was your/your child’s age at your/their last birthday?
[OPEN NUMERIC BOX AND APPLY TO AGE GROUPS AS OUTLINED BELOW BUT
ALLOW PAST]
GROUP          GROUP ALLOW RANGE                 ERROR MESSAGE
AGE
Mail_Grp=1     18+        RANGE 17 -112          “Our records suggest you are aged 17 or","","candidate"
"react1.r09.registration","5","context_definition_or_continuation","Mail_Grp=1     18+        RANGE 17 -112          “Our records suggest you are aged 17 or","AGE
Mail_Grp=1     18+        RANGE 17 -112          “Our records suggest you are aged 17 or
over, please check your answer.”
Mail_Grp=2     13-17      RANGE 12-18            “Our records suggest [IF INDCONF = 1:
you are/IF INCONFPARENT = 1 your child
is] aged between 12 and 18, please check","AGE","candidate"
"react1.r09.registration","5","context_definition_or_continuation","Mail_Grp=2     13-17      RANGE 12-18            “Our records suggest [IF INDCONF = 1:","over, please check your answer.”
Mail_Grp=2     13-17      RANGE 12-18            “Our records suggest [IF INDCONF = 1:
you are/IF INCONFPARENT = 1 your child
is] aged between 12 and 18, please check
your answer”
Mail_grp=3     5-12       RANGE 5- 13            “Our records suggest your child is aged","","candidate"
"react1.r09.registration","5","context_or_wording_needs_review","you are/IF INCONFPARENT = 1 your child","Mail_Grp=2     13-17      RANGE 12-18            “Our records suggest [IF INDCONF = 1:
you are/IF INCONFPARENT = 1 your child
is] aged between 12 and 18, please check
your answer”
Mail_grp=3     5-12       RANGE 5- 13            “Our records suggest your child is aged
between 5 and 13, please check your","","candidate"
"react1.r09.registration","5","context_or_wording_needs_review","is] aged between 12 and 18, please check","you are/IF INCONFPARENT = 1 your child
is] aged between 12 and 18, please check
your answer”
Mail_grp=3     5-12       RANGE 5- 13            “Our records suggest your child is aged
between 5 and 13, please check your
answer”","","candidate"
"react1.r09.registration","5","context_definition_or_continuation","Mail_grp=3     5-12       RANGE 5- 13            “Our records suggest your child is aged","your answer”
Mail_grp=3     5-12       RANGE 5- 13            “Our records suggest your child is aged
between 5 and 13, please check your
answer”

","","candidate"
"react1.r09.registration","6","context_or_wording_needs_review","DAGE [Derived age for filter questions)","IF PREFER NOT TO SAY
DAGE [Derived age for filter questions)

IF GIVE A DOB AT DOB OR PREFER NOT TO SAY AT AGE: CALCULATE AGE FROM
SAMPLE INFORMATION (assume day is 15 of month)
","","candidate"
"react1.r09.registration","6","gate_or_option_instruction","IF GIVE A DOB AT DOB OR PREFER NOT TO SAY AT AGE: CALCULATE AGE FROM","
IF GIVE A DOB AT DOB OR PREFER NOT TO SAY AT AGE: CALCULATE AGE FROM
SAMPLE INFORMATION (assume day is 15 of month)

OTHERWISE USE AGE FROM AGE FOR FILTERING
","","candidate"
"react1.r09.registration","6","context_or_wording_needs_review","OTHERWISE USE AGE FROM AGE FOR FILTERING","
OTHERWISE USE AGE FROM AGE FOR FILTERING


IF Mail_Grp=3
AGEPARENT","","candidate"
"react1.r09.registration","6","gate_or_option_instruction","IF Mail_Grp=3","
IF Mail_Grp=3
AGEPARENT

What was your age at your last birthday?
","AGEPARENT","candidate"
"react1.r09.registration","6","context_or_wording_needs_review","AGEPARENT","IF Mail_Grp=3
AGEPARENT

What was your age at your last birthday?

[OPEN NUMERIC BOX, RANGE 16– 112]","","candidate"
"react1.r09.registration","6","context_or_wording_needs_review","What was your age at your last birthday?","
What was your age at your last birthday?

[OPEN NUMERIC BOX, RANGE 16– 112]
1. Prefer not to say
","AGEPARENT","candidate"
"react1.r09.registration","6","gate_or_option_instruction","IF AGED 13-15 AND MAIL_GRP2","
IF AGED 13-15 AND MAIL_GRP2
PARCONS

Does your parent or guardian give you permission to take part in this study?
","PARCONS","candidate"
"react1.r09.registration","6","context_or_wording_needs_review","Does your parent or guardian give you permission to take part in this study?","
Does your parent or guardian give you permission to take part in this study?

1. Yes
2. No
","PARCONS","candidate"
"react1.r09.registration","6","context_or_wording_needs_review","Please ask your parent or guardian for permission to complete the survey. Once they have","
Please ask your parent or guardian for permission to complete the survey. Once they have
agreed for you to take part, please log back in to the survey.""
TERMINATE

","","candidate"
"react1.r09.registration","6","context_or_wording_needs_review","Please write in the full name of your parent/carer who has agreed that you can take part:","
Please write in the full name of your parent/carer who has agreed that you can take part:
{text box}


[IF NUMERIC VALUE IS ENTERED DISPLAY ERROR MESSAGE ‘Please check your","","candidate"
"react1.r09.registration","7","gate_or_option_instruction","IF AGED Mail_Grp=1 OR Mail_Grp=3 OR (Mail_Grp=2 INDCONFPARENT =1)","Household composition
IF AGED Mail_Grp=1 OR Mail_Grp=3 OR (Mail_Grp=2 INDCONFPARENT =1)
NADULTS

Including yourself, how many adults aged 18 and over currently live in your household?
","NADULTS","candidate"
"react1.r09.registration","7","context_or_wording_needs_review","Including yourself, how many adults aged 18 and over currently live in your household?","
Including yourself, how many adults aged 18 and over currently live in your household?

INFO: Who should I include? Include all adults aged 18 and over, including any young
people aged 18 or over. Include young people who regularly spend part of the week in your
household. Include yourself.","NADULTS","candidate"
"react1.r09.registration","7","context_or_wording_needs_review","INFO: Who should I include? Include all adults aged 18 and over, including any young","
INFO: Who should I include? Include all adults aged 18 and over, including any young
people aged 18 or over. Include young people who regularly spend part of the week in your
household. Include yourself.

NUMERIC 1...","","candidate"
"react1.r09.registration","7","context_or_wording_needs_review","people aged 18 or over. Include young people who regularly spend part of the week in your","INFO: Who should I include? Include all adults aged 18 and over, including any young
people aged 18 or over. Include young people who regularly spend part of the week in your
household. Include yourself.

NUMERIC 1...
","","candidate"
"react1.r09.registration","7","context_or_wording_needs_review","[Show multiple rows up for number of adults aged Mail_Grp=1 in household ALLOW RANGE","
[Show multiple rows up for number of adults aged Mail_Grp=1 in household ALLOW RANGE
18 -112]
[IF MORE THAN 10 ADULTS ENTERED AT NADULTS ALLOW ONLY 10 ROWS FOR
NUMBER OF ADULTS]
","","candidate"
"react1.r09.registration","7","context_or_wording_needs_review","Header: Age in Years","
Header: Age in Years

Rows for each adult:

First adult","","candidate"
"react1.r09.registration","8","gate_or_option_instruction","IF Mail_Grp1 OR Mail_Grp=2 ANDINDCONF = 1.","
IF Mail_Grp1 OR Mail_Grp=2 ANDINDCONF = 1.
NADULTS1

How many adults aged 18 and over currently live in your household?
","NADULTS1","candidate"
"react1.r09.registration","8","context_or_wording_needs_review","How many adults aged 18 and over currently live in your household?","
How many adults aged 18 and over currently live in your household?

INFO: Who should I include? Include all adults aged 18 and over, including any young
people aged 18 or over. Include young people who regularly spend part of the week in your
household.","NADULTS1","candidate"
"react1.r09.registration","8","context_or_wording_needs_review","INFO: Who should I include? Include all adults aged 18 and over, including any young","
INFO: Who should I include? Include all adults aged 18 and over, including any young
people aged 18 or over. Include young people who regularly spend part of the week in your
household.

NUMERIC 1...","","candidate"
"react1.r09.registration","8","context_or_wording_needs_review","people aged 18 or over. Include young people who regularly spend part of the week in your","INFO: Who should I include? Include all adults aged 18 and over, including any young
people aged 18 or over. Include young people who regularly spend part of the week in your
household.

NUMERIC 1...
","","candidate"
"react1.r09.registration","8","context_or_wording_needs_review","[Show multiple rows up for number of adults aged Mail_Grp=1 in household ALLOW RANGE","
[Show multiple rows up for number of adults aged Mail_Grp=1 in household ALLOW RANGE
18 -112]

[IF MORE THAN 10 ADULTS ENTERED AT NADULTS1 ALLOW ONLY 10 ROWS FOR
NUMBER OF ADULTS]","","candidate"
"react1.r09.registration","8","context_or_wording_needs_review","Header: Age in Years","
Header: Age in Years

Rows for each adult:

First adult","","candidate"
"react1.r09.registration","9","gate_or_option_instruction","IF Mail_Grp=1 or Mail_Grp=3 or (Mail_Grp=2 and INDCONFPARENT =1)","
IF Mail_Grp=1 or Mail_Grp=3 or (Mail_Grp=2 and INDCONFPARENT =1)
NCHILD

How many children or young people aged 0 to 17 years currently live in your household?
","NCHILD","candidate"
"react1.r09.registration","9","context_or_wording_needs_review","How many children or young people aged 0 to 17 years currently live in your household?","
How many children or young people aged 0 to 17 years currently live in your household?

INFO: Who should I include?
Include all children aged 0-17 in your household, whether or not they are your own children.
Include infants and babies. Include children who regularly spend part of the week in your","NCHILD","candidate"
"react1.r09.registration","9","context_or_wording_needs_review","Include all children aged 0-17 in your household, whether or not they are your own children.","INFO: Who should I include?
Include all children aged 0-17 in your household, whether or not they are your own children.
Include infants and babies. Include children who regularly spend part of the week in your
household.

NOTE FOR PROGRAMMER: IF MAIL_GRP = 3 or (MAIL_GRP=2 AND","","candidate"
"react1.r09.registration","9","context_or_wording_needs_review","NOTE FOR PROGRAMMER: IF MAIL_GRP = 3 or (MAIL_GRP=2 AND","
NOTE FOR PROGRAMMER: IF MAIL_GRP = 3 or (MAIL_GRP=2 AND
INDCONFPARENT=1) IF 0 IS ENTERED, PLEASE BRING UP ERROR MESSAGE:

“You have said that there are no children aged 0-17 in your household. Please remember to
include the child this survey relates to.”","","candidate"
"react1.r09.registration","9","context_or_wording_needs_review","INDCONFPARENT=1) IF 0 IS ENTERED, PLEASE BRING UP ERROR MESSAGE:","NOTE FOR PROGRAMMER: IF MAIL_GRP = 3 or (MAIL_GRP=2 AND
INDCONFPARENT=1) IF 0 IS ENTERED, PLEASE BRING UP ERROR MESSAGE:

“You have said that there are no children aged 0-17 in your household. Please remember to
include the child this survey relates to.”
","","candidate"
"react1.r09.registration","9","context_or_wording_needs_review","“You have said that there are no children aged 0-17 in your household. Please remember to","
“You have said that there are no children aged 0-17 in your household. Please remember to
include the child this survey relates to.”

NUMERIC 0...15
","","candidate"
"react1.r09.registration","9","gate_or_option_instruction","ASK (IF MAIL_GRP1 (AND NCHILD=1+)) OR (MAIL_GRP3 (AND NCHILD=2+))","CHILDAGE
ASK (IF MAIL_GRP1 (AND NCHILD=1+)) OR (MAIL_GRP3 (AND NCHILD=2+))

OR (MAIL_GRP2 AND INDCONFPARENT=1 AND NUMBER AT NCHILD=2+)

You said that [(IF NUMBER AT NCHILD = 1) there is 1 child] [(IF NUMBER AT NCHILD =","CHILDAGE_1|CHILDAGE_2|CHILDAGE_3|CHILDAGE_4|CHILDAGE_5|CHILDAGE_6|CHILDAGE_7|CHILDAGE_8|CHILDAGE_9|CHILDAGE_10|CHILDAGE_11|CHILDAGE_12|CHILDAGE_13|CHILDAGE_14|CHILDAGE_15","candidate"
"react1.r09.registration","9","context_or_wording_needs_review","OR (MAIL_GRP2 AND INDCONFPARENT=1 AND NUMBER AT NCHILD=2+)","
OR (MAIL_GRP2 AND INDCONFPARENT=1 AND NUMBER AT NCHILD=2+)

You said that [(IF NUMBER AT NCHILD = 1) there is 1 child] [(IF NUMBER AT NCHILD =
2+) there are (NUMBER AT NCHILD) children] in your household. How old are these
children?","","candidate"
"react1.r09.registration","9","context_or_wording_needs_review","[Show multiple rows up for number of children aged 0-17 in household. ALLOW RANGE 0-","children?
[Show multiple rows up for number of children aged 0-17 in household. ALLOW RANGE 0-
17]
Header: Age in Years
Rows for each child:
First child","","candidate"
"react1.r09.registration","9","context_or_wording_needs_review","Header: Age in Years","17]
Header: Age in Years
Rows for each child:
First child
Second child (and so on)
Columns for each child:","","candidate"
"react1.r09.registration","10","gate_or_option_instruction","IF Mail_Grp=2 (INDCONF = 1)","
IF Mail_Grp=2 (INDCONF = 1)
NCHILD1

Including yourself, how many children or young people aged 0 to 17 years currently live in
your household?","NCHILD1","candidate"
"react1.r09.registration","10","context_or_wording_needs_review","Including yourself, how many children or young people aged 0 to 17 years currently live in","
Including yourself, how many children or young people aged 0 to 17 years currently live in
your household?

INFO: Who should I include?
Include all children aged 0-17 in your household, whether or not they are your own children.","NCHILD1","candidate"
"react1.r09.registration","10","context_or_wording_needs_review","Include all children aged 0-17 in your household, whether or not they are your own children.","INFO: Who should I include?
Include all children aged 0-17 in your household, whether or not they are your own children.
Include infants and babies. Include children who regularly spend part of the week in your
household. Include yourself.

NUMERIC 0...15","","candidate"
"react1.r09.registration","10","context_or_wording_needs_review","[Show multiple rows up for number of children aged 0-17 in household]","household. How old are these children?
[Show multiple rows up for number of children aged 0-17 in household]
Header: Age in Years
Rows for each child:
First child
Second child (and so on)","","candidate"
"react1.r09.registration","10","context_or_wording_needs_review","Header: Age in Years","[Show multiple rows up for number of children aged 0-17 in household]
Header: Age in Years
Rows for each child:
First child
Second child (and so on)
Columns for each child:","","candidate"
"react1.r09.registration","10","gate_or_option_instruction","IF Mail_Grp=1 OR Mail_Grp=3 OR (16-17 INDCONF =1) Are you …","WORKTYP1
IF Mail_Grp=1 OR Mail_Grp=3 OR (16-17 INDCONF =1) Are you …
OR (16-17 INDCONFPARENT =1) Is your child….

WORKTYP1
Are you …/Is your child","WORKTYP1_1|WORKTYP1_2|WORKTYP1_3|WORKTYP1_4|WORKTYP1_5|WORKTYP1_6|WORKTYP1_7","candidate"
"react1.r09.registration","10","context_or_wording_needs_review","OR (16-17 INDCONFPARENT =1) Is your child….","IF Mail_Grp=1 OR Mail_Grp=3 OR (16-17 INDCONF =1) Are you …
OR (16-17 INDCONFPARENT =1) Is your child….

WORKTYP1
Are you …/Is your child
","WORKTYP1_1|WORKTYP1_2|WORKTYP1_3|WORKTYP1_4|WORKTYP1_5|WORKTYP1_6|WORKTYP1_7","candidate"
"react1.r09.registration","11","gate_or_option_instruction","IF (MAILGRP=1 OR 3 AND NADULTS=2+) OR IF MAILGRP=2","
IF (MAILGRP=1 OR 3 AND NADULTS=2+) OR IF MAILGRP=2
WORKTYP3

Is anyone <IF WORKTYP1 = 1-5: else> in your household …
","WORKTYP3_1|WORKTYP3_2|WORKTYP3_3|WORKTYP3_4|WORKTYP3_5|WORKTYP3_6|WORKTYP3_7","candidate"
"react1.r09.registration","13","gate_or_option_instruction","ASK MAIL_GRP1 OR MAIL_GRP2 (AGED 16+)","Vaccinations
ASK MAIL_GRP1 OR MAIL_GRP2 (AGED 16+)

CALCULATE AGE FROM SAMPLE INFORMATION (assume day is 15 of month)
VACCINE3
","VACCINE3","candidate"
"react1.r09.registration","13","context_or_wording_needs_review","CALCULATE AGE FROM SAMPLE INFORMATION (assume day is 15 of month)","
CALCULATE AGE FROM SAMPLE INFORMATION (assume day is 15 of month)
VACCINE3

Have you/Has your child ever had a coronavirus vaccine?
","VACCINE3","candidate"
"react1.r09.registration","15","context_or_wording_needs_review","Group 3 (5-12) OR group 2 INDCONFPARENT=1 ‘my child’","Group 1 (18+) OR group 2 INDCONF=1 Textfill ‘you’
Group 3 (5-12) OR group 2 INDCONFPARENT=1 ‘my child’
EXCL
Do you/Does your child have an increased risk of bleeding (for example taking
anticoagulants or a medical condition such as haemophilia, or are/ are they prone to
nosebleeds)?","EXCL","candidate"
"react1.r09.registration","16","context_or_wording_needs_review","staff and researchers. Nobody will be able to identify you [IF MAIL_GRP3 OR MAIL_GRP2","information will be kept confidential by Ipsos MORI, and approved Imperial College London
staff and researchers. Nobody will be able to identify you [IF MAIL_GRP3 OR MAIL_GRP2
AND INDCONFPARENT =1 “or your child”] in any published results. We will send more
information with the test, and you can withdraw from the study at any time.
Ipsos MORI will pass on test results to NHS Test and Trace. For more information, go to the
full Privacy Policy at www.ipsos.uk/covid-swab-privacy. If your/the test is positive","","candidate"
"react1.r09.registration","16","context_or_wording_needs_review","AND INDCONFPARENT =1 “or your child”] in any published results. We will send more","staff and researchers. Nobody will be able to identify you [IF MAIL_GRP3 OR MAIL_GRP2
AND INDCONFPARENT =1 “or your child”] in any published results. We will send more
information with the test, and you can withdraw from the study at any time.
Ipsos MORI will pass on test results to NHS Test and Trace. For more information, go to the
full Privacy Policy at www.ipsos.uk/covid-swab-privacy. If your/the test is positive
(suggesting that you/your child have/has COVID-19) NHS Test and Trace may contact you.","","candidate"
"react1.r10.individual","4","context_or_wording_needs_review","This survey is for [FF_Surname] [FF_Surname ]. Are you / the parent or guardian of","INDCONF
This survey is for [FF_Surname] [FF_Surname ]. Are you / the parent or guardian of
[FF_Surname] [FF_Surname]?
Please select one answer
1.    Yes
2.    No","INDCONF","candidate"
"react1.r10.individual","4","gate_or_option_instruction","IF INDCONF = 2 AND Mail_Grp 2","
IF INDCONF = 2 AND Mail_Grp 2
INDCONFPARENT
This survey is intended for [FF_firstname] [FF_Surname ]. If you are the parent or guardian
of [FF_firstname] [FF_Surname ] you can complete the survey by proxy and answer the
survey on their behalf. Are you the parent or guardian of [FF_firstname] [FF_Surname ]?","INDCONFPARENT","candidate"
"react1.r10.individual","4","context_or_wording_needs_review","INDCONFPARENT","IF INDCONF = 2 AND Mail_Grp 2
INDCONFPARENT
This survey is intended for [FF_firstname] [FF_Surname ]. If you are the parent or guardian
of [FF_firstname] [FF_Surname ] you can complete the survey by proxy and answer the
survey on their behalf. Are you the parent or guardian of [FF_firstname] [FF_Surname ]?
1.    Yes","","candidate"
"react1.r10.individual","4","context_or_wording_needs_review","This survey is intended for [FF_firstname] [FF_Surname ]. If you are the parent or guardian","INDCONFPARENT
This survey is intended for [FF_firstname] [FF_Surname ]. If you are the parent or guardian
of [FF_firstname] [FF_Surname ] you can complete the survey by proxy and answer the
survey on their behalf. Are you the parent or guardian of [FF_firstname] [FF_Surname ]?
1.    Yes
2.    No [TERMINATE]","INDCONFPARENT","candidate"
"react1.r10.individual","4","context_or_wording_needs_review","survey on their behalf. Are you the parent or guardian of [FF_firstname] [FF_Surname ]?","of [FF_firstname] [FF_Surname ] you can complete the survey by proxy and answer the
survey on their behalf. Are you the parent or guardian of [FF_firstname] [FF_Surname ]?
1.    Yes
2.    No [TERMINATE]

","","candidate"
"react1.r10.individual","4","gate_or_option_instruction","IF INDCONFPARENT=2 OR (INDCONF=2 AND AGE Mail_Grp 3)","
IF INDCONFPARENT=2 OR (INDCONF=2 AND AGE Mail_Grp 3)
CLOSE1
“We thank you for your time spent taking this survey.”
TERMINATE
","","candidate"
"react1.r10.individual","4","gate_or_option_instruction","IF INDCONF =2 AND Mail_Grp 1","
IF INDCONF =2 AND Mail_Grp 1
INDCONFCARER
This survey is intended for [FF_firstame] [FF_Surname ]. If you are a carer for [FF_firstname]
[FF_Surname ], or they need assistance, you can help them to complete the survey. Are you
a carer for [FF_firstname] [FF_Surname ], or assisting them?","INDCONFCARER","candidate"
"react1.r10.individual","4","context_or_wording_needs_review","INDCONFCARER","IF INDCONF =2 AND Mail_Grp 1
INDCONFCARER
This survey is intended for [FF_firstame] [FF_Surname ]. If you are a carer for [FF_firstname]
[FF_Surname ], or they need assistance, you can help them to complete the survey. Are you
a carer for [FF_firstname] [FF_Surname ], or assisting them?
1.    Yes","","candidate"
"react1.r10.individual","4","context_or_wording_needs_review","This survey is intended for [FF_firstame] [FF_Surname ]. If you are a carer for [FF_firstname]","INDCONFCARER
This survey is intended for [FF_firstame] [FF_Surname ]. If you are a carer for [FF_firstname]
[FF_Surname ], or they need assistance, you can help them to complete the survey. Are you
a carer for [FF_firstname] [FF_Surname ], or assisting them?
1.    Yes
2.    No","INDCONFCARER","candidate"
"react1.r10.individual","4","context_or_wording_needs_review","a carer for [FF_firstname] [FF_Surname ], or assisting them?","[FF_Surname ], or they need assistance, you can help them to complete the survey. Are you
a carer for [FF_firstname] [FF_Surname ], or assisting them?
1.    Yes
2.    No

","","candidate"
"react1.r10.individual","5","gate_or_option_instruction","IF INDCONFCARER =2","
IF INDCONFCARER =2
CLOSE1
“We thank you for your time spent taking this survey.”
TERMINATE
","","candidate"
"react1.r10.individual","5","wording_only","IF Mail_Grp 1 OR (Mail_Grp 2 INDCONF=1) Textfill is “your”","PROGRAMMER: SET TEXTFILL
IF Mail_Grp 1 OR (Mail_Grp 2 INDCONF=1) Textfill is “your”
IF Mail_Grp 3 OR (Mail_Grp 2 INDCONFPARENT =1) Textfill is “your child”


","","candidate"
"react1.r10.individual","5","wording_only","IF Mail_Grp 3 OR (Mail_Grp 2 INDCONFPARENT =1) Textfill is “your child”","IF Mail_Grp 1 OR (Mail_Grp 2 INDCONF=1) Textfill is “your”
IF Mail_Grp 3 OR (Mail_Grp 2 INDCONFPARENT =1) Textfill is “your child”



Health","","candidate"
"react1.r10.individual","12","response_option","2.      In my place of work [SHOW ONLY IF MAIL_GRP1 OR MAIL_GRP2 AND","1.      In my household
2.      In my place of work [SHOW ONLY IF MAIL_GRP1 OR MAIL_GRP2 AND
INDCONF=1]
6.      In my/their school or college
3.      Met them outside
4.      Somewhere else","","candidate"
"react1.r10.individual","12","gate_or_option_instruction","ASK IF COVIDCONPL=2 AND MAIL_GRP1 OR MAIL_GRP2 AND INDONF-=1","
ASK IF COVIDCONPL=2 AND MAIL_GRP1 OR MAIL_GRP2 AND INDONF-=1
COVIDCONWP

You said that you/your child had [IF COVIDCONNUM=2+ the most recent] contact with the
person who was a confirmed COVID-19 case in your workplace. Do you work in any of the","COVIDCONWP","candidate"
"react1.r10.individual","14","context_or_wording_needs_review","When you [Mail_grp1 or Mail_Grp 2 AND INDCONFPARENT=1]/[your child Mail_Grp3 OR","
When you [Mail_grp1 or Mail_Grp 2 AND INDCONFPARENT=1]/[your child Mail_Grp3 OR
Mail_grp 2 AND INDCONF=1] had COVID-19, did your [Mail_grp1 or Mail_Grp 2 AND
INDCONFPARENT=1]//their Mail_Grp3 OR Mail_grp 2 AND INDCONF=1] symptoms last
for more than four weeks?
","","candidate"
"react1.r10.individual","14","context_definition_or_continuation","Mail_grp 2 AND INDCONF=1] had COVID-19, did your [Mail_grp1 or Mail_Grp 2 AND","When you [Mail_grp1 or Mail_Grp 2 AND INDCONFPARENT=1]/[your child Mail_Grp3 OR
Mail_grp 2 AND INDCONF=1] had COVID-19, did your [Mail_grp1 or Mail_Grp 2 AND
INDCONFPARENT=1]//their Mail_Grp3 OR Mail_grp 2 AND INDCONF=1] symptoms last
for more than four weeks?

1.    Yes, and I/my child still have/has symptoms","","candidate"
"react1.r10.individual","14","context_or_wording_needs_review","INDCONFPARENT=1]//their Mail_Grp3 OR Mail_grp 2 AND INDCONF=1] symptoms last","Mail_grp 2 AND INDCONF=1] had COVID-19, did your [Mail_grp1 or Mail_Grp 2 AND
INDCONFPARENT=1]//their Mail_Grp3 OR Mail_grp 2 AND INDCONF=1] symptoms last
for more than four weeks?

1.    Yes, and I/my child still have/has symptoms
2.    Yes, but I/my child no longer have/has symptoms","","candidate"
"react1.r10.individual","18","gate_or_option_instruction","[ASK IF GENDER = FEMALE AND MAIL_GRP = 1 AND (DAGE < 55)].","
[ASK IF GENDER = FEMALE AND MAIL_GRP = 1 AND (DAGE < 55)].

PREG
SA
","PREG","candidate"
"react1.r10.individual","20","response_option","2.   Yes, my child has – [ ONLY Mail_grp3 OR for Mailgrp2 IF INDCONFPARENT=1]","1.   Yes, I have
2.   Yes, my child has – [ ONLY Mail_grp3 OR for Mailgrp2 IF INDCONFPARENT=1]
3.   Yes, someone else in my household has
4.   No
5.   Don’t know
","","candidate"
"react1.r10.individual","21","gate_or_option_instruction","IF Mail_Grp 1 AND LEAVE 1 =1 OR","
IF Mail_Grp 1 AND LEAVE 1 =1 OR
IF Mail_Grp2 AND INDCONF=1 AND LEAVE1=1

LEAVE 2
","","candidate"
"react1.r10.individual","21","gate_or_option_instruction","IF Mail_Grp2 AND INDCONF=1 AND LEAVE1=1","IF Mail_Grp 1 AND LEAVE 1 =1 OR
IF Mail_Grp2 AND INDCONF=1 AND LEAVE1=1

LEAVE 2

In the last 7 days, that is since <DATE/MONTH>, for what reasons have you left home?","","candidate"
"react1.r10.individual","21","gate_or_option_instruction","IF MAIL_GRP3 OR MAIL_GRP2","
IF MAIL_GRP3 OR MAIL_GRP2
SCHOOL
Did you/Did your child attend school [(IF MAIL_GRP2) or college] in person at all in the last 7
days?
","SCHOOL","candidate"
"react1.r10.individual","21","context_or_wording_needs_review","Did you/Did your child attend school [(IF MAIL_GRP2) or college] in person at all in the last 7","SCHOOL
Did you/Did your child attend school [(IF MAIL_GRP2) or college] in person at all in the last 7
days?

1.    Yes
2.    No","SCHOOL","candidate"
"react1.r10.individual","22","gate_or_option_instruction","IF Mail_Grp 1 AND LEAVE1 = 1","
IF Mail_Grp 1 AND LEAVE1 = 1
TRAVELDIST

In the last 7 days, that is since <DATE> what is the furthest distance you have travelled from
home on a single trip?","TRAVELDIST","candidate"
"react1.r10.individual","23","gate_or_option_instruction","IF Mail_Grp 1 AND LEAVE1 = 1 AND TRAVELDIST= CODES 2 TO 9","
IF Mail_Grp 1 AND LEAVE1 = 1 AND TRAVELDIST= CODES 2 TO 9
TRAVELDISTREASON
[RANDOMISE LIST]

What was the reason for this trip?","TRAVELDISTREASON_1|TRAVELDISTREASON_2|TRAVELDISTREASON_3|TRAVELDISTREASON_4|TRAVELDISTREASON_5|TRAVELDISTREASON_6|TRAVELDISTREASON_7|TRAVELDISTREASON_8|TRAVELDISTREASON_9|TRAVELDISTREASON_10|TRAVELDISTREASON_13|TRAVELDISTREASON_14|TRAVELDISTREASON_11|TRAVELDISTREASON_12|TRAVELDISTREASON_12_OTHER","candidate"
"react1.r10.individual","23","gate_or_option_instruction","IF Mail_Grp 1 AND LEAVE1 = 1 AND TRAVELDIST= CODES 2 TO 9","
IF Mail_Grp 1 AND LEAVE1 = 1 AND TRAVELDIST= CODES 2 TO 9
TRAVELDISTMODE
Which of the following forms of transport did you use for this trip?
Please select all that apply.
","TRAVELDISTMODE_1|TRAVELDISTMODE_2|TRAVELDISTMODE_3|TRAVELDISTMODE_4|TRAVELDISTMODE_5|TRAVELDISTMODE_6|TRAVELDISTMODE_7|TRAVELDISTMODE_8|TRAVELDISTMODE_9|TRAVELDISTMODE_10|TRAVELDISTMODE_11|TRAVELDISTMODE_12|TRAVELDISTMODE_13|TRAVELDISTMODE_13_OTHER","candidate"
"react1.r10.individual","24","gate_or_option_instruction","IF Mail_Grp 1 AND LEAVE1 = 1 AND TRAVELDIST= CODES 2 TO 9","
IF Mail_Grp 1 AND LEAVE1 = 1 AND TRAVELDIST= CODES 2 TO 9
TRAVELREG

In the last 7 days, that is since <DATE> how many times have you done this trip?
","TRAVELREG","candidate"
"react1.r10.individual","26","context_or_wording_needs_review","support and childcare bubbles]. Which of the following age groups was this person in?] [IF","1 person who is in your bubble(s) [IF YES (CODE 1) AT BUBBLE2 or people in your
support and childcare bubbles]. Which of the following age groups was this person in?] [IF
CONTACT1=2+ ""X people who are in your bubble(s)]. Which of the following age groups
were they in?

1.    0 to 17 years old (enter number)","","candidate"
"react1.r10.individual","26","context_or_wording_needs_review","CONTACT1=2+ ""X people who are in your bubble(s)]. Which of the following age groups","support and childcare bubbles]. Which of the following age groups was this person in?] [IF
CONTACT1=2+ ""X people who are in your bubble(s)]. Which of the following age groups
were they in?

1.    0 to 17 years old (enter number)
2.    18 to 34 years old         (enter number)","","candidate"
"react1.r10.individual","27","context_or_wording_needs_review","please count them only once. [IF Mail_Grp 2 or Mail_Grp 3 Do not include contact at school].","have contact with yesterday? If you/they had contact with a person more than one time,
please count them only once. [IF Mail_Grp 2 or Mail_Grp 3 Do not include contact at school].

Your answers will be kept strictly confidential.

By contact we mean:","","candidate"
"react1.r10.individual","27","context_or_wording_needs_review","people in your support and childcare bubbles]. Which of the following age groups was","1 person who is not a member of your household [IF YES (CODE 1) AT BUBBLE2 or
people in your support and childcare bubbles]. Which of the following age groups was
this person in?] [IF CONTACT1=2+ ""X people who are not members of your household].
How many of those were in each of the following age groups?

1. 0 to 17 years old (enter number)","","candidate"
"react1.r10.individual","27","context_or_wording_needs_review","How many of those were in each of the following age groups?","this person in?] [IF CONTACT1=2+ ""X people who are not members of your household].
How many of those were in each of the following age groups?

1. 0 to 17 years old (enter number)
2. 18 to 34 years old (enter number)
3. 35 to 64 years old (enter number)","","candidate"
"react1.r10.individual","27","gate_or_option_instruction","IF CONTACT1 = 1+ AND LEAVEREASON=2 AND MAIL_GRP1","
IF CONTACT1 = 1+ AND LEAVEREASON=2 AND MAIL_GRP1
CONTACT5

You said that yesterday you came into contact with CONTACT1 people who are not
members of your household. How many of those were at your place of work?","CONTACT5","candidate"
"react1.r10.individual","31","gate_or_option_instruction","ASK IF Mail_grp 1 AND AGPREVNUM=2","
ASK IF Mail_grp 1 AND AGPREVNUM=2
TESTWORK

Do you regularly get tested for COVID-19 for your work? For example, if you work as a
keyworker.","TESTWORK","candidate"
"react1.r10.individual","32","gate_or_option_instruction","ASK IF Mail_grp 1 AND (AGPREVNUM=2 OR AGPREVTYPE = 1 AND 2)","
ASK IF Mail_grp 1 AND (AGPREVNUM=2 OR AGPREVTYPE = 1 AND 2)

IF AGPREV1 = 1
AGPREV2
","","candidate"
"react1.r10.individual","33","response_option","2.    Yes, my child did – [ ONLY Mail_grp3 OR for Mailgrp2 IF INDCONFPARENT=1]","1.    Yes, I did
2.    Yes, my child did – [ ONLY Mail_grp3 OR for Mailgrp2 IF INDCONFPARENT=1]
3.    Yes, someone else in my household did
4.    No
5.    Don’t know
","","candidate"
"react1.r10.individual","34","gate_or_option_instruction","IF SURGETEST1=2 and (MAIL_GRP1 or MAIL_GRP3 or (MAIL_GRP2 AND INDCONF=1","
IF SURGETEST1=2 and (MAIL_GRP1 or MAIL_GRP3 or (MAIL_GRP2 AND INDCONF=1
ONLY)).

SURGENOREASON
","","candidate"
"react1.r10.individual","34","response_option","6.      My employer didn’t want me to get tested [Mail_Grp1 or Mail_Gpr2 and","5.      I am too busy to get tested
6.      My employer didn’t want me to get tested [Mail_Grp1 or Mail_Gpr2 and
INDCONF=1 only]
7.      I didn’t want to get tested
8.      I am against testing in general
9.      I was tested recently","","candidate"
"react1.r10.individual","38","response_option","1.    For work [Mail_Grp1 or Mail_grp2 AND age 16+ ONLY]","
1.    For work [Mail_Grp1 or Mail_grp2 AND age 16+ ONLY]
2.    To volunteer [Mail_Grp1 or Mail_grp2 AND age 16+ ONLY]
3.    To seek medical assistance/to go to a hospital appointment
4.    To care for, provide assistance or to help someone else (for example, friends or
family)","","candidate"
"react1.r10.individual","38","response_option","2.    To volunteer [Mail_Grp1 or Mail_grp2 AND age 16+ ONLY]","1.    For work [Mail_Grp1 or Mail_grp2 AND age 16+ ONLY]
2.    To volunteer [Mail_Grp1 or Mail_grp2 AND age 16+ ONLY]
3.    To seek medical assistance/to go to a hospital appointment
4.    To care for, provide assistance or to help someone else (for example, friends or
family)
5.    To meet with someone outside","","candidate"
"react1.r10.individual","38","response_option","8.    To take a child to school or childcare [Mail_Grp1 or Mail_grp2 AND age 16+","7.    To meet with someone indoors
8.    To take a child to school or childcare [Mail_Grp1 or Mail_grp2 AND age 16+
ONLY]
9.    To get or post a COVID-19 test
10.   There was a risk of harm
11.    For outdoor exercise (for example, going for a walk, run or cycle)","","candidate"
"react1.r10.individual","39","gate_or_option_instruction","ASK IF ISOLLEAVEREASON=1 AND Mail_Grp1 or (Mail_grp2 AND age 16+ ONLY and","
ASK IF ISOLLEAVEREASON=1 AND Mail_Grp1 or (Mail_grp2 AND age 16+ ONLY and
INDCONF=1]
COVIDWORK

Which of following best describes why you left home to go to work?","COVIDWORK_1|COVIDWORK_2|COVIDWORK_3|COVIDWORK_4|COVIDWORK_5|COVIDWORK_6|COVIDWORK_7|COVIDWORK_8|COVIDWORK_9|COVIDWORK_9_OTHER","candidate"
"react1.r10.individual","39","context_or_wording_needs_review","Have you been contacted by the Test and Trace Programme [IF MAIL_GRP 3 OR Mail_Grp","
Have you been contacted by the Test and Trace Programme [IF MAIL_GRP 3 OR Mail_Grp
2 AND INDCONFPARENT=1] about your child]?

1.     Yes
2.     No","COVIDTETR","candidate"
"react1.r10.individual","39","context_or_wording_needs_review","2 AND INDCONFPARENT=1] about your child]?","Have you been contacted by the Test and Trace Programme [IF MAIL_GRP 3 OR Mail_Grp
2 AND INDCONFPARENT=1] about your child]?

1.     Yes
2.     No
3.     Prefer not to say","","candidate"
"react1.r10.individual","40","gate_or_option_instruction","If NHSCONTACTS2 =2 OR 3 AND (MAIL_Grp1 or (MAIL_GRP2 AND INDCONF=1)).","
If NHSCONTACTS2 =2 OR 3 AND (MAIL_Grp1 or (MAIL_GRP2 AND INDCONF=1)).

NHSCONTACTSNO

Which of the following reasons describe why you did not provide (IF NHSCONTACTS2=2:","NHSCONTACTSNO_1|NHSCONTACTSNO_2|NHSCONTACTSNO_3|NHSCONTACTSNO_4|NHSCONTACTSNO_5|NHSCONTACTSNO_6|NHSCONTACTSNO_7|NHSCONTACTSNO_8|NHSCONTACTSNO_8_OTHER|NHSCONTACTSNO_9","candidate"
"react1.r10.individual","41","gate_or_option_instruction","ASK MAIL_GRP1 OR MAIL_GRP2 (AGED 16+)","Vaccinations
ASK MAIL_GRP1 OR MAIL_GRP2 (AGED 16+)

CALCULATE AGE FROM SAMPLE INFORMATION (assume day is 15 of month)

VACCINE3SYM","VACCINE3SYM","candidate"
"react1.r10.individual","41","context_or_wording_needs_review","CALCULATE AGE FROM SAMPLE INFORMATION (assume day is 15 of month)","
CALCULATE AGE FROM SAMPLE INFORMATION (assume day is 15 of month)

VACCINE3SYM

We asked you this when you registered to receive a swab test kit but we would just like to","VACCINE3SYM","candidate"
"react1.r10.individual","43","gate_or_option_instruction","IF VACCINEACCEPT=2 or 3 AND (Mail_Grp 1 OR (Mail_Grp 2 AND (AGE=16 OR 17) AND","
IF VACCINEACCEPT=2 or 3 AND (Mail_Grp 1 OR (Mail_Grp 2 AND (AGE=16 OR 17) AND
INDCONF=1))
VACCRUFUSE1

[RANDOMISE LIST]","VACCRUFUSE1_1|VACCRUFUSE1_2|VACCRUFUSE1_3|VACCRUFUSE1_4|VACCRUFUSE1_5|VACCRUFUSE1_6|VACCRUFUSE1_7|VACCRUFUSE1_8|VACCRUFUSE1_9|VACCRUFUSE1_10|VACCRUFUSE1_11|VACCRUFUSE1_12|VACCRUFUSE1_13|VACCRUFUSE1_14|VACCRUFUSE1_15|VACCRUFUSE1_16|VACCRUFUSE1_17|VACCRUFUSE1_18|VACCRUFUSE1_21|VACCRUFUSE1_22|VACCRUFUSE1_23|VACCRUFUSE1_19|VACCRUFUSE1_19_OTHER|VACCRUFUSE1_20","candidate"
"react1.r10.individual","43","context_or_wording_needs_review","GENDER = FEMALE AND MAIL_GRP = 1 AND (DAGE < 55].","14. I am pregnant/breastfeeding and afraid of the effects on my baby [ASK IF
GENDER = FEMALE AND MAIL_GRP = 1 AND (DAGE < 55].
15. The impact of COVID-19 is being greatly exaggerated
16. I don't trust the people who have developed the vaccine
17. So long as most other people get the vaccine then it doesn't matter if I don't
18. Doses of the vaccine are limited and other people need it more than me","","candidate"
"react1.r10.individual","44","context_or_wording_needs_review","VACCINEAPP2 =2 AND (Mail_Grp 1 OR (Mail_Grp 2 AND (AGE=16 OR 17) AND","
VACCINEAPP2 =2 AND (Mail_Grp 1 OR (Mail_Grp 2 AND (AGE=16 OR 17) AND
INDCONF=1))
VACCREFUSE2

[RANDOMISE LIST]","","candidate"
"react1.r10.individual","44","context_or_wording_needs_review","GENDER = FEMALE AND MAIL_GRP = 1 AND (DAGE < 55].","14.   I am pregnant/breastfeeding and afraid of the effects on my baby [ASK IF
GENDER = FEMALE AND MAIL_GRP = 1 AND (DAGE < 55].
15.   The impact of COVID-19 is being greatly exaggerated
16.   I don't trust the people who have developed the vaccine
17.   So long as most other people get the vaccine then it doesn't matter if I don't
18.   Doses of the vaccine are limited and other people need it more than me","","candidate"
"react1.r10.individual","46","gate_or_option_instruction","ASK ALL Mail_Grp 1","
ASK ALL Mail_Grp 1
EDUC
What is your highest educational qualification? This means any educational, professional,
vocational or other work-related qualifications for which you received a certificate.
Please select one answer","EDUC","candidate"
"react1.r10.individual","47","gate_or_option_instruction","IF MAIL_GRP1 AND EMPL = 7","
IF MAIL_GRP1 AND EMPL = 7
EDTYPE

This term are you studying…
","EDTYPE","candidate"
"react1.r10.individual","47","gate_or_option_instruction","IF MAIL_GRP1 AND EMPL = 7","
IF MAIL_GRP1 AND EMPL = 7
CAMPUS2

Where are you currently living?
","CAMPUS2","candidate"
"react1.r10.individual","47","response_option","6. Parents’ or guardians’ home","5. Your own home which you own
6. Parents’ or guardians’ home
7. Other


IF EMPL = 1, 2, 3","","candidate"
"react1.r10.individual","49","gate_or_option_instruction","ASK ALL MAIL_GRP1 OR MAIL_GRP3 ONLY","
ASK ALL MAIL_GRP1 OR MAIL_GRP3 ONLY
COV_PayEx2


How well would you say your household is managing financially these days? Would you say","COV_PAYEX2","candidate"
"react1.r10.individual","50","response_option","2. Yes, my child does (SHOW CODE IF (MAIL_GRP = 3) OR (MAIL_GRP = 2 AND","1. Yes, I do
2. Yes, my child does (SHOW CODE IF (MAIL_GRP = 3) OR (MAIL_GRP = 2 AND
INDCONFPARENT=1))
3. Yes, someone else in my household does
4. No
5. Don’t know","","candidate"
"react1.r10.individual","50","context_or_wording_needs_review","INDCONFPARENT=1))","2. Yes, my child does (SHOW CODE IF (MAIL_GRP = 3) OR (MAIL_GRP = 2 AND
INDCONFPARENT=1))
3. Yes, someone else in my household does
4. No
5. Don’t know
","","candidate"
"react1.r10.individual","54","response_option","1.    For work [Mail_Grp1 or Mail_grp2 AND age 16+ ONLY]","
1.    For work [Mail_Grp1 or Mail_grp2 AND age 16+ ONLY]
2.    To volunteer [Mail_Grp1 or Mail_grp2 AND age 16+ ONLY]
3.    To seek medical assistance/to go to a hospital appointment
4.    To care for, provide assistance or to help someone else (for example, friends or
family)","","candidate"
"react1.r10.individual","54","response_option","2.    To volunteer [Mail_Grp1 or Mail_grp2 AND age 16+ ONLY]","1.    For work [Mail_Grp1 or Mail_grp2 AND age 16+ ONLY]
2.    To volunteer [Mail_Grp1 or Mail_grp2 AND age 16+ ONLY]
3.    To seek medical assistance/to go to a hospital appointment
4.    To care for, provide assistance or to help someone else (for example, friends or
family)
5.    To meet with someone outside","","candidate"
"react1.r10.individual","54","response_option","12.   To take a child to school or childcare [Mail_Grp1 or Mail_grp2 AND age 16+","11.   To meet with someone indoors
12.   To take a child to school or childcare [Mail_Grp1 or Mail_grp2 AND age 16+
ONLY]
13.   To get or post a COVID-19 test
14.   There was a risk of harm
15.   I am certain I do not have COVID-19","","candidate"
"react1.r10.individual","55","gate_or_option_instruction","ASK IF QISOLLEAVEREASON=1 AND Mail_Grp1 or (Mail_grp2 AND age 16+ ONLY and","
ASK IF QISOLLEAVEREASON=1 AND Mail_Grp1 or (Mail_grp2 AND age 16+ ONLY and
INDCONF=1]
QCOVIDWORK

[RANDOMISE LIST]","QCOVIDWORK_1|QCOVIDWORK_2|QCOVIDWORK_3|QCOVIDWORK_4|QCOVIDWORK_5|QCOVIDWORK_6|QCOVIDWORK_7|QCOVIDWORK_8|QCOVIDWORK_9|QCOVIDWORK_9_OTHER|QCOVIDWORK_10","candidate"
"react1.r10.individual","55","gate_or_option_instruction","ASK Mail_Grp=1","
ASK Mail_Grp=1
SMOKENOW

Do you smoke cigarettes at all nowadays?
","SMOKENOW","candidate"
"react1.r10.individual","56","gate_or_option_instruction","ASK Mailgrp=1","
ASK Mailgrp=1
VAPNOW

Do you vape/use e-cigarettes at all nowadays?
","VAPNOW","candidate"
"react1.r10.individual","59","context_or_wording_needs_review","DO NOT ASK IF INDCONFPARENT=1","
DO NOT ASK IF INDCONFPARENT=1

ASK IF LINKAGEEXP=0.

LINKAGE","","candidate"
"react1.r10.individual","59","context_or_wording_needs_review","Do you give permission for Imperial College to do this [IF PARENT COMPLETING ON","
Do you give permission for Imperial College to do this [IF PARENT COMPLETING ON
BEHALF OF 5-12 YEAR OLD Mail_Grp 3] / until your child is 16 years old?

1.    Yes
2.    No","","candidate"
"react1.r10.individual","59","context_or_wording_needs_review","BEHALF OF 5-12 YEAR OLD Mail_Grp 3] / until your child is 16 years old?","Do you give permission for Imperial College to do this [IF PARENT COMPLETING ON
BEHALF OF 5-12 YEAR OLD Mail_Grp 3] / until your child is 16 years old?

1.    Yes
2.    No
","","candidate"
"react1.r10.registration","3","context_or_wording_needs_review","There are 3 groups corresponding to Mail_Grp i.e. u_mail_grp","
There are 3 groups corresponding to Mail_Grp i.e. u_mail_grp
Mail_Grp                                       Age group
Mail_Grp=1                                     18+
Mail_Grp=2                                     13-17
Mail_grp=3                                     5-12","","candidate"
"react1.r10.registration","3","context_definition_or_continuation","Mail_Grp                                       Age group","There are 3 groups corresponding to Mail_Grp i.e. u_mail_grp
Mail_Grp                                       Age group
Mail_Grp=1                                     18+
Mail_Grp=2                                     13-17
Mail_grp=3                                     5-12
","","candidate"
"react1.r10.registration","3","context_definition_or_continuation","Mail_Grp=1                                     18+","Mail_Grp                                       Age group
Mail_Grp=1                                     18+
Mail_Grp=2                                     13-17
Mail_grp=3                                     5-12

","","candidate"
"react1.r10.registration","3","context_definition_or_continuation","Mail_Grp=2                                     13-17","Mail_Grp=1                                     18+
Mail_Grp=2                                     13-17
Mail_grp=3                                     5-12


","","candidate"
"react1.r10.registration","3","context_definition_or_continuation","Mail_grp=3                                     5-12","Mail_Grp=2                                     13-17
Mail_grp=3                                     5-12



","","candidate"
"react1.r10.registration","4","gate_or_option_instruction","ASK Mail_Grp=1 AND Mail_Grp=2 This survey is for [u_firstname] [u_name]. Are you","INDCONF
ASK Mail_Grp=1 AND Mail_Grp=2 This survey is for [u_firstname] [u_name]. Are you
[FF_Surname] [FF_Surname]?
IF CHILD is Mail_Grp=3 Are you the parent or guardian of [u_firstname] [u_name]?
Please select one answer
1. Yes","INDCONF","candidate"
"react1.r10.registration","4","gate_or_option_instruction","IF CHILD is Mail_Grp=3 Are you the parent or guardian of [u_firstname] [u_name]?","[FF_Surname] [FF_Surname]?
IF CHILD is Mail_Grp=3 Are you the parent or guardian of [u_firstname] [u_name]?
Please select one answer
1. Yes
2. No
","","candidate"
"react1.r10.registration","4","gate_or_option_instruction","IF INDCONF = 2 AND Mail_Grp=2","
IF INDCONF = 2 AND Mail_Grp=2
INDCONFPARENT
This survey is intended for [FF_Surname] [FF_Surname ]. If you are the parent or guardian
of [FF_Surname] [FF_Surname ] you can complete the survey on their behalf. Are you the
parent or guardian of [FF_Surname] [FF_Surname ]?","INDCONFPARENT","candidate"
"react1.r10.registration","4","context_or_wording_needs_review","INDCONFPARENT","IF INDCONF = 2 AND Mail_Grp=2
INDCONFPARENT
This survey is intended for [FF_Surname] [FF_Surname ]. If you are the parent or guardian
of [FF_Surname] [FF_Surname ] you can complete the survey on their behalf. Are you the
parent or guardian of [FF_Surname] [FF_Surname ]?
1. Yes","","candidate"
"react1.r10.registration","4","context_or_wording_needs_review","This survey is intended for [FF_Surname] [FF_Surname ]. If you are the parent or guardian","INDCONFPARENT
This survey is intended for [FF_Surname] [FF_Surname ]. If you are the parent or guardian
of [FF_Surname] [FF_Surname ] you can complete the survey on their behalf. Are you the
parent or guardian of [FF_Surname] [FF_Surname ]?
1. Yes
2. No","INDCONFPARENT","candidate"
"react1.r10.registration","4","context_or_wording_needs_review","parent or guardian of [FF_Surname] [FF_Surname ]?","of [FF_Surname] [FF_Surname ] you can complete the survey on their behalf. Are you the
parent or guardian of [FF_Surname] [FF_Surname ]?
1. Yes
2. No

","","candidate"
"react1.r10.registration","4","gate_or_option_instruction","IF INDCONFPARENT=2 OR INDCONF=2 AND Mail_Grp=3","
IF INDCONFPARENT=2 OR INDCONF=2 AND Mail_Grp=3
CLOSE1
“We thank you for your time spent taking this survey.”
TERMINATE
","","candidate"
"react1.r10.registration","4","gate_or_option_instruction","IF INDCONF =2 AND Mail_Grp=1","
IF INDCONF =2 AND Mail_Grp=1
INDCONFCARER
This survey is intended for [FF_Surname] [FF_Surname ]. If you are a carer for
[FF_Surname] [FF_Surname ], or they need assistance, you can help them to complete the
survey. Are you a carer for [FF_Surname] [FF_Surname ], or assisting them?","INDCONFCARER","candidate"
"react1.r10.registration","4","context_or_wording_needs_review","INDCONFCARER","IF INDCONF =2 AND Mail_Grp=1
INDCONFCARER
This survey is intended for [FF_Surname] [FF_Surname ]. If you are a carer for
[FF_Surname] [FF_Surname ], or they need assistance, you can help them to complete the
survey. Are you a carer for [FF_Surname] [FF_Surname ], or assisting them?
1. Yes","","candidate"
"react1.r10.registration","4","context_or_wording_needs_review","This survey is intended for [FF_Surname] [FF_Surname ]. If you are a carer for","INDCONFCARER
This survey is intended for [FF_Surname] [FF_Surname ]. If you are a carer for
[FF_Surname] [FF_Surname ], or they need assistance, you can help them to complete the
survey. Are you a carer for [FF_Surname] [FF_Surname ], or assisting them?
1. Yes
2. No","INDCONFCARER","candidate"
"react1.r10.registration","4","context_or_wording_needs_review","survey. Are you a carer for [FF_Surname] [FF_Surname ], or assisting them?","[FF_Surname] [FF_Surname ], or they need assistance, you can help them to complete the
survey. Are you a carer for [FF_Surname] [FF_Surname ], or assisting them?
1. Yes
2. No

","","candidate"
"react1.r10.registration","4","gate_or_option_instruction","IF INDCONFCARER =2","
IF INDCONFCARER =2
CLOSE1
“We thank you for your time spent taking this survey.”
TERMINATE
","","candidate"
"react1.r10.registration","5","wording_only","IF 5-12 OR (13-17 INDCONFPARENT =1) Textfill is “your child”","IF 18+ OR (13-17 INDCONF=1) Textfill is “your”
IF 5-12 OR (13-17 INDCONFPARENT =1) Textfill is “your child”

ASK ALL
DOB
What is [your/your child’s] date of birth?","","candidate"
"react1.r10.registration","5","context_definition_or_continuation","Mail_Grp=1     18+        YEAR RANGE             “Our records suggest you are aged 17 or","AGE
Mail_Grp=1     18+        YEAR RANGE             “Our records suggest you are aged 17 or
1900 -2004             over, please check your answer.”
Mail_Grp=2     13-17      YEAR RANGE             “Our records suggest [IF INDCONF = 1:
2003- 2009             you are/IF INCONFPARENT = 1 your child
is] aged between 12 and 18, please check","AGE","candidate"
"react1.r10.registration","5","context_definition_or_continuation","Mail_Grp=2     13-17      YEAR RANGE             “Our records suggest [IF INDCONF = 1:","1900 -2004             over, please check your answer.”
Mail_Grp=2     13-17      YEAR RANGE             “Our records suggest [IF INDCONF = 1:
2003- 2009             you are/IF INCONFPARENT = 1 your child
is] aged between 12 and 18, please check
your answer”
Mail_grp=3     5-12       YEAR RANGE –           “Our records suggest your child is aged","","candidate"
"react1.r10.registration","5","context_or_wording_needs_review","2003- 2009             you are/IF INCONFPARENT = 1 your child","Mail_Grp=2     13-17      YEAR RANGE             “Our records suggest [IF INDCONF = 1:
2003- 2009             you are/IF INCONFPARENT = 1 your child
is] aged between 12 and 18, please check
your answer”
Mail_grp=3     5-12       YEAR RANGE –           “Our records suggest your child is aged
2008- 2016             between 5 and 13, please check your","","candidate"
"react1.r10.registration","5","context_or_wording_needs_review","is] aged between 12 and 18, please check","2003- 2009             you are/IF INCONFPARENT = 1 your child
is] aged between 12 and 18, please check
your answer”
Mail_grp=3     5-12       YEAR RANGE –           “Our records suggest your child is aged
2008- 2016             between 5 and 13, please check your
answer”","","candidate"
"react1.r10.registration","5","context_definition_or_continuation","Mail_grp=3     5-12       YEAR RANGE –           “Our records suggest your child is aged","your answer”
Mail_grp=3     5-12       YEAR RANGE –           “Our records suggest your child is aged
2008- 2016             between 5 and 13, please check your
answer”

","","candidate"
"react1.r10.registration","5","context_or_wording_needs_review","What was your/your child’s age at your/their last birthday?","AGE
What was your/your child’s age at your/their last birthday?
[OPEN NUMERIC BOX AND APPLY TO AGE GROUPS AS OUTLINED BELOW BUT
ALLOW PAST]
GROUP          GROUP ALLOW RANGE                 ERROR MESSAGE
AGE","AGE","candidate"
"react1.r10.registration","5","context_or_wording_needs_review","[OPEN NUMERIC BOX AND APPLY TO AGE GROUPS AS OUTLINED BELOW BUT","What was your/your child’s age at your/their last birthday?
[OPEN NUMERIC BOX AND APPLY TO AGE GROUPS AS OUTLINED BELOW BUT
ALLOW PAST]
GROUP          GROUP ALLOW RANGE                 ERROR MESSAGE
AGE
Mail_Grp=1     18+        RANGE 17 -112          “Our records suggest you are aged 17 or","","candidate"
"react1.r10.registration","5","context_definition_or_continuation","Mail_Grp=1     18+        RANGE 17 -112          “Our records suggest you are aged 17 or","AGE
Mail_Grp=1     18+        RANGE 17 -112          “Our records suggest you are aged 17 or
over, please check your answer.”
Mail_Grp=2     13-17      RANGE 12-18            “Our records suggest [IF INDCONF = 1:
you are/IF INCONFPARENT = 1 your child
is] aged between 12 and 18, please check","AGE","candidate"
"react1.r10.registration","5","context_definition_or_continuation","Mail_Grp=2     13-17      RANGE 12-18            “Our records suggest [IF INDCONF = 1:","over, please check your answer.”
Mail_Grp=2     13-17      RANGE 12-18            “Our records suggest [IF INDCONF = 1:
you are/IF INCONFPARENT = 1 your child
is] aged between 12 and 18, please check
your answer”
Mail_grp=3     5-12       RANGE 5- 13            “Our records suggest your child is aged","","candidate"
"react1.r10.registration","5","context_or_wording_needs_review","you are/IF INCONFPARENT = 1 your child","Mail_Grp=2     13-17      RANGE 12-18            “Our records suggest [IF INDCONF = 1:
you are/IF INCONFPARENT = 1 your child
is] aged between 12 and 18, please check
your answer”
Mail_grp=3     5-12       RANGE 5- 13            “Our records suggest your child is aged
between 5 and 13, please check your","","candidate"
"react1.r10.registration","5","context_or_wording_needs_review","is] aged between 12 and 18, please check","you are/IF INCONFPARENT = 1 your child
is] aged between 12 and 18, please check
your answer”
Mail_grp=3     5-12       RANGE 5- 13            “Our records suggest your child is aged
between 5 and 13, please check your
answer”","","candidate"
"react1.r10.registration","5","context_definition_or_continuation","Mail_grp=3     5-12       RANGE 5- 13            “Our records suggest your child is aged","your answer”
Mail_grp=3     5-12       RANGE 5- 13            “Our records suggest your child is aged
between 5 and 13, please check your
answer”

","","candidate"
"react1.r10.registration","6","context_or_wording_needs_review","DAGE [Derived age for filter questions)","
DAGE [Derived age for filter questions)

IF GIVE A DOB AT DOB OR PREFER NOT TO SAY AT AGE: CALCULATE AGE FROM
SAMPLE INFORMATION (assume day is 15 of month)
","","candidate"
"react1.r10.registration","6","gate_or_option_instruction","IF GIVE A DOB AT DOB OR PREFER NOT TO SAY AT AGE: CALCULATE AGE FROM","
IF GIVE A DOB AT DOB OR PREFER NOT TO SAY AT AGE: CALCULATE AGE FROM
SAMPLE INFORMATION (assume day is 15 of month)

OTHERWISE USE AGE FROM AGE FOR FILTERING
","","candidate"
"react1.r10.registration","6","context_or_wording_needs_review","OTHERWISE USE AGE FROM AGE FOR FILTERING","
OTHERWISE USE AGE FROM AGE FOR FILTERING

IF Mail_Grp=3

","","candidate"
"react1.r10.registration","6","gate_or_option_instruction","IF Mail_Grp=3","
IF Mail_Grp=3


AGEPARENT
","AGEPARENT","candidate"
"react1.r10.registration","6","context_or_wording_needs_review","AGEPARENT","
AGEPARENT

What was your age at your last birthday?

[OPEN NUMERIC BOX, RANGE 16– 112]","","candidate"
"react1.r10.registration","6","context_or_wording_needs_review","What was your age at your last birthday?","
What was your age at your last birthday?

[OPEN NUMERIC BOX, RANGE 16– 112]
1. Prefer not to say
","AGEPARENT","candidate"
"react1.r10.registration","6","gate_or_option_instruction","IF AGED 13-15 AND MAIL_GRP2","
IF AGED 13-15 AND MAIL_GRP2

PARCONS

Does your parent or guardian give you permission to take part in this study?","PARCONS","candidate"
"react1.r10.registration","6","context_or_wording_needs_review","Does your parent or guardian give you permission to take part in this study?","
Does your parent or guardian give you permission to take part in this study?

1.   Yes
2.   No
","PARCONS","candidate"
"react1.r10.registration","6","context_or_wording_needs_review","Please ask your parent or guardian for permission to complete the survey. Once they have","
Please ask your parent or guardian for permission to complete the survey. Once they have
agreed for you to take part, please log back in to the survey.""
TERMINATE

","","candidate"
"react1.r10.registration","6","context_or_wording_needs_review","Please write in the full name of your parent/carer who has agreed that you can take part:","
Please write in the full name of your parent/carer who has agreed that you can take part:
{text box}

[TO SCRIPTING: IF NUMERIC VALUE IS ENTERED DISPLAY ERROR MESSAGE ‘Please
check your answer’]","PARNAME","candidate"
"react1.r10.registration","7","gate_or_option_instruction","IF AGED Mail_Grp=1 OR Mail_Grp=3 OR (Mail_Grp=2 INDCONFPARENT =1)","Household composition
IF AGED Mail_Grp=1 OR Mail_Grp=3 OR (Mail_Grp=2 INDCONFPARENT =1)
NADULTS

Including yourself, how many adults aged 18 and over currently live in your household?
","NADULTS","candidate"
"react1.r10.registration","7","context_or_wording_needs_review","Including yourself, how many adults aged 18 and over currently live in your household?","
Including yourself, how many adults aged 18 and over currently live in your household?

INFO: Who should I include? Include all adults aged 18 and over, including any young
people aged 18 or over. Include young people who regularly spend part of the week in your
household. Include yourself.","NADULTS","candidate"
"react1.r10.registration","7","context_or_wording_needs_review","INFO: Who should I include? Include all adults aged 18 and over, including any young","
INFO: Who should I include? Include all adults aged 18 and over, including any young
people aged 18 or over. Include young people who regularly spend part of the week in your
household. Include yourself.

NUMERIC 1...","","candidate"
"react1.r10.registration","7","context_or_wording_needs_review","people aged 18 or over. Include young people who regularly spend part of the week in your","INFO: Who should I include? Include all adults aged 18 and over, including any young
people aged 18 or over. Include young people who regularly spend part of the week in your
household. Include yourself.

NUMERIC 1...
","","candidate"
"react1.r10.registration","7","context_or_wording_needs_review","[Show multiple rows up for number of adults aged Mail_Grp=1 in household ALLOW RANGE","
[Show multiple rows up for number of adults aged Mail_Grp=1 in household ALLOW RANGE
18 -112]
[IF MORE THAN 10 ADULTS ENTERED AT NADULTS ALLOW ONLY 10 ROWS FOR
NUMBER OF ADULTS]
","","candidate"
"react1.r10.registration","7","context_or_wording_needs_review","Header: Age in Years","
Header: Age in Years

Rows for each adult:

First adult","","candidate"
"react1.r10.registration","8","gate_or_option_instruction","IF Mail_Grp1 OR Mail_Grp=2 ANDINDCONF = 1.","
IF Mail_Grp1 OR Mail_Grp=2 ANDINDCONF = 1.
NADULTS1

How many adults aged 18 and over currently live in your household?
","NADULTS1","candidate"
"react1.r10.registration","8","context_or_wording_needs_review","How many adults aged 18 and over currently live in your household?","
How many adults aged 18 and over currently live in your household?

INFO: Who should I include? Include all adults aged 18 and over, including any young
people aged 18 or over. Include young people who regularly spend part of the week in your
household.","NADULTS1","candidate"
"react1.r10.registration","8","context_or_wording_needs_review","INFO: Who should I include? Include all adults aged 18 and over, including any young","
INFO: Who should I include? Include all adults aged 18 and over, including any young
people aged 18 or over. Include young people who regularly spend part of the week in your
household.

NUMERIC 1...","","candidate"
"react1.r10.registration","8","context_or_wording_needs_review","people aged 18 or over. Include young people who regularly spend part of the week in your","INFO: Who should I include? Include all adults aged 18 and over, including any young
people aged 18 or over. Include young people who regularly spend part of the week in your
household.

NUMERIC 1...
","","candidate"
"react1.r10.registration","8","context_or_wording_needs_review","[Show multiple rows up for number of adults aged Mail_Grp=1 in household ALLOW RANGE","
[Show multiple rows up for number of adults aged Mail_Grp=1 in household ALLOW RANGE
18 -112]

[IF MORE THAN 10 ADULTS ENTERED AT NADULTS1 ALLOW ONLY 10 ROWS FOR
NUMBER OF ADULTS]","","candidate"
"react1.r10.registration","8","context_or_wording_needs_review","Header: Age in Years","
Header: Age in Years

Rows for each adult:

First adult","","candidate"
"react1.r10.registration","9","gate_or_option_instruction","IF Mail_Grp=1 or Mail_Grp=3 or (Mail_Grp=2 and INDCONFPARENT =1)","
IF Mail_Grp=1 or Mail_Grp=3 or (Mail_Grp=2 and INDCONFPARENT =1)
NCHILD
How many children or young people aged 0 to 17 years currently live in your household?

INFO: Who should I include?","NCHILD","candidate"
"react1.r10.registration","9","context_or_wording_needs_review","How many children or young people aged 0 to 17 years currently live in your household?","NCHILD
How many children or young people aged 0 to 17 years currently live in your household?

INFO: Who should I include?
Include all children aged 0-17 in your household, whether or not they are your own children.
Include infants and babies. Include children who regularly spend part of the week in your","NCHILD","candidate"
"react1.r10.registration","9","context_or_wording_needs_review","Include all children aged 0-17 in your household, whether or not they are your own children.","INFO: Who should I include?
Include all children aged 0-17 in your household, whether or not they are your own children.
Include infants and babies. Include children who regularly spend part of the week in your
household.

NOTE FOR PROGRAMMER: IF MAIL_GRP = 3 or (MAIL_GRP=2 AND","","candidate"
"react1.r10.registration","9","context_or_wording_needs_review","NOTE FOR PROGRAMMER: IF MAIL_GRP = 3 or (MAIL_GRP=2 AND","
NOTE FOR PROGRAMMER: IF MAIL_GRP = 3 or (MAIL_GRP=2 AND
INDCONFPARENT=1) IF 0 IS ENTERED, PLEASE BRING UP ERROR MESSAGE:

“You have said that there are no children aged 0-17 in your household. Please remember to
include the child this survey relates to.”","","candidate"
"react1.r10.registration","9","context_or_wording_needs_review","INDCONFPARENT=1) IF 0 IS ENTERED, PLEASE BRING UP ERROR MESSAGE:","NOTE FOR PROGRAMMER: IF MAIL_GRP = 3 or (MAIL_GRP=2 AND
INDCONFPARENT=1) IF 0 IS ENTERED, PLEASE BRING UP ERROR MESSAGE:

“You have said that there are no children aged 0-17 in your household. Please remember to
include the child this survey relates to.”
","","candidate"
"react1.r10.registration","9","context_or_wording_needs_review","“You have said that there are no children aged 0-17 in your household. Please remember to","
“You have said that there are no children aged 0-17 in your household. Please remember to
include the child this survey relates to.”

NUMERIC 0...15
","","candidate"
"react1.r10.registration","9","gate_or_option_instruction","ASK (IF MAIL_GRP1 (AND NCHILD=1+)) OR (MAIL_GRP3 (AND NCHILD=2+))","CHILDAGE
ASK (IF MAIL_GRP1 (AND NCHILD=1+)) OR (MAIL_GRP3 (AND NCHILD=2+))

OR (MAIL_GRP2 AND INDCONFPARENT=1 AND NUMBER AT NCHILD=2+)

You said that [(IF NUMBER AT NCHILD = 1) there is 1 child] [(IF NUMBER AT NCHILD =","CHILDAGE_1|CHILDAGE_2|CHILDAGE_3|CHILDAGE_4|CHILDAGE_5|CHILDAGE_6|CHILDAGE_7|CHILDAGE_8|CHILDAGE_9|CHILDAGE_10|CHILDAGE_11|CHILDAGE_12|CHILDAGE_13|CHILDAGE_14|CHILDAGE_15","candidate"
"react1.r10.registration","9","context_or_wording_needs_review","OR (MAIL_GRP2 AND INDCONFPARENT=1 AND NUMBER AT NCHILD=2+)","
OR (MAIL_GRP2 AND INDCONFPARENT=1 AND NUMBER AT NCHILD=2+)

You said that [(IF NUMBER AT NCHILD = 1) there is 1 child] [(IF NUMBER AT NCHILD =
2+) there are (NUMBER AT NCHILD) children] in your household. How old are these
children?","","candidate"
"react1.r10.registration","9","context_or_wording_needs_review","[Show multiple rows up for number of children aged 0-17 in household. ALLOW RANGE 0-","children?
[Show multiple rows up for number of children aged 0-17 in household. ALLOW RANGE 0-
17]
Header: Age in Years
Rows for each child:
First child","","candidate"
"react1.r10.registration","9","context_or_wording_needs_review","Header: Age in Years","17]
Header: Age in Years
Rows for each child:
First child
Second child (and so on)
Columns for each child:","","candidate"
"react1.r10.registration","10","gate_or_option_instruction","IF Mail_Grp=2 (INDCONF = 1)","
IF Mail_Grp=2 (INDCONF = 1)

NCHILD1
Including yourself, how many children or young people aged 0 to 17 years currently live in
your household?","NCHILD1","candidate"
"react1.r10.registration","10","context_or_wording_needs_review","Including yourself, how many children or young people aged 0 to 17 years currently live in","NCHILD1
Including yourself, how many children or young people aged 0 to 17 years currently live in
your household?

INFO: Who should I include?
Include all children aged 0-17 in your household, whether or not they are your own children.","NCHILD1","candidate"
"react1.r10.registration","10","context_or_wording_needs_review","Include all children aged 0-17 in your household, whether or not they are your own children.","INFO: Who should I include?
Include all children aged 0-17 in your household, whether or not they are your own children.
Include infants and babies. Include children who regularly spend part of the week in your
household. Include yourself.

NUMERIC 0...15","","candidate"
"react1.r10.registration","10","context_or_wording_needs_review","[Show multiple rows up for number of children aged 0-17 in household]","household. How old are these children?
[Show multiple rows up for number of children aged 0-17 in household]
Header: Age in Years
Rows for each child:
First child
Second child (and so on)","","candidate"
"react1.r10.registration","10","context_or_wording_needs_review","Header: Age in Years","[Show multiple rows up for number of children aged 0-17 in household]
Header: Age in Years
Rows for each child:
First child
Second child (and so on)
Columns for each child:","","candidate"
"react1.r10.registration","10","gate_or_option_instruction","IF Mail_Grp=1 OR Mail_Grp=3 OR (16-17 INDCONF =1) Are you …","WORKTYP1
IF Mail_Grp=1 OR Mail_Grp=3 OR (16-17 INDCONF =1) Are you …
OR (16-17 INDCONFPARENT =1) Is your child….

WORKTYP1
Are you …/Is your child","WORKTYP1_1|WORKTYP1_2|WORKTYP1_3|WORKTYP1_4|WORKTYP1_5|WORKTYP1_6|WORKTYP1_7","candidate"
"react1.r10.registration","10","context_or_wording_needs_review","OR (16-17 INDCONFPARENT =1) Is your child….","IF Mail_Grp=1 OR Mail_Grp=3 OR (16-17 INDCONF =1) Are you …
OR (16-17 INDCONFPARENT =1) Is your child….

WORKTYP1
Are you …/Is your child
","WORKTYP1_1|WORKTYP1_2|WORKTYP1_3|WORKTYP1_4|WORKTYP1_5|WORKTYP1_6|WORKTYP1_7","candidate"
"react1.r10.registration","11","gate_or_option_instruction","IF (MAILGRP=1 OR 3 AND NADULTS=2+) OR IF MAILGRP=2","
IF (MAILGRP=1 OR 3 AND NADULTS=2+) OR IF MAILGRP=2

Is anyone <IF WORKTYP1 = 1-5: else> in your household …

1.    A healthcare worker with direct patient contact","WORKTYP3_1|WORKTYP3_2|WORKTYP3_3|WORKTYP3_4|WORKTYP3_5|WORKTYP3_6|WORKTYP3_7","candidate"
"react1.r10.registration","13","gate_or_option_instruction","ASK MAIL_GRP1 OR MAIL_GRP2 (AGED 16+)","Vaccinations
ASK MAIL_GRP1 OR MAIL_GRP2 (AGED 16+)

CALCULATE AGE FROM SAMPLE INFORMATION (assume day is 15 of month)

VACCINE3","VACCINE3","candidate"
"react1.r10.registration","13","context_or_wording_needs_review","CALCULATE AGE FROM SAMPLE INFORMATION (assume day is 15 of month)","
CALCULATE AGE FROM SAMPLE INFORMATION (assume day is 15 of month)

VACCINE3

Have you/Has your child ever had a coronavirus vaccine?","VACCINE3","candidate"
"react1.r10.registration","15","context_or_wording_needs_review","Group 3 (5-12) OR group 2 INDCONFPARENT=1 ‘my child’","Group 1 (18+) OR group 2 INDCONF=1 Textfill ‘you’
Group 3 (5-12) OR group 2 INDCONFPARENT=1 ‘my child’
EXCL
Do you/Does your child have an increased risk of bleeding (for example taking
anticoagulants or a medical condition such as haemophilia, or are/ are they prone to
nosebleeds)?","EXCL","candidate"
"react1.r10.registration","16","context_or_wording_needs_review","staff and researchers. Nobody will be able to identify you [IF MAIL_GRP3 OR MAIL_GRP2","information will be kept confidential by Ipsos MORI, and approved Imperial College London
staff and researchers. Nobody will be able to identify you [IF MAIL_GRP3 OR MAIL_GRP2
AND INDCONFPARENT =1 “or your child”] in any published results. We will send more
information with the test, and you can withdraw from the study at any time.
Ipsos MORI will pass on test results to NHS Test and Trace. For more information, go to the
full Privacy Policy at www.ipsos.uk/covid-swab-privacy. If your/the test is positive","","candidate"
"react1.r10.registration","16","context_or_wording_needs_review","AND INDCONFPARENT =1 “or your child”] in any published results. We will send more","staff and researchers. Nobody will be able to identify you [IF MAIL_GRP3 OR MAIL_GRP2
AND INDCONFPARENT =1 “or your child”] in any published results. We will send more
information with the test, and you can withdraw from the study at any time.
Ipsos MORI will pass on test results to NHS Test and Trace. For more information, go to the
full Privacy Policy at www.ipsos.uk/covid-swab-privacy. If your/the test is positive
(suggesting that you/your child have/has COVID-19) NHS Test and Trace may contact you.","","candidate"
"react1.r10.registration","17","context_or_wording_needs_review","DO NOT ASK INDCONFPARENT=1","
DO NOT ASK INDCONFPARENT=1
ASK IF LINKAGEEXP =1
LINKAGEEXP
Imperial College would like your permission to link information held by NHS Digital and other
UK NHS bodies about you/ your child to this survey data to follow your health status for up to","","candidate"
"react1.r10.registration","17","context_or_wording_needs_review","Do you give permission for Imperial College to do this [ IF PARENT COMPLETING ON","
Do you give permission for Imperial College to do this [ IF PARENT COMPLETING ON
BEHALF OF 5-12 YEAR OLD in Mail_Grp 3 ONLY] / until your child is 16 years old?

1. Yes
2. No","","candidate"
"react1.r10.registration","17","context_or_wording_needs_review","BEHALF OF 5-12 YEAR OLD in Mail_Grp 3 ONLY] / until your child is 16 years old?","Do you give permission for Imperial College to do this [ IF PARENT COMPLETING ON
BEHALF OF 5-12 YEAR OLD in Mail_Grp 3 ONLY] / until your child is 16 years old?

1. Yes
2. No
","","candidate"
"react1.r11.individual","4","context_or_wording_needs_review","This survey is for [FF_Surname] [FF_Surname ]. Are you / the parent or guardian of","INDCONF
This survey is for [FF_Surname] [FF_Surname ]. Are you / the parent or guardian of
[FF_Surname] [FF_Surname]?
Please select one answer
1.    Yes
2.    No","INDCONF","candidate"
"react1.r11.individual","4","gate_or_option_instruction","IF INDCONF = 2 AND Mail_Grp 2","
IF INDCONF = 2 AND Mail_Grp 2
INDCONFPARENT
This survey is intended for [FF_firstname] [FF_Surname ]. If you are the parent or guardian
of [FF_firstname] [FF_Surname ] you can complete the survey by proxy and answer the
survey on their behalf. Are you the parent or guardian of [FF_firstname] [FF_Surname ]?","INDCONFPARENT","candidate"
"react1.r11.individual","4","context_or_wording_needs_review","INDCONFPARENT","IF INDCONF = 2 AND Mail_Grp 2
INDCONFPARENT
This survey is intended for [FF_firstname] [FF_Surname ]. If you are the parent or guardian
of [FF_firstname] [FF_Surname ] you can complete the survey by proxy and answer the
survey on their behalf. Are you the parent or guardian of [FF_firstname] [FF_Surname ]?
1.    Yes","","candidate"
"react1.r11.individual","4","context_or_wording_needs_review","This survey is intended for [FF_firstname] [FF_Surname ]. If you are the parent or guardian","INDCONFPARENT
This survey is intended for [FF_firstname] [FF_Surname ]. If you are the parent or guardian
of [FF_firstname] [FF_Surname ] you can complete the survey by proxy and answer the
survey on their behalf. Are you the parent or guardian of [FF_firstname] [FF_Surname ]?
1.    Yes
2.    No [TERMINATE]","INDCONFPARENT","candidate"
"react1.r11.individual","4","context_or_wording_needs_review","survey on their behalf. Are you the parent or guardian of [FF_firstname] [FF_Surname ]?","of [FF_firstname] [FF_Surname ] you can complete the survey by proxy and answer the
survey on their behalf. Are you the parent or guardian of [FF_firstname] [FF_Surname ]?
1.    Yes
2.    No [TERMINATE]

","","candidate"
"react1.r11.individual","4","gate_or_option_instruction","IF INDCONFPARENT=2 OR (INDCONF=2 AND AGE Mail_Grp 3)","
IF INDCONFPARENT=2 OR (INDCONF=2 AND AGE Mail_Grp 3)
CLOSE1
“We thank you for your time spent taking this survey.”
TERMINATE
","","candidate"
"react1.r11.individual","4","gate_or_option_instruction","IF INDCONF =2 AND Mail_Grp 1","
IF INDCONF =2 AND Mail_Grp 1
INDCONFCARER
This survey is intended for [FF_firstame] [FF_Surname ]. If you are a carer for [FF_firstname]
[FF_Surname ], or they need assistance, you can help them to complete the survey. Are you
a carer for [FF_firstname] [FF_Surname ], or assisting them?","INDCONFCARER","candidate"
"react1.r11.individual","4","context_or_wording_needs_review","INDCONFCARER","IF INDCONF =2 AND Mail_Grp 1
INDCONFCARER
This survey is intended for [FF_firstame] [FF_Surname ]. If you are a carer for [FF_firstname]
[FF_Surname ], or they need assistance, you can help them to complete the survey. Are you
a carer for [FF_firstname] [FF_Surname ], or assisting them?
1.    Yes","","candidate"
"react1.r11.individual","4","context_or_wording_needs_review","This survey is intended for [FF_firstame] [FF_Surname ]. If you are a carer for [FF_firstname]","INDCONFCARER
This survey is intended for [FF_firstame] [FF_Surname ]. If you are a carer for [FF_firstname]
[FF_Surname ], or they need assistance, you can help them to complete the survey. Are you
a carer for [FF_firstname] [FF_Surname ], or assisting them?
1.    Yes
2.    No","INDCONFCARER","candidate"
"react1.r11.individual","4","context_or_wording_needs_review","a carer for [FF_firstname] [FF_Surname ], or assisting them?","[FF_Surname ], or they need assistance, you can help them to complete the survey. Are you
a carer for [FF_firstname] [FF_Surname ], or assisting them?
1.    Yes
2.    No

","","candidate"
"react1.r11.individual","5","gate_or_option_instruction","IF INDCONFCARER =2","
IF INDCONFCARER =2
CLOSE1
“We thank you for your time spent taking this survey.”
TERMINATE
","","candidate"
"react1.r11.individual","5","wording_only","IF Mail_Grp 1 OR (Mail_Grp 2 INDCONF=1) Textfill is “your”","PROGRAMMER: SET TEXTFILL
IF Mail_Grp 1 OR (Mail_Grp 2 INDCONF=1) Textfill is “your”
IF Mail_Grp 3 OR (Mail_Grp 2 INDCONFPARENT =1) Textfill is “your child”


","","candidate"
"react1.r11.individual","5","wording_only","IF Mail_Grp 3 OR (Mail_Grp 2 INDCONFPARENT =1) Textfill is “your child”","IF Mail_Grp 1 OR (Mail_Grp 2 INDCONF=1) Textfill is “your”
IF Mail_Grp 3 OR (Mail_Grp 2 INDCONFPARENT =1) Textfill is “your child”



Health","","candidate"
"react1.r11.individual","7","response_option","4.    [IF MAIL_GRP1 ONLY] Some or all of the symptoms may have been due to a","1.    Some or all of the symptoms may have been due to COVID-19
4.    [IF MAIL_GRP1 ONLY] Some or all of the symptoms may have been due to a
COVID-19 vaccine

2.    The symptoms were not due to COVID-19 [IF MAIL_GRP1 ONLY] or a COVID-
19 vaccine","","candidate"
"react1.r11.individual","7","response_option","2.    The symptoms were not due to COVID-19 [IF MAIL_GRP1 ONLY] or a COVID-","
2.    The symptoms were not due to COVID-19 [IF MAIL_GRP1 ONLY] or a COVID-
19 vaccine
3.    Don’t know

","","candidate"
"react1.r11.individual","12","response_option","2.      In my place of work [SHOW ONLY IF MAIL_GRP1 OR MAIL_GRP2 AND","1.      In my household
2.      In my place of work [SHOW ONLY IF MAIL_GRP1 OR MAIL_GRP2 AND
INDCONF=1]
6.      In my/their school or college
3.      At a social event or gathering
4.      Somewhere else","","candidate"
"react1.r11.individual","12","gate_or_option_instruction","ASK IF COVIDCONPL=2 AND MAIL_GRP1 OR MAIL_GRP2 AND INDONF-=1","
ASK IF COVIDCONPL=2 AND MAIL_GRP1 OR MAIL_GRP2 AND INDONF-=1
COVIDCONWP

You said that you/your child had [IF COVIDCONNUM=2+ the most recent] contact with the
person who was a confirmed COVID-19 case in your workplace. Do you work in any of the","COVIDCONWP","candidate"
"react1.r11.individual","14","context_or_wording_needs_review","When you [Mail_grp1 or Mail_Grp 2 AND INDCONFPARENT=1]/[your child Mail_Grp3 OR","
When you [Mail_grp1 or Mail_Grp 2 AND INDCONFPARENT=1]/[your child Mail_Grp3 OR
Mail_grp 2 AND INDCONF=1] had COVID-19, did your [Mail_grp1 or Mail_Grp 2 AND
INDCONFPARENT=1]//their Mail_Grp3 OR Mail_grp 2 AND INDCONF=1] symptoms last
for more than four weeks?
","","candidate"
"react1.r11.individual","14","context_definition_or_continuation","Mail_grp 2 AND INDCONF=1] had COVID-19, did your [Mail_grp1 or Mail_Grp 2 AND","When you [Mail_grp1 or Mail_Grp 2 AND INDCONFPARENT=1]/[your child Mail_Grp3 OR
Mail_grp 2 AND INDCONF=1] had COVID-19, did your [Mail_grp1 or Mail_Grp 2 AND
INDCONFPARENT=1]//their Mail_Grp3 OR Mail_grp 2 AND INDCONF=1] symptoms last
for more than four weeks?

1.    Yes, and I/my child still have/has symptoms","","candidate"
"react1.r11.individual","14","context_or_wording_needs_review","INDCONFPARENT=1]//their Mail_Grp3 OR Mail_grp 2 AND INDCONF=1] symptoms last","Mail_grp 2 AND INDCONF=1] had COVID-19, did your [Mail_grp1 or Mail_Grp 2 AND
INDCONFPARENT=1]//their Mail_Grp3 OR Mail_grp 2 AND INDCONF=1] symptoms last
for more than four weeks?

1.    Yes, and I/my child still have/has symptoms
2.    Yes, but I/my child no longer have/has symptoms","","candidate"
"react1.r11.individual","19","gate_or_option_instruction","[ASK IF GENDER = FEMALE AND MAIL_GRP = 1 AND (DAGE < 55].","
[ASK IF GENDER = FEMALE AND MAIL_GRP = 1 AND (DAGE < 55].

PREG
SA
","PREG","candidate"
"react1.r11.individual","20","response_option","2.    Yes, my child has – [ ONLY Mail_grp3 OR for Mailgrp2 IF INDCONFPARENT=1]","1.    Yes, I have
2.    Yes, my child has – [ ONLY Mail_grp3 OR for Mailgrp2 IF INDCONFPARENT=1]
3.    Yes, someone else in my household has
4.    No
5.    Don’t know
","","candidate"
"react1.r11.individual","21","gate_or_option_instruction","IF Mail_Grp 1 AND LEAVE 1 =1 OR","
IF Mail_Grp 1 AND LEAVE 1 =1 OR
IF Mail_Grp2 AND INDCONF=1 AND LEAVE1=1

LEAVE 2
","","candidate"
"react1.r11.individual","21","gate_or_option_instruction","IF Mail_Grp2 AND INDCONF=1 AND LEAVE1=1","IF Mail_Grp 1 AND LEAVE 1 =1 OR
IF Mail_Grp2 AND INDCONF=1 AND LEAVE1=1

LEAVE 2

In the last 7 days, that is since <DATE/MONTH>, for what reasons have you left home?","","candidate"
"react1.r11.individual","22","gate_or_option_instruction","IF MAIL_GRP3 OR MAIL_GRP2","
IF MAIL_GRP3 OR MAIL_GRP2
SCHOOL
Did you/Did your child attend school [(IF MAIL_GRP2) or college] in person at all in the last 7
days?
","SCHOOL","candidate"
"react1.r11.individual","22","context_or_wording_needs_review","Did you/Did your child attend school [(IF MAIL_GRP2) or college] in person at all in the last 7","SCHOOL
Did you/Did your child attend school [(IF MAIL_GRP2) or college] in person at all in the last 7
days?

1.    Yes
2.    No","SCHOOL","candidate"
"react1.r11.individual","23","context_or_wording_needs_review","Please do not include anything done as part of (IF MAIL_GRP1 OR MAIL_GRP2 AND","In the last 7 days have you/has your child done any of the following activities indoors?
Please do not include anything done as part of (IF MAIL_GRP1 OR MAIL_GRP2 AND
INDCONF=1 your job or education/IF MAIL_GRP = 3 OR MAIL_GRP = 2 AND
INDCONFPARENT=1 your child’s education.)

Please select all that apply","","candidate"
"react1.r11.individual","23","context_or_wording_needs_review","INDCONF=1 your job or education/IF MAIL_GRP = 3 OR MAIL_GRP = 2 AND","Please do not include anything done as part of (IF MAIL_GRP1 OR MAIL_GRP2 AND
INDCONF=1 your job or education/IF MAIL_GRP = 3 OR MAIL_GRP = 2 AND
INDCONFPARENT=1 your child’s education.)

Please select all that apply
","","candidate"
"react1.r11.individual","23","context_or_wording_needs_review","INDCONFPARENT=1 your child’s education.)","INDCONF=1 your job or education/IF MAIL_GRP = 3 OR MAIL_GRP = 2 AND
INDCONFPARENT=1 your child’s education.)

Please select all that apply

1. Taken exercise or a class inside at a gym or leisure centre","","candidate"
"react1.r11.individual","23","context_or_wording_needs_review","outside your household (not including for IF MAIL_GRP1 OR MAIL_GRP2 AND","5. Other indoor activities involving spending more than 5 minutes with people from
outside your household (not including for IF MAIL_GRP1 OR MAIL_GRP2 AND
INDCONF=1 work IF MAIL_GRP = 3)
6. None of these
7. Prefer not to say
","","candidate"
"react1.r11.individual","23","context_or_wording_needs_review","INDCONF=1 work IF MAIL_GRP = 3)","outside your household (not including for IF MAIL_GRP1 OR MAIL_GRP2 AND
INDCONF=1 work IF MAIL_GRP = 3)
6. None of these
7. Prefer not to say

","","candidate"
"react1.r11.individual","24","context_or_wording_needs_review","[(IF MAIL_GRP 1 OR MAIL_GRP 2 AND INDCONF=1) Please do not include anything done","In the last 7 days have you/has your child done any of the following activities outdoors?
[(IF MAIL_GRP 1 OR MAIL_GRP 2 AND INDCONF=1) Please do not include anything done
as part of your job.] IF MAIL_GRP = 3 OR MAIL_GRP = 2 AND INDCONFPARENT=1 your
child’s education.
Please select all that apply.
","","candidate"
"react1.r11.individual","24","context_or_wording_needs_review","as part of your job.] IF MAIL_GRP = 3 OR MAIL_GRP = 2 AND INDCONFPARENT=1 your","[(IF MAIL_GRP 1 OR MAIL_GRP 2 AND INDCONF=1) Please do not include anything done
as part of your job.] IF MAIL_GRP = 3 OR MAIL_GRP = 2 AND INDCONFPARENT=1 your
child’s education.
Please select all that apply.

1.   Played team sports or taken exercise classes outside","","candidate"
"react1.r11.individual","27","context_or_wording_needs_review","support and childcare bubbles]. Which of the following age groups was this person in?] [IF","1 person who is in your bubble(s) [IF YES (CODE 1) AT BUBBLE2 or people in your
support and childcare bubbles]. Which of the following age groups was this person in?] [IF
CONTACT1=2+ ""X people who are in your bubble(s)]. Which of the following age groups
were they in?

1.    0 to 17 years old (enter number)","","candidate"
"react1.r11.individual","27","context_or_wording_needs_review","CONTACT1=2+ ""X people who are in your bubble(s)]. Which of the following age groups","support and childcare bubbles]. Which of the following age groups was this person in?] [IF
CONTACT1=2+ ""X people who are in your bubble(s)]. Which of the following age groups
were they in?

1.    0 to 17 years old (enter number)
2.    18 to 34 years old         (enter number)","","candidate"
"react1.r11.individual","28","context_or_wording_needs_review","please count them only once. [IF Mail_Grp 2 or Mail_Grp 3 Do not include contact at school].","have contact with yesterday? If you/they had contact with a person more than one time,
please count them only once. [IF Mail_Grp 2 or Mail_Grp 3 Do not include contact at school].

Your answers will be kept strictly confidential.

By contact we mean:","","candidate"
"react1.r11.individual","28","context_or_wording_needs_review","people in your support and childcare bubbles]. Which of the following age groups was","1 person who is not a member of your household [IF YES (CODE 1) AT BUBBLE2 or
people in your support and childcare bubbles]. Which of the following age groups was
this person in?] [IF CONTACT1=2+ ""X people who are not members of your household].
How many of those were in each of the following age groups?

1. 0 to 17 years old (enter number)","","candidate"
"react1.r11.individual","28","context_or_wording_needs_review","How many of those were in each of the following age groups?","this person in?] [IF CONTACT1=2+ ""X people who are not members of your household].
How many of those were in each of the following age groups?

1. 0 to 17 years old (enter number)
2. 18 to 34 years old (enter number)
3. 35 to 64 years old (enter number)","","candidate"
"react1.r11.individual","28","gate_or_option_instruction","IF CONTACT1 = 1+ AND LEAVE2=1 AND MAIL_GRP1","
IF CONTACT1 = 1+ AND LEAVE2=1 AND MAIL_GRP1

CONTACT5

You said that yesterday you came into contact with CONTACT1 people who are not","CONTACT5","candidate"
"react1.r11.individual","32","gate_or_option_instruction","ASK IF Mail_grp 1 AND AGPREVNUM=2","
ASK IF Mail_grp 1 AND AGPREVNUM=2
TESTWORK

Do you regularly get tested for COVID-19 for your work? For example, if you work as a
keyworker.","TESTWORK","candidate"
"react1.r11.individual","33","gate_or_option_instruction","ASK IF Mail_grp 1 AND (AGPREVNUM=2 OR AGPREVTYPE = 1 AND 2)","
ASK IF Mail_grp 1 AND (AGPREVNUM=2 OR AGPREVTYPE = 1 AND 2)

IF AGPREV1 = 1
AGPREV2
","","candidate"
"react1.r11.individual","34","response_option","2.    Yes, my child did – [ ONLY Mail_grp3 OR for Mailgrp2 IF INDCONFPARENT=1]","1.    Yes, I did
2.    Yes, my child did – [ ONLY Mail_grp3 OR for Mailgrp2 IF INDCONFPARENT=1]
3.    Yes, someone else in my household did
4.    No
5.    Don’t know
","","candidate"
"react1.r11.individual","37","response_option","1.    For work [Mail_Grp1 or Mail_grp2 AND age 16+ ONLY]","
1.    For work [Mail_Grp1 or Mail_grp2 AND age 16+ ONLY]
2.    To volunteer [Mail_Grp1 or Mail_grp2 AND age 16+ ONLY]
3.    To seek medical assistance/to go to a hospital appointment
4.    To care for, provide assistance or to help someone else (for example, friends or
family)","","candidate"
"react1.r11.individual","37","response_option","2.    To volunteer [Mail_Grp1 or Mail_grp2 AND age 16+ ONLY]","1.    For work [Mail_Grp1 or Mail_grp2 AND age 16+ ONLY]
2.    To volunteer [Mail_Grp1 or Mail_grp2 AND age 16+ ONLY]
3.    To seek medical assistance/to go to a hospital appointment
4.    To care for, provide assistance or to help someone else (for example, friends or
family)
5.    To meet with someone outside","","candidate"
"react1.r11.individual","37","response_option","8.    To take a child to school or childcare [Mail_Grp1 or Mail_grp2 AND age 16+","7.    To meet with someone indoors
8.    To take a child to school or childcare [Mail_Grp1 or Mail_grp2 AND age 16+
ONLY]
9.    To get or post a COVID-19 test
10.   There was a risk of harm
11.    For outdoor exercise (for example, going for a walk, run or cycle)","","candidate"
"react1.r11.individual","38","gate_or_option_instruction","ASK IF ISOLLEAVEREASON=1 AND Mail_Grp1 or (Mail_grp2 AND age 16+ ONLY and","
ASK IF ISOLLEAVEREASON=1 AND Mail_Grp1 or (Mail_grp2 AND age 16+ ONLY and
INDCONF=1]
COVIDWORK

Which of following best describes why you left home to go to work?","COVIDWORK_1|COVIDWORK_2|COVIDWORK_3|COVIDWORK_4|COVIDWORK_5|COVIDWORK_6|COVIDWORK_7|COVIDWORK_8|COVIDWORK_9|COVIDWORK_9_OTHER","candidate"
"react1.r11.individual","38","context_or_wording_needs_review","Have you been contacted by the Test and Trace Programme [IF MAIL_GRP 3 OR Mail_Grp","
Have you been contacted by the Test and Trace Programme [IF MAIL_GRP 3 OR Mail_Grp
2 AND INDCONFPARENT=1] about your child]?

1.     Yes
2.     No","COVIDTETR","candidate"
"react1.r11.individual","38","context_or_wording_needs_review","2 AND INDCONFPARENT=1] about your child]?","Have you been contacted by the Test and Trace Programme [IF MAIL_GRP 3 OR Mail_Grp
2 AND INDCONFPARENT=1] about your child]?

1.     Yes
2.     No
3.     Prefer not to say","","candidate"
"react1.r11.individual","39","gate_or_option_instruction","If NHSCONTACTS2 =2 OR 3 AND (MAIL_Grp1 or (MAIL_GRP2 AND INDCONF=1)).","
If NHSCONTACTS2 =2 OR 3 AND (MAIL_Grp1 or (MAIL_GRP2 AND INDCONF=1)).

NHSCONTACTSNO

Which of the following reasons describe why you did not provide (IF NHSCONTACTS2=2:","NHSCONTACTSNO_1|NHSCONTACTSNO_2|NHSCONTACTSNO_3|NHSCONTACTSNO_4|NHSCONTACTSNO_5|NHSCONTACTSNO_6|NHSCONTACTSNO_7|NHSCONTACTSNO_8|NHSCONTACTSNO_8_OTHER|NHSCONTACTSNO_9","candidate"
"react1.r11.individual","40","gate_or_option_instruction","ASK MAIL_GRP1 OR MAIL_GRP2 (AGED 16+)","Vaccinations
ASK MAIL_GRP1 OR MAIL_GRP2 (AGED 16+)

CALCULATE AGE FROM SAMPLE INFORMATION (assume day is 15 of month)

VACCINE3SYM","VACCINE3SYM","candidate"
"react1.r11.individual","40","context_or_wording_needs_review","CALCULATE AGE FROM SAMPLE INFORMATION (assume day is 15 of month)","
CALCULATE AGE FROM SAMPLE INFORMATION (assume day is 15 of month)

VACCINE3SYM

We asked you this at when you registered to receive a swab test kit but we would just like to","VACCINE3SYM","candidate"
"react1.r11.individual","42","gate_or_option_instruction","IF VACCINEACCEPT=2 or 3 AND (Mail_Grp 1 OR (Mail_Grp 2 AND (AGE=16 OR 17) AND","
IF VACCINEACCEPT=2 or 3 AND (Mail_Grp 1 OR (Mail_Grp 2 AND (AGE=16 OR 17) AND
INDCONF=1))
VACCRUFUSE1

[RANDOMISE LIST]","VACCRUFUSE1_1|VACCRUFUSE1_2|VACCRUFUSE1_3|VACCRUFUSE1_4|VACCRUFUSE1_5|VACCRUFUSE1_6|VACCRUFUSE1_7|VACCRUFUSE1_8|VACCRUFUSE1_9|VACCRUFUSE1_10|VACCRUFUSE1_11|VACCRUFUSE1_12|VACCRUFUSE1_13|VACCRUFUSE1_14|VACCRUFUSE1_15|VACCRUFUSE1_16|VACCRUFUSE1_17|VACCRUFUSE1_18|VACCRUFUSE1_21|VACCRUFUSE1_22|VACCRUFUSE1_23|VACCRUFUSE1_19|VACCRUFUSE1_19_OTHER|VACCRUFUSE1_20","candidate"
"react1.r11.individual","42","context_or_wording_needs_review","GENDER = FEMALE AND MAIL_GRP = 1 AND (DAGE < 55].","14. I am pregnant/breastfeeding and afraid of the effects on my baby [ASK IF
GENDER = FEMALE AND MAIL_GRP = 1 AND (DAGE < 55].
15. The impact of COVID-19 is being greatly exaggerated
16. I don't trust the people who have developed the vaccine
17. So long as most other people get the vaccine then it doesn't matter if I don't
18. Doses of the vaccine are limited and other people need it more than me","","candidate"
"react1.r11.individual","43","context_or_wording_needs_review","VACCINEAPP2 =2 AND (Mail_Grp 1 OR (Mail_Grp 2 AND (AGE=16 OR 17) AND","
VACCINEAPP2 =2 AND (Mail_Grp 1 OR (Mail_Grp 2 AND (AGE=16 OR 17) AND
INDCONF=1))
VACCREFUSE2

[RANDOMISE LIST]","","candidate"
"react1.r11.individual","43","context_or_wording_needs_review","GENDER = FEMALE AND MAIL_GRP = 1 AND (DAGE < 55].","14.   I am pregnant/breastfeeding and afraid of the effects on my baby [ASK IF
GENDER = FEMALE AND MAIL_GRP = 1 AND (DAGE < 55].
15.   The impact of COVID-19 is being greatly exaggerated
16.   I don't trust the people who have developed the vaccine
17.   So long as most other people get the vaccine then it doesn't matter if I don't
18.   Doses of the vaccine are limited and other people need it more than me","","candidate"
"react1.r11.individual","45","gate_or_option_instruction","ASK ALL Mail_Grp 1","
ASK ALL Mail_Grp 1
EDUC
What is your highest educational qualification? This means any educational, professional,
vocational or other work-related qualifications for which you received a certificate.
Please select one answer","EDUC","candidate"
"react1.r11.individual","46","gate_or_option_instruction","IF MAIL_GRP1 AND EMPL = 7","
IF MAIL_GRP1 AND EMPL = 7
EDTYPE

This term are you studying…
","EDTYPE","candidate"
"react1.r11.individual","46","gate_or_option_instruction","IF MAIL_GRP1 AND EMPL = 7","
IF MAIL_GRP1 AND EMPL = 7
CAMPUS2

Where are you currently living?
","CAMPUS2","candidate"
"react1.r11.individual","46","response_option","6. Parents’ or guardians’ home","5. Your own home which you own
6. Parents’ or guardians’ home
7. Other


IF EMPL = 1, 2, 3","","candidate"
"react1.r11.individual","48","gate_or_option_instruction","ASK ALL MAIL_GRP1 OR MAIL_GRP3 ONLY","
ASK ALL MAIL_GRP1 OR MAIL_GRP3 ONLY
COV_PayEx2

How well would you say your household is managing financially these days? Would you say
your household is...","COV_PAYEX2","candidate"
"react1.r11.individual","49","response_option","2. Yes, my child does (SHOW CODE IF (MAIL_GRP = 3) OR (MAIL_GRP = 2 AND","1. Yes, I do
2. Yes, my child does (SHOW CODE IF (MAIL_GRP = 3) OR (MAIL_GRP = 2 AND
INDCONFPARENT=1))
3. Yes, someone else in my household does
4. No
5. Don’t know","","candidate"
"react1.r11.individual","49","context_or_wording_needs_review","INDCONFPARENT=1))","2. Yes, my child does (SHOW CODE IF (MAIL_GRP = 3) OR (MAIL_GRP = 2 AND
INDCONFPARENT=1))
3. Yes, someone else in my household does
4. No
5. Don’t know
","","candidate"
"react1.r11.individual","52","response_option","1.    For work [Mail_Grp1 or Mail_grp2 AND age 16+ ONLY]","
1.    For work [Mail_Grp1 or Mail_grp2 AND age 16+ ONLY]
2.    To volunteer [Mail_Grp1 or Mail_grp2 AND age 16+ ONLY]
3.    To seek medical assistance/to go to a hospital appointment
4.    To care for, provide assistance or to help someone else (for example, friends or
family)","","candidate"
"react1.r11.individual","52","response_option","2.    To volunteer [Mail_Grp1 or Mail_grp2 AND age 16+ ONLY]","1.    For work [Mail_Grp1 or Mail_grp2 AND age 16+ ONLY]
2.    To volunteer [Mail_Grp1 or Mail_grp2 AND age 16+ ONLY]
3.    To seek medical assistance/to go to a hospital appointment
4.    To care for, provide assistance or to help someone else (for example, friends or
family)
5.    To meet with someone outside","","candidate"
"react1.r11.individual","52","response_option","12.   To take a child to school or childcare [Mail_Grp1 or Mail_grp2 AND age 16+","11.   To meet with someone indoors
12.   To take a child to school or childcare [Mail_Grp1 or Mail_grp2 AND age 16+
ONLY]
13.   To get or post a COVID-19 test
14.   There was a risk of harm
15.   I am certain I do not have COVID-19","","candidate"
"react1.r11.individual","53","gate_or_option_instruction","ASK IF QISOLLEAVEREASON=1 AND Mail_Grp1 or (Mail_grp2 AND age 16+ ONLY and","
ASK IF QISOLLEAVEREASON=1 AND Mail_Grp1 or (Mail_grp2 AND age 16+ ONLY and
INDCONF=1]
QCOVIDWORK

[RANDOMISE LIST]","QCOVIDWORK_1|QCOVIDWORK_2|QCOVIDWORK_3|QCOVIDWORK_4|QCOVIDWORK_5|QCOVIDWORK_6|QCOVIDWORK_7|QCOVIDWORK_8|QCOVIDWORK_9|QCOVIDWORK_9_OTHER|QCOVIDWORK_10","candidate"
"react1.r11.individual","53","gate_or_option_instruction","ASK Mail_Grp=1","
ASK Mail_Grp=1
SMOKENOW

Do you smoke cigarettes at all nowadays?
","SMOKENOW","candidate"
"react1.r11.individual","54","gate_or_option_instruction","ASK Mailgrp=1","
ASK Mailgrp=1
VAPNOW

Do you vape/use e-cigarettes at all nowadays?
","VAPNOW","candidate"
"react1.r11.individual","57","context_or_wording_needs_review","DO NOT ASK IF INDCONFPARENT=1","
DO NOT ASK IF INDCONFPARENT=1

ASK IF LINKAGEEXP=0

LINKAGE","","candidate"
"react1.r11.individual","57","context_or_wording_needs_review","Do you give permission for Imperial College to do this [IF PARENT COMPLETING ON","
Do you give permission for Imperial College to do this [IF PARENT COMPLETING ON
BEHALF OF 5-12 YEAR OLD Mail_Grp 3] / until your child is 16 years old?

1.    Yes
2.    No","","candidate"
"react1.r11.individual","57","context_or_wording_needs_review","BEHALF OF 5-12 YEAR OLD Mail_Grp 3] / until your child is 16 years old?","Do you give permission for Imperial College to do this [IF PARENT COMPLETING ON
BEHALF OF 5-12 YEAR OLD Mail_Grp 3] / until your child is 16 years old?

1.    Yes
2.    No
","","candidate"
"react1.r11.registration","3","context_or_wording_needs_review","There are 3 groups corresponding to Mail_Grp i.e. u_mail_grp","received inviting you to take part in this study.
There are 3 groups corresponding to Mail_Grp i.e. u_mail_grp
Mail_Grp                                       Age group
Mail_Grp=1                                     18+
Mail_Grp=2                                     13-17
Mail_grp=3                                     5-12","","candidate"
"react1.r11.registration","3","context_definition_or_continuation","Mail_Grp                                       Age group","There are 3 groups corresponding to Mail_Grp i.e. u_mail_grp
Mail_Grp                                       Age group
Mail_Grp=1                                     18+
Mail_Grp=2                                     13-17
Mail_grp=3                                     5-12
","","candidate"
"react1.r11.registration","3","context_definition_or_continuation","Mail_Grp=1                                     18+","Mail_Grp                                       Age group
Mail_Grp=1                                     18+
Mail_Grp=2                                     13-17
Mail_grp=3                                     5-12

","","candidate"
"react1.r11.registration","3","context_definition_or_continuation","Mail_Grp=2                                     13-17","Mail_Grp=1                                     18+
Mail_Grp=2                                     13-17
Mail_grp=3                                     5-12


","","candidate"
"react1.r11.registration","3","context_definition_or_continuation","Mail_grp=3                                     5-12","Mail_Grp=2                                     13-17
Mail_grp=3                                     5-12



","","candidate"
"react1.r11.registration","4","gate_or_option_instruction","ASK Mail_Grp=1 AND Mail_Grp=2 This survey is for [u_firstname] [u_name]. Are you","INDCONF
ASK Mail_Grp=1 AND Mail_Grp=2 This survey is for [u_firstname] [u_name]. Are you
[FF_Surname] [FF_Surname]?
IF CHILD is Mail_Grp=3 Are you the parent or guardian of [u_firstname] [u_name]?
Please select one answer
","INDCONF","candidate"
"react1.r11.registration","4","gate_or_option_instruction","IF CHILD is Mail_Grp=3 Are you the parent or guardian of [u_firstname] [u_name]?","[FF_Surname] [FF_Surname]?
IF CHILD is Mail_Grp=3 Are you the parent or guardian of [u_firstname] [u_name]?
Please select one answer


1. Yes","","candidate"
"react1.r11.registration","4","gate_or_option_instruction","IF INDCONF = 2 AND Mail_Grp=2","
IF INDCONF = 2 AND Mail_Grp=2
INDCONFPARENT
This survey is intended for [FF_Surname] [FF_Surname ]. If you are the parent or guardian
of [FF_Surname] [FF_Surname ] you can complete the survey on their behalf. Are you the
parent or guardian of [FF_Surname] [FF_Surname ]?","INDCONFPARENT","candidate"
"react1.r11.registration","4","context_or_wording_needs_review","INDCONFPARENT","IF INDCONF = 2 AND Mail_Grp=2
INDCONFPARENT
This survey is intended for [FF_Surname] [FF_Surname ]. If you are the parent or guardian
of [FF_Surname] [FF_Surname ] you can complete the survey on their behalf. Are you the
parent or guardian of [FF_Surname] [FF_Surname ]?
1. Yes","","candidate"
"react1.r11.registration","4","context_or_wording_needs_review","This survey is intended for [FF_Surname] [FF_Surname ]. If you are the parent or guardian","INDCONFPARENT
This survey is intended for [FF_Surname] [FF_Surname ]. If you are the parent or guardian
of [FF_Surname] [FF_Surname ] you can complete the survey on their behalf. Are you the
parent or guardian of [FF_Surname] [FF_Surname ]?
1. Yes
2. No","INDCONFPARENT","candidate"
"react1.r11.registration","4","context_or_wording_needs_review","parent or guardian of [FF_Surname] [FF_Surname ]?","of [FF_Surname] [FF_Surname ] you can complete the survey on their behalf. Are you the
parent or guardian of [FF_Surname] [FF_Surname ]?
1. Yes
2. No

IF INDCONFPARENT=2 OR INDCONF=2 AND Mail_Grp=3","","candidate"
"react1.r11.registration","4","gate_or_option_instruction","IF INDCONFPARENT=2 OR INDCONF=2 AND Mail_Grp=3","
IF INDCONFPARENT=2 OR INDCONF=2 AND Mail_Grp=3
CLOSE1
“We thank you for your time spent taking this survey.”
TERMINATE
","","candidate"
"react1.r11.registration","4","gate_or_option_instruction","IF INDCONF =2 AND Mail_Grp=1","
IF INDCONF =2 AND Mail_Grp=1
INDCONFCARER
This survey is intended for [FF_Surname] [FF_Surname ]. If you are a carer for
[FF_Surname] [FF_Surname ], or they need assistance, you can help them to complete the
survey. Are you a carer for [FF_Surname] [FF_Surname ], or assisting them?","INDCONFCARER","candidate"
"react1.r11.registration","4","context_or_wording_needs_review","INDCONFCARER","IF INDCONF =2 AND Mail_Grp=1
INDCONFCARER
This survey is intended for [FF_Surname] [FF_Surname ]. If you are a carer for
[FF_Surname] [FF_Surname ], or they need assistance, you can help them to complete the
survey. Are you a carer for [FF_Surname] [FF_Surname ], or assisting them?
1. Yes","","candidate"
"react1.r11.registration","4","context_or_wording_needs_review","This survey is intended for [FF_Surname] [FF_Surname ]. If you are a carer for","INDCONFCARER
This survey is intended for [FF_Surname] [FF_Surname ]. If you are a carer for
[FF_Surname] [FF_Surname ], or they need assistance, you can help them to complete the
survey. Are you a carer for [FF_Surname] [FF_Surname ], or assisting them?
1. Yes
2. No","INDCONFCARER","candidate"
"react1.r11.registration","4","context_or_wording_needs_review","survey. Are you a carer for [FF_Surname] [FF_Surname ], or assisting them?","[FF_Surname] [FF_Surname ], or they need assistance, you can help them to complete the
survey. Are you a carer for [FF_Surname] [FF_Surname ], or assisting them?
1. Yes
2. No

IF INDCONFCARER =2","","candidate"
"react1.r11.registration","4","gate_or_option_instruction","IF INDCONFCARER =2","
IF INDCONFCARER =2
CLOSE1
“We thank you for your time spent taking this survey.”
TERMINATE
","","candidate"
"react1.r11.registration","5","wording_only","IF 5-12 OR (13-17 INDCONFPARENT =1) Textfill is “your child”","IF 18+ OR (13-17 INDCONF=1) Textfill is “your”
IF 5-12 OR (13-17 INDCONFPARENT =1) Textfill is “your child”

ASK ALL
DOB
What is [your/your child’s] date of birth?","","candidate"
"react1.r11.registration","5","context_definition_or_continuation","Mail_Grp=1     18+        YEAR RANGE             “Our records suggest you are aged 17 or","AGE
Mail_Grp=1     18+        YEAR RANGE             “Our records suggest you are aged 17 or
1900 -2004             over, please check your answer.”
Mail_Grp=2     13-17      YEAR RANGE             “Our records suggest [IF INDCONF = 1:
2003- 2009             you are/IF INCONFPARENT = 1 your child
is] aged between 12 and 18, please check","AGE","candidate"
"react1.r11.registration","5","context_definition_or_continuation","Mail_Grp=2     13-17      YEAR RANGE             “Our records suggest [IF INDCONF = 1:","1900 -2004             over, please check your answer.”
Mail_Grp=2     13-17      YEAR RANGE             “Our records suggest [IF INDCONF = 1:
2003- 2009             you are/IF INCONFPARENT = 1 your child
is] aged between 12 and 18, please check
your answer”
Mail_grp=3     5-12       YEAR RANGE –           “Our records suggest your child is aged","","candidate"
"react1.r11.registration","5","context_or_wording_needs_review","2003- 2009             you are/IF INCONFPARENT = 1 your child","Mail_Grp=2     13-17      YEAR RANGE             “Our records suggest [IF INDCONF = 1:
2003- 2009             you are/IF INCONFPARENT = 1 your child
is] aged between 12 and 18, please check
your answer”
Mail_grp=3     5-12       YEAR RANGE –           “Our records suggest your child is aged
2008- 2016             between 5 and 13, please check your","","candidate"
"react1.r11.registration","5","context_or_wording_needs_review","is] aged between 12 and 18, please check","2003- 2009             you are/IF INCONFPARENT = 1 your child
is] aged between 12 and 18, please check
your answer”
Mail_grp=3     5-12       YEAR RANGE –           “Our records suggest your child is aged
2008- 2016             between 5 and 13, please check your
answer”","","candidate"
"react1.r11.registration","5","context_definition_or_continuation","Mail_grp=3     5-12       YEAR RANGE –           “Our records suggest your child is aged","your answer”
Mail_grp=3     5-12       YEAR RANGE –           “Our records suggest your child is aged
2008- 2016             between 5 and 13, please check your
answer”

","","candidate"
"react1.r11.registration","5","context_or_wording_needs_review","What was your/your child’s age at your/their last birthday?","AGE
What was your/your child’s age at your/their last birthday?
[OPEN NUMERIC BOX AND APPLY TO AGE GROUPS AS OUTLINED BELOW BUT
ALLOW PAST]
GROUP          GROUP ALLOW RANGE                 ERROR MESSAGE
AGE","AGE","candidate"
"react1.r11.registration","5","context_or_wording_needs_review","[OPEN NUMERIC BOX AND APPLY TO AGE GROUPS AS OUTLINED BELOW BUT","What was your/your child’s age at your/their last birthday?
[OPEN NUMERIC BOX AND APPLY TO AGE GROUPS AS OUTLINED BELOW BUT
ALLOW PAST]
GROUP          GROUP ALLOW RANGE                 ERROR MESSAGE
AGE
Mail_Grp=1     18+        RANGE 17 -112          “Our records suggest you are aged 17 or","","candidate"
"react1.r11.registration","5","context_definition_or_continuation","Mail_Grp=1     18+        RANGE 17 -112          “Our records suggest you are aged 17 or","AGE
Mail_Grp=1     18+        RANGE 17 -112          “Our records suggest you are aged 17 or
over, please check your answer.”
Mail_Grp=2     13-17      RANGE 12-18            “Our records suggest [IF INDCONF = 1:
you are/IF INCONFPARENT = 1 your child
is] aged between 12 and 18, please check","AGE","candidate"
"react1.r11.registration","5","context_definition_or_continuation","Mail_Grp=2     13-17      RANGE 12-18            “Our records suggest [IF INDCONF = 1:","over, please check your answer.”
Mail_Grp=2     13-17      RANGE 12-18            “Our records suggest [IF INDCONF = 1:
you are/IF INCONFPARENT = 1 your child
is] aged between 12 and 18, please check
your answer”
Mail_grp=3     5-12       RANGE 5- 13            “Our records suggest your child is aged","","candidate"
"react1.r11.registration","5","context_or_wording_needs_review","you are/IF INCONFPARENT = 1 your child","Mail_Grp=2     13-17      RANGE 12-18            “Our records suggest [IF INDCONF = 1:
you are/IF INCONFPARENT = 1 your child
is] aged between 12 and 18, please check
your answer”
Mail_grp=3     5-12       RANGE 5- 13            “Our records suggest your child is aged
between 5 and 13, please check your","","candidate"
"react1.r11.registration","5","context_or_wording_needs_review","is] aged between 12 and 18, please check","you are/IF INCONFPARENT = 1 your child
is] aged between 12 and 18, please check
your answer”
Mail_grp=3     5-12       RANGE 5- 13            “Our records suggest your child is aged
between 5 and 13, please check your
answer”","","candidate"
"react1.r11.registration","5","context_definition_or_continuation","Mail_grp=3     5-12       RANGE 5- 13            “Our records suggest your child is aged","your answer”
Mail_grp=3     5-12       RANGE 5- 13            “Our records suggest your child is aged
between 5 and 13, please check your
answer”

","","candidate"
"react1.r11.registration","6","context_or_wording_needs_review","DAGE [Derived age for filter questions)","
DAGE [Derived age for filter questions)

IF GIVE A DOB AT DOB OR PREFER NOT TO SAY AT AGE: CALCULATE AGE FROM
SAMPLE INFORMATION (assume day is 15 of month)
","","candidate"
"react1.r11.registration","6","gate_or_option_instruction","IF GIVE A DOB AT DOB OR PREFER NOT TO SAY AT AGE: CALCULATE AGE FROM","
IF GIVE A DOB AT DOB OR PREFER NOT TO SAY AT AGE: CALCULATE AGE FROM
SAMPLE INFORMATION (assume day is 15 of month)

OTHERWISE USE AGE FROM AGE FOR FILTERING
","","candidate"
"react1.r11.registration","6","context_or_wording_needs_review","OTHERWISE USE AGE FROM AGE FOR FILTERING","
OTHERWISE USE AGE FROM AGE FOR FILTERING


IF Mail_Grp=3
","","candidate"
"react1.r11.registration","6","gate_or_option_instruction","IF Mail_Grp=3","
IF Mail_Grp=3

AGEPARENT

What was your age at your last birthday?","AGEPARENT","candidate"
"react1.r11.registration","6","context_or_wording_needs_review","AGEPARENT","
AGEPARENT

What was your age at your last birthday?

[OPEN NUMERIC BOX, RANGE 16– 112]","","candidate"
"react1.r11.registration","6","context_or_wording_needs_review","What was your age at your last birthday?","
What was your age at your last birthday?

[OPEN NUMERIC BOX, RANGE 16– 112]
1. Prefer not to say
","AGEPARENT","candidate"
"react1.r11.registration","6","gate_or_option_instruction","IF AGED 13-15 AND MAIL_GRP2","
IF AGED 13-15 AND MAIL_GRP2

PARCONS

Does your parent or guardian give you permission to take part in this study?","PARCONS","candidate"
"react1.r11.registration","6","context_or_wording_needs_review","Does your parent or guardian give you permission to take part in this study?","
Does your parent or guardian give you permission to take part in this study?

1.      Yes
2.      No
","PARCONS","candidate"
"react1.r11.registration","6","context_or_wording_needs_review","Please ask your parent or guardian for permission to complete the survey. Once they have","
Please ask your parent or guardian for permission to complete the survey. Once they have
agreed for you to take part, please log back in to the survey.""
TERMINATE

IF PARCONS = 1","","candidate"
"react1.r11.registration","6","context_or_wording_needs_review","Please write in the full name of your parent/carer who has agreed that you can take part:","
Please write in the full name of your parent/carer who has agreed that you can take part:
{text box}


[TO SCRIPTING: IF NUMERIC VALUE IS ENTERED DISPLAY ERROR MESSAGE ‘Please","","candidate"
"react1.r11.registration","7","gate_or_option_instruction","IF AGED Mail_Grp=1 OR Mail_Grp=3 OR (Mail_Grp=2 INDCONFPARENT =1)","Household composition
IF AGED Mail_Grp=1 OR Mail_Grp=3 OR (Mail_Grp=2 INDCONFPARENT =1)
NADULTS

Including yourself, how many adults aged 18 and over currently live in your household?
","NADULTS","candidate"
"react1.r11.registration","7","context_or_wording_needs_review","Including yourself, how many adults aged 18 and over currently live in your household?","
Including yourself, how many adults aged 18 and over currently live in your household?

INFO: Who should I include? Include all adults aged 18 and over, including any young
people aged 18 or over. Include young people who regularly spend part of the week in your
household. Include yourself.","NADULTS","candidate"
"react1.r11.registration","7","context_or_wording_needs_review","INFO: Who should I include? Include all adults aged 18 and over, including any young","
INFO: Who should I include? Include all adults aged 18 and over, including any young
people aged 18 or over. Include young people who regularly spend part of the week in your
household. Include yourself.

NUMERIC 1...","","candidate"
"react1.r11.registration","7","context_or_wording_needs_review","people aged 18 or over. Include young people who regularly spend part of the week in your","INFO: Who should I include? Include all adults aged 18 and over, including any young
people aged 18 or over. Include young people who regularly spend part of the week in your
household. Include yourself.

NUMERIC 1...
","","candidate"
"react1.r11.registration","7","context_or_wording_needs_review","[Show multiple rows up for number of adults aged Mail_Grp=1 in household ALLOW RANGE","
[Show multiple rows up for number of adults aged Mail_Grp=1 in household ALLOW RANGE
18 -112]
[IF MORE THAN 10 ADULTS ENTERED AT NADULTS ALLOW ONLY 10 ROWS FOR
NUMBER OF ADULTS]
","","candidate"
"react1.r11.registration","7","context_or_wording_needs_review","Header: Age in Years","
Header: Age in Years

Rows for each adult:

First adult","","candidate"
"react1.r11.registration","8","gate_or_option_instruction","IF Mail_Grp1 OR Mail_Grp=2 ANDINDCONF = 1.","
IF Mail_Grp1 OR Mail_Grp=2 ANDINDCONF = 1.
NADULTS1

How many adults aged 18 and over currently live in your household?
","NADULTS1","candidate"
"react1.r11.registration","8","context_or_wording_needs_review","How many adults aged 18 and over currently live in your household?","
How many adults aged 18 and over currently live in your household?

INFO: Who should I include? Include all adults aged 18 and over, including any young
people aged 18 or over. Include young people who regularly spend part of the week in your
household.","NADULTS1","candidate"
"react1.r11.registration","8","context_or_wording_needs_review","INFO: Who should I include? Include all adults aged 18 and over, including any young","
INFO: Who should I include? Include all adults aged 18 and over, including any young
people aged 18 or over. Include young people who regularly spend part of the week in your
household.

NUMERIC 1...","","candidate"
"react1.r11.registration","8","context_or_wording_needs_review","people aged 18 or over. Include young people who regularly spend part of the week in your","INFO: Who should I include? Include all adults aged 18 and over, including any young
people aged 18 or over. Include young people who regularly spend part of the week in your
household.

NUMERIC 1...
","","candidate"
"react1.r11.registration","8","context_or_wording_needs_review","[Show multiple rows up for number of adults aged Mail_Grp=1 in household ALLOW RANGE","
[Show multiple rows up for number of adults aged Mail_Grp=1 in household ALLOW RANGE
18 -112]

[IF MORE THAN 10 ADULTS ENTERED AT NADULTS1 ALLOW ONLY 10 ROWS FOR
NUMBER OF ADULTS]","","candidate"
"react1.r11.registration","8","context_or_wording_needs_review","Header: Age in Years","
Header: Age in Years

Rows for each adult:

First adult","","candidate"
"react1.r11.registration","9","gate_or_option_instruction","IF Mail_Grp=1 or Mail_Grp=3 or (Mail_Grp=2 and INDCONFPARENT =1)","
IF Mail_Grp=1 or Mail_Grp=3 or (Mail_Grp=2 and INDCONFPARENT =1)
NCHILD
How many children or young people aged 0 to 17 years currently live in your household?

INFO: Who should I include?","NCHILD","candidate"
"react1.r11.registration","9","context_or_wording_needs_review","How many children or young people aged 0 to 17 years currently live in your household?","NCHILD
How many children or young people aged 0 to 17 years currently live in your household?

INFO: Who should I include?
Include all children aged 0-17 in your household, whether or not they are your own children.
Include infants and babies. Include children who regularly spend part of the week in your","NCHILD","candidate"
"react1.r11.registration","9","context_or_wording_needs_review","Include all children aged 0-17 in your household, whether or not they are your own children.","INFO: Who should I include?
Include all children aged 0-17 in your household, whether or not they are your own children.
Include infants and babies. Include children who regularly spend part of the week in your
household.

NOTE FOR PROGRAMMER: IF MAIL_GRP = 3 or (MAIL_GRP=2 AND","","candidate"
"react1.r11.registration","9","context_or_wording_needs_review","NOTE FOR PROGRAMMER: IF MAIL_GRP = 3 or (MAIL_GRP=2 AND","
NOTE FOR PROGRAMMER: IF MAIL_GRP = 3 or (MAIL_GRP=2 AND
INDCONFPARENT=1) IF 0 IS ENTERED, PLEASE BRING UP ERROR MESSAGE:

“You have said that there are no children aged 0-17 in your household. Please remember to
include the child this survey relates to.”","","candidate"
"react1.r11.registration","9","context_or_wording_needs_review","INDCONFPARENT=1) IF 0 IS ENTERED, PLEASE BRING UP ERROR MESSAGE:","NOTE FOR PROGRAMMER: IF MAIL_GRP = 3 or (MAIL_GRP=2 AND
INDCONFPARENT=1) IF 0 IS ENTERED, PLEASE BRING UP ERROR MESSAGE:

“You have said that there are no children aged 0-17 in your household. Please remember to
include the child this survey relates to.”
","","candidate"
"react1.r11.registration","9","context_or_wording_needs_review","“You have said that there are no children aged 0-17 in your household. Please remember to","
“You have said that there are no children aged 0-17 in your household. Please remember to
include the child this survey relates to.”

NUMERIC 0...15
","","candidate"
"react1.r11.registration","9","gate_or_option_instruction","ASK (IF MAIL_GRP1 (AND NCHILD=1+)) OR (MAIL_GRP3 (AND NCHILD=2+))","CHILDAGE
ASK (IF MAIL_GRP1 (AND NCHILD=1+)) OR (MAIL_GRP3 (AND NCHILD=2+))

OR (MAIL_GRP2 AND INDCONFPARENT=1 AND NUMBER AT NCHILD=2+)

","CHILDAGE_1|CHILDAGE_2|CHILDAGE_3|CHILDAGE_4|CHILDAGE_5|CHILDAGE_6|CHILDAGE_7|CHILDAGE_8|CHILDAGE_9|CHILDAGE_10|CHILDAGE_11|CHILDAGE_12|CHILDAGE_13|CHILDAGE_14|CHILDAGE_15","candidate"
"react1.r11.registration","9","context_or_wording_needs_review","OR (MAIL_GRP2 AND INDCONFPARENT=1 AND NUMBER AT NCHILD=2+)","
OR (MAIL_GRP2 AND INDCONFPARENT=1 AND NUMBER AT NCHILD=2+)


You said that [(IF NUMBER AT NCHILD = 1) there is 1 child] [(IF NUMBER AT NCHILD =
2+) there are (NUMBER AT NCHILD) children] in your household. How old are these","","candidate"
"react1.r11.registration","9","context_or_wording_needs_review","[Show multiple rows up for number of children aged 0-17 in household. ALLOW RANGE 0-","children?
[Show multiple rows up for number of children aged 0-17 in household. ALLOW RANGE 0-
17]
Header: Age in Years
Rows for each child:
First child","","candidate"
"react1.r11.registration","9","context_or_wording_needs_review","Header: Age in Years","17]
Header: Age in Years
Rows for each child:
First child
Second child (and so on)
Columns for each child:","","candidate"
"react1.r11.registration","10","gate_or_option_instruction","IF Mail_Grp=2 (INDCONF = 1)","
IF Mail_Grp=2 (INDCONF = 1)

NCHILD1
Including yourself, how many children or young people aged 0 to 17 years currently live in
your household?","NCHILD1","candidate"
"react1.r11.registration","10","context_or_wording_needs_review","Including yourself, how many children or young people aged 0 to 17 years currently live in","NCHILD1
Including yourself, how many children or young people aged 0 to 17 years currently live in
your household?

INFO: Who should I include?
Include all children aged 0-17 in your household, whether or not they are your own children.","NCHILD1","candidate"
"react1.r11.registration","10","context_or_wording_needs_review","Include all children aged 0-17 in your household, whether or not they are your own children.","INFO: Who should I include?
Include all children aged 0-17 in your household, whether or not they are your own children.
Include infants and babies. Include children who regularly spend part of the week in your
household. Include yourself.

NUMERIC 0...15","","candidate"
"react1.r11.registration","10","context_or_wording_needs_review","[Show multiple rows up for number of children aged 0-17 in household]","household. How old are these children?
[Show multiple rows up for number of children aged 0-17 in household]
Header: Age in Years
Rows for each child:
First child
Second child (and so on)","","candidate"
"react1.r11.registration","10","context_or_wording_needs_review","Header: Age in Years","[Show multiple rows up for number of children aged 0-17 in household]
Header: Age in Years
Rows for each child:
First child
Second child (and so on)
Columns for each child:","","candidate"
"react1.r11.registration","10","gate_or_option_instruction","IF Mail_Grp=1 OR Mail_Grp=3 OR (16-17 INDCONF =1) Are you …","WORKTYP1
IF Mail_Grp=1 OR Mail_Grp=3 OR (16-17 INDCONF =1) Are you …
OR (16-17 INDCONFPARENT =1) Is your child….

WORKTYP1
Are you …/Is your child","WORKTYP1_1|WORKTYP1_2|WORKTYP1_3|WORKTYP1_4|WORKTYP1_5|WORKTYP1_6|WORKTYP1_7","candidate"
"react1.r11.registration","10","context_or_wording_needs_review","OR (16-17 INDCONFPARENT =1) Is your child….","IF Mail_Grp=1 OR Mail_Grp=3 OR (16-17 INDCONF =1) Are you …
OR (16-17 INDCONFPARENT =1) Is your child….

WORKTYP1
Are you …/Is your child
","WORKTYP1_1|WORKTYP1_2|WORKTYP1_3|WORKTYP1_4|WORKTYP1_5|WORKTYP1_6|WORKTYP1_7","candidate"
"react1.r11.registration","11","gate_or_option_instruction","IF (MAILGRP=1 OR 3 AND NADULTS=2+) OR IF MAILGRP=2","
IF (MAILGRP=1 OR 3 AND NADULTS=2+) OR IF MAILGRP=2

Is anyone <IF WORKTYP1 = 1-5: else> in your household …

1. A healthcare worker with direct patient contact","WORKTYP3_1|WORKTYP3_2|WORKTYP3_3|WORKTYP3_4|WORKTYP3_5|WORKTYP3_6|WORKTYP3_7","candidate"
"react1.r11.registration","13","gate_or_option_instruction","ASK MAIL_GRP1 OR MAIL_GRP2 (AGED 16+)","Vaccinations
ASK MAIL_GRP1 OR MAIL_GRP2 (AGED 16+)

CALCULATE AGE FROM SAMPLE INFORMATION (assume day is 15 of month)

VACCINE3","VACCINE3","candidate"
"react1.r11.registration","13","context_or_wording_needs_review","CALCULATE AGE FROM SAMPLE INFORMATION (assume day is 15 of month)","
CALCULATE AGE FROM SAMPLE INFORMATION (assume day is 15 of month)

VACCINE3

Have you/Has your child ever had a coronavirus vaccine?","VACCINE3","candidate"
"react1.r11.registration","15","context_or_wording_needs_review","Group 3 (5-12) OR group 2 INDCONFPARENT=1 ‘my child’","Group 1 (18+) OR group 2 INDCONF=1 Textfill ‘you’
Group 3 (5-12) OR group 2 INDCONFPARENT=1 ‘my child’
EXCL
Do you/Does your child have an increased risk of bleeding (for example taking
anticoagulants or a medical condition such as haemophilia, or are/ are they prone to
nosebleeds)?","EXCL","candidate"
"react1.r11.registration","16","context_or_wording_needs_review","staff and researchers. Nobody will be able to identify you [IF MAIL_GRP3 OR MAIL_GRP2","information will be kept confidential by Ipsos MORI, and approved Imperial College London
staff and researchers. Nobody will be able to identify you [IF MAIL_GRP3 OR MAIL_GRP2
AND INDCONFPARENT =1 “or your child”] in any published results. We will send more
information with the test, and you can withdraw from the study at any time.
Ipsos MORI will pass all test results to NHS Test and Trace. For more information, go to the
full Privacy Policy at www.ipsos.uk/covid-swab-privacy. If your/the test is positive","","candidate"
"react1.r11.registration","16","context_or_wording_needs_review","AND INDCONFPARENT =1 “or your child”] in any published results. We will send more","staff and researchers. Nobody will be able to identify you [IF MAIL_GRP3 OR MAIL_GRP2
AND INDCONFPARENT =1 “or your child”] in any published results. We will send more
information with the test, and you can withdraw from the study at any time.
Ipsos MORI will pass all test results to NHS Test and Trace. For more information, go to the
full Privacy Policy at www.ipsos.uk/covid-swab-privacy. If your/the test is positive
(suggesting that you/your child have/has COVID-19) NHS Test and Trace may contact you.","","candidate"
"react1.r11.registration","17","context_or_wording_needs_review","DO NOT ASK INDCONFPARENT=1","
DO NOT ASK INDCONFPARENT=1
LINKAGEEXP
Imperial College would like your permission to link information held by NHS Digital and other
UK NHS bodies about you/ your child to this survey data to follow your health status for up to
20 years. If you agree Imperial College may also receive your contact details which they may","","candidate"
"react1.r11.registration","17","context_or_wording_needs_review","Do you give permission for Imperial College to do this [ IF PARENT COMPLETING ON","
Do you give permission for Imperial College to do this [ IF PARENT COMPLETING ON
BEHALF OF 5-12 YEAR OLD in Mail_Grp 3 ONLY] / until your child is 16 years old?

1.    Yes
2.    No","","candidate"
"react1.r11.registration","17","context_or_wording_needs_review","BEHALF OF 5-12 YEAR OLD in Mail_Grp 3 ONLY] / until your child is 16 years old?","Do you give permission for Imperial College to do this [ IF PARENT COMPLETING ON
BEHALF OF 5-12 YEAR OLD in Mail_Grp 3 ONLY] / until your child is 16 years old?

1.    Yes
2.    No
","","candidate"
"react1.r12.individual","4","context_or_wording_needs_review","This survey is for [FF_Surname] [FF_Surname ]. Are you / the parent or guardian of","INDCONF
This survey is for [FF_Surname] [FF_Surname ]. Are you / the parent or guardian of
[FF_Surname] [FF_Surname]?
Please select one answer
1.    Yes
2.    No","INDCONF","candidate"
"react1.r12.individual","4","gate_or_option_instruction","IF INDCONF = 2 AND Mail_Grp 2","
IF INDCONF = 2 AND Mail_Grp 2
INDCONFPARENT
This survey is intended for [FF_firstname] [FF_Surname ]. If you are the parent or guardian
of [FF_firstname] [FF_Surname ] you can complete the survey by proxy and answer the
survey on their behalf. Are you the parent or guardian of [FF_firstname] [FF_Surname ]?","INDCONFPARENT","candidate"
"react1.r12.individual","4","context_or_wording_needs_review","INDCONFPARENT","IF INDCONF = 2 AND Mail_Grp 2
INDCONFPARENT
This survey is intended for [FF_firstname] [FF_Surname ]. If you are the parent or guardian
of [FF_firstname] [FF_Surname ] you can complete the survey by proxy and answer the
survey on their behalf. Are you the parent or guardian of [FF_firstname] [FF_Surname ]?
1.    Yes","","candidate"
"react1.r12.individual","4","context_or_wording_needs_review","This survey is intended for [FF_firstname] [FF_Surname ]. If you are the parent or guardian","INDCONFPARENT
This survey is intended for [FF_firstname] [FF_Surname ]. If you are the parent or guardian
of [FF_firstname] [FF_Surname ] you can complete the survey by proxy and answer the
survey on their behalf. Are you the parent or guardian of [FF_firstname] [FF_Surname ]?
1.    Yes
2.    No [TERMINATE]","INDCONFPARENT","candidate"
"react1.r12.individual","4","context_or_wording_needs_review","survey on their behalf. Are you the parent or guardian of [FF_firstname] [FF_Surname ]?","of [FF_firstname] [FF_Surname ] you can complete the survey by proxy and answer the
survey on their behalf. Are you the parent or guardian of [FF_firstname] [FF_Surname ]?
1.    Yes
2.    No [TERMINATE]

","","candidate"
"react1.r12.individual","4","gate_or_option_instruction","IF INDCONFPARENT=2 OR (INDCONF=2 AND AGE Mail_Grp 3)","
IF INDCONFPARENT=2 OR (INDCONF=2 AND AGE Mail_Grp 3)
CLOSE1
“We thank you for your time spent taking this survey.”
TERMINATE
","","candidate"
"react1.r12.individual","4","gate_or_option_instruction","IF INDCONF =2 AND Mail_Grp 1","
IF INDCONF =2 AND Mail_Grp 1
INDCONFCARER
This survey is intended for [FF_firstame] [FF_Surname ]. If you are a carer for [FF_firstname]
[FF_Surname ], or they need assistance, you can help them to complete the survey. Are you
a carer for [FF_firstname] [FF_Surname ], or assisting them?","INDCONFCARER","candidate"
"react1.r12.individual","4","context_or_wording_needs_review","INDCONFCARER","IF INDCONF =2 AND Mail_Grp 1
INDCONFCARER
This survey is intended for [FF_firstame] [FF_Surname ]. If you are a carer for [FF_firstname]
[FF_Surname ], or they need assistance, you can help them to complete the survey. Are you
a carer for [FF_firstname] [FF_Surname ], or assisting them?
1.    Yes","","candidate"
"react1.r12.individual","4","context_or_wording_needs_review","This survey is intended for [FF_firstame] [FF_Surname ]. If you are a carer for [FF_firstname]","INDCONFCARER
This survey is intended for [FF_firstame] [FF_Surname ]. If you are a carer for [FF_firstname]
[FF_Surname ], or they need assistance, you can help them to complete the survey. Are you
a carer for [FF_firstname] [FF_Surname ], or assisting them?
1.    Yes
2.    No","INDCONFCARER","candidate"
"react1.r12.individual","4","context_or_wording_needs_review","a carer for [FF_firstname] [FF_Surname ], or assisting them?","[FF_Surname ], or they need assistance, you can help them to complete the survey. Are you
a carer for [FF_firstname] [FF_Surname ], or assisting them?
1.    Yes
2.    No

","","candidate"
"react1.r12.individual","5","gate_or_option_instruction","IF INDCONFCARER =2","
IF INDCONFCARER =2
CLOSE1
“We thank you for your time spent taking this survey.”
TERMINATE
","","candidate"
"react1.r12.individual","5","wording_only","IF Mail_Grp 1 OR (Mail_Grp 2 INDCONF=1) Textfill is “your”","PROGRAMMER: SET TEXTFILL
IF Mail_Grp 1 OR (Mail_Grp 2 INDCONF=1) Textfill is “your”
IF Mail_Grp 3 OR (Mail_Grp 2 INDCONFPARENT =1) Textfill is “your child”


","","candidate"
"react1.r12.individual","5","wording_only","IF Mail_Grp 3 OR (Mail_Grp 2 INDCONFPARENT =1) Textfill is “your child”","IF Mail_Grp 1 OR (Mail_Grp 2 INDCONF=1) Textfill is “your”
IF Mail_Grp 3 OR (Mail_Grp 2 INDCONFPARENT =1) Textfill is “your child”



Health","","candidate"
"react1.r12.individual","7","context_or_wording_needs_review","allergy [IF MAIL_GRP1 AND ASK IF GENDER = FEMALE AND (DAGE < 55)","child had COVID-19 or were they all related to another issue (e.g. other illness,
allergy [IF MAIL_GRP1 AND ASK IF GENDER = FEMALE AND (DAGE < 55)
, pregnancy] etc.)?

DISPLAY LIST OF SYMPTOMS MENTIONED AT SYMPTANY1, SYMPTANY2,
SYMPTANY3","","candidate"
"react1.r12.individual","7","response_option","4.    [IF MAIL_GRP1 ONLY] Some or all of the symptoms may have been due to a","1.    Some or all of the symptoms may have been due to COVID-19
4.    [IF MAIL_GRP1 ONLY] Some or all of the symptoms may have been due to a
COVID-19 vaccine

2.    The symptoms were not due to COVID-19 [IF MAIL_GRP1 ONLY] or a COVID-
19 vaccine","","candidate"
"react1.r12.individual","7","response_option","2.    The symptoms were not due to COVID-19 [IF MAIL_GRP1 ONLY] or a COVID-","
2.    The symptoms were not due to COVID-19 [IF MAIL_GRP1 ONLY] or a COVID-
19 vaccine
3.    Don’t know

","","candidate"
"react1.r12.individual","12","response_option","2.      In my place of work [SHOW ONLY IF MAIL_GRP1 OR MAIL_GRP2 AND","1.      In my household
2.      In my place of work [SHOW ONLY IF MAIL_GRP1 OR MAIL_GRP2 AND
INDCONF=1]
6.      In my/their school or college
3.      At a social event or gathering
4.      Somewhere else","","candidate"
"react1.r12.individual","12","gate_or_option_instruction","ASK IF COVIDCONPL=2 AND MAIL_GRP1 OR MAIL_GRP2 AND INDONF-=1","
ASK IF COVIDCONPL=2 AND MAIL_GRP1 OR MAIL_GRP2 AND INDONF-=1
COVIDCONWP

You said that you/your child had [IF COVIDCONNUM=2+ the most recent] contact with the
person who was a confirmed COVID-19 case in your workplace. Do you work in any of the","COVIDCONWP","candidate"
"react1.r12.individual","14","context_or_wording_needs_review","When you [Mail_grp1 or Mail_Grp 2 AND INDCONFPARENT=1]/[your child Mail_Grp3 OR","
When you [Mail_grp1 or Mail_Grp 2 AND INDCONFPARENT=1]/[your child Mail_Grp3 OR
Mail_grp 2 AND INDCONF=1] had COVID-19, did your [Mail_grp1 or Mail_Grp 2 AND
INDCONFPARENT=1]//their Mail_Grp3 OR Mail_grp 2 AND INDCONF=1] symptoms last
for more than four weeks?
","","candidate"
"react1.r12.individual","14","context_definition_or_continuation","Mail_grp 2 AND INDCONF=1] had COVID-19, did your [Mail_grp1 or Mail_Grp 2 AND","When you [Mail_grp1 or Mail_Grp 2 AND INDCONFPARENT=1]/[your child Mail_Grp3 OR
Mail_grp 2 AND INDCONF=1] had COVID-19, did your [Mail_grp1 or Mail_Grp 2 AND
INDCONFPARENT=1]//their Mail_Grp3 OR Mail_grp 2 AND INDCONF=1] symptoms last
for more than four weeks?

1.    Yes, and I/my child still have/has symptoms","","candidate"
"react1.r12.individual","14","context_or_wording_needs_review","INDCONFPARENT=1]//their Mail_Grp3 OR Mail_grp 2 AND INDCONF=1] symptoms last","Mail_grp 2 AND INDCONF=1] had COVID-19, did your [Mail_grp1 or Mail_Grp 2 AND
INDCONFPARENT=1]//their Mail_Grp3 OR Mail_grp 2 AND INDCONF=1] symptoms last
for more than four weeks?

1.    Yes, and I/my child still have/has symptoms
2.    Yes, but I/my child no longer have/has symptoms","","candidate"
"react1.r12.individual","19","gate_or_option_instruction","[ASK IF GENDER = FEMALE AND MAIL_GRP = 1 AND (DAGE < 55].","
[ASK IF GENDER = FEMALE AND MAIL_GRP = 1 AND (DAGE < 55].
PREG
SA

Are you pregnant at present?","PREG","candidate"
"react1.r12.individual","20","response_option","2.    Yes, my child has – [ ONLY Mail_grp3 OR for Mailgrp2 IF INDCONFPARENT=1]","1.    Yes, I have
2.    Yes, my child has – [ ONLY Mail_grp3 OR for Mailgrp2 IF INDCONFPARENT=1]
3.    Yes, someone else in my household has
4.    No
5.    Don’t know
","","candidate"
"react1.r12.individual","21","gate_or_option_instruction","IF Mail_Grp 1 AND LEAVE 1 =1 OR","
IF Mail_Grp 1 AND LEAVE 1 =1 OR
IF Mail_Grp2 AND INDCONF=1 AND LEAVE1=1

LEAVE 2
","","candidate"
"react1.r12.individual","21","gate_or_option_instruction","IF Mail_Grp2 AND INDCONF=1 AND LEAVE1=1","IF Mail_Grp 1 AND LEAVE 1 =1 OR
IF Mail_Grp2 AND INDCONF=1 AND LEAVE1=1

LEAVE 2

In the last 7 days, that is since <DATE/MONTH>, for what reasons have you left home?","","candidate"
"react1.r12.individual","21","response_option","14.   To get a vaccination [ASK IF Mail_grp1 ONLY]","9.    To go shopping
14.   To get a vaccination [ASK IF Mail_grp1 ONLY]
15.   To walk a dog/other pet care
10.   For errands (for example, pay bills, withdraw money from bank, visit post office)
11.   I have left my house for other reasons (please write in)
","","candidate"
"react1.r12.individual","22","gate_or_option_instruction","IF MAIL_GRP3 OR MAIL_GRP2","
IF MAIL_GRP3 OR MAIL_GRP2
SCHOOL
Did you/Did your child attend school [(IF MAIL_GRP2) or college] in person at all in the last 7
days?
","SCHOOL","candidate"
"react1.r12.individual","22","context_or_wording_needs_review","Did you/Did your child attend school [(IF MAIL_GRP2) or college] in person at all in the last 7","SCHOOL
Did you/Did your child attend school [(IF MAIL_GRP2) or college] in person at all in the last 7
days?

1.    Yes
2.    No","SCHOOL","candidate"
"react1.r12.individual","23","context_or_wording_needs_review","Please do not include anything done as part of (IF MAIL_GRP1 OR MAIL_GRP2 AND","In the last 7 days have you/has your child done any of the following activities indoors?
Please do not include anything done as part of (IF MAIL_GRP1 OR MAIL_GRP2 AND
INDCONF=1 your job or education/IF MAIL_GRP = 3 OR MAIL_GRP = 2 AND
INDCONFPARENT=1 your child’s education.)

Please select all that apply","","candidate"
"react1.r12.individual","23","context_or_wording_needs_review","INDCONF=1 your job or education/IF MAIL_GRP = 3 OR MAIL_GRP = 2 AND","Please do not include anything done as part of (IF MAIL_GRP1 OR MAIL_GRP2 AND
INDCONF=1 your job or education/IF MAIL_GRP = 3 OR MAIL_GRP = 2 AND
INDCONFPARENT=1 your child’s education.)

Please select all that apply
","","candidate"
"react1.r12.individual","23","context_or_wording_needs_review","INDCONFPARENT=1 your child’s education.)","INDCONF=1 your job or education/IF MAIL_GRP = 3 OR MAIL_GRP = 2 AND
INDCONFPARENT=1 your child’s education.)

Please select all that apply

1.    Taken exercise or a class inside at a gym or leisure centre","","candidate"
"react1.r12.individual","23","context_or_wording_needs_review","sporting event (not including for IF MAIL_GRP1 OR MAIL_GRP2 AND","10.   Other indoor event involving people outside your household e.g. performance,
sporting event (not including for IF MAIL_GRP1 OR MAIL_GRP2 AND
INDCONF=1 work IF MAIL_GRP = 3 OR MAIL_GRP = 2 education.)
8.    Prefer not to say
9.    (BLANK)
","","candidate"
"react1.r12.individual","23","context_or_wording_needs_review","INDCONF=1 work IF MAIL_GRP = 3 OR MAIL_GRP = 2 education.)","sporting event (not including for IF MAIL_GRP1 OR MAIL_GRP2 AND
INDCONF=1 work IF MAIL_GRP = 3 OR MAIL_GRP = 2 education.)
8.    Prefer not to say
9.    (BLANK)

","","candidate"
"react1.r12.individual","25","context_or_wording_needs_review","[(IF MAIL_GRP 1 OR MAIL_GRP 2 AND INDCONF=1) Please do not include anything done","In the last 7 days have you/has your child done any of the following activities outdoors?
[(IF MAIL_GRP 1 OR MAIL_GRP 2 AND INDCONF=1) Please do not include anything done
as part of your job.] IF MAIL_GRP = 3 OR MAIL_GRP = 2 AND INDCONFPARENT=1 your
child’s education.
Please select all that apply.
","","candidate"
"react1.r12.individual","25","context_or_wording_needs_review","as part of your job.] IF MAIL_GRP = 3 OR MAIL_GRP = 2 AND INDCONFPARENT=1 your","[(IF MAIL_GRP 1 OR MAIL_GRP 2 AND INDCONF=1) Please do not include anything done
as part of your job.] IF MAIL_GRP = 3 OR MAIL_GRP = 2 AND INDCONFPARENT=1 your
child’s education.
Please select all that apply.

1.   Played team sports or taken exercise classes outside","","candidate"
"react1.r12.individual","27","context_or_wording_needs_review","please count them only once. [IF Mail_Grp 2 or Mail_Grp 3 Do not include contact at school].","have contact with yesterday? If you/they had contact with a person more than one time,
please count them only once. [IF Mail_Grp 2 or Mail_Grp 3 Do not include contact at school].

Your answers will be kept strictly confidential.

By contact we mean:","","candidate"
"react1.r12.individual","27","context_or_wording_needs_review","1 person who is not a member of your household. Which of the following age groups was","You said that yesterday you/your child came into contact with CONTACT1[IF CONTACT 1=1
1 person who is not a member of your household. Which of the following age groups was
this person in?] [IF CONTACT1=2+ ""X people who are not members of your household].
How many of those were in each of the following age groups?

1. 0 to 17 years old (enter number)","","candidate"
"react1.r12.individual","27","context_or_wording_needs_review","How many of those were in each of the following age groups?","this person in?] [IF CONTACT1=2+ ""X people who are not members of your household].
How many of those were in each of the following age groups?

1. 0 to 17 years old (enter number)
2. 18 to 34 years old (enter number)
3. 35 to 64 years old (enter number)","","candidate"
"react1.r12.individual","27","gate_or_option_instruction","IF CONTACT1 = 1+ AND LEAVE2=1 AND MAIL_GRP1","
IF CONTACT1 = 1+ AND LEAVE2=1 AND MAIL_GRP1

CONTACT5

You said that yesterday you came into contact with CONTACT1 people who are not","CONTACT5","candidate"
"react1.r12.individual","33","response_option","2.    Yes, my child did – [ ONLY Mail_grp3 OR for Mailgrp2 IF INDCONFPARENT=1]","1.    Yes, I did
2.    Yes, my child did – [ ONLY Mail_grp3 OR for Mailgrp2 IF INDCONFPARENT=1]
3.    Yes, someone else in my household did
4.    No
5.    Don’t know
","","candidate"
"react1.r12.individual","37","response_option","1.    For work [Mail_Grp1 or Mail_grp2 AND age 16+ ONLY]","
1.    For work [Mail_Grp1 or Mail_grp2 AND age 16+ ONLY]
2.    To volunteer [Mail_Grp1 or Mail_grp2 AND age 16+ ONLY]
3.    To seek medical assistance/to go to a hospital appointment
4.    To care for, provide assistance or to help someone else (for example, friends or
family)","","candidate"
"react1.r12.individual","37","response_option","2.    To volunteer [Mail_Grp1 or Mail_grp2 AND age 16+ ONLY]","1.    For work [Mail_Grp1 or Mail_grp2 AND age 16+ ONLY]
2.    To volunteer [Mail_Grp1 or Mail_grp2 AND age 16+ ONLY]
3.    To seek medical assistance/to go to a hospital appointment
4.    To care for, provide assistance or to help someone else (for example, friends or
family)
5.    To meet with someone outside","","candidate"
"react1.r12.individual","37","response_option","8.    To take a child to school or childcare [Mail_Grp1 or Mail_grp2 AND age 16+","7.    To meet with someone indoors
8.    To take a child to school or childcare [Mail_Grp1 or Mail_grp2 AND age 16+
ONLY]
9.    To get or post a COVID-19 test
10.   There was a risk of harm
11.    For outdoor exercise (for example, going for a walk, run or cycle)","","candidate"
"react1.r12.individual","37","response_option","16.    To get a vaccination [Mail_Grp1 ONLY]","13.    For errands (for example, pay bills, withdraw money from bank, visit post office)
16.    To get a vaccination [Mail_Grp1 ONLY]
17.   To walk a dog/other pet care
14.    I/They have left my house for other reasons (please write in )
15.   Prefer not to say
","","candidate"
"react1.r12.individual","38","gate_or_option_instruction","ASK IF ISOLLEAVEREASON=1 AND Mail_Grp1 or (Mail_grp2 AND age 16+ ONLY and","
ASK IF ISOLLEAVEREASON=1 AND Mail_Grp1 or (Mail_grp2 AND age 16+ ONLY and
INDCONF=1]
COVIDWORK

Which of following best describes why you left home to go to work?","COVIDWORK_1|COVIDWORK_2|COVIDWORK_3|COVIDWORK_4|COVIDWORK_5|COVIDWORK_6|COVIDWORK_7|COVIDWORK_8|COVIDWORK_9|COVIDWORK_9_OTHER","candidate"
"react1.r12.individual","38","context_or_wording_needs_review","Have you been contacted by NHS Test and Trace [IF MAIL_GRP 3 OR Mail_Grp 2 AND","
Have you been contacted by NHS Test and Trace [IF MAIL_GRP 3 OR Mail_Grp 2 AND
INDCONFPARENT=1] about your child]?

1.     Yes
2.     No","COVIDTETR","candidate"
"react1.r12.individual","38","context_or_wording_needs_review","INDCONFPARENT=1] about your child]?","Have you been contacted by NHS Test and Trace [IF MAIL_GRP 3 OR Mail_Grp 2 AND
INDCONFPARENT=1] about your child]?

1.     Yes
2.     No
3.     Prefer not to say","","candidate"
"react1.r12.individual","39","gate_or_option_instruction","If NHSCONTACTS2 =2 OR 4 AND (MAIL_GRP3, MAIL_Grp1 or (MAIL_GRP2 AND","
If NHSCONTACTS2 =2 OR 4 AND (MAIL_GRP3, MAIL_Grp1 or (MAIL_GRP2 AND
INDCONF=1)).
NHSCONTACTSNO

Which of the following reasons describe why you did not provide (IF NHSCONTACTS2=2:","NHSCONTACTSNO_1|NHSCONTACTSNO_2|NHSCONTACTSNO_3|NHSCONTACTSNO_4|NHSCONTACTSNO_5|NHSCONTACTSNO_6|NHSCONTACTSNO_7|NHSCONTACTSNO_8|NHSCONTACTSNO_8_OTHER|NHSCONTACTSNO_9","candidate"
"react1.r12.individual","40","gate_or_option_instruction","ASK MAIL_GRP1 OR MAIL_GRP2 (AGED 16+)","Vaccinations
ASK MAIL_GRP1 OR MAIL_GRP2 (AGED 16+)

CALCULATE AGE FROM SAMPLE INFORMATION (assume day is 15 of month)

VACCINE3SYM","VACCINE3SYM","candidate"
"react1.r12.individual","40","context_or_wording_needs_review","CALCULATE AGE FROM SAMPLE INFORMATION (assume day is 15 of month)","
CALCULATE AGE FROM SAMPLE INFORMATION (assume day is 15 of month)

VACCINE3SYM

We asked you this at when you registered to receive a swab test kit but we would just like to","VACCINE3SYM","candidate"
"react1.r12.individual","42","gate_or_option_instruction","IF VACCINEACCEPT=2 or 3 AND (Mail_Grp 1 OR (Mail_Grp 2 AND (AGE=16 OR 17) AND","
IF VACCINEACCEPT=2 or 3 AND (Mail_Grp 1 OR (Mail_Grp 2 AND (AGE=16 OR 17) AND
INDCONF=1))
VACCRUFUSE1

[RANDOMISE LIST]","VACCRUFUSE1_1|VACCRUFUSE1_2|VACCRUFUSE1_3|VACCRUFUSE1_4|VACCRUFUSE1_5|VACCRUFUSE1_6|VACCRUFUSE1_7|VACCRUFUSE1_8|VACCRUFUSE1_9|VACCRUFUSE1_10|VACCRUFUSE1_11|VACCRUFUSE1_12|VACCRUFUSE1_13|VACCRUFUSE1_14|VACCRUFUSE1_15|VACCRUFUSE1_16|VACCRUFUSE1_17|VACCRUFUSE1_18|VACCRUFUSE1_21|VACCRUFUSE1_22|VACCRUFUSE1_23|VACCRUFUSE1_19|VACCRUFUSE1_19_OTHER|VACCRUFUSE1_20","candidate"
"react1.r12.individual","42","context_or_wording_needs_review","GENDER = FEMALE AND MAIL_GRP = 1 AND (DAGE < 55].","14. I am pregnant/breastfeeding and afraid of the effects on my baby [ASK IF
GENDER = FEMALE AND MAIL_GRP = 1 AND (DAGE < 55].
15. The impact of COVID-19 is being greatly exaggerated
16. I don't trust the people who have developed the vaccine
17. So long as most other people get the vaccine then it doesn't matter if I don't
18. Doses of the vaccine are limited and other people need it more than me","","candidate"
"react1.r12.individual","43","context_or_wording_needs_review","VACCINEAPP2 =2 AND (Mail_Grp 1 OR (Mail_Grp 2 AND (AGE=16 OR 17) AND","
VACCINEAPP2 =2 AND (Mail_Grp 1 OR (Mail_Grp 2 AND (AGE=16 OR 17) AND
INDCONF=1))
VACCREFUSE2

[RANDOMISE LIST]","","candidate"
"react1.r12.individual","43","context_or_wording_needs_review","GENDER = FEMALE AND MAIL_GRP = 1 AND (DAGE < 55].","14.   I am pregnant/breastfeeding and afraid of the effects on my baby [ASK IF
GENDER = FEMALE AND MAIL_GRP = 1 AND (DAGE < 55].
15.   The impact of COVID-19 is being greatly exaggerated
16.   I don't trust the people who have developed the vaccine
17.   So long as most other people get the vaccine then it doesn't matter if I don't
18.   Doses of the vaccine are limited and other people need it more than me","","candidate"
"react1.r12.individual","45","gate_or_option_instruction","ASK ALL Mail_Grp 1","
ASK ALL Mail_Grp 1
EDUC
What is your highest educational qualification? This means any educational, professional,
vocational or other work-related qualifications for which you received a certificate.
Please select one answer","EDUC","candidate"
"react1.r12.individual","46","gate_or_option_instruction","IF MAIL_GRP1 AND EMPL = 7","
IF MAIL_GRP1 AND EMPL = 7
EDTYPE

This term are you studying…
","EDTYPE","candidate"
"react1.r12.individual","46","gate_or_option_instruction","IF MAIL_GRP1 AND EMPL = 7","
IF MAIL_GRP1 AND EMPL = 7
CAMPUS2

Where are you currently living?
","CAMPUS2","candidate"
"react1.r12.individual","46","response_option","6. Parents’ or guardians’ home","5. Your own home which you own
6. Parents’ or guardians’ home
7. Other


","","candidate"
"react1.r12.individual","50","gate_or_option_instruction","ASK ALL MAIL_GRP1 OR MAIL_GRP3 ONLY","
ASK ALL MAIL_GRP1 OR MAIL_GRP3 ONLY
COV_PayEx2

How well would you say your household is managing financially these days? Would you say
your household is...","COV_PAYEX2","candidate"
"react1.r12.individual","50","response_option","2. Yes, my child does (SHOW CODE IF (MAIL_GRP = 3) OR (MAIL_GRP = 2 AND","1. Yes, I do
2. Yes, my child does (SHOW CODE IF (MAIL_GRP = 3) OR (MAIL_GRP = 2 AND
INDCONFPARENT=1))
3. Yes, someone else in my household does
4. No
5. Don’t know","","candidate"
"react1.r12.individual","50","context_or_wording_needs_review","INDCONFPARENT=1))","2. Yes, my child does (SHOW CODE IF (MAIL_GRP = 3) OR (MAIL_GRP = 2 AND
INDCONFPARENT=1))
3. Yes, someone else in my household does
4. No
5. Don’t know
","","candidate"
"react1.r12.individual","54","response_option","1.    For work [Mail_Grp1 or Mail_grp2 AND age 16+ ONLY]","
1.    For work [Mail_Grp1 or Mail_grp2 AND age 16+ ONLY]
2.    To volunteer [Mail_Grp1 or Mail_grp2 AND age 16+ ONLY]
3.    To seek medical assistance/to go to a hospital appointment
4.    To care for, provide assistance or to help someone else (for example, friends or
family)","","candidate"
"react1.r12.individual","54","response_option","2.    To volunteer [Mail_Grp1 or Mail_grp2 AND age 16+ ONLY]","1.    For work [Mail_Grp1 or Mail_grp2 AND age 16+ ONLY]
2.    To volunteer [Mail_Grp1 or Mail_grp2 AND age 16+ ONLY]
3.    To seek medical assistance/to go to a hospital appointment
4.    To care for, provide assistance or to help someone else (for example, friends or
family)
5.    To meet with someone outside","","candidate"
"react1.r12.individual","54","response_option","12.   To take a child to school or childcare [Mail_Grp1 or Mail_grp2 AND age 16+","11.   To meet with someone indoors
12.   To take a child to school or childcare [Mail_Grp1 or Mail_grp2 AND age 16+
ONLY]
13.   To get or post a COVID-19 test
14.   There was a risk of harm
15.   I am certain I do not have COVID-19","","candidate"
"react1.r12.individual","55","gate_or_option_instruction","ASK IF QISOLLEAVEREASON=1 AND Mail_Grp1 or (Mail_grp2 AND age 16+ ONLY and","
ASK IF QISOLLEAVEREASON=1 AND Mail_Grp1 or (Mail_grp2 AND age 16+ ONLY and
INDCONF=1]
QCOVIDWORK

[RANDOMISE LIST]","QCOVIDWORK_1|QCOVIDWORK_2|QCOVIDWORK_3|QCOVIDWORK_4|QCOVIDWORK_5|QCOVIDWORK_6|QCOVIDWORK_7|QCOVIDWORK_8|QCOVIDWORK_9|QCOVIDWORK_9_OTHER|QCOVIDWORK_10","candidate"
"react1.r12.individual","55","gate_or_option_instruction","ASK Mail_Grp=1","
ASK Mail_Grp=1
SMOKENOW

Do you smoke cigarettes at all nowadays?
","SMOKENOW","candidate"
"react1.r12.individual","57","gate_or_option_instruction","ASK Mailgrp=1","
ASK Mailgrp=1
VAPNOW

Do you vape/use e-cigarettes at all nowadays?
","VAPNOW","candidate"
"react1.r12.registration","3","context_or_wording_needs_review","There are 3 groups corresponding to Mail_Grp i.e. u_mail_grp","received inviting you to take part in this study.
There are 3 groups corresponding to Mail_Grp i.e. u_mail_grp
Mail_Grp                                       Age group
Mail_Grp=1                                     18+
Mail_Grp=2                                     13-17
Mail_grp=3                                     5-12","","candidate"
"react1.r12.registration","3","context_definition_or_continuation","Mail_Grp                                       Age group","There are 3 groups corresponding to Mail_Grp i.e. u_mail_grp
Mail_Grp                                       Age group
Mail_Grp=1                                     18+
Mail_Grp=2                                     13-17
Mail_grp=3                                     5-12
","","candidate"
"react1.r12.registration","3","context_definition_or_continuation","Mail_Grp=1                                     18+","Mail_Grp                                       Age group
Mail_Grp=1                                     18+
Mail_Grp=2                                     13-17
Mail_grp=3                                     5-12

","","candidate"
"react1.r12.registration","3","context_definition_or_continuation","Mail_Grp=2                                     13-17","Mail_Grp=1                                     18+
Mail_Grp=2                                     13-17
Mail_grp=3                                     5-12


","","candidate"
"react1.r12.registration","3","context_definition_or_continuation","Mail_grp=3                                     5-12","Mail_Grp=2                                     13-17
Mail_grp=3                                     5-12



","","candidate"
"react1.r12.registration","4","gate_or_option_instruction","ASK Mail_Grp=1 AND Mail_Grp=2 This survey is for [u_firstname] [u_name]. Are you","INDCONF
ASK Mail_Grp=1 AND Mail_Grp=2 This survey is for [u_firstname] [u_name]. Are you
[FF_Surname] [FF_Surname]?
IF CHILD is Mail_Grp=3 Are you the parent or guardian of [u_firstname] [u_name]?
Please select one answer
","INDCONF","candidate"
"react1.r12.registration","4","gate_or_option_instruction","IF CHILD is Mail_Grp=3 Are you the parent or guardian of [u_firstname] [u_name]?","[FF_Surname] [FF_Surname]?
IF CHILD is Mail_Grp=3 Are you the parent or guardian of [u_firstname] [u_name]?
Please select one answer

1. Yes
2. No","","candidate"
"react1.r12.registration","4","gate_or_option_instruction","IF INDCONF = 2 AND Mail_Grp=2","
IF INDCONF = 2 AND Mail_Grp=2
INDCONFPARENT
This survey is intended for [FF_Surname] [FF_Surname ]. If you are the parent or guardian
of [FF_Surname] [FF_Surname ] you can complete the survey on their behalf. Are you the
parent or guardian of [FF_Surname] [FF_Surname ]?","INDCONFPARENT","candidate"
"react1.r12.registration","4","context_or_wording_needs_review","INDCONFPARENT","IF INDCONF = 2 AND Mail_Grp=2
INDCONFPARENT
This survey is intended for [FF_Surname] [FF_Surname ]. If you are the parent or guardian
of [FF_Surname] [FF_Surname ] you can complete the survey on their behalf. Are you the
parent or guardian of [FF_Surname] [FF_Surname ]?
","","candidate"
"react1.r12.registration","4","context_or_wording_needs_review","This survey is intended for [FF_Surname] [FF_Surname ]. If you are the parent or guardian","INDCONFPARENT
This survey is intended for [FF_Surname] [FF_Surname ]. If you are the parent or guardian
of [FF_Surname] [FF_Surname ] you can complete the survey on their behalf. Are you the
parent or guardian of [FF_Surname] [FF_Surname ]?

1. Yes","INDCONFPARENT","candidate"
"react1.r12.registration","4","context_or_wording_needs_review","parent or guardian of [FF_Surname] [FF_Surname ]?","of [FF_Surname] [FF_Surname ] you can complete the survey on their behalf. Are you the
parent or guardian of [FF_Surname] [FF_Surname ]?

1. Yes
2. No
","","candidate"
"react1.r12.registration","4","gate_or_option_instruction","IF INDCONFPARENT=2 OR INDCONF=2 AND Mail_Grp=3","
IF INDCONFPARENT=2 OR INDCONF=2 AND Mail_Grp=3
CLOSE1
“We thank you for your time spent taking this survey.”
TERMINATE
","","candidate"
"react1.r12.registration","4","gate_or_option_instruction","IF INDCONF =2 AND Mail_Grp=1","
IF INDCONF =2 AND Mail_Grp=1
INDCONFCARER
This survey is intended for [FF_Surname] [FF_Surname ]. If you are a carer for
[FF_Surname] [FF_Surname ], or they need assistance, you can help them to complete the
survey. Are you a carer for [FF_Surname] [FF_Surname ], or assisting them?","INDCONFCARER","candidate"
"react1.r12.registration","4","context_or_wording_needs_review","INDCONFCARER","IF INDCONF =2 AND Mail_Grp=1
INDCONFCARER
This survey is intended for [FF_Surname] [FF_Surname ]. If you are a carer for
[FF_Surname] [FF_Surname ], or they need assistance, you can help them to complete the
survey. Are you a carer for [FF_Surname] [FF_Surname ], or assisting them?
1. Yes","","candidate"
"react1.r12.registration","4","context_or_wording_needs_review","This survey is intended for [FF_Surname] [FF_Surname ]. If you are a carer for","INDCONFCARER
This survey is intended for [FF_Surname] [FF_Surname ]. If you are a carer for
[FF_Surname] [FF_Surname ], or they need assistance, you can help them to complete the
survey. Are you a carer for [FF_Surname] [FF_Surname ], or assisting them?
1. Yes
2. No","INDCONFCARER","candidate"
"react1.r12.registration","4","context_or_wording_needs_review","survey. Are you a carer for [FF_Surname] [FF_Surname ], or assisting them?","[FF_Surname] [FF_Surname ], or they need assistance, you can help them to complete the
survey. Are you a carer for [FF_Surname] [FF_Surname ], or assisting them?
1. Yes
2. No

IF INDCONFCARER =2","","candidate"
"react1.r12.registration","4","gate_or_option_instruction","IF INDCONFCARER =2","
IF INDCONFCARER =2
CLOSE1
“We thank you for your time spent taking this survey.”
TERMINATE
","","candidate"
"react1.r12.registration","5","wording_only","IF 5-12 OR (13-17 INDCONFPARENT =1) Textfill is “your child”","IF 18+ OR (13-17 INDCONF=1) Textfill is “your”
IF 5-12 OR (13-17 INDCONFPARENT =1) Textfill is “your child”

ASK ALL
DOB
What is [your/your child’s] date of birth?","","candidate"
"react1.r12.registration","5","context_definition_or_continuation","Mail_Grp=1     18+        YEAR RANGE             “Our records suggest you are aged 17 or","AGE
Mail_Grp=1     18+        YEAR RANGE             “Our records suggest you are aged 17 or
1900 -2004             over, please check your answer.”
Mail_Grp=2     13-17      YEAR RANGE             “Our records suggest [IF INDCONF = 1:
2003- 2009             you are/IF INCONFPARENT = 1 your child
is] aged between 12 and 18, please check","AGE","candidate"
"react1.r12.registration","5","context_definition_or_continuation","Mail_Grp=2     13-17      YEAR RANGE             “Our records suggest [IF INDCONF = 1:","1900 -2004             over, please check your answer.”
Mail_Grp=2     13-17      YEAR RANGE             “Our records suggest [IF INDCONF = 1:
2003- 2009             you are/IF INCONFPARENT = 1 your child
is] aged between 12 and 18, please check
your answer”
Mail_grp=3     5-12       YEAR RANGE –           “Our records suggest your child is aged","","candidate"
"react1.r12.registration","5","context_or_wording_needs_review","2003- 2009             you are/IF INCONFPARENT = 1 your child","Mail_Grp=2     13-17      YEAR RANGE             “Our records suggest [IF INDCONF = 1:
2003- 2009             you are/IF INCONFPARENT = 1 your child
is] aged between 12 and 18, please check
your answer”
Mail_grp=3     5-12       YEAR RANGE –           “Our records suggest your child is aged
2008- 2016             between 5 and 13, please check your","","candidate"
"react1.r12.registration","5","context_or_wording_needs_review","is] aged between 12 and 18, please check","2003- 2009             you are/IF INCONFPARENT = 1 your child
is] aged between 12 and 18, please check
your answer”
Mail_grp=3     5-12       YEAR RANGE –           “Our records suggest your child is aged
2008- 2016             between 5 and 13, please check your
answer”","","candidate"
"react1.r12.registration","5","context_definition_or_continuation","Mail_grp=3     5-12       YEAR RANGE –           “Our records suggest your child is aged","your answer”
Mail_grp=3     5-12       YEAR RANGE –           “Our records suggest your child is aged
2008- 2016             between 5 and 13, please check your
answer”

","","candidate"
"react1.r12.registration","5","context_or_wording_needs_review","What was your/your child’s age at your/their last birthday?","AGE
What was your/your child’s age at your/their last birthday?
[OPEN NUMERIC BOX AND APPLY TO AGE GROUPS AS OUTLINED BELOW BUT
ALLOW PAST]
GROUP          GROUP ALLOW RANGE                 ERROR MESSAGE
AGE","AGE","candidate"
"react1.r12.registration","5","context_or_wording_needs_review","[OPEN NUMERIC BOX AND APPLY TO AGE GROUPS AS OUTLINED BELOW BUT","What was your/your child’s age at your/their last birthday?
[OPEN NUMERIC BOX AND APPLY TO AGE GROUPS AS OUTLINED BELOW BUT
ALLOW PAST]
GROUP          GROUP ALLOW RANGE                 ERROR MESSAGE
AGE
Mail_Grp=1     18+        RANGE 17 -112          “Our records suggest you are aged 17 or","","candidate"
"react1.r12.registration","5","context_definition_or_continuation","Mail_Grp=1     18+        RANGE 17 -112          “Our records suggest you are aged 17 or","AGE
Mail_Grp=1     18+        RANGE 17 -112          “Our records suggest you are aged 17 or
over, please check your answer.”
Mail_Grp=2     13-17      RANGE 12-18            “Our records suggest [IF INDCONF = 1:
you are/IF INCONFPARENT = 1 your child
is] aged between 12 and 18, please check","AGE","candidate"
"react1.r12.registration","5","context_definition_or_continuation","Mail_Grp=2     13-17      RANGE 12-18            “Our records suggest [IF INDCONF = 1:","over, please check your answer.”
Mail_Grp=2     13-17      RANGE 12-18            “Our records suggest [IF INDCONF = 1:
you are/IF INCONFPARENT = 1 your child
is] aged between 12 and 18, please check
your answer”
Mail_grp=3     5-12       RANGE 5- 13            “Our records suggest your child is aged","","candidate"
"react1.r12.registration","5","context_or_wording_needs_review","you are/IF INCONFPARENT = 1 your child","Mail_Grp=2     13-17      RANGE 12-18            “Our records suggest [IF INDCONF = 1:
you are/IF INCONFPARENT = 1 your child
is] aged between 12 and 18, please check
your answer”
Mail_grp=3     5-12       RANGE 5- 13            “Our records suggest your child is aged
between 5 and 13, please check your","","candidate"
"react1.r12.registration","5","context_or_wording_needs_review","is] aged between 12 and 18, please check","you are/IF INCONFPARENT = 1 your child
is] aged between 12 and 18, please check
your answer”
Mail_grp=3     5-12       RANGE 5- 13            “Our records suggest your child is aged
between 5 and 13, please check your
answer”","","candidate"
"react1.r12.registration","5","context_definition_or_continuation","Mail_grp=3     5-12       RANGE 5- 13            “Our records suggest your child is aged","your answer”
Mail_grp=3     5-12       RANGE 5- 13            “Our records suggest your child is aged
between 5 and 13, please check your
answer”

","","candidate"
"react1.r12.registration","6","context_or_wording_needs_review","DAGE [Derived age for filter questions)","
DAGE [Derived age for filter questions)

IF GIVE A DOB AT DOB OR PREFER NOT TO SAY AT AGE: CALCULATE AGE FROM
SAMPLE INFORMATION (assume day is 15 of month)
","","candidate"
"react1.r12.registration","6","gate_or_option_instruction","IF GIVE A DOB AT DOB OR PREFER NOT TO SAY AT AGE: CALCULATE AGE FROM","
IF GIVE A DOB AT DOB OR PREFER NOT TO SAY AT AGE: CALCULATE AGE FROM
SAMPLE INFORMATION (assume day is 15 of month)

OTHERWISE USE AGE FROM AGE FOR FILTERING
","","candidate"
"react1.r12.registration","6","context_or_wording_needs_review","OTHERWISE USE AGE FROM AGE FOR FILTERING","
OTHERWISE USE AGE FROM AGE FOR FILTERING


IF Mail_Grp=3
","","candidate"
"react1.r12.registration","6","gate_or_option_instruction","IF Mail_Grp=3","
IF Mail_Grp=3

AGEPARENT

What was your age at your last birthday?","AGEPARENT","candidate"
"react1.r12.registration","6","context_or_wording_needs_review","AGEPARENT","
AGEPARENT

What was your age at your last birthday?

[OPEN NUMERIC BOX, RANGE 16– 112]","","candidate"
"react1.r12.registration","6","context_or_wording_needs_review","What was your age at your last birthday?","
What was your age at your last birthday?

[OPEN NUMERIC BOX, RANGE 16– 112]
1. Prefer not to say
","AGEPARENT","candidate"
"react1.r12.registration","6","gate_or_option_instruction","IF AGED 13-15 AND MAIL_GRP2","
IF AGED 13-15 AND MAIL_GRP2

PARCONS

Does your parent or guardian give you permission to take part in this study?","PARCONS","candidate"
"react1.r12.registration","6","context_or_wording_needs_review","Does your parent or guardian give you permission to take part in this study?","
Does your parent or guardian give you permission to take part in this study?

1.   Yes
2.   No
","PARCONS","candidate"
"react1.r12.registration","6","context_or_wording_needs_review","Please ask your parent or guardian for permission to complete the survey. Once they have","
Please ask your parent or guardian for permission to complete the survey. Once they have
agreed for you to take part, please log back in to the survey.""
TERMINATE

","","candidate"
"react1.r12.registration","6","context_or_wording_needs_review","Please write in the full name of your parent/carer who has agreed that you can take part:","
Please write in the full name of your parent/carer who has agreed that you can take part:
{text box}


[TO SCRIPTING: IF NUMERIC VALUE IS ENTERED DISPLAY ERROR MESSAGE ‘Please","","candidate"
"react1.r12.registration","7","gate_or_option_instruction","IF AGED Mail_Grp=1 OR Mail_Grp=3 OR (Mail_Grp=2 INDCONFPARENT =1)","Household composition
IF AGED Mail_Grp=1 OR Mail_Grp=3 OR (Mail_Grp=2 INDCONFPARENT =1)
NADULTS

Including yourself, how many adults aged 18 and over currently live in your household?
","NADULTS","candidate"
"react1.r12.registration","7","context_or_wording_needs_review","Including yourself, how many adults aged 18 and over currently live in your household?","
Including yourself, how many adults aged 18 and over currently live in your household?

INFO: Who should I include? Include all adults aged 18 and over, including any young
people aged 18 or over. Include young people who regularly spend part of the week in your
household. Include yourself.","NADULTS","candidate"
"react1.r12.registration","7","context_or_wording_needs_review","INFO: Who should I include? Include all adults aged 18 and over, including any young","
INFO: Who should I include? Include all adults aged 18 and over, including any young
people aged 18 or over. Include young people who regularly spend part of the week in your
household. Include yourself.

NUMERIC 1...","","candidate"
"react1.r12.registration","7","context_or_wording_needs_review","people aged 18 or over. Include young people who regularly spend part of the week in your","INFO: Who should I include? Include all adults aged 18 and over, including any young
people aged 18 or over. Include young people who regularly spend part of the week in your
household. Include yourself.

NUMERIC 1...
","","candidate"
"react1.r12.registration","7","context_or_wording_needs_review","[Show multiple rows up for number of adults aged Mail_Grp=1 in household ALLOW RANGE","
[Show multiple rows up for number of adults aged Mail_Grp=1 in household ALLOW RANGE
18 -112]
[IF MORE THAN 10 ADULTS ENTERED AT NADULTS ALLOW ONLY 10 ROWS FOR
NUMBER OF ADULTS]
","","candidate"
"react1.r12.registration","7","context_or_wording_needs_review","Header: Age in Years","
Header: Age in Years

Rows for each adult:

First adult","","candidate"
"react1.r12.registration","8","gate_or_option_instruction","IF Mail_Grp1 OR Mail_Grp=2 ANDINDCONF = 1.","
IF Mail_Grp1 OR Mail_Grp=2 ANDINDCONF = 1.
NADULTS1

How many adults aged 18 and over currently live in your household?
","NADULTS1","candidate"
"react1.r12.registration","8","context_or_wording_needs_review","How many adults aged 18 and over currently live in your household?","
How many adults aged 18 and over currently live in your household?

INFO: Who should I include? Include all adults aged 18 and over, including any young
people aged 18 or over. Include young people who regularly spend part of the week in your
household.","NADULTS1","candidate"
"react1.r12.registration","8","context_or_wording_needs_review","INFO: Who should I include? Include all adults aged 18 and over, including any young","
INFO: Who should I include? Include all adults aged 18 and over, including any young
people aged 18 or over. Include young people who regularly spend part of the week in your
household.

NUMERIC 1...","","candidate"
"react1.r12.registration","8","context_or_wording_needs_review","people aged 18 or over. Include young people who regularly spend part of the week in your","INFO: Who should I include? Include all adults aged 18 and over, including any young
people aged 18 or over. Include young people who regularly spend part of the week in your
household.

NUMERIC 1...
","","candidate"
"react1.r12.registration","8","context_or_wording_needs_review","[Show multiple rows up for number of adults aged Mail_Grp=1 in household ALLOW RANGE","
[Show multiple rows up for number of adults aged Mail_Grp=1 in household ALLOW RANGE
18 -112]

[IF MORE THAN 10 ADULTS ENTERED AT NADULTS1 ALLOW ONLY 10 ROWS FOR
NUMBER OF ADULTS]","","candidate"
"react1.r12.registration","8","context_or_wording_needs_review","Header: Age in Years","
Header: Age in Years

Rows for each adult:

First adult","","candidate"
"react1.r12.registration","9","gate_or_option_instruction","IF Mail_Grp=1 or Mail_Grp=3 or (Mail_Grp=2 and INDCONFPARENT =1)","
IF Mail_Grp=1 or Mail_Grp=3 or (Mail_Grp=2 and INDCONFPARENT =1)
NCHILD
How many children or young people aged 0 to 17 years currently live in your household?

INFO: Who should I include?","NCHILD","candidate"
"react1.r12.registration","9","context_or_wording_needs_review","How many children or young people aged 0 to 17 years currently live in your household?","NCHILD
How many children or young people aged 0 to 17 years currently live in your household?

INFO: Who should I include?
Include all children aged 0-17 in your household, whether or not they are your own children.
Include infants and babies. Include children who regularly spend part of the week in your","NCHILD","candidate"
"react1.r12.registration","9","context_or_wording_needs_review","Include all children aged 0-17 in your household, whether or not they are your own children.","INFO: Who should I include?
Include all children aged 0-17 in your household, whether or not they are your own children.
Include infants and babies. Include children who regularly spend part of the week in your
household.

NOTE FOR PROGRAMMER: IF MAIL_GRP = 3 or (MAIL_GRP=2 AND","","candidate"
"react1.r12.registration","9","context_or_wording_needs_review","NOTE FOR PROGRAMMER: IF MAIL_GRP = 3 or (MAIL_GRP=2 AND","
NOTE FOR PROGRAMMER: IF MAIL_GRP = 3 or (MAIL_GRP=2 AND
INDCONFPARENT=1) IF 0 IS ENTERED, PLEASE BRING UP ERROR MESSAGE:

“You have said that there are no children aged 0-17 in your household. Please remember to
include the child this survey relates to.”","","candidate"
"react1.r12.registration","9","context_or_wording_needs_review","INDCONFPARENT=1) IF 0 IS ENTERED, PLEASE BRING UP ERROR MESSAGE:","NOTE FOR PROGRAMMER: IF MAIL_GRP = 3 or (MAIL_GRP=2 AND
INDCONFPARENT=1) IF 0 IS ENTERED, PLEASE BRING UP ERROR MESSAGE:

“You have said that there are no children aged 0-17 in your household. Please remember to
include the child this survey relates to.”
","","candidate"
"react1.r12.registration","9","context_or_wording_needs_review","“You have said that there are no children aged 0-17 in your household. Please remember to","
“You have said that there are no children aged 0-17 in your household. Please remember to
include the child this survey relates to.”

NUMERIC 0...15
","","candidate"
"react1.r12.registration","9","gate_or_option_instruction","ASK (IF MAIL_GRP1 (AND NCHILD=1+)) OR (MAIL_GRP3 (AND NCHILD=2+))","CHILDAGE
ASK (IF MAIL_GRP1 (AND NCHILD=1+)) OR (MAIL_GRP3 (AND NCHILD=2+))

OR (MAIL_GRP2 AND INDCONFPARENT=1 AND NUMBER AT NCHILD=2+)

You said that [(IF NUMBER AT NCHILD = 1) there is 1 child or young person] [(IF NUMBER","CHILDAGE_1|CHILDAGE_2|CHILDAGE_3|CHILDAGE_4|CHILDAGE_5|CHILDAGE_6|CHILDAGE_7|CHILDAGE_8|CHILDAGE_9|CHILDAGE_10|CHILDAGE_11|CHILDAGE_12|CHILDAGE_13|CHILDAGE_14|CHILDAGE_15","candidate"
"react1.r12.registration","9","context_or_wording_needs_review","OR (MAIL_GRP2 AND INDCONFPARENT=1 AND NUMBER AT NCHILD=2+)","
OR (MAIL_GRP2 AND INDCONFPARENT=1 AND NUMBER AT NCHILD=2+)

You said that [(IF NUMBER AT NCHILD = 1) there is 1 child or young person] [(IF NUMBER
AT NCHILD = 2+) in your household. How old are they?
You said that there are (NUMBER AT NCHILD) children or young people] in your household.","","candidate"
"react1.r12.registration","9","context_or_wording_needs_review","How old are they? [Show multiple rows up for number of children aged 0-17 in household.","You said that there are (NUMBER AT NCHILD) children or young people] in your household.
How old are they? [Show multiple rows up for number of children aged 0-17 in household.
ALLOW RANGE 0-17]
Header: Age in Years
Rows for each child:
First child","","candidate"
"react1.r12.registration","9","context_or_wording_needs_review","Header: Age in Years","ALLOW RANGE 0-17]
Header: Age in Years
Rows for each child:
First child
Second child (and so on)
Columns for each child:","","candidate"
"react1.r12.registration","10","gate_or_option_instruction","IF Mail_Grp=2 (INDCONF = 1)","
IF Mail_Grp=2 (INDCONF = 1)

NCHILD1
Including yourself, how many children or young people aged 0 to 17 years currently live in
your household?","NCHILD1","candidate"
"react1.r12.registration","10","context_or_wording_needs_review","Including yourself, how many children or young people aged 0 to 17 years currently live in","NCHILD1
Including yourself, how many children or young people aged 0 to 17 years currently live in
your household?

INFO: Who should I include?
Include all children aged 0-17 in your household, whether or not they are your own children.","NCHILD1","candidate"
"react1.r12.registration","10","context_or_wording_needs_review","Include all children aged 0-17 in your household, whether or not they are your own children.","INFO: Who should I include?
Include all children aged 0-17 in your household, whether or not they are your own children.
Include infants and babies. Include children who regularly spend part of the week in your
household. Include yourself.

NUMERIC 0...15","","candidate"
"react1.r12.registration","10","context_or_wording_needs_review","[Show multiple rows up for number of children aged 0-17 in household]","children or young people] other than you in your household. How old arethey?
[Show multiple rows up for number of children aged 0-17 in household]
Header: Age in Years
Rows for each child:
First child
Second child (and so on)","","candidate"
"react1.r12.registration","10","context_or_wording_needs_review","Header: Age in Years","[Show multiple rows up for number of children aged 0-17 in household]
Header: Age in Years
Rows for each child:
First child
Second child (and so on)
Columns for each child:","","candidate"
"react1.r12.registration","10","gate_or_option_instruction","IF Mail_Grp=1 OR Mail_Grp=3 OR (16-17 INDCONF =1) Are you …","WORKTYP1
IF Mail_Grp=1 OR Mail_Grp=3 OR (16-17 INDCONF =1) Are you …
OR (16-17 INDCONFPARENT =1) Is your child….

WORKTYP1
Are you …/Is your child","WORKTYP1_1|WORKTYP1_2|WORKTYP1_3|WORKTYP1_4|WORKTYP1_5|WORKTYP1_6|WORKTYP1_7","candidate"
"react1.r12.registration","10","context_or_wording_needs_review","OR (16-17 INDCONFPARENT =1) Is your child….","IF Mail_Grp=1 OR Mail_Grp=3 OR (16-17 INDCONF =1) Are you …
OR (16-17 INDCONFPARENT =1) Is your child….

WORKTYP1
Are you …/Is your child
","WORKTYP1_1|WORKTYP1_2|WORKTYP1_3|WORKTYP1_4|WORKTYP1_5|WORKTYP1_6|WORKTYP1_7","candidate"
"react1.r12.registration","11","gate_or_option_instruction","IF (MAILGRP=1 OR 3 AND NADULTS=2+) OR IF MAILGRP=2","
IF (MAILGRP=1 OR 3 AND NADULTS=2+) OR IF MAILGRP=2

Is anyone <IF WORKTYP1 = 1-5: else> in your household …

1.     A healthcare worker with direct patient contact","WORKTYP3_1|WORKTYP3_2|WORKTYP3_3|WORKTYP3_4|WORKTYP3_5|WORKTYP3_6|WORKTYP3_7","candidate"
"react1.r12.registration","13","gate_or_option_instruction","ASK MAIL_GRP1 OR MAIL_GRP2 (AGED 16+)","Vaccinations
ASK MAIL_GRP1 OR MAIL_GRP2 (AGED 16+)

CALCULATE AGE FROM SAMPLE INFORMATION (assume day is 15 of month)

VACCINE3","VACCINE3","candidate"
"react1.r12.registration","13","context_or_wording_needs_review","CALCULATE AGE FROM SAMPLE INFORMATION (assume day is 15 of month)","
CALCULATE AGE FROM SAMPLE INFORMATION (assume day is 15 of month)

VACCINE3

Have you/Has your child ever had a coronavirus vaccine?","VACCINE3","candidate"
"react1.r12.registration","15","context_or_wording_needs_review","Group 3 (5-12) OR group 2 INDCONFPARENT=1 ‘my child’","Group 1 (18+) OR group 2 INDCONF=1 Textfill ‘you’
Group 3 (5-12) OR group 2 INDCONFPARENT=1 ‘my child’
EXCL
Do you/Does your child have an increased risk of bleeding (for example taking
anticoagulants or a medical condition such as haemophilia, or are/ are they prone to
nosebleeds)?","EXCL","candidate"
"react1.r12.registration","16","context_or_wording_needs_review","staff and researchers. Nobody will be able to identify you [IF MAIL_GRP3 OR MAIL_GRP2","information will be kept confidential by Ipsos MORI, and approved Imperial College London
staff and researchers. Nobody will be able to identify you [IF MAIL_GRP3 OR MAIL_GRP2
AND INDCONFPARENT =1 “or your child”] in any published results. We will send more
information with the test, and you can withdraw from the study at any time.
Ipsos MORI will pass all test results to NHS Test and Trace. For more information, go to the
full Privacy Policy at www.ipsos.uk/covid-swab-privacy. If your/the test is positive","","candidate"
"react1.r12.registration","16","context_or_wording_needs_review","AND INDCONFPARENT =1 “or your child”] in any published results. We will send more","staff and researchers. Nobody will be able to identify you [IF MAIL_GRP3 OR MAIL_GRP2
AND INDCONFPARENT =1 “or your child”] in any published results. We will send more
information with the test, and you can withdraw from the study at any time.
Ipsos MORI will pass all test results to NHS Test and Trace. For more information, go to the
full Privacy Policy at www.ipsos.uk/covid-swab-privacy. If your/the test is positive
(suggesting that you/your child have/has COVID-19) NHS Test and Trace may contact you.","","candidate"
"react1.r12.registration","17","context_or_wording_needs_review","DO NOT ASK INDCONFPARENT=1","
DO NOT ASK INDCONFPARENT=1
ASK ALL
LINKAGEEXP
Imperial College would like your permission to link information held by NHS Digital and other
UK NHS bodies about you/ your child to this survey data to follow your health status for up to","","candidate"
"react1.r12.registration","17","context_or_wording_needs_review","Do you give permission for Imperial College to do this [ IF PARENT COMPLETING ON","
Do you give permission for Imperial College to do this [ IF PARENT COMPLETING ON
BEHALF OF 5-12 YEAR OLD in Mail_Grp 3 ONLY] / until your child is 16 years old?

1.    Yes
2.    No","","candidate"
"react1.r12.registration","17","context_or_wording_needs_review","BEHALF OF 5-12 YEAR OLD in Mail_Grp 3 ONLY] / until your child is 16 years old?","Do you give permission for Imperial College to do this [ IF PARENT COMPLETING ON
BEHALF OF 5-12 YEAR OLD in Mail_Grp 3 ONLY] / until your child is 16 years old?

1.    Yes
2.    No
","","candidate"
"react1.r13.individual","4","context_or_wording_needs_review","This survey is for [FF_Surname] [FF_Surname ]. Are you / the parent or guardian of","INDCONF
This survey is for [FF_Surname] [FF_Surname ]. Are you / the parent or guardian of
[FF_Surname] [FF_Surname]?
Please select one answer
1.    Yes
2.    No","INDCONF","candidate"
"react1.r13.individual","4","gate_or_option_instruction","IF INDCONF = 2 AND Mail_Grp 2","
IF INDCONF = 2 AND Mail_Grp 2
INDCONFPARENT
This survey is intended for [FF_firstname] [FF_Surname ]. If you are the parent or guardian
of [FF_firstname] [FF_Surname ] you can complete the survey by proxy and answer the
survey on their behalf. Are you the parent or guardian of [FF_firstname] [FF_Surname ]?","INDCONFPARENT","candidate"
"react1.r13.individual","4","context_or_wording_needs_review","INDCONFPARENT","IF INDCONF = 2 AND Mail_Grp 2
INDCONFPARENT
This survey is intended for [FF_firstname] [FF_Surname ]. If you are the parent or guardian
of [FF_firstname] [FF_Surname ] you can complete the survey by proxy and answer the
survey on their behalf. Are you the parent or guardian of [FF_firstname] [FF_Surname ]?
1.    Yes","","candidate"
"react1.r13.individual","4","context_or_wording_needs_review","This survey is intended for [FF_firstname] [FF_Surname ]. If you are the parent or guardian","INDCONFPARENT
This survey is intended for [FF_firstname] [FF_Surname ]. If you are the parent or guardian
of [FF_firstname] [FF_Surname ] you can complete the survey by proxy and answer the
survey on their behalf. Are you the parent or guardian of [FF_firstname] [FF_Surname ]?
1.    Yes
2.    No [TERMINATE]","INDCONFPARENT","candidate"
"react1.r13.individual","4","context_or_wording_needs_review","survey on their behalf. Are you the parent or guardian of [FF_firstname] [FF_Surname ]?","of [FF_firstname] [FF_Surname ] you can complete the survey by proxy and answer the
survey on their behalf. Are you the parent or guardian of [FF_firstname] [FF_Surname ]?
1.    Yes
2.    No [TERMINATE]

","","candidate"
"react1.r13.individual","4","gate_or_option_instruction","IF INDCONFPARENT=2 OR (INDCONF=2 AND AGE Mail_Grp 3)","
IF INDCONFPARENT=2 OR (INDCONF=2 AND AGE Mail_Grp 3)
CLOSE1
“We thank you for your time spent taking this survey.”
TERMINATE
","","candidate"
"react1.r13.individual","4","gate_or_option_instruction","IF INDCONF =2 AND Mail_Grp 1","
IF INDCONF =2 AND Mail_Grp 1
INDCONFCARER
This survey is intended for [FF_firstame] [FF_Surname ]. If you are a carer for [FF_firstname]
[FF_Surname ], or they need assistance, you can help them to complete the survey. Are you
a carer for [FF_firstname] [FF_Surname ], or assisting them?","INDCONFCARER","candidate"
"react1.r13.individual","4","context_or_wording_needs_review","INDCONFCARER","IF INDCONF =2 AND Mail_Grp 1
INDCONFCARER
This survey is intended for [FF_firstame] [FF_Surname ]. If you are a carer for [FF_firstname]
[FF_Surname ], or they need assistance, you can help them to complete the survey. Are you
a carer for [FF_firstname] [FF_Surname ], or assisting them?
1.    Yes","","candidate"
"react1.r13.individual","4","context_or_wording_needs_review","This survey is intended for [FF_firstame] [FF_Surname ]. If you are a carer for [FF_firstname]","INDCONFCARER
This survey is intended for [FF_firstame] [FF_Surname ]. If you are a carer for [FF_firstname]
[FF_Surname ], or they need assistance, you can help them to complete the survey. Are you
a carer for [FF_firstname] [FF_Surname ], or assisting them?
1.    Yes
2.    No","INDCONFCARER","candidate"
"react1.r13.individual","4","context_or_wording_needs_review","a carer for [FF_firstname] [FF_Surname ], or assisting them?","[FF_Surname ], or they need assistance, you can help them to complete the survey. Are you
a carer for [FF_firstname] [FF_Surname ], or assisting them?
1.    Yes
2.    No

","","candidate"
"react1.r13.individual","5","gate_or_option_instruction","IF INDCONFCARER =2","
IF INDCONFCARER =2
CLOSE1
“We thank you for your time spent taking this survey.”
TERMINATE
","","candidate"
"react1.r13.individual","5","wording_only","IF Mail_Grp 1 OR (Mail_Grp 2 INDCONF=1) Textfill is “your”","PROGRAMMER: SET TEXTFILL
IF Mail_Grp 1 OR (Mail_Grp 2 INDCONF=1) Textfill is “your”
IF Mail_Grp 3 OR (Mail_Grp 2 INDCONFPARENT =1) Textfill is “your child”


","","candidate"
"react1.r13.individual","5","wording_only","IF Mail_Grp 3 OR (Mail_Grp 2 INDCONFPARENT =1) Textfill is “your child”","IF Mail_Grp 1 OR (Mail_Grp 2 INDCONF=1) Textfill is “your”
IF Mail_Grp 3 OR (Mail_Grp 2 INDCONFPARENT =1) Textfill is “your child”



Health","","candidate"
"react1.r13.individual","7","context_or_wording_needs_review","allergy [IF MAIL_GRP1 AND ASK IF GENDER = FEMALE AND (DAGE < 55)","child had COVID-19 or were they all related to another issue (e.g. other illness,
allergy [IF MAIL_GRP1 AND ASK IF GENDER = FEMALE AND (DAGE < 55)
, pregnancy] etc.)?

DISPLAY LIST OF SYMPTOMS MENTIONED AT SYMPTANY1, SYMPTANY2,
SYMPTANY3","","candidate"
"react1.r13.individual","7","response_option","4.    [IF MAIL_GRP1 ONLY] Some or all of the symptoms may have been due to a","1.    Some or all of the symptoms may have been due to COVID-19
4.    [IF MAIL_GRP1 ONLY] Some or all of the symptoms may have been due to a
COVID-19 vaccine

2.    The symptoms were not due to COVID-19 [IF MAIL_GRP1 ONLY] or a COVID-
19 vaccine","","candidate"
"react1.r13.individual","7","response_option","2.    The symptoms were not due to COVID-19 [IF MAIL_GRP1 ONLY] or a COVID-","
2.    The symptoms were not due to COVID-19 [IF MAIL_GRP1 ONLY] or a COVID-
19 vaccine
3.    Don’t know

","","candidate"
"react1.r13.individual","12","response_option","2.      In my place of work [SHOW ONLY IF MAIL_GRP1 OR MAIL_GRP2 AND","1.      In my household
2.      In my place of work [SHOW ONLY IF MAIL_GRP1 OR MAIL_GRP2 AND
INDCONF=1]
6.      In my/their school or college
3.       At a social event or gathering
4.      Somewhere else","","candidate"
"react1.r13.individual","12","gate_or_option_instruction","ASK IF COVIDCONPL=2 AND MAIL_GRP1 OR MAIL_GRP2 AND INDONF-=1","
ASK IF COVIDCONPL=2 AND MAIL_GRP1 OR MAIL_GRP2 AND INDONF-=1
COVIDCONWP

You said that you/your child had [IF COVIDCONNUM=2+ the most recent] contact with the
person who was a confirmed COVID-19 case in your workplace. Do you work in any of the","COVIDCONWP","candidate"
"react1.r13.individual","14","context_or_wording_needs_review","When you [Mail_grp1 or Mail_Grp 2 AND INDCONFPARENT=1]/[your child Mail_Grp3 OR","
When you [Mail_grp1 or Mail_Grp 2 AND INDCONFPARENT=1]/[your child Mail_Grp3 OR
Mail_grp 2 AND INDCONF=1] had COVID-19, did your [Mail_grp1 or Mail_Grp 2 AND
INDCONFPARENT=1]//their Mail_Grp3 OR Mail_grp 2 AND INDCONF=1] symptoms last
for more than four weeks?
","","candidate"
"react1.r13.individual","14","context_definition_or_continuation","Mail_grp 2 AND INDCONF=1] had COVID-19, did your [Mail_grp1 or Mail_Grp 2 AND","When you [Mail_grp1 or Mail_Grp 2 AND INDCONFPARENT=1]/[your child Mail_Grp3 OR
Mail_grp 2 AND INDCONF=1] had COVID-19, did your [Mail_grp1 or Mail_Grp 2 AND
INDCONFPARENT=1]//their Mail_Grp3 OR Mail_grp 2 AND INDCONF=1] symptoms last
for more than four weeks?

1.     Yes, and I/my child still have/has symptoms","","candidate"
"react1.r13.individual","14","context_or_wording_needs_review","INDCONFPARENT=1]//their Mail_Grp3 OR Mail_grp 2 AND INDCONF=1] symptoms last","Mail_grp 2 AND INDCONF=1] had COVID-19, did your [Mail_grp1 or Mail_Grp 2 AND
INDCONFPARENT=1]//their Mail_Grp3 OR Mail_grp 2 AND INDCONF=1] symptoms last
for more than four weeks?

1.     Yes, and I/my child still have/has symptoms
2.     Yes, but I/my child no longer have/has symptoms","","candidate"
"react1.r13.individual","19","gate_or_option_instruction","[ASK IF GENDER = FEMALE AND MAIL_GRP = 1 AND (DAGE < 55].","
[ASK IF GENDER = FEMALE AND MAIL_GRP = 1 AND (DAGE < 55].
PREG
SA

Are you pregnant at present?","PREG","candidate"
"react1.r13.individual","20","response_option","2.    Yes, my child has – [ ONLY Mail_grp3 OR for Mailgrp2 IF INDCONFPARENT=1]","1.    Yes, I have
2.    Yes, my child has – [ ONLY Mail_grp3 OR for Mailgrp2 IF INDCONFPARENT=1]
3.    Yes, someone else in my household has
4.    No
5.    Don’t know
","","candidate"
"react1.r13.individual","21","gate_or_option_instruction","IF Mail_Grp 1 AND LEAVE 1 =1 OR","
IF Mail_Grp 1 AND LEAVE 1 =1 OR
IF Mail_Grp2 AND INDCONF=1 AND LEAVE1=1

LEAVE 2
","","candidate"
"react1.r13.individual","21","gate_or_option_instruction","IF Mail_Grp2 AND INDCONF=1 AND LEAVE1=1","IF Mail_Grp 1 AND LEAVE 1 =1 OR
IF Mail_Grp2 AND INDCONF=1 AND LEAVE1=1

LEAVE 2

In the last 7 days, that is since <DATE/MONTH>, for what reasons have you left home?","","candidate"
"react1.r13.individual","21","response_option","14.   To get a vaccination [ASK IF Mail_grp1 ONLY]","9.    To go shopping
14.   To get a vaccination [ASK IF Mail_grp1 ONLY]
15.   To walk a dog/other pet care
10.   For errands (for example, pay bills, withdraw money from bank, visit post office)
11.   I have left my house for other reasons (please write in)
","","candidate"
"react1.r13.individual","22","gate_or_option_instruction","IF MAIL_GRP3 OR MAIL_GRP2","
IF MAIL_GRP3 OR MAIL_GRP2
SCHOOL
Did you/Did your child attend school [(IF MAIL_GRP2) or college] in person at all in the last 7
days?
","SCHOOL","candidate"
"react1.r13.individual","22","context_or_wording_needs_review","Did you/Did your child attend school [(IF MAIL_GRP2) or college] in person at all in the last 7","SCHOOL
Did you/Did your child attend school [(IF MAIL_GRP2) or college] in person at all in the last 7
days?

1.    Yes
2.    No","SCHOOL","candidate"
"react1.r13.individual","23","context_or_wording_needs_review","Please do not include anything done as part of (IF MAIL_GRP1 OR MAIL_GRP2 AND","In the last 7 days have you/has your child done any of the following activities indoors?
Please do not include anything done as part of (IF MAIL_GRP1 OR MAIL_GRP2 AND
INDCONF=1 your job or education/IF MAIL_GRP = 3 OR MAIL_GRP = 2 AND
INDCONFPARENT=1 your child’s education.)

Please select all that apply","","candidate"
"react1.r13.individual","23","context_or_wording_needs_review","INDCONF=1 your job or education/IF MAIL_GRP = 3 OR MAIL_GRP = 2 AND","Please do not include anything done as part of (IF MAIL_GRP1 OR MAIL_GRP2 AND
INDCONF=1 your job or education/IF MAIL_GRP = 3 OR MAIL_GRP = 2 AND
INDCONFPARENT=1 your child’s education.)

Please select all that apply
","","candidate"
"react1.r13.individual","23","context_or_wording_needs_review","INDCONFPARENT=1 your child’s education.)","INDCONF=1 your job or education/IF MAIL_GRP = 3 OR MAIL_GRP = 2 AND
INDCONFPARENT=1 your child’s education.)

Please select all that apply

1. Taken exercise or a class inside at a gym or leisure centre","","candidate"
"react1.r13.individual","23","context_or_wording_needs_review","sporting event (not including for IF MAIL_GRP1 OR MAIL_GRP2 AND INDCONF=1","10. Other indoor event involving people outside your household e.g. performance,
sporting event (not including for IF MAIL_GRP1 OR MAIL_GRP2 AND INDCONF=1
work IF MAIL_GRP = 3 OR MAIL_GRP = 2 education.)
8. Prefer not to say
9. None of these
","","candidate"
"react1.r13.individual","23","context_or_wording_needs_review","work IF MAIL_GRP = 3 OR MAIL_GRP = 2 education.)","sporting event (not including for IF MAIL_GRP1 OR MAIL_GRP2 AND INDCONF=1
work IF MAIL_GRP = 3 OR MAIL_GRP = 2 education.)
8. Prefer not to say
9. None of these

","","candidate"
"react1.r13.individual","25","context_or_wording_needs_review","[(IF MAIL_GRP 1 OR MAIL_GRP 2 AND INDCONF=1) Please do not include anything done","In the last 7 days have you/has your child done any of the following activities outdoors?
[(IF MAIL_GRP 1 OR MAIL_GRP 2 AND INDCONF=1) Please do not include anything done
as part of your job.] IF MAIL_GRP = 3 OR MAIL_GRP = 2 AND INDCONFPARENT=1 your
child’s education.
Please select all that apply.
","","candidate"
"react1.r13.individual","25","context_or_wording_needs_review","as part of your job.] IF MAIL_GRP = 3 OR MAIL_GRP = 2 AND INDCONFPARENT=1 your","[(IF MAIL_GRP 1 OR MAIL_GRP 2 AND INDCONF=1) Please do not include anything done
as part of your job.] IF MAIL_GRP = 3 OR MAIL_GRP = 2 AND INDCONFPARENT=1 your
child’s education.
Please select all that apply.

1.   Played team sports or taken exercise classes outside","","candidate"
"react1.r13.individual","27","context_or_wording_needs_review","please count them only once. [IF Mail_Grp 2 or Mail_Grp 3 Do not include contact at school].","have contact with yesterday? If you/they had contact with a person more than one time,
please count them only once. [IF Mail_Grp 2 or Mail_Grp 3 Do not include contact at school].

Your answers will be kept strictly confidential.

By contact we mean:","","candidate"
"react1.r13.individual","27","context_or_wording_needs_review","1 person who is not a member of your household. Which of the following age groups was","You said that yesterday you/your child came into contact with CONTACT1[IF CONTACT 1=1
1 person who is not a member of your household. Which of the following age groups was
this person in?] [IF CONTACT1=2+ ""X people who are not members of your household].
How many of those were in each of the following age groups?

1. 0 to 17 years old (enter number)","","candidate"
"react1.r13.individual","27","context_or_wording_needs_review","How many of those were in each of the following age groups?","this person in?] [IF CONTACT1=2+ ""X people who are not members of your household].
How many of those were in each of the following age groups?

1. 0 to 17 years old (enter number)
2. 18 to 34 years old (enter number)
3. 35 to 64 years old (enter number)","","candidate"
"react1.r13.individual","27","gate_or_option_instruction","IF CONTACT1 = 1+ AND LEAVE2=1 AND MAIL_GRP1","
IF CONTACT1 = 1+ AND LEAVE2=1 AND MAIL_GRP1

CONTACT5

You said that yesterday you came into contact with CONTACT1 people who are not","CONTACT5","candidate"
"react1.r13.individual","33","response_option","2.    Yes, my child did – [ ONLY Mail_grp3 OR for Mailgrp2 IF INDCONFPARENT=1]","1.    Yes, I did
2.    Yes, my child did – [ ONLY Mail_grp3 OR for Mailgrp2 IF INDCONFPARENT=1]
3.    Yes, someone else in my household did
4.    No
5.    Don’t know
","","candidate"
"react1.r13.individual","34","gate_or_option_instruction","IF SURGETEST1=2 and (MAIL_GRP1 or MAIL_GRP3 or (MAIL_GRP2 AND INDCONF=1","
IF SURGETEST1=2 and (MAIL_GRP1 or MAIL_GRP3 or (MAIL_GRP2 AND INDCONF=1
ONLY)).
SURGENOREASON

For which of the following reason(s) did you/your child not get tested as part of the surge","","candidate"
"react1.r13.individual","34","response_option","6.      My employer didn’t want me to get tested [Mail_Grp1 or Mail_Gpr2 and","5.      I am too busy to get tested
6.      My employer didn’t want me to get tested [Mail_Grp1 or Mail_Gpr2 and
INDCONF=1 only]
7.      I didn’t want to get tested
8.      I am against testing in general
9.      I was tested recently","","candidate"
"react1.r13.individual","38","response_option","1.    For work [Mail_Grp1 or Mail_grp2 AND age 16+ ONLY]","
1.    For work [Mail_Grp1 or Mail_grp2 AND age 16+ ONLY]
2.    To volunteer [Mail_Grp1 or Mail_grp2 AND age 16+ ONLY]
3.    To seek medical assistance/to go to a hospital appointment
4.    To care for, provide assistance or to help someone else (for example, friends or
family)","","candidate"
"react1.r13.individual","38","response_option","2.    To volunteer [Mail_Grp1 or Mail_grp2 AND age 16+ ONLY]","1.    For work [Mail_Grp1 or Mail_grp2 AND age 16+ ONLY]
2.    To volunteer [Mail_Grp1 or Mail_grp2 AND age 16+ ONLY]
3.    To seek medical assistance/to go to a hospital appointment
4.    To care for, provide assistance or to help someone else (for example, friends or
family)
5.    To meet with someone outside","","candidate"
"react1.r13.individual","38","response_option","8.    To take a child to school or childcare [Mail_Grp1 or Mail_grp2 AND age 16+","7.    To meet with someone indoors
8.    To take a child to school or childcare [Mail_Grp1 or Mail_grp2 AND age 16+
ONLY]
9.    To get or post a COVID-19 test
10.   There was a risk of harm
11.    For outdoor exercise (for example, going for a walk, run or cycle)","","candidate"
"react1.r13.individual","38","response_option","16.   To get a vaccination [Mail_Grp1 ONLY]","13.    For errands (for example, pay bills, withdraw money from bank, visit post office)
16.   To get a vaccination [Mail_Grp1 ONLY]
17.   To walk a dog/other pet care
14.    I/They have left my house for other reasons (please write in )
15.   Prefer not to say
","","candidate"
"react1.r13.individual","39","gate_or_option_instruction","ASK IF ISOLLEAVEREASON=1 AND Mail_Grp1 or (Mail_grp2 AND age 16+ ONLY and","
ASK IF ISOLLEAVEREASON=1 AND Mail_Grp1 or (Mail_grp2 AND age 16+ ONLY and
INDCONF=1]
COVIDWORK

Which of following best describes why you left home to go to work?","COVIDWORK_1|COVIDWORK_2|COVIDWORK_3|COVIDWORK_4|COVIDWORK_5|COVIDWORK_6|COVIDWORK_7|COVIDWORK_8|COVIDWORK_9|COVIDWORK_9_OTHER","candidate"
"react1.r13.individual","39","context_or_wording_needs_review","Have you been contacted by NHS Test and Trace [IF MAIL_GRP 3 OR Mail_Grp 2 AND","
Have you been contacted by NHS Test and Trace [IF MAIL_GRP 3 OR Mail_Grp 2 AND
INDCONFPARENT=1] about your child]?

1.     Yes
2.     No","COVIDTETR","candidate"
"react1.r13.individual","39","context_or_wording_needs_review","INDCONFPARENT=1] about your child]?","Have you been contacted by NHS Test and Trace [IF MAIL_GRP 3 OR Mail_Grp 2 AND
INDCONFPARENT=1] about your child]?

1.     Yes
2.     No
3.     Prefer not to say","","candidate"
"react1.r13.individual","40","gate_or_option_instruction","If NHSCONTACTS2 =2 OR 4 AND (MAIL_GRP3, MAIL_Grp1 or (MAIL_GRP2 AND","
If NHSCONTACTS2 =2 OR 4 AND (MAIL_GRP3, MAIL_Grp1 or (MAIL_GRP2 AND
INDCONF=1)).
NHSCONTACTSNO

Which of the following reasons describe why you did not provide (IF NHSCONTACTS2=2:","NHSCONTACTSNO_1|NHSCONTACTSNO_2|NHSCONTACTSNO_3|NHSCONTACTSNO_4|NHSCONTACTSNO_5|NHSCONTACTSNO_6|NHSCONTACTSNO_7|NHSCONTACTSNO_8|NHSCONTACTSNO_8_OTHER|NHSCONTACTSNO_9","candidate"
"react1.r13.individual","41","gate_or_option_instruction","ASK MAIL_GRP1 OR MAIL_GRP2 (AGED 16+)","Vaccinations
ASK MAIL_GRP1 OR MAIL_GRP2 (AGED 16+)

CALCULATE AGE FROM SAMPLE INFORMATION

VACCINE3SYM","","candidate"
"react1.r13.individual","41","context_or_wording_needs_review","CALCULATE AGE FROM SAMPLE INFORMATION","
CALCULATE AGE FROM SAMPLE INFORMATION

VACCINE3SYM

We asked you this at when you registered to receive a swab test kit but we would just like to","VACCINE3SYM","candidate"
"react1.r13.individual","43","gate_or_option_instruction","IF VACCINEACCEPT=2 or 3 AND (Mail_Grp 1 OR (Mail_Grp 2 AND (AGE=16 OR 17) AND","
IF VACCINEACCEPT=2 or 3 AND (Mail_Grp 1 OR (Mail_Grp 2 AND (AGE=16 OR 17) AND
INDCONF=1))
VACCRUFUSE1

[RANDOMISE LIST]","VACCRUFUSE1_1|VACCRUFUSE1_2|VACCRUFUSE1_3|VACCRUFUSE1_4|VACCRUFUSE1_5|VACCRUFUSE1_6|VACCRUFUSE1_7|VACCRUFUSE1_8|VACCRUFUSE1_9|VACCRUFUSE1_10|VACCRUFUSE1_11|VACCRUFUSE1_12|VACCRUFUSE1_13|VACCRUFUSE1_14|VACCRUFUSE1_15|VACCRUFUSE1_16|VACCRUFUSE1_17|VACCRUFUSE1_18|VACCRUFUSE1_21|VACCRUFUSE1_22|VACCRUFUSE1_23|VACCRUFUSE1_19|VACCRUFUSE1_19_OTHER|VACCRUFUSE1_20","candidate"
"react1.r13.individual","43","context_or_wording_needs_review","GENDER = FEMALE AND MAIL_GRP = 1 AND (DAGE < 55].","14. I am pregnant/breastfeeding and afraid of the effects on my baby [ASK IF
GENDER = FEMALE AND MAIL_GRP = 1 AND (DAGE < 55].
15. The impact of COVID-19 is being greatly exaggerated
16. I don't trust the people who have developed the vaccine
17. So long as most other people get the vaccine then it doesn't matter if I don't
18. Doses of the vaccine are limited and other people need it more than me","","candidate"
"react1.r13.individual","44","context_or_wording_needs_review","VACCINEAPP2 =2 AND (Mail_Grp 1 OR (Mail_Grp 2 AND (AGE=16 OR 17) AND","
VACCINEAPP2 =2 AND (Mail_Grp 1 OR (Mail_Grp 2 AND (AGE=16 OR 17) AND
INDCONF=1))
VACCREFUSE2

[RANDOMISE LIST]","","candidate"
"react1.r13.individual","44","context_or_wording_needs_review","GENDER = FEMALE AND MAIL_GRP = 1 AND (DAGE < 55].","14.   I am pregnant/breastfeeding and afraid of the effects on my baby [ASK IF
GENDER = FEMALE AND MAIL_GRP = 1 AND (DAGE < 55].
15.   The impact of COVID-19 is being greatly exaggerated
16.   I don't trust the people who have developed the vaccine
17.   So long as most other people get the vaccine then it doesn't matter if I don't
18.   Doses of the vaccine are limited and other people need it more than me","","candidate"
"react1.r13.individual","46","gate_or_option_instruction","ASK ALL Mail_Grp 1","
ASK ALL Mail_Grp 1
EDUC
What is your highest educational qualification? This means any educational, professional,
vocational or other work-related qualifications for which you received a certificate.
Please select one answer","EDUC","candidate"
"react1.r13.individual","47","gate_or_option_instruction","IF MAIL_GRP1 AND EMPL = 7","
IF MAIL_GRP1 AND EMPL = 7
EDTYPE

This term are you studying…
","EDTYPE","candidate"
"react1.r13.individual","47","gate_or_option_instruction","IF MAIL_GRP1 AND EMPL = 7","
IF MAIL_GRP1 AND EMPL = 7
CAMPUS2

Where are you currently living?
","CAMPUS2","candidate"
"react1.r13.individual","47","response_option","6. Parents’ or guardians’ home","5. Your own home which you own
6. Parents’ or guardians’ home
7. Other


IF EMPL = 1, 2, 3","","candidate"
"react1.r13.individual","50","gate_or_option_instruction","ASK ALL MAIL_GRP1 OR MAIL_GRP3 ONLY","
ASK ALL MAIL_GRP1 OR MAIL_GRP3 ONLY
COV_PayEx2

How well would you say your household is managing financially these days? Would you say
your household is...","COV_PAYEX2","candidate"
"react1.r13.individual","51","response_option","2. Yes, my child does (SHOW CODE IF (MAIL_GRP = 3) OR (MAIL_GRP = 2 AND","1. Yes, I do
2. Yes, my child does (SHOW CODE IF (MAIL_GRP = 3) OR (MAIL_GRP = 2 AND
INDCONFPARENT=1))
3. Yes, someone else in my household does
4. No
5. Don’t know","","candidate"
"react1.r13.individual","51","context_or_wording_needs_review","INDCONFPARENT=1))","2. Yes, my child does (SHOW CODE IF (MAIL_GRP = 3) OR (MAIL_GRP = 2 AND
INDCONFPARENT=1))
3. Yes, someone else in my household does
4. No
5. Don’t know
","","candidate"
"react1.r13.individual","54","response_option","1.    For work [Mail_Grp1 or Mail_grp2 AND age 16+ ONLY]","
1.    For work [Mail_Grp1 or Mail_grp2 AND age 16+ ONLY]
2.    To volunteer [Mail_Grp1 or Mail_grp2 AND age 16+ ONLY]
3.    To seek medical assistance/to go to a hospital appointment
4.    To care for, provide assistance or to help someone else (for example, friends or
family)","","candidate"
"react1.r13.individual","54","response_option","2.    To volunteer [Mail_Grp1 or Mail_grp2 AND age 16+ ONLY]","1.    For work [Mail_Grp1 or Mail_grp2 AND age 16+ ONLY]
2.    To volunteer [Mail_Grp1 or Mail_grp2 AND age 16+ ONLY]
3.    To seek medical assistance/to go to a hospital appointment
4.    To care for, provide assistance or to help someone else (for example, friends or
family)
5.    To meet with someone outside","","candidate"
"react1.r13.individual","54","response_option","12.   To take a child to school or childcare [Mail_Grp1 or Mail_grp2 AND age 16+","11.   To meet with someone indoors
12.   To take a child to school or childcare [Mail_Grp1 or Mail_grp2 AND age 16+
ONLY]
13.   To get or post a COVID-19 test
14.   There was a risk of harm
15.   I am certain I do not have COVID-19","","candidate"
"react1.r13.individual","55","gate_or_option_instruction","ASK IF QISOLLEAVEREASON=1 AND Mail_Grp1 or (Mail_grp2 AND age 16+ ONLY and","
ASK IF QISOLLEAVEREASON=1 AND Mail_Grp1 or (Mail_grp2 AND age 16+ ONLY and
INDCONF=1]
QCOVIDWORK

[RANDOMISE LIST]","QCOVIDWORK_1|QCOVIDWORK_2|QCOVIDWORK_3|QCOVIDWORK_4|QCOVIDWORK_5|QCOVIDWORK_6|QCOVIDWORK_7|QCOVIDWORK_8|QCOVIDWORK_9|QCOVIDWORK_9_OTHER|QCOVIDWORK_10","candidate"
"react1.r13.individual","55","gate_or_option_instruction","ASK Mail_Grp=1","
ASK Mail_Grp=1
SMOKENOW

Do you smoke cigarettes at all nowadays?
","SMOKENOW","candidate"
"react1.r13.individual","57","gate_or_option_instruction","ASK Mailgrp=1","
ASK Mailgrp=1
VAPNOW

Do you vape/use e-cigarettes at all nowadays?
","VAPNOW","candidate"
"react1.r13.individual","60","gate_or_option_instruction","ASK IF MAIL_GRP1 ONLY","
ASK IF MAIL_GRP1 ONLY

CONTACTCIAB

Would you be willing for Ipsos MORI to use your contact details in order to invite you to take","CONTACTCIAB","candidate"
"react1.r13.registration","3","context_or_wording_needs_review","There are 3 groups corresponding to Mail_Grp i.e. u_mail_grp","received inviting you to take part in this study.
There are 3 groups corresponding to Mail_Grp i.e. u_mail_grp
Mail_Grp                                       Age group
Mail_Grp=1                                     18+
Mail_Grp=2                                     13-17
Mail_grp=3                                     5-12","","candidate"
"react1.r13.registration","3","context_definition_or_continuation","Mail_Grp                                       Age group","There are 3 groups corresponding to Mail_Grp i.e. u_mail_grp
Mail_Grp                                       Age group
Mail_Grp=1                                     18+
Mail_Grp=2                                     13-17
Mail_grp=3                                     5-12
","","candidate"
"react1.r13.registration","3","context_definition_or_continuation","Mail_Grp=1                                     18+","Mail_Grp                                       Age group
Mail_Grp=1                                     18+
Mail_Grp=2                                     13-17
Mail_grp=3                                     5-12

","","candidate"
"react1.r13.registration","3","context_definition_or_continuation","Mail_Grp=2                                     13-17","Mail_Grp=1                                     18+
Mail_Grp=2                                     13-17
Mail_grp=3                                     5-12


","","candidate"
"react1.r13.registration","3","context_definition_or_continuation","Mail_grp=3                                     5-12","Mail_Grp=2                                     13-17
Mail_grp=3                                     5-12



","","candidate"
"react1.r13.registration","4","gate_or_option_instruction","ASK Mail_Grp=1 AND Mail_Grp=2 This survey is for [u_firstname] [u_name]. Are you","INDCONF
ASK Mail_Grp=1 AND Mail_Grp=2 This survey is for [u_firstname] [u_name]. Are you
[FF_Surname] [FF_Surname]?
IF CHILD is Mail_Grp=3 Are you the parent or guardian of [u_firstname] [u_name]?
Please select one answer
1. Yes","INDCONF","candidate"
"react1.r13.registration","4","gate_or_option_instruction","IF CHILD is Mail_Grp=3 Are you the parent or guardian of [u_firstname] [u_name]?","[FF_Surname] [FF_Surname]?
IF CHILD is Mail_Grp=3 Are you the parent or guardian of [u_firstname] [u_name]?
Please select one answer
1. Yes
2. No
","","candidate"
"react1.r13.registration","4","gate_or_option_instruction","IF INDCONF = 2 AND Mail_Grp=2","
IF INDCONF = 2 AND Mail_Grp=2
INDCONFPARENT
This survey is intended for [FF_Surname] [FF_Surname ]. If you are the parent or guardian
of [FF_Surname] [FF_Surname ] you can complete the survey on their behalf. Are you the
parent or guardian of [FF_Surname] [FF_Surname ]?","INDCONFPARENT","candidate"
"react1.r13.registration","4","context_or_wording_needs_review","INDCONFPARENT","IF INDCONF = 2 AND Mail_Grp=2
INDCONFPARENT
This survey is intended for [FF_Surname] [FF_Surname ]. If you are the parent or guardian
of [FF_Surname] [FF_Surname ] you can complete the survey on their behalf. Are you the
parent or guardian of [FF_Surname] [FF_Surname ]?
","","candidate"
"react1.r13.registration","4","context_or_wording_needs_review","This survey is intended for [FF_Surname] [FF_Surname ]. If you are the parent or guardian","INDCONFPARENT
This survey is intended for [FF_Surname] [FF_Surname ]. If you are the parent or guardian
of [FF_Surname] [FF_Surname ] you can complete the survey on their behalf. Are you the
parent or guardian of [FF_Surname] [FF_Surname ]?

1. Yes","INDCONFPARENT","candidate"
"react1.r13.registration","4","context_or_wording_needs_review","parent or guardian of [FF_Surname] [FF_Surname ]?","of [FF_Surname] [FF_Surname ] you can complete the survey on their behalf. Are you the
parent or guardian of [FF_Surname] [FF_Surname ]?

1. Yes
2. No
","","candidate"
"react1.r13.registration","4","gate_or_option_instruction","IF INDCONFPARENT=2 OR INDCONF=2 AND Mail_Grp=3","
IF INDCONFPARENT=2 OR INDCONF=2 AND Mail_Grp=3
CLOSE1
“We thank you for your time spent taking this survey.”
TERMINATE
","","candidate"
"react1.r13.registration","4","gate_or_option_instruction","IF INDCONF =2 AND Mail_Grp=1","
IF INDCONF =2 AND Mail_Grp=1
INDCONFCARER
This survey is intended for [FF_Surname] [FF_Surname ]. If you are a carer for
[FF_Surname] [FF_Surname ], or they need assistance, you can help them to complete the
survey. Are you a carer for [FF_Surname] [FF_Surname ], or assisting them?","INDCONFCARER","candidate"
"react1.r13.registration","4","context_or_wording_needs_review","INDCONFCARER","IF INDCONF =2 AND Mail_Grp=1
INDCONFCARER
This survey is intended for [FF_Surname] [FF_Surname ]. If you are a carer for
[FF_Surname] [FF_Surname ], or they need assistance, you can help them to complete the
survey. Are you a carer for [FF_Surname] [FF_Surname ], or assisting them?
","","candidate"
"react1.r13.registration","4","context_or_wording_needs_review","This survey is intended for [FF_Surname] [FF_Surname ]. If you are a carer for","INDCONFCARER
This survey is intended for [FF_Surname] [FF_Surname ]. If you are a carer for
[FF_Surname] [FF_Surname ], or they need assistance, you can help them to complete the
survey. Are you a carer for [FF_Surname] [FF_Surname ], or assisting them?

1. Yes","INDCONFCARER","candidate"
"react1.r13.registration","4","context_or_wording_needs_review","survey. Are you a carer for [FF_Surname] [FF_Surname ], or assisting them?","[FF_Surname] [FF_Surname ], or they need assistance, you can help them to complete the
survey. Are you a carer for [FF_Surname] [FF_Surname ], or assisting them?

1. Yes
2. No
","","candidate"
"react1.r13.registration","4","gate_or_option_instruction","IF INDCONFCARER =2","
IF INDCONFCARER =2
CLOSE1
“We thank you for your time spent taking this survey.”
TERMINATE
","","candidate"
"react1.r13.registration","5","wording_only","IF 5-12 OR (13-17 INDCONFPARENT =1) Textfill is “your child”","IF 18+ OR (13-17 INDCONF=1) Textfill is “your”
IF 5-12 OR (13-17 INDCONFPARENT =1) Textfill is “your child”

ASK ALL
DOB
What is [your/your child’s] date of birth?","","candidate"
"react1.r13.registration","5","context_definition_or_continuation","Mail_Grp=1     18+        YEAR RANGE             “Our records suggest you are aged 17 or","AGE
Mail_Grp=1     18+        YEAR RANGE             “Our records suggest you are aged 17 or
1900 -2004             over, please check your answer.”
Mail_Grp=2     13-17      YEAR RANGE             “Our records suggest [IF INDCONF = 1:
2003- 2009             you are/IF INCONFPARENT = 1 your child
is] aged between 12 and 18, please check","AGE","candidate"
"react1.r13.registration","5","context_definition_or_continuation","Mail_Grp=2     13-17      YEAR RANGE             “Our records suggest [IF INDCONF = 1:","1900 -2004             over, please check your answer.”
Mail_Grp=2     13-17      YEAR RANGE             “Our records suggest [IF INDCONF = 1:
2003- 2009             you are/IF INCONFPARENT = 1 your child
is] aged between 12 and 18, please check
your answer”
Mail_grp=3     5-12       YEAR RANGE –           “Our records suggest your child is aged","","candidate"
"react1.r13.registration","5","context_or_wording_needs_review","2003- 2009             you are/IF INCONFPARENT = 1 your child","Mail_Grp=2     13-17      YEAR RANGE             “Our records suggest [IF INDCONF = 1:
2003- 2009             you are/IF INCONFPARENT = 1 your child
is] aged between 12 and 18, please check
your answer”
Mail_grp=3     5-12       YEAR RANGE –           “Our records suggest your child is aged
2008- 2016             between 5 and 13, please check your","","candidate"
"react1.r13.registration","5","context_or_wording_needs_review","is] aged between 12 and 18, please check","2003- 2009             you are/IF INCONFPARENT = 1 your child
is] aged between 12 and 18, please check
your answer”
Mail_grp=3     5-12       YEAR RANGE –           “Our records suggest your child is aged
2008- 2016             between 5 and 13, please check your
answer”","","candidate"
"react1.r13.registration","5","context_definition_or_continuation","Mail_grp=3     5-12       YEAR RANGE –           “Our records suggest your child is aged","your answer”
Mail_grp=3     5-12       YEAR RANGE –           “Our records suggest your child is aged
2008- 2016             between 5 and 13, please check your
answer”

ASK IF (DOB = 1)","","candidate"
"react1.r13.registration","5","context_or_wording_needs_review","What was your/your child’s age at your/their last birthday?","AGE
What was your/your child’s age at your/their last birthday?
[OPEN NUMERIC BOX AND APPLY TO AGE GROUPS AS OUTLINED BELOW BUT
ALLOW PAST]
GROUP          GROUP ALLOW RANGE                 ERROR MESSAGE
AGE","AGE","candidate"
"react1.r13.registration","5","context_or_wording_needs_review","[OPEN NUMERIC BOX AND APPLY TO AGE GROUPS AS OUTLINED BELOW BUT","What was your/your child’s age at your/their last birthday?
[OPEN NUMERIC BOX AND APPLY TO AGE GROUPS AS OUTLINED BELOW BUT
ALLOW PAST]
GROUP          GROUP ALLOW RANGE                 ERROR MESSAGE
AGE
Mail_Grp=1     18+        RANGE 17 -112          “Our records suggest you are aged 17 or","","candidate"
"react1.r13.registration","5","context_definition_or_continuation","Mail_Grp=1     18+        RANGE 17 -112          “Our records suggest you are aged 17 or","AGE
Mail_Grp=1     18+        RANGE 17 -112          “Our records suggest you are aged 17 or
over, please check your answer.”
Mail_Grp=2     13-17      RANGE 12-18            “Our records suggest [IF INDCONF = 1:
you are/IF INCONFPARENT = 1 your child
is] aged between 12 and 18, please check","AGE","candidate"
"react1.r13.registration","5","context_definition_or_continuation","Mail_Grp=2     13-17      RANGE 12-18            “Our records suggest [IF INDCONF = 1:","over, please check your answer.”
Mail_Grp=2     13-17      RANGE 12-18            “Our records suggest [IF INDCONF = 1:
you are/IF INCONFPARENT = 1 your child
is] aged between 12 and 18, please check
your answer”
Mail_grp=3     5-12       RANGE 5- 13            “Our records suggest your child is aged","","candidate"
"react1.r13.registration","5","context_or_wording_needs_review","you are/IF INCONFPARENT = 1 your child","Mail_Grp=2     13-17      RANGE 12-18            “Our records suggest [IF INDCONF = 1:
you are/IF INCONFPARENT = 1 your child
is] aged between 12 and 18, please check
your answer”
Mail_grp=3     5-12       RANGE 5- 13            “Our records suggest your child is aged
between 5 and 13, please check your","","candidate"
"react1.r13.registration","5","context_or_wording_needs_review","is] aged between 12 and 18, please check","you are/IF INCONFPARENT = 1 your child
is] aged between 12 and 18, please check
your answer”
Mail_grp=3     5-12       RANGE 5- 13            “Our records suggest your child is aged
between 5 and 13, please check your
answer”","","candidate"
"react1.r13.registration","5","context_definition_or_continuation","Mail_grp=3     5-12       RANGE 5- 13            “Our records suggest your child is aged","your answer”
Mail_grp=3     5-12       RANGE 5- 13            “Our records suggest your child is aged
between 5 and 13, please check your
answer”

","","candidate"
"react1.r13.registration","6","context_or_wording_needs_review","DAGE [Derived age for filter questions)","
DAGE [Derived age for filter questions)

IF GIVE A DOB AT DOB OR PREFER NOT TO SAY AT AGE: CALCULATE AGE FROM
SAMPLE INFORMATION (assume day is 15 of month)
","","candidate"
"react1.r13.registration","6","gate_or_option_instruction","IF GIVE A DOB AT DOB OR PREFER NOT TO SAY AT AGE: CALCULATE AGE FROM","
IF GIVE A DOB AT DOB OR PREFER NOT TO SAY AT AGE: CALCULATE AGE FROM
SAMPLE INFORMATION (assume day is 15 of month)

OTHERWISE USE AGE FROM AGE FOR FILTERING
","","candidate"
"react1.r13.registration","6","context_or_wording_needs_review","OTHERWISE USE AGE FROM AGE FOR FILTERING","
OTHERWISE USE AGE FROM AGE FOR FILTERING


IF Mail_Grp=3
","","candidate"
"react1.r13.registration","6","gate_or_option_instruction","IF Mail_Grp=3","
IF Mail_Grp=3

AGEPARENT

What was your age at your last birthday?","AGEPARENT","candidate"
"react1.r13.registration","6","context_or_wording_needs_review","AGEPARENT","
AGEPARENT

What was your age at your last birthday?

[OPEN NUMERIC BOX, RANGE 16– 112]","","candidate"
"react1.r13.registration","6","context_or_wording_needs_review","What was your age at your last birthday?","
What was your age at your last birthday?

[OPEN NUMERIC BOX, RANGE 16– 112]
1.     Prefer not to say
","AGEPARENT","candidate"
"react1.r13.registration","6","gate_or_option_instruction","IF AGED 13-15 AND MAIL_GRP2","
IF AGED 13-15 AND MAIL_GRP2

PARCONS

Does your parent or guardian give you permission to take part in this study?","PARCONS","candidate"
"react1.r13.registration","6","context_or_wording_needs_review","Does your parent or guardian give you permission to take part in this study?","
Does your parent or guardian give you permission to take part in this study?

1.      Yes
2.      No
","PARCONS","candidate"
"react1.r13.registration","6","context_or_wording_needs_review","Please ask your parent or guardian for permission to complete the survey. Once they have","
Please ask your parent or guardian for permission to complete the survey. Once they have
agreed for you to take part, please log back in to the survey.""
TERMINATE

","","candidate"
"react1.r13.registration","6","context_or_wording_needs_review","Please write in the full name of your parent/carer who has agreed that you can take part:","
Please write in the full name of your parent/carer who has agreed that you can take part:
{text box}


","","candidate"
"react1.r13.registration","7","gate_or_option_instruction","IF AGED Mail_Grp=1 OR Mail_Grp=3 OR (Mail_Grp=2 INDCONFPARENT =1)","Household composition
IF AGED Mail_Grp=1 OR Mail_Grp=3 OR (Mail_Grp=2 INDCONFPARENT =1)
NADULTS

Including yourself, how many adults aged 18 and over currently live in your household?
","NADULTS","candidate"
"react1.r13.registration","7","context_or_wording_needs_review","Including yourself, how many adults aged 18 and over currently live in your household?","
Including yourself, how many adults aged 18 and over currently live in your household?

INFO: Who should I include? Include all adults aged 18 and over, including any young
people aged 18 or over. Include young people who regularly spend part of the week in your
household. Include yourself.","NADULTS","candidate"
"react1.r13.registration","7","context_or_wording_needs_review","INFO: Who should I include? Include all adults aged 18 and over, including any young","
INFO: Who should I include? Include all adults aged 18 and over, including any young
people aged 18 or over. Include young people who regularly spend part of the week in your
household. Include yourself.

NUMERIC 1...","","candidate"
"react1.r13.registration","7","context_or_wording_needs_review","people aged 18 or over. Include young people who regularly spend part of the week in your","INFO: Who should I include? Include all adults aged 18 and over, including any young
people aged 18 or over. Include young people who regularly spend part of the week in your
household. Include yourself.

NUMERIC 1...
","","candidate"
"react1.r13.registration","7","context_or_wording_needs_review","[Show multiple rows up for number of adults aged Mail_Grp=1 in household ALLOW RANGE","
[Show multiple rows up for number of adults aged Mail_Grp=1 in household ALLOW RANGE
18 -112]
[IF MORE THAN 10 ADULTS ENTERED AT NADULTS ALLOW ONLY 10 ROWS FOR
NUMBER OF ADULTS]
","","candidate"
"react1.r13.registration","7","context_or_wording_needs_review","Header: Age in Years","
Header: Age in Years

Rows for each adult:

First adult","","candidate"
"react1.r13.registration","8","gate_or_option_instruction","IF Mail_Grp1 OR Mail_Grp=2 ANDINDCONF = 1.","
IF Mail_Grp1 OR Mail_Grp=2 ANDINDCONF = 1.
NADULTS1

How many adults aged 18 and over currently live in your household?
","NADULTS1","candidate"
"react1.r13.registration","8","context_or_wording_needs_review","How many adults aged 18 and over currently live in your household?","
How many adults aged 18 and over currently live in your household?

INFO: Who should I include? Include all adults aged 18 and over, including any young
people aged 18 or over. Include young people who regularly spend part of the week in your
household.","NADULTS1","candidate"
"react1.r13.registration","8","context_or_wording_needs_review","INFO: Who should I include? Include all adults aged 18 and over, including any young","
INFO: Who should I include? Include all adults aged 18 and over, including any young
people aged 18 or over. Include young people who regularly spend part of the week in your
household.

NUMERIC 1...","","candidate"
"react1.r13.registration","8","context_or_wording_needs_review","people aged 18 or over. Include young people who regularly spend part of the week in your","INFO: Who should I include? Include all adults aged 18 and over, including any young
people aged 18 or over. Include young people who regularly spend part of the week in your
household.

NUMERIC 1...
","","candidate"
"react1.r13.registration","8","context_or_wording_needs_review","[Show multiple rows up for number of adults aged Mail_Grp=1 in household ALLOW RANGE","
[Show multiple rows up for number of adults aged Mail_Grp=1 in household ALLOW RANGE
18 -112]

[IF MORE THAN 10 ADULTS ENTERED AT NADULTS1 ALLOW ONLY 10 ROWS FOR
NUMBER OF ADULTS]","","candidate"
"react1.r13.registration","8","context_or_wording_needs_review","Header: Age in Years","
Header: Age in Years

Rows for each adult:

First adult","","candidate"
"react1.r13.registration","9","gate_or_option_instruction","IF Mail_Grp=1 or Mail_Grp=3 or (Mail_Grp=2 and INDCONFPARENT =1)","
IF Mail_Grp=1 or Mail_Grp=3 or (Mail_Grp=2 and INDCONFPARENT =1)
NCHILD
How many children or young people aged 0 to 17 years currently live in your household?

INFO: Who should I include?","NCHILD","candidate"
"react1.r13.registration","9","context_or_wording_needs_review","How many children or young people aged 0 to 17 years currently live in your household?","NCHILD
How many children or young people aged 0 to 17 years currently live in your household?

INFO: Who should I include?
Include all children aged 0-17 in your household, whether or not they are your own children.
Include infants and babies. Include children who regularly spend part of the week in your","NCHILD","candidate"
"react1.r13.registration","9","context_or_wording_needs_review","Include all children aged 0-17 in your household, whether or not they are your own children.","INFO: Who should I include?
Include all children aged 0-17 in your household, whether or not they are your own children.
Include infants and babies. Include children who regularly spend part of the week in your
household.

IF MAIL_GRP = 3 or (MAIL_GRP=2 AND INDCONFPARENT=1) IF 0 IS ENTERED,","","candidate"
"react1.r13.registration","9","gate_or_option_instruction","IF MAIL_GRP = 3 or (MAIL_GRP=2 AND INDCONFPARENT=1) IF 0 IS ENTERED,","
IF MAIL_GRP = 3 or (MAIL_GRP=2 AND INDCONFPARENT=1) IF 0 IS ENTERED,
PLEASE BRING UP ERROR MESSAGE:

“You have said that there are no children aged 0-17 in your household. Please remember to
include the child this survey relates to.”","","candidate"
"react1.r13.registration","9","context_or_wording_needs_review","“You have said that there are no children aged 0-17 in your household. Please remember to","
“You have said that there are no children aged 0-17 in your household. Please remember to
include the child this survey relates to.”

NUMERIC 0...15
","","candidate"
"react1.r13.registration","9","gate_or_option_instruction","ASK (IF MAIL_GRP1 (AND NCHILD=1+)) OR (MAIL_GRP3 (AND NCHILD=2+))","CHILDAGE
ASK (IF MAIL_GRP1 (AND NCHILD=1+)) OR (MAIL_GRP3 (AND NCHILD=2+))

OR (MAIL_GRP2 AND INDCONFPARENT=1 AND NUMBER AT NCHILD=2+)

You said that [(IF NUMBER AT NCHILD = 1) there is 1 child or young person] [(IF NUMBER","CHILDAGE_1|CHILDAGE_2|CHILDAGE_3|CHILDAGE_4|CHILDAGE_5|CHILDAGE_6|CHILDAGE_7|CHILDAGE_8|CHILDAGE_9|CHILDAGE_10|CHILDAGE_11|CHILDAGE_12|CHILDAGE_13|CHILDAGE_14|CHILDAGE_15","candidate"
"react1.r13.registration","9","context_or_wording_needs_review","OR (MAIL_GRP2 AND INDCONFPARENT=1 AND NUMBER AT NCHILD=2+)","
OR (MAIL_GRP2 AND INDCONFPARENT=1 AND NUMBER AT NCHILD=2+)

You said that [(IF NUMBER AT NCHILD = 1) there is 1 child or young person] [(IF NUMBER
AT NCHILD = 2+) in your household. How old are they?
You said that there are (NUMBER AT NCHILD) children or young people] in your household.","","candidate"
"react1.r13.registration","9","context_or_wording_needs_review","How old are they? [Show multiple rows up for number of children aged 0-17 in household.","You said that there are (NUMBER AT NCHILD) children or young people] in your household.
How old are they? [Show multiple rows up for number of children aged 0-17 in household.
ALLOW RANGE 0-17]
Header: Age in Years
Rows for each child:
First child","","candidate"
"react1.r13.registration","9","context_or_wording_needs_review","Header: Age in Years","ALLOW RANGE 0-17]
Header: Age in Years
Rows for each child:
First child
Second child (and so on)
Columns for each child:","","candidate"
"react1.r13.registration","10","gate_or_option_instruction","IF Mail_Grp=2 (INDCONF = 1)","
IF Mail_Grp=2 (INDCONF = 1)

NCHILD1
Including yourself, how many children or young people aged 0 to 17 years currently live in
your household?","NCHILD1","candidate"
"react1.r13.registration","10","context_or_wording_needs_review","Including yourself, how many children or young people aged 0 to 17 years currently live in","NCHILD1
Including yourself, how many children or young people aged 0 to 17 years currently live in
your household?

INFO: Who should I include?
Include all children aged 0-17 in your household, whether or not they are your own children.","NCHILD1","candidate"
"react1.r13.registration","10","context_or_wording_needs_review","Include all children aged 0-17 in your household, whether or not they are your own children.","INFO: Who should I include?
Include all children aged 0-17 in your household, whether or not they are your own children.
Include infants and babies. Include children who regularly spend part of the week in your
household. Include yourself.

NUMERIC 0...15","","candidate"
"react1.r13.registration","10","context_or_wording_needs_review","[Show multiple rows up for number of children aged 0-17 in household]","children or young people] other than you in your household. How old arethey?
[Show multiple rows up for number of children aged 0-17 in household]
Header: Age in Years
Rows for each child:
First child
Second child (and so on)","","candidate"
"react1.r13.registration","10","context_or_wording_needs_review","Header: Age in Years","[Show multiple rows up for number of children aged 0-17 in household]
Header: Age in Years
Rows for each child:
First child
Second child (and so on)
Columns for each child:","","candidate"
"react1.r13.registration","10","gate_or_option_instruction","IF Mail_Grp=1 OR Mail_Grp=3 OR (16-17 INDCONF =1) Are you …","WORKTYP1
IF Mail_Grp=1 OR Mail_Grp=3 OR (16-17 INDCONF =1) Are you …
OR (16-17 INDCONFPARENT =1) Is your child….

WORKTYP1
Are you …/Is your child","WORKTYP1_1|WORKTYP1_2|WORKTYP1_3|WORKTYP1_4|WORKTYP1_5|WORKTYP1_6|WORKTYP1_7","candidate"
"react1.r13.registration","10","context_or_wording_needs_review","OR (16-17 INDCONFPARENT =1) Is your child….","IF Mail_Grp=1 OR Mail_Grp=3 OR (16-17 INDCONF =1) Are you …
OR (16-17 INDCONFPARENT =1) Is your child….

WORKTYP1
Are you …/Is your child
","WORKTYP1_1|WORKTYP1_2|WORKTYP1_3|WORKTYP1_4|WORKTYP1_5|WORKTYP1_6|WORKTYP1_7","candidate"
"react1.r13.registration","11","gate_or_option_instruction","IF (MAILGRP=1 OR 3 AND NADULTS=2+) OR IF MAILGRP=2","
IF (MAILGRP=1 OR 3 AND NADULTS=2+) OR IF MAILGRP=2

Is anyone <IF WORKTYP1 = 1-5: else> in your household …

1. A healthcare worker with direct patient contact","WORKTYP3_1|WORKTYP3_2|WORKTYP3_3|WORKTYP3_4|WORKTYP3_5|WORKTYP3_6|WORKTYP3_7","candidate"
"react1.r13.registration","13","gate_or_option_instruction","ASK MAIL_GRP1 OR MAIL_GRP2 (AGED 16+)","Vaccinations
ASK MAIL_GRP1 OR MAIL_GRP2 (AGED 16+)

CALCULATE AGE FROM SAMPLE INFORMATION (assume day is 15 of month)

VACCINE3","VACCINE3","candidate"
"react1.r13.registration","13","context_or_wording_needs_review","CALCULATE AGE FROM SAMPLE INFORMATION (assume day is 15 of month)","
CALCULATE AGE FROM SAMPLE INFORMATION (assume day is 15 of month)

VACCINE3

Have you/Has your child ever had a coronavirus vaccine?","VACCINE3","candidate"
"react1.r13.registration","15","context_or_wording_needs_review","Group 3 (5-12) OR group 2 INDCONFPARENT=1 ‘my child’","Group 1 (18+) OR group 2 INDCONF=1 Textfill ‘you’
Group 3 (5-12) OR group 2 INDCONFPARENT=1 ‘my child’
EXCL
Do you/Does your child have an increased risk of bleeding (for example taking
anticoagulants or a medical condition such as haemophilia, or are/ are they prone to
nosebleeds)?","EXCL","candidate"
"react1.r13.registration","16","context_or_wording_needs_review","staff and researchers. Nobody will be able to identify you [IF MAIL_GRP3 OR MAIL_GRP2","information will be kept confidential by Ipsos MORI, and approved Imperial College London
staff and researchers. Nobody will be able to identify you [IF MAIL_GRP3 OR MAIL_GRP2
AND INDCONFPARENT =1 “or your child”] in any published results. We will send more
information with the test, and you can withdraw from the study at any time.
Ipsos MORI will pass all test results to NHS Test and Trace. For more information, go to the
full Privacy Policy at www.ipsos.uk/covid-swab-privacy. If your/the test is positive","","candidate"
"react1.r13.registration","16","context_or_wording_needs_review","AND INDCONFPARENT =1 “or your child”] in any published results. We will send more","staff and researchers. Nobody will be able to identify you [IF MAIL_GRP3 OR MAIL_GRP2
AND INDCONFPARENT =1 “or your child”] in any published results. We will send more
information with the test, and you can withdraw from the study at any time.
Ipsos MORI will pass all test results to NHS Test and Trace. For more information, go to the
full Privacy Policy at www.ipsos.uk/covid-swab-privacy. If your/the test is positive
(suggesting that you/your child have/has COVID-19) NHS Test and Trace may contact you.","","candidate"
"react1.r13.registration","17","context_or_wording_needs_review","DO NOT ASK INDCONFPARENT=1","
DO NOT ASK INDCONFPARENT=1
ASK ALL
LINKAGEEXP
Imperial College would like your permission to link information held by NHS Digital and other
UK NHS bodies about you/ your child to this survey data to follow your health status for up to","","candidate"
"react1.r13.registration","17","context_or_wording_needs_review","Do you give permission for Imperial College to do this [ IF PARENT COMPLETING ON","
Do you give permission for Imperial College to do this [ IF PARENT COMPLETING ON
BEHALF OF 5-12 YEAR OLD in Mail_Grp 3 ONLY] / until your child is 16 years old?

1.    Yes
2.    No","","candidate"
"react1.r13.registration","17","context_or_wording_needs_review","BEHALF OF 5-12 YEAR OLD in Mail_Grp 3 ONLY] / until your child is 16 years old?","Do you give permission for Imperial College to do this [ IF PARENT COMPLETING ON
BEHALF OF 5-12 YEAR OLD in Mail_Grp 3 ONLY] / until your child is 16 years old?

1.    Yes
2.    No
","","candidate"
"react1.r14.individual","4","context_or_wording_needs_review","This survey is for [FF_Surname] [FF_Surname ]. Are you / the parent or guardian of","INDCONF
This survey is for [FF_Surname] [FF_Surname ]. Are you / the parent or guardian of
[FF_Surname] [FF_Surname]?
Please select one answer
1.    Yes
2.    No","INDCONF","candidate"
"react1.r14.individual","4","gate_or_option_instruction","IF INDCONF = 2 AND Mail_Grp 2","
IF INDCONF = 2 AND Mail_Grp 2
INDCONFPARENT
This survey is intended for [FF_firstname] [FF_Surname ]. If you are the parent or guardian
of [FF_firstname] [FF_Surname ] you can complete the survey by proxy and answer the
survey on their behalf. Are you the parent or guardian of [FF_firstname] [FF_Surname ]?","INDCONFPARENT","candidate"
"react1.r14.individual","4","context_or_wording_needs_review","INDCONFPARENT","IF INDCONF = 2 AND Mail_Grp 2
INDCONFPARENT
This survey is intended for [FF_firstname] [FF_Surname ]. If you are the parent or guardian
of [FF_firstname] [FF_Surname ] you can complete the survey by proxy and answer the
survey on their behalf. Are you the parent or guardian of [FF_firstname] [FF_Surname ]?
1.    Yes","","candidate"
"react1.r14.individual","4","context_or_wording_needs_review","This survey is intended for [FF_firstname] [FF_Surname ]. If you are the parent or guardian","INDCONFPARENT
This survey is intended for [FF_firstname] [FF_Surname ]. If you are the parent or guardian
of [FF_firstname] [FF_Surname ] you can complete the survey by proxy and answer the
survey on their behalf. Are you the parent or guardian of [FF_firstname] [FF_Surname ]?
1.    Yes
2.    No [TERMINATE]","INDCONFPARENT","candidate"
"react1.r14.individual","4","context_or_wording_needs_review","survey on their behalf. Are you the parent or guardian of [FF_firstname] [FF_Surname ]?","of [FF_firstname] [FF_Surname ] you can complete the survey by proxy and answer the
survey on their behalf. Are you the parent or guardian of [FF_firstname] [FF_Surname ]?
1.    Yes
2.    No [TERMINATE]

","","candidate"
"react1.r14.individual","4","gate_or_option_instruction","IF INDCONFPARENT=2 OR (INDCONF=2 AND AGE Mail_Grp 3)","
IF INDCONFPARENT=2 OR (INDCONF=2 AND AGE Mail_Grp 3)
CLOSE1
“We thank you for your time spent taking this survey.”
TERMINATE
","","candidate"
"react1.r14.individual","4","gate_or_option_instruction","IF INDCONF =2 AND Mail_Grp 1","
IF INDCONF =2 AND Mail_Grp 1
INDCONFCARER
This survey is intended for [FF_firstame] [FF_Surname ]. If you are a carer for [FF_firstname]
[FF_Surname ], or they need assistance, you can help them to complete the survey. Are you
a carer for [FF_firstname] [FF_Surname ], or assisting them?","INDCONFCARER","candidate"
"react1.r14.individual","4","context_or_wording_needs_review","INDCONFCARER","IF INDCONF =2 AND Mail_Grp 1
INDCONFCARER
This survey is intended for [FF_firstame] [FF_Surname ]. If you are a carer for [FF_firstname]
[FF_Surname ], or they need assistance, you can help them to complete the survey. Are you
a carer for [FF_firstname] [FF_Surname ], or assisting them?
1.    Yes","","candidate"
"react1.r14.individual","4","context_or_wording_needs_review","This survey is intended for [FF_firstame] [FF_Surname ]. If you are a carer for [FF_firstname]","INDCONFCARER
This survey is intended for [FF_firstame] [FF_Surname ]. If you are a carer for [FF_firstname]
[FF_Surname ], or they need assistance, you can help them to complete the survey. Are you
a carer for [FF_firstname] [FF_Surname ], or assisting them?
1.    Yes
2.    No","INDCONFCARER","candidate"
"react1.r14.individual","4","context_or_wording_needs_review","a carer for [FF_firstname] [FF_Surname ], or assisting them?","[FF_Surname ], or they need assistance, you can help them to complete the survey. Are you
a carer for [FF_firstname] [FF_Surname ], or assisting them?
1.    Yes
2.    No

","","candidate"
"react1.r14.individual","5","gate_or_option_instruction","IF INDCONFCARER =2","
IF INDCONFCARER =2
CLOSE1
“We thank you for your time spent taking this survey.”
TERMINATE
","","candidate"
"react1.r14.individual","5","wording_only","IF Mail_Grp 1 OR (Mail_Grp 2 INDCONF=1) Textfill is “your”","PROGRAMMER: SET TEXTFILL
IF Mail_Grp 1 OR (Mail_Grp 2 INDCONF=1) Textfill is “your”
IF Mail_Grp 3 OR (Mail_Grp 2 INDCONFPARENT =1) Textfill is “your child”


","","candidate"
"react1.r14.individual","5","wording_only","IF Mail_Grp 3 OR (Mail_Grp 2 INDCONFPARENT =1) Textfill is “your child”","IF Mail_Grp 1 OR (Mail_Grp 2 INDCONF=1) Textfill is “your”
IF Mail_Grp 3 OR (Mail_Grp 2 INDCONFPARENT =1) Textfill is “your child”



Health","","candidate"
"react1.r14.individual","7","context_or_wording_needs_review","allergy [IF MAIL_GRP1 AND ASK IF GENDER = FEMALE AND (DAGE < 55),","child had COVID-19 or were they all related to another issue (e.g. other illness,
allergy [IF MAIL_GRP1 AND ASK IF GENDER = FEMALE AND (DAGE < 55),
pregnancy] etc.)?

DISPLAY LIST OF SYMPTOMS MENTIONED AT SYMPTANY1, SYMPTANY2,
SYMPTANY3","","candidate"
"react1.r14.individual","7","response_option","4.    [IF Mail_Grp1 or Mail_grp2 AND age 12+ ONLY ] Some or all of the symptoms","1.    Some or all of the symptoms may have been due to COVID-19
4.    [IF Mail_Grp1 or Mail_grp2 AND age 12+ ONLY ] Some or all of the symptoms
may have been due to a COVID-19 vaccine

2.    The symptoms were not due to COVID-19 [IF Mail_Grp1 or Mail_grp2 AND age
12+ ONLY ] or a COVID-19 vaccine","","candidate"
"react1.r14.individual","7","response_option","2.    The symptoms were not due to COVID-19 [IF Mail_Grp1 or Mail_grp2 AND age","
2.    The symptoms were not due to COVID-19 [IF Mail_Grp1 or Mail_grp2 AND age
12+ ONLY ] or a COVID-19 vaccine
3.    Don’t know

","","candidate"
"react1.r14.individual","12","response_option","2.      In my place of work [SHOW ONLY IF MAIL_GRP1 OR MAIL_GRP2 AND","1.      In my household
2.      In my place of work [SHOW ONLY IF MAIL_GRP1 OR MAIL_GRP2 AND
INDCONF=1]
6.      In my/their school or college
3.      At a social event or gathering
4.      Somewhere else","","candidate"
"react1.r14.individual","13","gate_or_option_instruction","ASK IF COVIDCONPL=2 AND MAIL_GRP1 OR MAIL_GRP2 AND INDONF-=1","
ASK IF COVIDCONPL=2 AND MAIL_GRP1 OR MAIL_GRP2 AND INDONF-=1
COVIDCONWP

You said that you/your child had [IF COVIDCONNUM=2+ the most recent] contact with the
person who was a confirmed COVID-19 case in your workplace. Do you work in any of the","COVIDCONWP","candidate"
"react1.r14.individual","14","context_or_wording_needs_review","When you [Mail_grp1 or Mail_Grp 2 AND INDCONFPARENT=1]/[your child Mail_Grp3 OR","
When you [Mail_grp1 or Mail_Grp 2 AND INDCONFPARENT=1]/[your child Mail_Grp3 OR
Mail_grp 2 AND INDCONF=1] had COVID-19, did your [Mail_grp1 or Mail_Grp 2 AND
INDCONFPARENT=1]//their Mail_Grp3 OR Mail_grp 2 AND INDCONF=1] symptoms last
for more than four weeks?
","","candidate"
"react1.r14.individual","14","context_definition_or_continuation","Mail_grp 2 AND INDCONF=1] had COVID-19, did your [Mail_grp1 or Mail_Grp 2 AND","When you [Mail_grp1 or Mail_Grp 2 AND INDCONFPARENT=1]/[your child Mail_Grp3 OR
Mail_grp 2 AND INDCONF=1] had COVID-19, did your [Mail_grp1 or Mail_Grp 2 AND
INDCONFPARENT=1]//their Mail_Grp3 OR Mail_grp 2 AND INDCONF=1] symptoms last
for more than four weeks?

1.    Yes, and I/my child still have/has symptoms","","candidate"
"react1.r14.individual","14","context_or_wording_needs_review","INDCONFPARENT=1]//their Mail_Grp3 OR Mail_grp 2 AND INDCONF=1] symptoms last","Mail_grp 2 AND INDCONF=1] had COVID-19, did your [Mail_grp1 or Mail_Grp 2 AND
INDCONFPARENT=1]//their Mail_Grp3 OR Mail_grp 2 AND INDCONF=1] symptoms last
for more than four weeks?

1.    Yes, and I/my child still have/has symptoms
2.    Yes, but I/my child no longer have/has symptoms","","candidate"
"react1.r14.individual","19","gate_or_option_instruction","[ASK IF GENDER = FEMALE AND MAIL_GRP = 1 AND (DAGE < 55].","
[ASK IF GENDER = FEMALE AND MAIL_GRP = 1 AND (DAGE < 55].
PREG
SA

Are you pregnant at present?","PREG","candidate"
"react1.r14.individual","20","response_option","2.    Yes, my child has – [ ONLY Mail_grp3 OR for Mailgrp2 IF INDCONFPARENT=1]","1.    Yes, I have
2.    Yes, my child has – [ ONLY Mail_grp3 OR for Mailgrp2 IF INDCONFPARENT=1]
3.    Yes, someone else in my household has
4.    No
5.    Don’t know
","","candidate"
"react1.r14.individual","21","gate_or_option_instruction","IF Mail_Grp 1 AND LEAVE 1 =1 OR","
IF Mail_Grp 1 AND LEAVE 1 =1 OR
IF Mail_Grp2 AND INDCONF=1 AND LEAVE1=1

LEAVE 2
","","candidate"
"react1.r14.individual","21","gate_or_option_instruction","IF Mail_Grp2 AND INDCONF=1 AND LEAVE1=1","IF Mail_Grp 1 AND LEAVE 1 =1 OR
IF Mail_Grp2 AND INDCONF=1 AND LEAVE1=1

LEAVE 2

In the last 7 days, that is since <DATE/MONTH>, for what reasons have you left home?","","candidate"
"react1.r14.individual","21","response_option","14.   To get a vaccination [ASK IF Mail_grp1 ONLY]","9.    To go shopping
14.   To get a vaccination [ASK IF Mail_grp1 ONLY]
15.   To walk a dog/other pet care
10.   For errands (for example, pay bills, withdraw money from bank, visit post office)
11.   I have left my house for other reasons (please write in)
","","candidate"
"react1.r14.individual","22","context_or_wording_needs_review","Please do not include anything done as part of (IF MAIL_GRP1 OR MAIL_GRP2 AND","In the last 7 days have you/has your child done any of the following activities indoors?
Please do not include anything done as part of (IF MAIL_GRP1 OR MAIL_GRP2 AND
INDCONF=1 your job or education/IF MAIL_GRP = 3 OR MAIL_GRP = 2 AND
INDCONFPARENT=1 your child’s education.)

Please select all that apply","","candidate"
"react1.r14.individual","22","context_or_wording_needs_review","INDCONF=1 your job or education/IF MAIL_GRP = 3 OR MAIL_GRP = 2 AND","Please do not include anything done as part of (IF MAIL_GRP1 OR MAIL_GRP2 AND
INDCONF=1 your job or education/IF MAIL_GRP = 3 OR MAIL_GRP = 2 AND
INDCONFPARENT=1 your child’s education.)

Please select all that apply
","","candidate"
"react1.r14.individual","22","context_or_wording_needs_review","INDCONFPARENT=1 your child’s education.)","INDCONF=1 your job or education/IF MAIL_GRP = 3 OR MAIL_GRP = 2 AND
INDCONFPARENT=1 your child’s education.)

Please select all that apply

1. Taken exercise or a class inside at a gym or leisure centre","","candidate"
"react1.r14.individual","22","context_or_wording_needs_review","sporting event, gigs/concerts (not including for IF MAIL_GRP1 OR MAIL_GRP2 AND","10. Other indoor event involving people outside your household e.g. performance,
sporting event, gigs/concerts (not including for IF MAIL_GRP1 OR MAIL_GRP2 AND
INDCONF=1 work IF MAIL_GRP = 3 OR MAIL_GRP = 2 education.)
11. Been to a nightclub (IF MAIL_GRP1 ONLY)
8. Prefer not to say
9. None of these","","candidate"
"react1.r14.individual","22","context_or_wording_needs_review","INDCONF=1 work IF MAIL_GRP = 3 OR MAIL_GRP = 2 education.)","sporting event, gigs/concerts (not including for IF MAIL_GRP1 OR MAIL_GRP2 AND
INDCONF=1 work IF MAIL_GRP = 3 OR MAIL_GRP = 2 education.)
11. Been to a nightclub (IF MAIL_GRP1 ONLY)
8. Prefer not to say
9. None of these
","","candidate"
"react1.r14.individual","22","response_option","11. Been to a nightclub (IF MAIL_GRP1 ONLY)","INDCONF=1 work IF MAIL_GRP = 3 OR MAIL_GRP = 2 education.)
11. Been to a nightclub (IF MAIL_GRP1 ONLY)
8. Prefer not to say
9. None of these

","","candidate"
"react1.r14.individual","24","context_or_wording_needs_review","performance, sporting event, gigs/concerts (not including for IF MAIL_GRP1 OR","Thinking about the last time [you/your child] took part in a public gathering indoors, e.g.
performance, sporting event, gigs/concerts (not including for IF MAIL_GRP1 OR
MAIL_GRP2 AND INDCONF=1 work IF MAIL_GRP = 3 OR MAIL_GRP = 2 education.) how
many people were at the public gathering when [you/your child] attended? If you are not
sure, please give your best guess.
","","candidate"
"react1.r14.individual","24","context_definition_or_continuation","MAIL_GRP2 AND INDCONF=1 work IF MAIL_GRP = 3 OR MAIL_GRP = 2 education.) how","performance, sporting event, gigs/concerts (not including for IF MAIL_GRP1 OR
MAIL_GRP2 AND INDCONF=1 work IF MAIL_GRP = 3 OR MAIL_GRP = 2 education.) how
many people were at the public gathering when [you/your child] attended? If you are not
sure, please give your best guess.

1.   Less than 7","","candidate"
"react1.r14.individual","24","context_or_wording_needs_review","[(IF MAIL_GRP 1 OR MAIL_GRP 2 AND INDCONF=1) Please do not include anything done","In the last 7 days have you/has your child done any of the following activities outdoors?
[(IF MAIL_GRP 1 OR MAIL_GRP 2 AND INDCONF=1) Please do not include anything done
as part of your job.] IF MAIL_GRP = 3 OR MAIL_GRP = 2 AND INDCONFPARENT=1 your
child’s education.
Please select all that apply.
","","candidate"
"react1.r14.individual","24","context_or_wording_needs_review","as part of your job.] IF MAIL_GRP = 3 OR MAIL_GRP = 2 AND INDCONFPARENT=1 your","[(IF MAIL_GRP 1 OR MAIL_GRP 2 AND INDCONF=1) Please do not include anything done
as part of your job.] IF MAIL_GRP = 3 OR MAIL_GRP = 2 AND INDCONFPARENT=1 your
child’s education.
Please select all that apply.

1.  Played team sports or taken exercise classes outside","","candidate"
"react1.r14.individual","24","context_or_wording_needs_review","gigs/concerts (not including for IF MAIL_GRP1 OR MAIL_GRP2 AND INDCONF=1","6.  Other public gathering outside e.g. watching sports, demonstration, performance,
gigs/concerts (not including for IF MAIL_GRP1 OR MAIL_GRP2 AND INDCONF=1
work IF MAIL_GRP = 3 OR MAIL_GRP = 2 education.)
7. None of these
8. Prefer not to say
","","candidate"
"react1.r14.individual","24","context_or_wording_needs_review","work IF MAIL_GRP = 3 OR MAIL_GRP = 2 education.)","gigs/concerts (not including for IF MAIL_GRP1 OR MAIL_GRP2 AND INDCONF=1
work IF MAIL_GRP = 3 OR MAIL_GRP = 2 education.)
7. None of these
8. Prefer not to say

","","candidate"
"react1.r14.individual","26","context_or_wording_needs_review","please count them only once. [IF Mail_Grp 2 or Mail_Grp 3 Do not include contact at school].","have contact with yesterday? If you/they had contact with a person more than one time,
please count them only once. [IF Mail_Grp 2 or Mail_Grp 3 Do not include contact at school].

Your answers will be kept strictly confidential.

By contact we mean:","","candidate"
"react1.r14.individual","27","context_or_wording_needs_review","1 person who is not a member of your household. Which of the following age groups was","You said that yesterday you/your child came into contact with CONTACT1[IF CONTACT 1=1
1 person who is not a member of your household. Which of the following age groups was
this person in?] [IF CONTACT1=2+ ""X people who are not members of your household].
How many of those were in each of the following age groups?

1. 0 to 17 years old (enter number)","","candidate"
"react1.r14.individual","27","context_or_wording_needs_review","How many of those were in each of the following age groups?","this person in?] [IF CONTACT1=2+ ""X people who are not members of your household].
How many of those were in each of the following age groups?

1. 0 to 17 years old (enter number)
2. 18 to 34 years old (enter number)
3. 35 to 64 years old (enter number)","","candidate"
"react1.r14.individual","27","gate_or_option_instruction","IF CONTACT1 = 1+ AND LEAVE2=1 AND MAIL_GRP1","
IF CONTACT1 = 1+ AND LEAVE2=1 AND MAIL_GRP1

CONTACT5

You said that yesterday you came into contact with CONTACT1 people who are not","CONTACT5","candidate"
"react1.r14.individual","33","response_option","2.    Yes, my child did – [ ONLY Mail_grp3 OR for Mailgrp2 IF INDCONFPARENT=1]","1.    Yes, I did
2.    Yes, my child did – [ ONLY Mail_grp3 OR for Mailgrp2 IF INDCONFPARENT=1]
3.    Yes, someone else in my household did
4.    No
5.    Don’t know
","","candidate"
"react1.r14.individual","34","context_or_wording_needs_review","Have you been contacted by NHS Test and Trace [IF MAIL_GRP 3 OR Mail_Grp 2 AND","
Have you been contacted by NHS Test and Trace [IF MAIL_GRP 3 OR Mail_Grp 2 AND
INDCONFPARENT=1] about your child] in the last month (that is since DATE)?
Please include being notified or “pinged” by the NHS app.

1.Yes","COVIDTETR","candidate"
"react1.r14.individual","34","context_or_wording_needs_review","INDCONFPARENT=1] about your child] in the last month (that is since DATE)?","Have you been contacted by NHS Test and Trace [IF MAIL_GRP 3 OR Mail_Grp 2 AND
INDCONFPARENT=1] about your child] in the last month (that is since DATE)?
Please include being notified or “pinged” by the NHS app.

1.Yes
","","candidate"
"react1.r14.individual","35","context_or_wording_needs_review","How were you contacted [IF MAIL_GRP 3 OR Mail_Grp 2 AND INDCONFPARENT=1] about","TETAHOW
How were you contacted [IF MAIL_GRP 3 OR Mail_Grp 2 AND INDCONFPARENT=1] about
your child] by NHS Test and Trace?

PLEASE SELECT ALL THAT APPLY
","TETAHOW_1|TETAHOW_2|TETAHOW_3|TETAHOW_4|TETAHOW_7|TETAHOW_5|TETAHOW_6","candidate"
"react1.r14.individual","36","gate_or_option_instruction","If NHSCONTACTS2 =2 OR 4 AND (MAIL_GRP3, MAIL_Grp1 or (MAIL_GRP2 AND","
If NHSCONTACTS2 =2 OR 4 AND (MAIL_GRP3, MAIL_Grp1 or (MAIL_GRP2 AND
INDCONF=1)).
NHSCONTACTSNO

Which of the following reasons describe why you did not provide (IF NHSCONTACTS2=2:","NHSCONTACTSNO_1|NHSCONTACTSNO_2|NHSCONTACTSNO_3|NHSCONTACTSNO_4|NHSCONTACTSNO_5|NHSCONTACTSNO_6|NHSCONTACTSNO_7|NHSCONTACTSNO_8|NHSCONTACTSNO_8_OTHER|NHSCONTACTSNO_9","candidate"
"react1.r14.individual","37","gate_or_option_instruction","ASK MAIL_GRP1 OR MAIL_GRP2 OR MAIL_GRP3 (AGED 12+ )","Vaccinations
ASK MAIL_GRP1 OR MAIL_GRP2 OR MAIL_GRP3 (AGED 12+ )

CALCULATE AGE FROM SAMPLE INFORMATION (assume day is 15 of month)

VACCINE3SYM","VACCINE3SYM","candidate"
"react1.r14.individual","37","context_or_wording_needs_review","CALCULATE AGE FROM SAMPLE INFORMATION (assume day is 15 of month)","
CALCULATE AGE FROM SAMPLE INFORMATION (assume day is 15 of month)

VACCINE3SYM

We asked you this at when you registered to receive a swab test kit but we would just like to","VACCINE3SYM","candidate"
"react1.r14.individual","38","gate_or_option_instruction","IF VACCINE3SYM = 2 or 3 AND (MAIL_GRP2 AND INDCONF=1).","
IF VACCINE3SYM = 2 or 3 AND (MAIL_GRP2 AND INDCONF=1).
VACCINEAPP1

Have you/Has your child been offered a coronavirus vaccine?
","VACCINEAPP1","candidate"
"react1.r14.individual","39","gate_or_option_instruction","IF VACCINEACCEPT=2 or 3 AND ( (Mail_Grp 2 AND INDCONF=1))","
IF VACCINEACCEPT=2 or 3 AND ( (Mail_Grp 2 AND INDCONF=1))
VACCRUFUSE1

[RANDOMISE LIST]
","VACCRUFUSE1_1|VACCRUFUSE1_2|VACCRUFUSE1_3|VACCRUFUSE1_4|VACCRUFUSE1_5|VACCRUFUSE1_6|VACCRUFUSE1_7|VACCRUFUSE1_8|VACCRUFUSE1_9|VACCRUFUSE1_10|VACCRUFUSE1_11|VACCRUFUSE1_12|VACCRUFUSE1_13|VACCRUFUSE1_14|VACCRUFUSE1_15|VACCRUFUSE1_16|VACCRUFUSE1_17|VACCRUFUSE1_18|VACCRUFUSE1_21|VACCRUFUSE1_22|VACCRUFUSE1_23|VACCRUFUSE1_19|VACCRUFUSE1_19_OTHER|VACCRUFUSE1_20","candidate"
"react1.r14.individual","39","context_or_wording_needs_review","GENDER = FEMALE AND MAIL_GRP = 1 AND (DAGE < 55].","14. I am pregnant/breastfeeding and afraid of the effects on my baby [ASK IF
GENDER = FEMALE AND MAIL_GRP = 1 AND (DAGE < 55].
15. The impact of COVID-19 is being greatly exaggerated
16. I don't trust the people who have developed the vaccine
17. So long as most other people get the vaccine then it doesn't matter if I don't
18. Doses of the vaccine are limited and other people need it more than me","","candidate"
"react1.r14.individual","40","context_or_wording_needs_review","VACCINEAPP2 =2 AND (Mail_Grp 1 OR (Mail_Grp 2 AND INDCONF=1))","
VACCINEAPP2 =2 AND (Mail_Grp 1 OR (Mail_Grp 2 AND INDCONF=1))
VACCREFUSE2

[RANDOMISE LIST]
","","candidate"
"react1.r14.individual","40","context_or_wording_needs_review","GENDER = FEMALE AND MAIL_GRP = 1 AND (DAGE < 55].","14.   I am pregnant/breastfeeding and afraid of the effects on my baby [ASK IF
GENDER = FEMALE AND MAIL_GRP = 1 AND (DAGE < 55].
15.   The impact of COVID-19 is being greatly exaggerated
16.   I don't trust the people who have developed the vaccine
17.   So long as most other people get the vaccine then it doesn't matter if I don't
18.   Doses of the vaccine are limited and other people need it more than me","","candidate"
"react1.r14.individual","41","gate_or_option_instruction","ASK ALL Mail_Grp 1","
ASK ALL Mail_Grp 1
EDUC
What is your highest educational qualification? This means any educational, professional,
vocational or other work-related qualifications for which you received a certificate.
Please select one answer","EDUC","candidate"
"react1.r14.individual","43","gate_or_option_instruction","IF MAIL_GRP1 AND EMPL = 7","
IF MAIL_GRP1 AND EMPL = 7
EDTYPE

This term are you studying…
","EDTYPE","candidate"
"react1.r14.individual","43","gate_or_option_instruction","IF MAIL_GRP1 AND EMPL = 7","
IF MAIL_GRP1 AND EMPL = 7
CAMPUS2

Where are you currently living?
","CAMPUS2","candidate"
"react1.r14.individual","43","response_option","6. Parents’ or guardians’ home","5. Your own home which you own
6. Parents’ or guardians’ home
7. Other


IF CAMPUS2=4, 5, 6, 7","","candidate"
"react1.r14.individual","46","gate_or_option_instruction","ASK ALL MAIL_GRP1 OR MAIL_GRP3 ONLY","
ASK ALL MAIL_GRP1 OR MAIL_GRP3 ONLY
COV_PayEx2

How well would you say your household is managing financially these days? Would you say
your household is...","COV_PAYEX2","candidate"
"react1.r14.individual","50","response_option","1.    For work [Mail_Grp1 or Mail_grp2 AND age 16+ ONLY]","
1.    For work [Mail_Grp1 or Mail_grp2 AND age 16+ ONLY]
2.    To volunteer [Mail_Grp1 or Mail_grp2 AND age 16+ ONLY]
3.    To seek medical assistance/to go to a hospital appointment
4.    To care for, provide assistance or to help someone else (for example, friends or
family)","","candidate"
"react1.r14.individual","50","response_option","2.    To volunteer [Mail_Grp1 or Mail_grp2 AND age 16+ ONLY]","1.    For work [Mail_Grp1 or Mail_grp2 AND age 16+ ONLY]
2.    To volunteer [Mail_Grp1 or Mail_grp2 AND age 16+ ONLY]
3.    To seek medical assistance/to go to a hospital appointment
4.    To care for, provide assistance or to help someone else (for example, friends or
family)
5.    To meet with someone outside","","candidate"
"react1.r14.individual","50","response_option","12.   To take a child to school or childcare [Mail_Grp1 or Mail_grp2 AND age 16+","11.   To meet with someone indoors
12.   To take a child to school or childcare [Mail_Grp1 or Mail_grp2 AND age 16+
ONLY]
13.   To get or post a COVID-19 test
14.   There was a risk of harm
15.   I am certain I do not have COVID-19","","candidate"
"react1.r14.individual","51","gate_or_option_instruction","ASK IF QISOLLEAVEREASON=1 AND Mail_Grp1 or (Mail_grp2 AND age 16+ ONLY and","
ASK IF QISOLLEAVEREASON=1 AND Mail_Grp1 or (Mail_grp2 AND age 16+ ONLY and
INDCONF=1]
QCOVIDWORK

[RANDOMISE LIST]","QCOVIDWORK_1|QCOVIDWORK_2|QCOVIDWORK_3|QCOVIDWORK_4|QCOVIDWORK_5|QCOVIDWORK_6|QCOVIDWORK_7|QCOVIDWORK_8|QCOVIDWORK_9|QCOVIDWORK_9_OTHER|QCOVIDWORK_10","candidate"
"react1.r14.individual","51","gate_or_option_instruction","ASK Mail_Grp=1","
ASK Mail_Grp=1
SMOKENOW

Do you smoke cigarettes at all nowadays?
","SMOKENOW","candidate"
"react1.r14.individual","52","gate_or_option_instruction","ASK Mailgrp=1","
ASK Mailgrp=1
VAPNOW

Do you vape/use e-cigarettes at all nowadays?
","VAPNOW","candidate"
"react1.r14.individual","55","gate_or_option_instruction","ASK IF MAIL_GRP1 ONLY","
ASK IF MAIL_GRP1 ONLY

CONTACTCIAB

Would you be willing for Ipsos MORI to use your contact details in order to invite you to take","CONTACTCIAB","candidate"
"react1.r14.registration","3","context_or_wording_needs_review","There are 3 groups corresponding to Mail_Grp i.e. u_mail_grp","received inviting you to take part in this study.
There are 3 groups corresponding to Mail_Grp i.e. u_mail_grp
Mail_Grp                                       Age group
Mail_Grp=1                                     18+
Mail_Grp=2                                     13-17
Mail_grp=3                                     5-12","","candidate"
"react1.r14.registration","3","context_definition_or_continuation","Mail_Grp                                       Age group","There are 3 groups corresponding to Mail_Grp i.e. u_mail_grp
Mail_Grp                                       Age group
Mail_Grp=1                                     18+
Mail_Grp=2                                     13-17
Mail_grp=3                                     5-12
","","candidate"
"react1.r14.registration","3","context_definition_or_continuation","Mail_Grp=1                                     18+","Mail_Grp                                       Age group
Mail_Grp=1                                     18+
Mail_Grp=2                                     13-17
Mail_grp=3                                     5-12

","","candidate"
"react1.r14.registration","3","context_definition_or_continuation","Mail_Grp=2                                     13-17","Mail_Grp=1                                     18+
Mail_Grp=2                                     13-17
Mail_grp=3                                     5-12


","","candidate"
"react1.r14.registration","3","context_definition_or_continuation","Mail_grp=3                                     5-12","Mail_Grp=2                                     13-17
Mail_grp=3                                     5-12



","","candidate"
"react1.r14.registration","4","gate_or_option_instruction","ASK Mail_Grp=1 AND Mail_Grp=2 This survey is for [u_firstname] [u_name]. Are you","INDCONF
ASK Mail_Grp=1 AND Mail_Grp=2 This survey is for [u_firstname] [u_name]. Are you
[FF_Surname] [FF_Surname]?
IF CHILD is Mail_Grp=3 Are you the parent or guardian of [u_firstname] [u_name]?
Please select one answer
1. Yes","INDCONF","candidate"
"react1.r14.registration","4","gate_or_option_instruction","IF CHILD is Mail_Grp=3 Are you the parent or guardian of [u_firstname] [u_name]?","[FF_Surname] [FF_Surname]?
IF CHILD is Mail_Grp=3 Are you the parent or guardian of [u_firstname] [u_name]?
Please select one answer
1. Yes
2. No
","","candidate"
"react1.r14.registration","4","gate_or_option_instruction","IF INDCONF = 2 AND Mail_Grp=2","
IF INDCONF = 2 AND Mail_Grp=2
INDCONFPARENT
This survey is intended for [FF_Surname] [FF_Surname ]. If you are the parent or guardian
of [FF_Surname] [FF_Surname ] you can complete the survey on their behalf. Are you the
parent or guardian of [FF_Surname] [FF_Surname ]?","INDCONFPARENT","candidate"
"react1.r14.registration","4","context_or_wording_needs_review","INDCONFPARENT","IF INDCONF = 2 AND Mail_Grp=2
INDCONFPARENT
This survey is intended for [FF_Surname] [FF_Surname ]. If you are the parent or guardian
of [FF_Surname] [FF_Surname ] you can complete the survey on their behalf. Are you the
parent or guardian of [FF_Surname] [FF_Surname ]?
1. Yes","","candidate"
"react1.r14.registration","4","context_or_wording_needs_review","This survey is intended for [FF_Surname] [FF_Surname ]. If you are the parent or guardian","INDCONFPARENT
This survey is intended for [FF_Surname] [FF_Surname ]. If you are the parent or guardian
of [FF_Surname] [FF_Surname ] you can complete the survey on their behalf. Are you the
parent or guardian of [FF_Surname] [FF_Surname ]?
1. Yes
2. No","INDCONFPARENT","candidate"
"react1.r14.registration","4","context_or_wording_needs_review","parent or guardian of [FF_Surname] [FF_Surname ]?","of [FF_Surname] [FF_Surname ] you can complete the survey on their behalf. Are you the
parent or guardian of [FF_Surname] [FF_Surname ]?
1. Yes
2. No

","","candidate"
"react1.r14.registration","4","gate_or_option_instruction","IF INDCONFPARENT=2 OR INDCONF=2 AND Mail_Grp=3","
IF INDCONFPARENT=2 OR INDCONF=2 AND Mail_Grp=3
CLOSE1
“We thank you for your time spent taking this survey.”
TERMINATE
","","candidate"
"react1.r14.registration","4","gate_or_option_instruction","IF INDCONF =2 AND Mail_Grp=1","
IF INDCONF =2 AND Mail_Grp=1
INDCONFCARER
This survey is intended for [FF_Surname] [FF_Surname ]. If you are a carer for
[FF_Surname] [FF_Surname ], or they need assistance, you can help them to complete the
survey. Are you a carer for [FF_Surname] [FF_Surname ], or assisting them?","INDCONFCARER","candidate"
"react1.r14.registration","4","context_or_wording_needs_review","INDCONFCARER","IF INDCONF =2 AND Mail_Grp=1
INDCONFCARER
This survey is intended for [FF_Surname] [FF_Surname ]. If you are a carer for
[FF_Surname] [FF_Surname ], or they need assistance, you can help them to complete the
survey. Are you a carer for [FF_Surname] [FF_Surname ], or assisting them?
1. Yes","","candidate"
"react1.r14.registration","4","context_or_wording_needs_review","This survey is intended for [FF_Surname] [FF_Surname ]. If you are a carer for","INDCONFCARER
This survey is intended for [FF_Surname] [FF_Surname ]. If you are a carer for
[FF_Surname] [FF_Surname ], or they need assistance, you can help them to complete the
survey. Are you a carer for [FF_Surname] [FF_Surname ], or assisting them?
1. Yes
2. No","INDCONFCARER","candidate"
"react1.r14.registration","4","context_or_wording_needs_review","survey. Are you a carer for [FF_Surname] [FF_Surname ], or assisting them?","[FF_Surname] [FF_Surname ], or they need assistance, you can help them to complete the
survey. Are you a carer for [FF_Surname] [FF_Surname ], or assisting them?
1. Yes
2. No

","","candidate"
"react1.r14.registration","4","gate_or_option_instruction","IF INDCONFCARER =2","
IF INDCONFCARER =2
CLOSE1
“We thank you for your time spent taking this survey.”
TERMINATE
","","candidate"
"react1.r14.registration","5","context_definition_or_continuation","Mail_Grp=1     18+        YEAR RANGE             “Our records suggest you are aged 17 or","AGE
Mail_Grp=1     18+        YEAR RANGE             “Our records suggest you are aged 17 or
1900 -2004             over, please check your answer.”
Mail_Grp=2     13-17      YEAR RANGE             “Our records suggest [IF INDCONF = 1:
2003- 2009             you are/IF INCONFPARENT = 1 your child
is] aged between 12 and 18, please check","AGE","candidate"
"react1.r14.registration","5","context_definition_or_continuation","Mail_Grp=2     13-17      YEAR RANGE             “Our records suggest [IF INDCONF = 1:","1900 -2004             over, please check your answer.”
Mail_Grp=2     13-17      YEAR RANGE             “Our records suggest [IF INDCONF = 1:
2003- 2009             you are/IF INCONFPARENT = 1 your child
is] aged between 12 and 18, please check
your answer”
Mail_grp=3     5-12       YEAR RANGE –           “Our records suggest your child is aged","","candidate"
"react1.r14.registration","5","context_or_wording_needs_review","2003- 2009             you are/IF INCONFPARENT = 1 your child","Mail_Grp=2     13-17      YEAR RANGE             “Our records suggest [IF INDCONF = 1:
2003- 2009             you are/IF INCONFPARENT = 1 your child
is] aged between 12 and 18, please check
your answer”
Mail_grp=3     5-12       YEAR RANGE –           “Our records suggest your child is aged
2008- 2016             between 5 and 13, please check your","","candidate"
"react1.r14.registration","5","context_or_wording_needs_review","is] aged between 12 and 18, please check","2003- 2009             you are/IF INCONFPARENT = 1 your child
is] aged between 12 and 18, please check
your answer”
Mail_grp=3     5-12       YEAR RANGE –           “Our records suggest your child is aged
2008- 2016             between 5 and 13, please check your
answer”","","candidate"
"react1.r14.registration","5","context_definition_or_continuation","Mail_grp=3     5-12       YEAR RANGE –           “Our records suggest your child is aged","your answer”
Mail_grp=3     5-12       YEAR RANGE –           “Our records suggest your child is aged
2008- 2016             between 5 and 13, please check your
answer”

ASK IF (DOB = 1)","","candidate"
"react1.r14.registration","5","context_or_wording_needs_review","What was your/your child’s age at your/their last birthday?","AGE
What was your/your child’s age at your/their last birthday?
[OPEN NUMERIC BOX AND APPLY TO AGE GROUPS AS OUTLINED BELOW BUT
ALLOW PAST]
GROUP          GROUP ALLOW RANGE                 ERROR MESSAGE
AGE","AGE","candidate"
"react1.r14.registration","5","context_or_wording_needs_review","[OPEN NUMERIC BOX AND APPLY TO AGE GROUPS AS OUTLINED BELOW BUT","What was your/your child’s age at your/their last birthday?
[OPEN NUMERIC BOX AND APPLY TO AGE GROUPS AS OUTLINED BELOW BUT
ALLOW PAST]
GROUP          GROUP ALLOW RANGE                 ERROR MESSAGE
AGE
Mail_Grp=1     18+        RANGE 17 -112          “Our records suggest you are aged 17 or","","candidate"
"react1.r14.registration","5","context_definition_or_continuation","Mail_Grp=1     18+        RANGE 17 -112          “Our records suggest you are aged 17 or","AGE
Mail_Grp=1     18+        RANGE 17 -112          “Our records suggest you are aged 17 or
over, please check your answer.”
Mail_Grp=2     13-17      RANGE 12-18            “Our records suggest [IF INDCONF = 1:
you are/IF INCONFPARENT = 1 your child
is] aged between 12 and 18, please check","AGE","candidate"
"react1.r14.registration","5","context_definition_or_continuation","Mail_Grp=2     13-17      RANGE 12-18            “Our records suggest [IF INDCONF = 1:","over, please check your answer.”
Mail_Grp=2     13-17      RANGE 12-18            “Our records suggest [IF INDCONF = 1:
you are/IF INCONFPARENT = 1 your child
is] aged between 12 and 18, please check
your answer”
Mail_grp=3     5-12       RANGE 5- 13            “Our records suggest your child is aged","","candidate"
"react1.r14.registration","5","context_or_wording_needs_review","you are/IF INCONFPARENT = 1 your child","Mail_Grp=2     13-17      RANGE 12-18            “Our records suggest [IF INDCONF = 1:
you are/IF INCONFPARENT = 1 your child
is] aged between 12 and 18, please check
your answer”
Mail_grp=3     5-12       RANGE 5- 13            “Our records suggest your child is aged
between 5 and 13, please check your","","candidate"
"react1.r14.registration","5","context_or_wording_needs_review","is] aged between 12 and 18, please check","you are/IF INCONFPARENT = 1 your child
is] aged between 12 and 18, please check
your answer”
Mail_grp=3     5-12       RANGE 5- 13            “Our records suggest your child is aged
between 5 and 13, please check your
answer”","","candidate"
"react1.r14.registration","5","context_definition_or_continuation","Mail_grp=3     5-12       RANGE 5- 13            “Our records suggest your child is aged","your answer”
Mail_grp=3     5-12       RANGE 5- 13            “Our records suggest your child is aged
between 5 and 13, please check your
answer”

","","candidate"
"react1.r14.registration","6","context_or_wording_needs_review","DAGE [Derived age for filter questions)","
DAGE [Derived age for filter questions)

IF GIVE A DOB AT DOB OR PREFER NOT TO SAY AT AGE: CALCULATE AGE FROM
SAMPLE INFORMATION (assume day is 15 of month)
","","candidate"
"react1.r14.registration","6","gate_or_option_instruction","IF GIVE A DOB AT DOB OR PREFER NOT TO SAY AT AGE: CALCULATE AGE FROM","
IF GIVE A DOB AT DOB OR PREFER NOT TO SAY AT AGE: CALCULATE AGE FROM
SAMPLE INFORMATION (assume day is 15 of month)

OTHERWISE USE AGE FROM AGE FOR FILTERING
","","candidate"
"react1.r14.registration","6","context_or_wording_needs_review","OTHERWISE USE AGE FROM AGE FOR FILTERING","
OTHERWISE USE AGE FROM AGE FOR FILTERING


IF Mail_Grp=3
","","candidate"
"react1.r14.registration","6","gate_or_option_instruction","IF Mail_Grp=3","
IF Mail_Grp=3

AGEPARENT

What was your age at your last birthday?","AGEPARENT","candidate"
"react1.r14.registration","6","context_or_wording_needs_review","AGEPARENT","
AGEPARENT

What was your age at your last birthday?

[OPEN NUMERIC BOX, RANGE 16– 112]","","candidate"
"react1.r14.registration","6","context_or_wording_needs_review","What was your age at your last birthday?","
What was your age at your last birthday?

[OPEN NUMERIC BOX, RANGE 16– 112]
1. Prefer not to say
","AGEPARENT","candidate"
"react1.r14.registration","6","gate_or_option_instruction","IF AGED 13-15 AND MAIL_GRP2","
IF AGED 13-15 AND MAIL_GRP2

PARCONS

Does your parent or guardian give you permission to take part in this study?","PARCONS","candidate"
"react1.r14.registration","6","context_or_wording_needs_review","Does your parent or guardian give you permission to take part in this study?","
Does your parent or guardian give you permission to take part in this study?

1.   Yes
2.   No
","PARCONS","candidate"
"react1.r14.registration","6","context_or_wording_needs_review","Please ask your parent or guardian for permission to complete the survey. Once they have","
Please ask your parent or guardian for permission to complete the survey. Once they have
agreed for you to take part, please log back in to the survey.""
TERMINATE

IF PARCONS = 1","","candidate"
"react1.r14.registration","6","context_or_wording_needs_review","Please write in the full name of your parent/carer who has agreed that you can take part:","
Please write in the full name of your parent/carer who has agreed that you can take part:
{text box}


","PARNAME","candidate"
"react1.r14.registration","7","gate_or_option_instruction","IF AGED Mail_Grp=1 OR Mail_Grp=3 OR (Mail_Grp=2 INDCONFPARENT =1)","Household composition
IF AGED Mail_Grp=1 OR Mail_Grp=3 OR (Mail_Grp=2 INDCONFPARENT =1)
NADULTS

Including yourself, how many adults aged 18 and over currently live in your household?
","NADULTS","candidate"
"react1.r14.registration","7","context_or_wording_needs_review","Including yourself, how many adults aged 18 and over currently live in your household?","
Including yourself, how many adults aged 18 and over currently live in your household?

INFO: Who should I include? Include all adults aged 18 and over, including any young
people aged 18 or over. Include young people who regularly spend part of the week in your
household. Include yourself.","NADULTS","candidate"
"react1.r14.registration","7","context_or_wording_needs_review","INFO: Who should I include? Include all adults aged 18 and over, including any young","
INFO: Who should I include? Include all adults aged 18 and over, including any young
people aged 18 or over. Include young people who regularly spend part of the week in your
household. Include yourself.

NUMERIC 1...","","candidate"
"react1.r14.registration","7","context_or_wording_needs_review","people aged 18 or over. Include young people who regularly spend part of the week in your","INFO: Who should I include? Include all adults aged 18 and over, including any young
people aged 18 or over. Include young people who regularly spend part of the week in your
household. Include yourself.

NUMERIC 1...
","","candidate"
"react1.r14.registration","7","context_or_wording_needs_review","[Show multiple rows up for number of adults aged Mail_Grp=1 in household ALLOW RANGE","
[Show multiple rows up for number of adults aged Mail_Grp=1 in household ALLOW RANGE
18 -112]
[IF MORE THAN 10 ADULTS ENTERED AT NADULTS ALLOW ONLY 10 ROWS FOR
NUMBER OF ADULTS]
","","candidate"
"react1.r14.registration","7","context_or_wording_needs_review","Header: Age in Years","
Header: Age in Years

Rows for each adult:

First adult","","candidate"
"react1.r14.registration","8","gate_or_option_instruction","IF Mail_Grp1 OR Mail_Grp=2 ANDINDCONF = 1.","
IF Mail_Grp1 OR Mail_Grp=2 ANDINDCONF = 1.
NADULTS1

How many adults aged 18 and over currently live in your household?
","NADULTS1","candidate"
"react1.r14.registration","8","context_or_wording_needs_review","How many adults aged 18 and over currently live in your household?","
How many adults aged 18 and over currently live in your household?

INFO: Who should I include? Include all adults aged 18 and over, including any young
people aged 18 or over. Include young people who regularly spend part of the week in your
household.","NADULTS1","candidate"
"react1.r14.registration","8","context_or_wording_needs_review","INFO: Who should I include? Include all adults aged 18 and over, including any young","
INFO: Who should I include? Include all adults aged 18 and over, including any young
people aged 18 or over. Include young people who regularly spend part of the week in your
household.

NUMERIC 1...","","candidate"
"react1.r14.registration","8","context_or_wording_needs_review","people aged 18 or over. Include young people who regularly spend part of the week in your","INFO: Who should I include? Include all adults aged 18 and over, including any young
people aged 18 or over. Include young people who regularly spend part of the week in your
household.

NUMERIC 1...
","","candidate"
"react1.r14.registration","8","context_or_wording_needs_review","[Show multiple rows up for number of adults aged Mail_Grp=1 in household ALLOW RANGE","
[Show multiple rows up for number of adults aged Mail_Grp=1 in household ALLOW RANGE
18 -112]

[IF MORE THAN 10 ADULTS ENTERED AT NADULTS1 ALLOW ONLY 10 ROWS FOR
NUMBER OF ADULTS]","","candidate"
"react1.r14.registration","8","context_or_wording_needs_review","Header: Age in Years","
Header: Age in Years

Rows for each adult:

First adult","","candidate"
"react1.r14.registration","9","gate_or_option_instruction","IF Mail_Grp=1 or Mail_Grp=3 or (Mail_Grp=2 and INDCONFPARENT =1)","
IF Mail_Grp=1 or Mail_Grp=3 or (Mail_Grp=2 and INDCONFPARENT =1)
NCHILD

How many children or young people aged 0 to 17 years currently live in your household?
","NCHILD","candidate"
"react1.r14.registration","9","context_or_wording_needs_review","How many children or young people aged 0 to 17 years currently live in your household?","
How many children or young people aged 0 to 17 years currently live in your household?

INFO: Who should I include?
Include all children aged 0-17 in your household, whether or not they are your own children.
Include infants and babies. Include children who regularly spend part of the week in your","NCHILD","candidate"
"react1.r14.registration","9","context_or_wording_needs_review","Include all children aged 0-17 in your household, whether or not they are your own children.","INFO: Who should I include?
Include all children aged 0-17 in your household, whether or not they are your own children.
Include infants and babies. Include children who regularly spend part of the week in your
household.

NOTE FOR PROGRAMMER: IF MAIL_GRP = 3 or (MAIL_GRP=2 AND","","candidate"
"react1.r14.registration","9","context_or_wording_needs_review","NOTE FOR PROGRAMMER: IF MAIL_GRP = 3 or (MAIL_GRP=2 AND","
NOTE FOR PROGRAMMER: IF MAIL_GRP = 3 or (MAIL_GRP=2 AND
INDCONFPARENT=1) IF 0 IS ENTERED, PLEASE BRING UP ERROR MESSAGE:

“You have said that there are no children aged 0-17 in your household. Please remember to
include the child this survey relates to.”","","candidate"
"react1.r14.registration","9","context_or_wording_needs_review","INDCONFPARENT=1) IF 0 IS ENTERED, PLEASE BRING UP ERROR MESSAGE:","NOTE FOR PROGRAMMER: IF MAIL_GRP = 3 or (MAIL_GRP=2 AND
INDCONFPARENT=1) IF 0 IS ENTERED, PLEASE BRING UP ERROR MESSAGE:

“You have said that there are no children aged 0-17 in your household. Please remember to
include the child this survey relates to.”
","","candidate"
"react1.r14.registration","9","context_or_wording_needs_review","“You have said that there are no children aged 0-17 in your household. Please remember to","
“You have said that there are no children aged 0-17 in your household. Please remember to
include the child this survey relates to.”

NUMERIC 0...15
","","candidate"
"react1.r14.registration","9","gate_or_option_instruction","ASK (IF MAIL_GRP1 (AND NCHILD=1+)) OR (MAIL_GRP3 (AND NCHILD=2+))","CHILDAGE
ASK (IF MAIL_GRP1 (AND NCHILD=1+)) OR (MAIL_GRP3 (AND NCHILD=2+))

OR (MAIL_GRP2 AND INDCONFPARENT=1 AND NUMBER AT NCHILD=2+)

You said that [(IF NUMBER AT NCHILD = 1) there is 1 child or young person] [(IF NUMBER","CHILDAGE_1|CHILDAGE_2|CHILDAGE_3|CHILDAGE_4|CHILDAGE_5|CHILDAGE_6|CHILDAGE_7|CHILDAGE_8|CHILDAGE_9|CHILDAGE_10|CHILDAGE_11|CHILDAGE_12|CHILDAGE_13|CHILDAGE_14|CHILDAGE_15","candidate"
"react1.r14.registration","9","context_or_wording_needs_review","OR (MAIL_GRP2 AND INDCONFPARENT=1 AND NUMBER AT NCHILD=2+)","
OR (MAIL_GRP2 AND INDCONFPARENT=1 AND NUMBER AT NCHILD=2+)

You said that [(IF NUMBER AT NCHILD = 1) there is 1 child or young person] [(IF NUMBER
AT NCHILD = 2+) in your household. How old are they?
You said that there are (NUMBER AT NCHILD) children or young people] in your household.","","candidate"
"react1.r14.registration","9","context_or_wording_needs_review","How old are they? [Show multiple rows up for number of children aged 0-17 in household.","You said that there are (NUMBER AT NCHILD) children or young people] in your household.
How old are they? [Show multiple rows up for number of children aged 0-17 in household.
ALLOW RANGE 0-17]
Header: Age in Years
Rows for each child:
First child","","candidate"
"react1.r14.registration","9","context_or_wording_needs_review","Header: Age in Years","ALLOW RANGE 0-17]
Header: Age in Years
Rows for each child:
First child
Second child (and so on)
Columns for each child:","","candidate"
"react1.r14.registration","10","gate_or_option_instruction","IF Mail_Grp=2 (INDCONF = 1)","
IF Mail_Grp=2 (INDCONF = 1)

NCHILD1
Including yourself, how many children or young people aged 0 to 17 years currently live in
your household?","NCHILD1","candidate"
"react1.r14.registration","10","context_or_wording_needs_review","Including yourself, how many children or young people aged 0 to 17 years currently live in","NCHILD1
Including yourself, how many children or young people aged 0 to 17 years currently live in
your household?

INFO: Who should I include?
Include all children aged 0-17 in your household, whether or not they are your own children.","NCHILD1","candidate"
"react1.r14.registration","10","context_or_wording_needs_review","Include all children aged 0-17 in your household, whether or not they are your own children.","INFO: Who should I include?
Include all children aged 0-17 in your household, whether or not they are your own children.
Include infants and babies. Include children who regularly spend part of the week in your
household. Include yourself.

NUMERIC 0...15","","candidate"
"react1.r14.registration","10","context_or_wording_needs_review","[Show multiple rows up for number of children aged 0-17 in household]","children or young people] other than you in your household. How old are they?
[Show multiple rows up for number of children aged 0-17 in household]
Header: Age in Years
Rows for each child:
First child
Second child (and so on)","","candidate"
"react1.r14.registration","10","context_or_wording_needs_review","Header: Age in Years","[Show multiple rows up for number of children aged 0-17 in household]
Header: Age in Years
Rows for each child:
First child
Second child (and so on)
Columns for each child:","","candidate"
"react1.r14.registration","10","gate_or_option_instruction","IF Mail_Grp=1 OR Mail_Grp=3 OR (16-17 INDCONF =1) Are you …","WORKTYP1
IF Mail_Grp=1 OR Mail_Grp=3 OR (16-17 INDCONF =1) Are you …
OR (16-17 INDCONFPARENT =1) Is your child….

WORKTYP1
Are you …/Is your child","WORKTYP1_1|WORKTYP1_2|WORKTYP1_3|WORKTYP1_4|WORKTYP1_5|WORKTYP1_6|WORKTYP1_7","candidate"
"react1.r14.registration","10","context_or_wording_needs_review","OR (16-17 INDCONFPARENT =1) Is your child….","IF Mail_Grp=1 OR Mail_Grp=3 OR (16-17 INDCONF =1) Are you …
OR (16-17 INDCONFPARENT =1) Is your child….

WORKTYP1
Are you …/Is your child
","WORKTYP1_1|WORKTYP1_2|WORKTYP1_3|WORKTYP1_4|WORKTYP1_5|WORKTYP1_6|WORKTYP1_7","candidate"
"react1.r14.registration","12","gate_or_option_instruction","IF (MAILGRP=1 OR 3 AND NADULTS=2+) OR IF MAILGRP=2","
IF (MAILGRP=1 OR 3 AND NADULTS=2+) OR IF MAILGRP=2

WORKTYP3

Is anyone <IF WORKTYP1 = 1-5: else> in your household …","WORKTYP3_1|WORKTYP3_2|WORKTYP3_3|WORKTYP3_4|WORKTYP3_5|WORKTYP3_6|WORKTYP3_7","candidate"
"react1.r14.registration","13","gate_or_option_instruction","ASK MAIL_GRP1 OR MAIL_GRP2 OR MAIL_GRP3 (AGED 12+)","Vaccinations
ASK MAIL_GRP1 OR MAIL_GRP2 OR MAIL_GRP3 (AGED 12+)

CALCULATE AGE FROM SAMPLE INFORMATION (assume day is 15 of month)

VACCINE3","VACCINE3","candidate"
"react1.r14.registration","13","context_or_wording_needs_review","CALCULATE AGE FROM SAMPLE INFORMATION (assume day is 15 of month)","
CALCULATE AGE FROM SAMPLE INFORMATION (assume day is 15 of month)

VACCINE3

Have you/Has your child ever had a coronavirus vaccine?","VACCINE3","candidate"
"react1.r14.registration","14","gate_or_option_instruction","IF VACCDOSE= 3 AND MAIL_GRP=1","
IF VACCDOSE= 3 AND MAIL_GRP=1

VACCINETHIRD

When did you/your child have the third dose (injection)?","VACCINETHIRD","candidate"
"react1.r14.registration","16","context_or_wording_needs_review","Group 3 (5-12) OR group 2 INDCONFPARENT=1 ‘my child’","Group 1 (18+) OR group 2 INDCONF=1 Textfill ‘you’
Group 3 (5-12) OR group 2 INDCONFPARENT=1 ‘my child’
EXCL
Do you/Does your child have an increased risk of bleeding (for example taking
anticoagulants or a medical condition such as haemophilia, or are/ are they prone to
nosebleeds)?","EXCL","candidate"
"react1.r14.registration","17","context_or_wording_needs_review","staff and researchers. Nobody will be able to identify you [IF MAIL_GRP3 OR MAIL_GRP2","information will be kept confidential by Ipsos MORI, and approved Imperial College London
staff and researchers. Nobody will be able to identify you [IF MAIL_GRP3 OR MAIL_GRP2
AND INDCONFPARENT =1 “or your child”] in any published results. We will send more
information with the test, and you can withdraw from the study at any time.

Ipsos MORI has a legal obligation to pass on your/your child’s test result (whether positive,","","candidate"
"react1.r14.registration","17","context_or_wording_needs_review","AND INDCONFPARENT =1 “or your child”] in any published results. We will send more","staff and researchers. Nobody will be able to identify you [IF MAIL_GRP3 OR MAIL_GRP2
AND INDCONFPARENT =1 “or your child”] in any published results. We will send more
information with the test, and you can withdraw from the study at any time.

Ipsos MORI has a legal obligation to pass on your/your child’s test result (whether positive,
negative or inconclusive) and a small amount of additional data about [MAIL_GRP1 OR","","candidate"
"react1.r14.registration","17","context_or_wording_needs_review","negative or inconclusive) and a small amount of additional data about [MAIL_GRP1 OR","Ipsos MORI has a legal obligation to pass on your/your child’s test result (whether positive,
negative or inconclusive) and a small amount of additional data about [MAIL_GRP1 OR
MAIL_GRP2 and INDCONF=1 “you” [IF MAIL_GRP3 “ you and your child”] [IF MAIL_GRP2
and INDCONFPARENT=1 “your child] to NHS Test and Trace: first name, surname, sex,
date of birth, NHS number, ethnicity, current address (including postcode) and, if [your/your
child’s] test is positive, your telephone number and email address. If your/the test is positive,","","candidate"
"react1.r14.registration","17","context_definition_or_continuation","MAIL_GRP2 and INDCONF=1 “you” [IF MAIL_GRP3 “ you and your child”] [IF MAIL_GRP2","negative or inconclusive) and a small amount of additional data about [MAIL_GRP1 OR
MAIL_GRP2 and INDCONF=1 “you” [IF MAIL_GRP3 “ you and your child”] [IF MAIL_GRP2
and INDCONFPARENT=1 “your child] to NHS Test and Trace: first name, surname, sex,
date of birth, NHS number, ethnicity, current address (including postcode) and, if [your/your
child’s] test is positive, your telephone number and email address. If your/the test is positive,
NHS Test and Trace may contact you. For more information about how your data is used go","","candidate"
"react1.r14.registration","17","context_or_wording_needs_review","and INDCONFPARENT=1 “your child] to NHS Test and Trace: first name, surname, sex,","MAIL_GRP2 and INDCONF=1 “you” [IF MAIL_GRP3 “ you and your child”] [IF MAIL_GRP2
and INDCONFPARENT=1 “your child] to NHS Test and Trace: first name, surname, sex,
date of birth, NHS number, ethnicity, current address (including postcode) and, if [your/your
child’s] test is positive, your telephone number and email address. If your/the test is positive,
NHS Test and Trace may contact you. For more information about how your data is used go
to the full Privacy Notice at www.ipsos.uk/covid-swab-privacy.","","candidate"
"react1.r14.registration","18","context_or_wording_needs_review","DO NOT ASK INDCONFPARENT=1","
DO NOT ASK INDCONFPARENT=1
ASK ALL
LINKAGEEXP
Imperial College would like your permission to link information held by NHS Digital and other
UK NHS bodies about you/ your child to this survey data to follow your health status for up to","","candidate"
"react1.r14.registration","18","context_or_wording_needs_review","Do you give permission for Imperial College to do this [ IF PARENT COMPLETING ON","
Do you give permission for Imperial College to do this [ IF PARENT COMPLETING ON
BEHALF OF 5-12 YEAR OLD in Mail_Grp 3 ONLY] / until your child is 16 years old?

1.    Yes
2.    No","","candidate"
"react1.r14.registration","18","context_or_wording_needs_review","BEHALF OF 5-12 YEAR OLD in Mail_Grp 3 ONLY] / until your child is 16 years old?","Do you give permission for Imperial College to do this [ IF PARENT COMPLETING ON
BEHALF OF 5-12 YEAR OLD in Mail_Grp 3 ONLY] / until your child is 16 years old?

1.    Yes
2.    No
","","candidate"
"react1.r15.individual","4","context_or_wording_needs_review","This survey is for [FF_Surname] [FF_Surname ]. Are you / the parent or guardian of","INDCONF
This survey is for [FF_Surname] [FF_Surname ]. Are you / the parent or guardian of
[FF_Surname] [FF_Surname]?
Please select one answer
1.    Yes
2.    No","INDCONF","candidate"
"react1.r15.individual","4","gate_or_option_instruction","IF INDCONF = 2 AND Mail_Grp 2","
IF INDCONF = 2 AND Mail_Grp 2
INDCONFPARENT
This survey is intended for [FF_firstname] [FF_Surname ]. If you are the parent or guardian
of [FF_firstname] [FF_Surname ] you can complete the survey by proxy and answer the
survey on their behalf. Are you the parent or guardian of [FF_firstname] [FF_Surname ]?","INDCONFPARENT","candidate"
"react1.r15.individual","4","context_or_wording_needs_review","INDCONFPARENT","IF INDCONF = 2 AND Mail_Grp 2
INDCONFPARENT
This survey is intended for [FF_firstname] [FF_Surname ]. If you are the parent or guardian
of [FF_firstname] [FF_Surname ] you can complete the survey by proxy and answer the
survey on their behalf. Are you the parent or guardian of [FF_firstname] [FF_Surname ]?
1.    Yes","","candidate"
"react1.r15.individual","4","context_or_wording_needs_review","This survey is intended for [FF_firstname] [FF_Surname ]. If you are the parent or guardian","INDCONFPARENT
This survey is intended for [FF_firstname] [FF_Surname ]. If you are the parent or guardian
of [FF_firstname] [FF_Surname ] you can complete the survey by proxy and answer the
survey on their behalf. Are you the parent or guardian of [FF_firstname] [FF_Surname ]?
1.    Yes
2.    No [TERMINATE]","INDCONFPARENT","candidate"
"react1.r15.individual","4","context_or_wording_needs_review","survey on their behalf. Are you the parent or guardian of [FF_firstname] [FF_Surname ]?","of [FF_firstname] [FF_Surname ] you can complete the survey by proxy and answer the
survey on their behalf. Are you the parent or guardian of [FF_firstname] [FF_Surname ]?
1.    Yes
2.    No [TERMINATE]

","","candidate"
"react1.r15.individual","4","gate_or_option_instruction","IF INDCONFPARENT=2 OR (INDCONF=2 AND AGE Mail_Grp 3)","
IF INDCONFPARENT=2 OR (INDCONF=2 AND AGE Mail_Grp 3)
CLOSE1
“We thank you for your time spent taking this survey.”
TERMINATE
","","candidate"
"react1.r15.individual","4","gate_or_option_instruction","IF INDCONF =2 AND Mail_Grp 1","
IF INDCONF =2 AND Mail_Grp 1
INDCONFCARER
This survey is intended for [FF_firstame] [FF_Surname ]. If you are a carer for [FF_firstname]
[FF_Surname ], or they need assistance, you can help them to complete the survey. Are you
a carer for [FF_firstname] [FF_Surname ], or assisting them?","INDCONFCARER","candidate"
"react1.r15.individual","4","context_or_wording_needs_review","INDCONFCARER","IF INDCONF =2 AND Mail_Grp 1
INDCONFCARER
This survey is intended for [FF_firstame] [FF_Surname ]. If you are a carer for [FF_firstname]
[FF_Surname ], or they need assistance, you can help them to complete the survey. Are you
a carer for [FF_firstname] [FF_Surname ], or assisting them?
1.    Yes","","candidate"
"react1.r15.individual","4","context_or_wording_needs_review","This survey is intended for [FF_firstame] [FF_Surname ]. If you are a carer for [FF_firstname]","INDCONFCARER
This survey is intended for [FF_firstame] [FF_Surname ]. If you are a carer for [FF_firstname]
[FF_Surname ], or they need assistance, you can help them to complete the survey. Are you
a carer for [FF_firstname] [FF_Surname ], or assisting them?
1.    Yes
2.    No","INDCONFCARER","candidate"
"react1.r15.individual","4","context_or_wording_needs_review","a carer for [FF_firstname] [FF_Surname ], or assisting them?","[FF_Surname ], or they need assistance, you can help them to complete the survey. Are you
a carer for [FF_firstname] [FF_Surname ], or assisting them?
1.    Yes
2.    No

","","candidate"
"react1.r15.individual","5","gate_or_option_instruction","IF INDCONFCARER =2","
IF INDCONFCARER =2
CLOSE1
“We thank you for your time spent taking this survey.”
TERMINATE
","","candidate"
"react1.r15.individual","5","wording_only","IF Mail_Grp 1 OR (Mail_Grp 2 INDCONF=1) Textfill is “your”","PROGRAMMER: SET TEXTFILL
IF Mail_Grp 1 OR (Mail_Grp 2 INDCONF=1) Textfill is “your”
IF Mail_Grp 3 OR (Mail_Grp 2 INDCONFPARENT =1) Textfill is “your child”


","","candidate"
"react1.r15.individual","5","wording_only","IF Mail_Grp 3 OR (Mail_Grp 2 INDCONFPARENT =1) Textfill is “your child”","IF Mail_Grp 1 OR (Mail_Grp 2 INDCONF=1) Textfill is “your”
IF Mail_Grp 3 OR (Mail_Grp 2 INDCONFPARENT =1) Textfill is “your child”



Health","","candidate"
"react1.r15.individual","7","context_or_wording_needs_review","allergy [IF MAIL_GRP1 AND ASK IF GENDER = FEMALE AND (DAGE < 55) ,","child had COVID-19 or were they all related to another issue (e.g. other illness,
allergy [IF MAIL_GRP1 AND ASK IF GENDER = FEMALE AND (DAGE < 55) ,
pregnancy] etc.)?

DISPLAY LIST OF SYMPTOMS MENTIONED AT SYMPTANY1, SYMPTANY2,
SYMPTANY3","","candidate"
"react1.r15.individual","7","response_option","4.    [IF Mail_Grp1 or Mail_grp2 AND age 12+ ONLY ] Some or all of the symptoms","1.    Some or all of the symptoms may have been due to COVID-19
4.    [IF Mail_Grp1 or Mail_grp2 AND age 12+ ONLY ] Some or all of the symptoms
may have been due to a COVID-19 vaccine

2.    The symptoms were not due to COVID-19 [IF Mail_Grp1 or Mail_grp2 AND age
12+ ONLY ] or a COVID-19 vaccine","","candidate"
"react1.r15.individual","7","response_option","2.    The symptoms were not due to COVID-19 [IF Mail_Grp1 or Mail_grp2 AND age","
2.    The symptoms were not due to COVID-19 [IF Mail_Grp1 or Mail_grp2 AND age
12+ ONLY ] or a COVID-19 vaccine
3.    Don’t know

","","candidate"
"react1.r15.individual","12","response_option","2.      In my place of work [SHOW ONLY IF MAIL_GRP1 OR MAIL_GRP2 AND","1.      In my household
2.      In my place of work [SHOW ONLY IF MAIL_GRP1 OR MAIL_GRP2 AND
INDCONF=1]
6.      In my/their school or college
3.      At a social event or gathering
4.      Somewhere else","","candidate"
"react1.r15.individual","13","gate_or_option_instruction","ASK IF COVIDCONPL=2 AND MAIL_GRP1 OR MAIL_GRP2 AND INDONF-=1","
ASK IF COVIDCONPL=2 AND MAIL_GRP1 OR MAIL_GRP2 AND INDONF-=1
COVIDCONWP

You said that you/your child had [IF COVIDCONNUM=2+ the most recent] contact with the
person who was a confirmed COVID-19 case in your workplace. Do you work in any of the","COVIDCONWP","candidate"
"react1.r15.individual","14","context_or_wording_needs_review","When you [Mail_grp1 or Mail_Grp 2 AND INDCONFPARENT=1]/[your child Mail_Grp3 OR","
When you [Mail_grp1 or Mail_Grp 2 AND INDCONFPARENT=1]/[your child Mail_Grp3 OR
Mail_grp 2 AND INDCONF=1] had COVID-19, did your [Mail_grp1 or Mail_Grp 2 AND
INDCONFPARENT=1]//their Mail_Grp3 OR Mail_grp 2 AND INDCONF=1] symptoms last
for more than four weeks?
","","candidate"
"react1.r15.individual","14","context_definition_or_continuation","Mail_grp 2 AND INDCONF=1] had COVID-19, did your [Mail_grp1 or Mail_Grp 2 AND","When you [Mail_grp1 or Mail_Grp 2 AND INDCONFPARENT=1]/[your child Mail_Grp3 OR
Mail_grp 2 AND INDCONF=1] had COVID-19, did your [Mail_grp1 or Mail_Grp 2 AND
INDCONFPARENT=1]//their Mail_Grp3 OR Mail_grp 2 AND INDCONF=1] symptoms last
for more than four weeks?

1.     Yes, and I/my child still have/has symptoms","","candidate"
"react1.r15.individual","14","context_or_wording_needs_review","INDCONFPARENT=1]//their Mail_Grp3 OR Mail_grp 2 AND INDCONF=1] symptoms last","Mail_grp 2 AND INDCONF=1] had COVID-19, did your [Mail_grp1 or Mail_Grp 2 AND
INDCONFPARENT=1]//their Mail_Grp3 OR Mail_grp 2 AND INDCONF=1] symptoms last
for more than four weeks?

1.     Yes, and I/my child still have/has symptoms
2.     Yes, but I/my child no longer have/has symptoms","","candidate"
"react1.r15.individual","19","gate_or_option_instruction","[ASK IF GENDER = FEMALE AND MAIL_GRP = 1 AND (DAGE < 55].","
[ASK IF GENDER = FEMALE AND MAIL_GRP = 1 AND (DAGE < 55].
PREG
SA

Are you pregnant at present?","PREG","candidate"
"react1.r15.individual","20","response_option","2.    Yes, my child has – [ ONLY Mail_grp3 OR for Mailgrp2 IF INDCONFPARENT=1]","1.    Yes, I have
2.    Yes, my child has – [ ONLY Mail_grp3 OR for Mailgrp2 IF INDCONFPARENT=1]
3.    Yes, someone else in my household has
4.    No
5.    Don’t know
","","candidate"
"react1.r15.individual","21","response_option","14.   To get a vaccination [ASK IF Mail_grp1 ONLY]","9.    To go shopping
14.   To get a vaccination [ASK IF Mail_grp1 ONLY]
15.   To walk a dog/other pet care
10.   For errands (for example, pay bills, withdraw money from bank, visit post office)
11.   I have left/My child has left home for other reasons (please write in)
19.   I have not/My child has not left home in the past 7 days","","candidate"
"react1.r15.individual","22","context_or_wording_needs_review","Please do not include anything done as part of (IF MAIL_GRP1 OR MAIL_GRP2 AND","In the last 7 days have you/has your child done any of the following activities indoors?
Please do not include anything done as part of (IF MAIL_GRP1 OR MAIL_GRP2 AND
INDCONF=1 your job or education/IF MAIL_GRP = 3 OR MAIL_GRP = 2 AND
INDCONFPARENT=1 your child’s education.)

Please select all that apply","","candidate"
"react1.r15.individual","22","context_or_wording_needs_review","INDCONF=1 your job or education/IF MAIL_GRP = 3 OR MAIL_GRP = 2 AND","Please do not include anything done as part of (IF MAIL_GRP1 OR MAIL_GRP2 AND
INDCONF=1 your job or education/IF MAIL_GRP = 3 OR MAIL_GRP = 2 AND
INDCONFPARENT=1 your child’s education.)

Please select all that apply
","","candidate"
"react1.r15.individual","22","context_or_wording_needs_review","INDCONFPARENT=1 your child’s education.)","INDCONF=1 your job or education/IF MAIL_GRP = 3 OR MAIL_GRP = 2 AND
INDCONFPARENT=1 your child’s education.)

Please select all that apply

1. Taken exercise or a class inside at a gym or leisure centre","","candidate"
"react1.r15.individual","22","context_or_wording_needs_review","sporting event, gigs/concerts (not including for IF MAIL_GRP1 OR MAIL_GRP2 AND","10. Other indoor event involving people outside your household e.g. performance,
sporting event, gigs/concerts (not including for IF MAIL_GRP1 OR MAIL_GRP2 AND
INDCONF=1 work IF MAIL_GRP = 3 OR MAIL_GRP = 2 education.)
11. Been to a nightclub (IF MAIL_GRP1 ONLY)
8. Prefer not to say
7. None of these","","candidate"
"react1.r15.individual","22","context_or_wording_needs_review","INDCONF=1 work IF MAIL_GRP = 3 OR MAIL_GRP = 2 education.)","sporting event, gigs/concerts (not including for IF MAIL_GRP1 OR MAIL_GRP2 AND
INDCONF=1 work IF MAIL_GRP = 3 OR MAIL_GRP = 2 education.)
11. Been to a nightclub (IF MAIL_GRP1 ONLY)
8. Prefer not to say
7. None of these
","","candidate"
"react1.r15.individual","22","response_option","11. Been to a nightclub (IF MAIL_GRP1 ONLY)","INDCONF=1 work IF MAIL_GRP = 3 OR MAIL_GRP = 2 education.)
11. Been to a nightclub (IF MAIL_GRP1 ONLY)
8. Prefer not to say
7. None of these

","","candidate"
"react1.r15.individual","22","context_or_wording_needs_review","performance, sporting event, gigs/concerts (not including for IF MAIL_GRP1 OR","Thinking about the last time [you/your child] took part in a public gathering indoors, e.g.
performance, sporting event, gigs/concerts (not including for IF MAIL_GRP1 OR
MAIL_GRP2 AND INDCONF=1 work IF MAIL_GRP = 3 OR MAIL_GRP = 2 education.) how
many people were at the public gathering when [you/your child] attended? If you are not
sure, please give your best guess.
","","candidate"
"react1.r15.individual","22","context_definition_or_continuation","MAIL_GRP2 AND INDCONF=1 work IF MAIL_GRP = 3 OR MAIL_GRP = 2 education.) how","performance, sporting event, gigs/concerts (not including for IF MAIL_GRP1 OR
MAIL_GRP2 AND INDCONF=1 work IF MAIL_GRP = 3 OR MAIL_GRP = 2 education.) how
many people were at the public gathering when [you/your child] attended? If you are not
sure, please give your best guess.

1.   Less than 7","","candidate"
"react1.r15.individual","23","context_or_wording_needs_review","[(IF MAIL_GRP 1 OR MAIL_GRP 2 AND INDCONF=1) Please do not include anything done","In the last 7 days have you/has your child done any of the following activities outdoors?
[(IF MAIL_GRP 1 OR MAIL_GRP 2 AND INDCONF=1) Please do not include anything done
as part of your job IF MAIL_GRP 2 AND INDCONF= 1 or education.] IF MAIL_GRP = 3 OR
MAIL_GRP = 2 AND INDCONFPARENT=1 your child’s education.
Please select all that apply.
","","candidate"
"react1.r15.individual","23","context_or_wording_needs_review","as part of your job IF MAIL_GRP 2 AND INDCONF= 1 or education.] IF MAIL_GRP = 3 OR","[(IF MAIL_GRP 1 OR MAIL_GRP 2 AND INDCONF=1) Please do not include anything done
as part of your job IF MAIL_GRP 2 AND INDCONF= 1 or education.] IF MAIL_GRP = 3 OR
MAIL_GRP = 2 AND INDCONFPARENT=1 your child’s education.
Please select all that apply.

1.  Played team sports or taken exercise classes outside","","candidate"
"react1.r15.individual","23","context_definition_or_continuation","MAIL_GRP = 2 AND INDCONFPARENT=1 your child’s education.","as part of your job IF MAIL_GRP 2 AND INDCONF= 1 or education.] IF MAIL_GRP = 3 OR
MAIL_GRP = 2 AND INDCONFPARENT=1 your child’s education.
Please select all that apply.

1.  Played team sports or taken exercise classes outside
2.  Visited an outdoor public swimming pool","","candidate"
"react1.r15.individual","23","context_or_wording_needs_review","gigs/concerts (not including for IF MAIL_GRP1 OR MAIL_GRP2 AND INDCONF=1","6.  Other public gathering outside e.g. watching sports, demonstration, performance,
gigs/concerts (not including for IF MAIL_GRP1 OR MAIL_GRP2 AND INDCONF=1
work IF MAIL_GRP = 3 OR MAIL_GRP = 2 education.)7. None of these
8. Prefer not to say

","","candidate"
"react1.r15.individual","23","context_or_wording_needs_review","work IF MAIL_GRP = 3 OR MAIL_GRP = 2 education.)7. None of these","gigs/concerts (not including for IF MAIL_GRP1 OR MAIL_GRP2 AND INDCONF=1
work IF MAIL_GRP = 3 OR MAIL_GRP = 2 education.)7. None of these
8. Prefer not to say


","","candidate"
"react1.r15.individual","24","context_or_wording_needs_review","please count them only once. [IF Mail_Grp 2 or Mail_Grp 3 Do not include contact at school].","have contact with yesterday? If you/they had contact with a person more than one time,
please count them only once. [IF Mail_Grp 2 or Mail_Grp 3 Do not include contact at school].

Your answers will be kept strictly confidential.

By contact we mean:","","candidate"
"react1.r15.individual","24","context_or_wording_needs_review","1 person who is not a member of your household. Which of the following age groups was","You said that yesterday you/your child came into contact with CONTACT1[IF CONTACT 1=1
1 person who is not a member of your household. Which of the following age groups was
this person in?] [IF CONTACT1=2+ ""X people who are not members of your household].
How many of those were in each of the following age groups?

1. 0 to 17 years old (enter number)","","candidate"
"react1.r15.individual","24","context_or_wording_needs_review","How many of those were in each of the following age groups?","this person in?] [IF CONTACT1=2+ ""X people who are not members of your household].
How many of those were in each of the following age groups?

1. 0 to 17 years old (enter number)
2. 18 to 34 years old (enter number)
3. 35 to 64 years old (enter number)","","candidate"
"react1.r15.individual","25","gate_or_option_instruction","IF CONTACT1 = 1+ AND LEAVE2=1 AND MAIL_GRP1","
IF CONTACT1 = 1+ AND LEAVE2=1 AND MAIL_GRP1
CONTACT5

You said that yesterday you came into contact with CONTACT1 people who are not
members of your household. How many of those were at your place of work?","CONTACT5","candidate"
"react1.r15.individual","29","response_option","2.   Yes, my child did – [ ONLY Mail_grp3 OR for Mailgrp2 IF INDCONFPARENT=1]","1.   Yes, I did
2.   Yes, my child did – [ ONLY Mail_grp3 OR for Mailgrp2 IF INDCONFPARENT=1]
3.   Yes, someone else in my household did
4.   No
5.   Don’t know
","","candidate"
"react1.r15.individual","30","context_or_wording_needs_review","Have you been contacted by NHS Test and Trace [IF MAIL_GRP 3 OR Mail_Grp 2 AND","
Have you been contacted by NHS Test and Trace [IF MAIL_GRP 3 OR Mail_Grp 2 AND
INDCONFPARENT=1] about your child] in the last month (that is since DATE)? Please
include being notified or “pinged” by the NHS app.

1.    Yes","COVIDTETR","candidate"
"react1.r15.individual","30","context_or_wording_needs_review","INDCONFPARENT=1] about your child] in the last month (that is since DATE)? Please","Have you been contacted by NHS Test and Trace [IF MAIL_GRP 3 OR Mail_Grp 2 AND
INDCONFPARENT=1] about your child] in the last month (that is since DATE)? Please
include being notified or “pinged” by the NHS app.

1.    Yes
2.    No","","candidate"
"react1.r15.individual","31","context_or_wording_needs_review","How were you contacted [IF MAIL_GRP 3 OR Mail_Grp 2 AND INDCONFPARENT=1] about","TETAHOW
How were you contacted [IF MAIL_GRP 3 OR Mail_Grp 2 AND INDCONFPARENT=1] about
your child] by NHS Test and Trace?

PLEASE SELECT ALL THAT APPLY
","TETAHOW_1|TETAHOW_2|TETAHOW_3|TETAHOW_4|TETAHOW_7|TETAHOW_5|TETAHOW_6","candidate"
"react1.r15.individual","32","gate_or_option_instruction","If NHSCONTACTS2 =2 OR 4 AND (MAIL_GRP3, MAIL_Grp1 or (MAIL_GRP2 AND","
If NHSCONTACTS2 =2 OR 4 AND (MAIL_GRP3, MAIL_Grp1 or (MAIL_GRP2 AND
INDCONF=1)).
NHSCONTACTSNO

Which of the following reasons describe why you did not provide (IF NHSCONTACTS2=2:","NHSCONTACTSNO_1|NHSCONTACTSNO_2|NHSCONTACTSNO_3|NHSCONTACTSNO_4|NHSCONTACTSNO_5|NHSCONTACTSNO_6|NHSCONTACTSNO_7|NHSCONTACTSNO_8|NHSCONTACTSNO_8_OTHER|NHSCONTACTSNO_9","candidate"
"react1.r15.individual","33","context_or_wording_needs_review","Have you/Has your child had the flu vaccination (“flu jab”) [IF MAIL_GRP2 OR MAIL_GRP3","
Have you/Has your child had the flu vaccination (“flu jab”) [IF MAIL_GRP2 OR MAIL_GRP3
“or the nasal spray vaccine”] since 1 September 2021?

1. Yes
2. No but planning to have it","FLUVACC","candidate"
"react1.r15.individual","33","context_or_wording_needs_review","When did you/your child have the flu vaccination (“flu jab”) [IF MAIL_GRP2 OR MAIL_GRP3","
When did you/your child have the flu vaccination (“flu jab”) [IF MAIL_GRP2 OR MAIL_GRP3
“or the nasal spray vaccine”]?

If you can’t remember exactly when, please enter your best guess
","FLUVACCDATE","candidate"
"react1.r15.individual","33","gate_or_option_instruction","ASK MAIL_GRP1 OR MAIL_GRP2 OR MAIL_GRP3 (AGED 12+)","
ASK MAIL_GRP1 OR MAIL_GRP2 OR MAIL_GRP3 (AGED 12+)

CALCULATE AGE FROM SAMPLE INFORMATION (assume day is 15 of month)

VACCINE3SYM","VACCINE3SYM","candidate"
"react1.r15.individual","33","context_or_wording_needs_review","CALCULATE AGE FROM SAMPLE INFORMATION (assume day is 15 of month)","
CALCULATE AGE FROM SAMPLE INFORMATION (assume day is 15 of month)

VACCINE3SYM

We asked you this at when you registered to receive a swab test kit but we would just like to","VACCINE3SYM","candidate"
"react1.r15.individual","35","gate_or_option_instruction","IF VACCINE3SYM = 2 or 3 AND (MAIL_GRP2 AND INDCONF=1).","
IF VACCINE3SYM = 2 or 3 AND (MAIL_GRP2 AND INDCONF=1).
VACCINEAPP1

Have you/Has your child been offered a coronavirus vaccine?
","VACCINEAPP1","candidate"
"react1.r15.individual","36","gate_or_option_instruction","IF VACCINEACCEPT=2 or 3 AND (Mail_Grp 2 AND INDCONF=1)","
IF VACCINEACCEPT=2 or 3 AND (Mail_Grp 2 AND INDCONF=1)
VACCRUFUSE1

[RANDOMISE LIST]
","VACCRUFUSE1_1|VACCRUFUSE1_2|VACCRUFUSE1_3|VACCRUFUSE1_4|VACCRUFUSE1_5|VACCRUFUSE1_6|VACCRUFUSE1_7|VACCRUFUSE1_8|VACCRUFUSE1_9|VACCRUFUSE1_10|VACCRUFUSE1_11|VACCRUFUSE1_12|VACCRUFUSE1_13|VACCRUFUSE1_14|VACCRUFUSE1_15|VACCRUFUSE1_16|VACCRUFUSE1_17|VACCRUFUSE1_18|VACCRUFUSE1_21|VACCRUFUSE1_22|VACCRUFUSE1_23|VACCRUFUSE1_24|VACCRUFUSE1_19|VACCRUFUSE1_19_OTHER|VACCRUFUSE1_20","candidate"
"react1.r15.individual","36","context_or_wording_needs_review","GENDER = FEMALE AND MAIL_GRP = 1 AND (DAGE < 55].","14. I am pregnant/breastfeeding and afraid of the effects on my baby [ASK IF
GENDER = FEMALE AND MAIL_GRP = 1 AND (DAGE < 55].
15. The impact of COVID-19 is being greatly exaggerated
16. I don't trust the people who have developed the vaccine
17. So long as most other people get the vaccine then it doesn't matter if I don't
21. I am concerned that it will affect my fertility","","candidate"
"react1.r15.individual","36","response_option","24. I think I am too young to have the vaccination (ASK IF Mail_Grp 2 AND","23. I have had bad reactions in the past to vaccinations
24. I think I am too young to have the vaccination (ASK IF Mail_Grp 2 AND
INDCONF=1)
19. Other (please write in)
20. Prefer not to say
","","candidate"
"react1.r15.individual","37","context_or_wording_needs_review","VACCINEAPP2 =2 AND (Mail_Grp 1 OR (Mail_Grp 2 AND INDCONF=1))","
VACCINEAPP2 =2 AND (Mail_Grp 1 OR (Mail_Grp 2 AND INDCONF=1))
VACCREFUSE2

[RANDOMISE LIST]
","","candidate"
"react1.r15.individual","37","context_or_wording_needs_review","GENDER = FEMALE AND MAIL_GRP = 1 AND (DAGE < 55].","14.   I am pregnant/breastfeeding and afraid of the effects on my baby [ASK IF
GENDER = FEMALE AND MAIL_GRP = 1 AND (DAGE < 55].
15.   The impact of COVID-19 is being greatly exaggerated
16.   I don't trust the people who have developed the vaccine
17.   So long as most other people get the vaccine then it doesn't matter if I don't
21.   I am concerned that it will affect my fertility","","candidate"
"react1.r15.individual","37","response_option","24.   I think I am too young to have the vaccination (ASK IF Mail_Grp 2 AND","23.   I have had bad reactions in the past to vaccinations
24.   I think I am too young to have the vaccination (ASK IF Mail_Grp 2 AND
INDCONF=1)
19.   Other (please write in)
20.    Prefer not to say
","","candidate"
"react1.r15.individual","38","gate_or_option_instruction","ASK ALL Mail_Grp 1","
ASK ALL Mail_Grp 1
EDUC
What is your highest educational qualification? This means any educational, professional,
vocational or other work-related qualifications for which you received a certificate.
Please select one answer","EDUC","candidate"
"react1.r15.individual","40","gate_or_option_instruction","IF MAIL_GRP1 AND EMPL = 7","
IF MAIL_GRP1 AND EMPL = 7
EDTYPE

This term are you studying…
","EDTYPE","candidate"
"react1.r15.individual","40","gate_or_option_instruction","IF MAIL_GRP1 AND EMPL = 7","
IF MAIL_GRP1 AND EMPL = 7
CAMPUS2

Where are you currently living?
","CAMPUS2","candidate"
"react1.r15.individual","40","response_option","6. Parents’ or guardians’ home","5. Your own home which you own
6. Parents’ or guardians’ home
7. Other


IF CAMPUS2=4, 5, 6, 7","","candidate"
"react1.r15.individual","42","context_definition_or_continuation","MAIL_GRP=1 OR MAIL_GRP=2 AND EMPL=1 to 3 “workplace”, IF MAIL_GRP=1 OR","In the last two weeks, that is since <DAY/MONTH>, has anyone in your/your child’s [IF
MAIL_GRP=1 OR MAIL_GRP=2 AND EMPL=1 to 3 “workplace”, IF MAIL_GRP=1 OR
(MAIL_GRP=2 AND EMPL=7)“school or college”, IF MAIL_GRP3 “school”] tested positive
for COVID-19 as far as you know?
1. Yes
2. No","","candidate"
"react1.r15.individual","42","context_or_wording_needs_review","(MAIL_GRP=2 AND EMPL=7)“school or college”, IF MAIL_GRP3 “school”] tested positive","MAIL_GRP=1 OR MAIL_GRP=2 AND EMPL=1 to 3 “workplace”, IF MAIL_GRP=1 OR
(MAIL_GRP=2 AND EMPL=7)“school or college”, IF MAIL_GRP3 “school”] tested positive
for COVID-19 as far as you know?
1. Yes
2. No
3. Don’t know","","candidate"
"react1.r15.individual","43","gate_or_option_instruction","ASK ALL MAIL_GRP1 OR MAIL_GRP3 ONLY","
ASK ALL MAIL_GRP1 OR MAIL_GRP3 ONLY
COV_PayEx2

How well would you say your household is managing financially these days? Would you say
your household is...","COV_PAYEX2","candidate"
"react1.r15.individual","47","response_option","1.    For work [Mail_Grp1 or Mail_grp2 AND age 16+ ONLY]","
1.    For work [Mail_Grp1 or Mail_grp2 AND age 16+ ONLY]
2.    To volunteer [Mail_Grp1 or Mail_grp2 AND age 16+ ONLY]
3.    To seek medical assistance/to go to a hospital appointment
4.    To care for, provide assistance or to help someone else (for example, friends or
family)","","candidate"
"react1.r15.individual","47","response_option","2.    To volunteer [Mail_Grp1 or Mail_grp2 AND age 16+ ONLY]","1.    For work [Mail_Grp1 or Mail_grp2 AND age 16+ ONLY]
2.    To volunteer [Mail_Grp1 or Mail_grp2 AND age 16+ ONLY]
3.    To seek medical assistance/to go to a hospital appointment
4.    To care for, provide assistance or to help someone else (for example, friends or
family)
5.    To meet with someone outside","","candidate"
"react1.r15.individual","47","response_option","12.   To take a child to school or childcare [Mail_Grp1 or Mail_grp2 AND age 16+","11.   To meet with someone indoors
12.   To take a child to school or childcare [Mail_Grp1 or Mail_grp2 AND age 16+
ONLY]
13.   To get or post a COVID-19 test
14.   There was a risk of harm
15.   I am certain I do not have COVID-19","","candidate"
"react1.r15.individual","48","gate_or_option_instruction","ASK IF QISOLLEAVEREASON=1 AND Mail_Grp1 or (Mail_grp2 AND age 16+ ONLY and","
ASK IF QISOLLEAVEREASON=1 AND Mail_Grp1 or (Mail_grp2 AND age 16+ ONLY and
INDCONF=1]
QCOVIDWORK

[RANDOMISE LIST]","QCOVIDWORK_1|QCOVIDWORK_2|QCOVIDWORK_3|QCOVIDWORK_4|QCOVIDWORK_5|QCOVIDWORK_6|QCOVIDWORK_7|QCOVIDWORK_8|QCOVIDWORK_9|QCOVIDWORK_9_OTHER|QCOVIDWORK_10","candidate"
"react1.r15.individual","48","gate_or_option_instruction","ASK Mail_Grp=1","
ASK Mail_Grp=1
SMOKENOW

Do you smoke cigarettes at all nowadays?
","SMOKENOW","candidate"
"react1.r15.individual","49","gate_or_option_instruction","ASK Mailgrp=1","
ASK Mailgrp=1
VAPNOW

Do you vape/use e-cigarettes at all nowadays?
","VAPNOW","candidate"
"react1.r15.individual","52","gate_or_option_instruction","ASK IF MAIL_GRP1 ONLY","
ASK IF MAIL_GRP1 ONLY
CONTACTCIAB
Would you be willing for Ipsos MORI to use your contact details in order to invite you to take
part in future research conducted by the UK Health Security Agency?
","CONTACTCIAB","candidate"
"react1.r15.registration","3","context_or_wording_needs_review","There are 3 groups corresponding to Mail_Grp i.e. u_mail_grp","received inviting you to take part in this study.
There are 3 groups corresponding to Mail_Grp i.e. u_mail_grp
Mail_Grp                                       Age group
Mail_Grp=1                                     18+
Mail_Grp=2                                     13-17
Mail_grp=3                                     5-12","","candidate"
"react1.r15.registration","3","context_definition_or_continuation","Mail_Grp                                       Age group","There are 3 groups corresponding to Mail_Grp i.e. u_mail_grp
Mail_Grp                                       Age group
Mail_Grp=1                                     18+
Mail_Grp=2                                     13-17
Mail_grp=3                                     5-12
","","candidate"
"react1.r15.registration","3","context_definition_or_continuation","Mail_Grp=1                                     18+","Mail_Grp                                       Age group
Mail_Grp=1                                     18+
Mail_Grp=2                                     13-17
Mail_grp=3                                     5-12

","","candidate"
"react1.r15.registration","3","context_definition_or_continuation","Mail_Grp=2                                     13-17","Mail_Grp=1                                     18+
Mail_Grp=2                                     13-17
Mail_grp=3                                     5-12


","","candidate"
"react1.r15.registration","3","context_definition_or_continuation","Mail_grp=3                                     5-12","Mail_Grp=2                                     13-17
Mail_grp=3                                     5-12



","","candidate"
"react1.r15.registration","4","gate_or_option_instruction","ASK Mail_Grp=1 AND Mail_Grp=2 This survey is for [u_firstname] [u_name]. Are you","INDCONF
ASK Mail_Grp=1 AND Mail_Grp=2 This survey is for [u_firstname] [u_name]. Are you
[FF_Surname] [FF_Surname]?
IF CHILD is Mail_Grp=3 Are you the parent or guardian of [u_firstname] [u_name]?
Please select one answer
","INDCONF","candidate"
"react1.r15.registration","4","gate_or_option_instruction","IF CHILD is Mail_Grp=3 Are you the parent or guardian of [u_firstname] [u_name]?","[FF_Surname] [FF_Surname]?
IF CHILD is Mail_Grp=3 Are you the parent or guardian of [u_firstname] [u_name]?
Please select one answer

1. Yes
2. No","","candidate"
"react1.r15.registration","4","gate_or_option_instruction","IF INDCONF = 2 AND Mail_Grp=2","
IF INDCONF = 2 AND Mail_Grp=2
INDCONFPARENT
This survey is intended for [FF_Surname] [FF_Surname ]. If you are the parent or guardian
of [FF_Surname] [FF_Surname ] you can complete the survey on their behalf. Are you the
parent or guardian of [FF_Surname] [FF_Surname ]?","INDCONFPARENT","candidate"
"react1.r15.registration","4","context_or_wording_needs_review","INDCONFPARENT","IF INDCONF = 2 AND Mail_Grp=2
INDCONFPARENT
This survey is intended for [FF_Surname] [FF_Surname ]. If you are the parent or guardian
of [FF_Surname] [FF_Surname ] you can complete the survey on their behalf. Are you the
parent or guardian of [FF_Surname] [FF_Surname ]?
1. Yes","","candidate"
"react1.r15.registration","4","context_or_wording_needs_review","This survey is intended for [FF_Surname] [FF_Surname ]. If you are the parent or guardian","INDCONFPARENT
This survey is intended for [FF_Surname] [FF_Surname ]. If you are the parent or guardian
of [FF_Surname] [FF_Surname ] you can complete the survey on their behalf. Are you the
parent or guardian of [FF_Surname] [FF_Surname ]?
1. Yes
2. No","INDCONFPARENT","candidate"
"react1.r15.registration","4","context_or_wording_needs_review","parent or guardian of [FF_Surname] [FF_Surname ]?","of [FF_Surname] [FF_Surname ] you can complete the survey on their behalf. Are you the
parent or guardian of [FF_Surname] [FF_Surname ]?
1. Yes
2. No

","","candidate"
"react1.r15.registration","4","gate_or_option_instruction","IF INDCONFPARENT=2 OR INDCONF=2 AND Mail_Grp=3","
IF INDCONFPARENT=2 OR INDCONF=2 AND Mail_Grp=3
CLOSE1
“We thank you for your time spent taking this survey.”
TERMINATE
","","candidate"
"react1.r15.registration","4","gate_or_option_instruction","IF INDCONF =2 AND Mail_Grp=1","
IF INDCONF =2 AND Mail_Grp=1
INDCONFCARER
This survey is intended for [FF_Surname] [FF_Surname ]. If you are a carer for
[FF_Surname] [FF_Surname ], or they need assistance, you can help them to complete the
survey. Are you a carer for [FF_Surname] [FF_Surname ], or assisting them?","INDCONFCARER","candidate"
"react1.r15.registration","4","context_or_wording_needs_review","INDCONFCARER","IF INDCONF =2 AND Mail_Grp=1
INDCONFCARER
This survey is intended for [FF_Surname] [FF_Surname ]. If you are a carer for
[FF_Surname] [FF_Surname ], or they need assistance, you can help them to complete the
survey. Are you a carer for [FF_Surname] [FF_Surname ], or assisting them?
1. Yes","","candidate"
"react1.r15.registration","4","context_or_wording_needs_review","This survey is intended for [FF_Surname] [FF_Surname ]. If you are a carer for","INDCONFCARER
This survey is intended for [FF_Surname] [FF_Surname ]. If you are a carer for
[FF_Surname] [FF_Surname ], or they need assistance, you can help them to complete the
survey. Are you a carer for [FF_Surname] [FF_Surname ], or assisting them?
1. Yes
2. No","INDCONFCARER","candidate"
"react1.r15.registration","4","context_or_wording_needs_review","survey. Are you a carer for [FF_Surname] [FF_Surname ], or assisting them?","[FF_Surname] [FF_Surname ], or they need assistance, you can help them to complete the
survey. Are you a carer for [FF_Surname] [FF_Surname ], or assisting them?
1. Yes
2. No

","","candidate"
"react1.r15.registration","4","gate_or_option_instruction","IF INDCONFCARER =2","
IF INDCONFCARER =2
CLOSE1
“We thank you for your time spent taking this survey.”
TERMINATE
","","candidate"
"react1.r15.registration","5","context_definition_or_continuation","Mail_Grp=1     18+        YEAR RANGE             “Our records suggest you are aged 17 or","AGE
Mail_Grp=1     18+        YEAR RANGE             “Our records suggest you are aged 17 or
1900 -2004             over, please check your answer.”
Mail_Grp=2     13-17      YEAR RANGE             “Our records suggest [IF INDCONF = 1:
2003- 2009             you are/IF INCONFPARENT = 1 your child
is] aged between 12 and 18, please check","AGE","candidate"
"react1.r15.registration","5","context_definition_or_continuation","Mail_Grp=2     13-17      YEAR RANGE             “Our records suggest [IF INDCONF = 1:","1900 -2004             over, please check your answer.”
Mail_Grp=2     13-17      YEAR RANGE             “Our records suggest [IF INDCONF = 1:
2003- 2009             you are/IF INCONFPARENT = 1 your child
is] aged between 12 and 18, please check
your answer”
Mail_grp=3     5-12       YEAR RANGE –           “Our records suggest your child is aged","","candidate"
"react1.r15.registration","5","context_or_wording_needs_review","2003- 2009             you are/IF INCONFPARENT = 1 your child","Mail_Grp=2     13-17      YEAR RANGE             “Our records suggest [IF INDCONF = 1:
2003- 2009             you are/IF INCONFPARENT = 1 your child
is] aged between 12 and 18, please check
your answer”
Mail_grp=3     5-12       YEAR RANGE –           “Our records suggest your child is aged
2008- 2016             between 5 and 13, please check your","","candidate"
"react1.r15.registration","5","context_or_wording_needs_review","is] aged between 12 and 18, please check","2003- 2009             you are/IF INCONFPARENT = 1 your child
is] aged between 12 and 18, please check
your answer”
Mail_grp=3     5-12       YEAR RANGE –           “Our records suggest your child is aged
2008- 2016             between 5 and 13, please check your
answer”","","candidate"
"react1.r15.registration","5","context_definition_or_continuation","Mail_grp=3     5-12       YEAR RANGE –           “Our records suggest your child is aged","your answer”
Mail_grp=3     5-12       YEAR RANGE –           “Our records suggest your child is aged
2008- 2016             between 5 and 13, please check your
answer”

","","candidate"
"react1.r15.registration","5","context_or_wording_needs_review","What was your/your child’s age at your/their last birthday?","AGE
What was your/your child’s age at your/their last birthday?
[OPEN NUMERIC BOX AND APPLY TO AGE GROUPS AS OUTLINED BELOW BUT
ALLOW PAST]
GROUP          GROUP ALLOW RANGE                 ERROR MESSAGE
AGE","AGE","candidate"
"react1.r15.registration","5","context_or_wording_needs_review","[OPEN NUMERIC BOX AND APPLY TO AGE GROUPS AS OUTLINED BELOW BUT","What was your/your child’s age at your/their last birthday?
[OPEN NUMERIC BOX AND APPLY TO AGE GROUPS AS OUTLINED BELOW BUT
ALLOW PAST]
GROUP          GROUP ALLOW RANGE                 ERROR MESSAGE
AGE
Mail_Grp=1     18+        RANGE 17 -112          “Our records suggest you are aged 17 or","","candidate"
"react1.r15.registration","5","context_definition_or_continuation","Mail_Grp=1     18+        RANGE 17 -112          “Our records suggest you are aged 17 or","AGE
Mail_Grp=1     18+        RANGE 17 -112          “Our records suggest you are aged 17 or
over, please check your answer.”
Mail_Grp=2     13-17      RANGE 12-18            “Our records suggest [IF INDCONF = 1:
you are/IF INCONFPARENT = 1 your child
is] aged between 12 and 18, please check","AGE","candidate"
"react1.r15.registration","5","context_definition_or_continuation","Mail_Grp=2     13-17      RANGE 12-18            “Our records suggest [IF INDCONF = 1:","over, please check your answer.”
Mail_Grp=2     13-17      RANGE 12-18            “Our records suggest [IF INDCONF = 1:
you are/IF INCONFPARENT = 1 your child
is] aged between 12 and 18, please check
your answer”
Mail_grp=3     5-12       RANGE 5- 13            “Our records suggest your child is aged","","candidate"
"react1.r15.registration","5","context_or_wording_needs_review","you are/IF INCONFPARENT = 1 your child","Mail_Grp=2     13-17      RANGE 12-18            “Our records suggest [IF INDCONF = 1:
you are/IF INCONFPARENT = 1 your child
is] aged between 12 and 18, please check
your answer”
Mail_grp=3     5-12       RANGE 5- 13            “Our records suggest your child is aged
between 5 and 13, please check your","","candidate"
"react1.r15.registration","5","context_or_wording_needs_review","is] aged between 12 and 18, please check","you are/IF INCONFPARENT = 1 your child
is] aged between 12 and 18, please check
your answer”
Mail_grp=3     5-12       RANGE 5- 13            “Our records suggest your child is aged
between 5 and 13, please check your
answer”","","candidate"
"react1.r15.registration","5","context_definition_or_continuation","Mail_grp=3     5-12       RANGE 5- 13            “Our records suggest your child is aged","your answer”
Mail_grp=3     5-12       RANGE 5- 13            “Our records suggest your child is aged
between 5 and 13, please check your
answer”

","","candidate"
"react1.r15.registration","6","context_or_wording_needs_review","DAGE [Derived age for filter questions)","IF PREFER NOT TO SAY
DAGE [Derived age for filter questions)

IF GIVE A DOB AT DOB OR PREFER NOT TO SAY AT AGE: CALCULATE AGE FROM
SAMPLE INFORMATION (assume day is 15 of month)
","","candidate"
"react1.r15.registration","6","gate_or_option_instruction","IF GIVE A DOB AT DOB OR PREFER NOT TO SAY AT AGE: CALCULATE AGE FROM","
IF GIVE A DOB AT DOB OR PREFER NOT TO SAY AT AGE: CALCULATE AGE FROM
SAMPLE INFORMATION (assume day is 15 of month)

OTHERWISE USE AGE FROM AGE FOR FILTERING
","","candidate"
"react1.r15.registration","6","context_or_wording_needs_review","OTHERWISE USE AGE FROM AGE FOR FILTERING","
OTHERWISE USE AGE FROM AGE FOR FILTERING


IF Mail_Grp=3
AGEPARENT","","candidate"
"react1.r15.registration","6","gate_or_option_instruction","IF Mail_Grp=3","
IF Mail_Grp=3
AGEPARENT

What was your age at your last birthday?
","AGEPARENT","candidate"
"react1.r15.registration","6","context_or_wording_needs_review","AGEPARENT","IF Mail_Grp=3
AGEPARENT

What was your age at your last birthday?

[OPEN NUMERIC BOX, RANGE 16– 112]","","candidate"
"react1.r15.registration","6","context_or_wording_needs_review","What was your age at your last birthday?","
What was your age at your last birthday?

[OPEN NUMERIC BOX, RANGE 16– 112]
1. Prefer not to say
","AGEPARENT","candidate"
"react1.r15.registration","6","gate_or_option_instruction","IF AGED 13-15 AND MAIL_GRP2","
IF AGED 13-15 AND MAIL_GRP2

PARCONS

Does your parent or guardian give you permission to take part in this study?","PARCONS","candidate"
"react1.r15.registration","6","context_or_wording_needs_review","Does your parent or guardian give you permission to take part in this study?","
Does your parent or guardian give you permission to take part in this study?

1.      Yes
2.      No
","PARCONS","candidate"
"react1.r15.registration","6","context_or_wording_needs_review","Please ask your parent or guardian for permission to complete the survey. Once they have","
Please ask your parent or guardian for permission to complete the survey. Once they have
agreed for you to take part, please log back in to the survey.""
TERMINATE

","","candidate"
"react1.r15.registration","6","context_or_wording_needs_review","Please write in the full name of your parent/carer who has agreed that you can take part:","
Please write in the full name of your parent/carer who has agreed that you can take part:
{text box}


[IF NUMERIC VALUE IS ENTERED DISPLAY ERROR MESSAGE ‘Please check your","PARNAME","candidate"
"react1.r15.registration","7","gate_or_option_instruction","IF AGED Mail_Grp=1 OR Mail_Grp=3 OR (Mail_Grp=2 INDCONFPARENT =1)","Household composition
IF AGED Mail_Grp=1 OR Mail_Grp=3 OR (Mail_Grp=2 INDCONFPARENT =1)
NADULTS

Including yourself, how many adults aged 18 and over currently live in your household?
","NADULTS","candidate"
"react1.r15.registration","7","context_or_wording_needs_review","Including yourself, how many adults aged 18 and over currently live in your household?","
Including yourself, how many adults aged 18 and over currently live in your household?

INFO: Who should I include? Include all adults aged 18 and over, including any young
people aged 18 or over. Include young people who regularly spend part of the week in your
household. Include yourself.","NADULTS","candidate"
"react1.r15.registration","7","context_or_wording_needs_review","INFO: Who should I include? Include all adults aged 18 and over, including any young","
INFO: Who should I include? Include all adults aged 18 and over, including any young
people aged 18 or over. Include young people who regularly spend part of the week in your
household. Include yourself.

NUMERIC 1...","","candidate"
"react1.r15.registration","7","context_or_wording_needs_review","people aged 18 or over. Include young people who regularly spend part of the week in your","INFO: Who should I include? Include all adults aged 18 and over, including any young
people aged 18 or over. Include young people who regularly spend part of the week in your
household. Include yourself.

NUMERIC 1...
","","candidate"
"react1.r15.registration","7","context_or_wording_needs_review","[Show multiple rows up for number of adults aged Mail_Grp=1 in household ALLOW RANGE","
[Show multiple rows up for number of adults aged Mail_Grp=1 in household ALLOW RANGE
18 -112]
[IF MORE THAN 10 ADULTS ENTERED AT NADULTS ALLOW ONLY 10 ROWS FOR
NUMBER OF ADULTS]
","","candidate"
"react1.r15.registration","7","context_or_wording_needs_review","Header: Age in Years","
Header: Age in Years

Rows for each adult:

First adult","","candidate"
"react1.r15.registration","8","gate_or_option_instruction","IF Mail_Grp1 OR Mail_Grp=2 ANDINDCONF = 1.","
IF Mail_Grp1 OR Mail_Grp=2 ANDINDCONF = 1.
NADULTS1

How many adults aged 18 and over currently live in your household?
","NADULTS1","candidate"
"react1.r15.registration","8","context_or_wording_needs_review","How many adults aged 18 and over currently live in your household?","
How many adults aged 18 and over currently live in your household?

INFO: Who should I include? Include all adults aged 18 and over, including any young
people aged 18 or over. Include young people who regularly spend part of the week in your
household.","NADULTS1","candidate"
"react1.r15.registration","8","context_or_wording_needs_review","INFO: Who should I include? Include all adults aged 18 and over, including any young","
INFO: Who should I include? Include all adults aged 18 and over, including any young
people aged 18 or over. Include young people who regularly spend part of the week in your
household.

NUMERIC 1...","","candidate"
"react1.r15.registration","8","context_or_wording_needs_review","people aged 18 or over. Include young people who regularly spend part of the week in your","INFO: Who should I include? Include all adults aged 18 and over, including any young
people aged 18 or over. Include young people who regularly spend part of the week in your
household.

NUMERIC 1...
","","candidate"
"react1.r15.registration","8","context_or_wording_needs_review","[Show multiple rows up for number of adults aged Mail_Grp=1 in household ALLOW RANGE","
[Show multiple rows up for number of adults aged Mail_Grp=1 in household ALLOW RANGE
18 -112]

[IF MORE THAN 10 ADULTS ENTERED AT NADULTS1 ALLOW ONLY 10 ROWS FOR
NUMBER OF ADULTS]","","candidate"
"react1.r15.registration","8","context_or_wording_needs_review","Header: Age in Years","
Header: Age in Years

Rows for each adult:

First adult","","candidate"
"react1.r15.registration","9","gate_or_option_instruction","IF Mail_Grp=1 or Mail_Grp=3 or (Mail_Grp=2 and INDCONFPARENT =1)","
IF Mail_Grp=1 or Mail_Grp=3 or (Mail_Grp=2 and INDCONFPARENT =1)
NCHILD
How many children or young people aged 0 to 17 years currently live in your household?

INFO: Who should I include?","NCHILD","candidate"
"react1.r15.registration","9","context_or_wording_needs_review","How many children or young people aged 0 to 17 years currently live in your household?","NCHILD
How many children or young people aged 0 to 17 years currently live in your household?

INFO: Who should I include?
Include all children aged 0-17 in your household, whether or not they are your own children.
Include infants and babies. Include children who regularly spend part of the week in your","NCHILD","candidate"
"react1.r15.registration","9","context_or_wording_needs_review","Include all children aged 0-17 in your household, whether or not they are your own children.","INFO: Who should I include?
Include all children aged 0-17 in your household, whether or not they are your own children.
Include infants and babies. Include children who regularly spend part of the week in your
household.

NOTE FOR PROGRAMMER: IF MAIL_GRP = 3 or (MAIL_GRP=2 AND","","candidate"
"react1.r15.registration","9","context_or_wording_needs_review","NOTE FOR PROGRAMMER: IF MAIL_GRP = 3 or (MAIL_GRP=2 AND","
NOTE FOR PROGRAMMER: IF MAIL_GRP = 3 or (MAIL_GRP=2 AND
INDCONFPARENT=1) IF 0 IS ENTERED, PLEASE BRING UP ERROR MESSAGE:

“You have said that there are no children aged 0-17 in your household. Please remember to
include the child this survey relates to.”","","candidate"
"react1.r15.registration","9","context_or_wording_needs_review","INDCONFPARENT=1) IF 0 IS ENTERED, PLEASE BRING UP ERROR MESSAGE:","NOTE FOR PROGRAMMER: IF MAIL_GRP = 3 or (MAIL_GRP=2 AND
INDCONFPARENT=1) IF 0 IS ENTERED, PLEASE BRING UP ERROR MESSAGE:

“You have said that there are no children aged 0-17 in your household. Please remember to
include the child this survey relates to.”
","","candidate"
"react1.r15.registration","9","context_or_wording_needs_review","“You have said that there are no children aged 0-17 in your household. Please remember to","
“You have said that there are no children aged 0-17 in your household. Please remember to
include the child this survey relates to.”

NUMERIC 0...15
","","candidate"
"react1.r15.registration","9","gate_or_option_instruction","ASK (IF MAIL_GRP1 (AND NCHILD=1+)) OR (MAIL_GRP3 (AND NCHILD=2+))","CHILDAGE
ASK (IF MAIL_GRP1 (AND NCHILD=1+)) OR (MAIL_GRP3 (AND NCHILD=2+))

OR (MAIL_GRP2 AND INDCONFPARENT=1 AND NUMBER AT NCHILD=2+)

","CHILDAGE_1|CHILDAGE_2|CHILDAGE_3|CHILDAGE_4|CHILDAGE_5|CHILDAGE_6|CHILDAGE_7|CHILDAGE_8|CHILDAGE_9|CHILDAGE_10|CHILDAGE_11|CHILDAGE_12|CHILDAGE_13|CHILDAGE_14|CHILDAGE_15","candidate"
"react1.r15.registration","9","context_or_wording_needs_review","OR (MAIL_GRP2 AND INDCONFPARENT=1 AND NUMBER AT NCHILD=2+)","
OR (MAIL_GRP2 AND INDCONFPARENT=1 AND NUMBER AT NCHILD=2+)


You said that [(IF NUMBER AT NCHILD = 1) there is 1 child or young person] [(IF NUMBER
AT NCHILD = 2+) in your household. How old are they?","","candidate"
"react1.r15.registration","9","context_or_wording_needs_review","How old are they? [Show multiple rows up for number of children aged 0-17 in household.","You said that there are (NUMBER AT NCHILD) children or young people] in your household.
How old are they? [Show multiple rows up for number of children aged 0-17 in household.
ALLOW RANGE 0-17]
Header: Age in Years
Rows for each child:
First child","","candidate"
"react1.r15.registration","9","context_or_wording_needs_review","Header: Age in Years","ALLOW RANGE 0-17]
Header: Age in Years
Rows for each child:
First child
Second child (and so on)
Columns for each child:","","candidate"
"react1.r15.registration","10","gate_or_option_instruction","IF Mail_Grp=2 (INDCONF = 1)","
IF Mail_Grp=2 (INDCONF = 1)

NCHILD1
Including yourself, how many children or young people aged 0 to 17 years currently live in
your household?","NCHILD1","candidate"
"react1.r15.registration","10","context_or_wording_needs_review","Including yourself, how many children or young people aged 0 to 17 years currently live in","NCHILD1
Including yourself, how many children or young people aged 0 to 17 years currently live in
your household?

INFO: Who should I include?
Include all children aged 0-17 in your household, whether or not they are your own children.","NCHILD1","candidate"
"react1.r15.registration","10","context_or_wording_needs_review","Include all children aged 0-17 in your household, whether or not they are your own children.","INFO: Who should I include?
Include all children aged 0-17 in your household, whether or not they are your own children.
Include infants and babies. Include children who regularly spend part of the week in your
household. Include yourself.

NUMERIC 0...15","","candidate"
"react1.r15.registration","10","context_or_wording_needs_review","[Show multiple rows up for number of children aged 0-17 in household]","children or young people] other than you in your household. How old arethey?
[Show multiple rows up for number of children aged 0-17 in household]
Header: Age in Years
Rows for each child:
First child
Second child (and so on)","","candidate"
"react1.r15.registration","10","context_or_wording_needs_review","Header: Age in Years","[Show multiple rows up for number of children aged 0-17 in household]
Header: Age in Years
Rows for each child:
First child
Second child (and so on)
Columns for each child:","","candidate"
"react1.r15.registration","11","gate_or_option_instruction","IF Mail_Grp=1 OR Mail_Grp=3 OR (16-17 INDCONF =1) Are you …","
IF Mail_Grp=1 OR Mail_Grp=3 OR (16-17 INDCONF =1) Are you …
OR (16-17 INDCONFPARENT =1) Is your child….
WORKTYP1

Are you …/Is your child","WORKTYP1_1|WORKTYP1_2|WORKTYP1_3|WORKTYP1_4|WORKTYP1_5|WORKTYP1_6|WORKTYP1_7","candidate"
"react1.r15.registration","11","context_or_wording_needs_review","OR (16-17 INDCONFPARENT =1) Is your child….","IF Mail_Grp=1 OR Mail_Grp=3 OR (16-17 INDCONF =1) Are you …
OR (16-17 INDCONFPARENT =1) Is your child….
WORKTYP1

Are you …/Is your child
","WORKTYP1_1|WORKTYP1_2|WORKTYP1_3|WORKTYP1_4|WORKTYP1_5|WORKTYP1_6|WORKTYP1_7","candidate"
"react1.r15.registration","12","gate_or_option_instruction","IF (MAILGRP=1 OR 3 AND NADULTS=2+) OR IF MAILGRP=2","
IF (MAILGRP=1 OR 3 AND NADULTS=2+) OR IF MAILGRP=2


Is anyone <IF WORKTYP1 = 1-5: else> in your household …
","WORKTYP3_1|WORKTYP3_2|WORKTYP3_3|WORKTYP3_4|WORKTYP3_5|WORKTYP3_6|WORKTYP3_7","candidate"
"react1.r15.registration","14","gate_or_option_instruction","ASK MAIL_GRP1 OR MAIL_GRP2 OR MAIL_GRP3 (AGED 12+)","Vaccinations
ASK MAIL_GRP1 OR MAIL_GRP2 OR MAIL_GRP3 (AGED 12+)

CALCULATE AGE FROM SAMPLE INFORMATION (assume day is 15 of month)

VACCINE3","VACCINE3","candidate"
"react1.r15.registration","14","context_or_wording_needs_review","CALCULATE AGE FROM SAMPLE INFORMATION (assume day is 15 of month)","
CALCULATE AGE FROM SAMPLE INFORMATION (assume day is 15 of month)

VACCINE3

Have you/Has your child ever had a coronavirus vaccine?","VACCINE3","candidate"
"react1.r15.registration","17","context_or_wording_needs_review","Group 3 (5-12) OR group 2 INDCONFPARENT=1 ‘my child’","Group 1 (18+) OR group 2 INDCONF=1 Textfill ‘you’
Group 3 (5-12) OR group 2 INDCONFPARENT=1 ‘my child’
EXCL
Do you/Does your child have an increased risk of bleeding (for example taking
anticoagulants or a medical condition such as haemophilia, or are/ are they prone to
nosebleeds)?","EXCL","candidate"
"react1.r15.registration","18","context_or_wording_needs_review","staff and researchers. Nobody will be able to identify you [IF MAIL_GRP3 OR MAIL_GRP2","information will be kept confidential by Ipsos MORI, and approved Imperial College London
staff and researchers. Nobody will be able to identify you [IF MAIL_GRP3 OR MAIL_GRP2
AND INDCONFPARENT =1 “or your child”] in any published results. We will send more
information with the test, and you can withdraw from the study at any time.
Ipsos MORI has a legal obligation to pass on your/your child’s test result (whether positive,
negative or inconclusive) and a small amount of additional data about [MAIL_GRP1 OR","","candidate"
"react1.r15.registration","18","context_or_wording_needs_review","AND INDCONFPARENT =1 “or your child”] in any published results. We will send more","staff and researchers. Nobody will be able to identify you [IF MAIL_GRP3 OR MAIL_GRP2
AND INDCONFPARENT =1 “or your child”] in any published results. We will send more
information with the test, and you can withdraw from the study at any time.
Ipsos MORI has a legal obligation to pass on your/your child’s test result (whether positive,
negative or inconclusive) and a small amount of additional data about [MAIL_GRP1 OR
MAIL_GRP2 and INDCONF=1 “you” [IF MAIL_GRP3 “ you and your child”] [IF MAIL_GRP2","","candidate"
"react1.r15.registration","18","context_or_wording_needs_review","negative or inconclusive) and a small amount of additional data about [MAIL_GRP1 OR","Ipsos MORI has a legal obligation to pass on your/your child’s test result (whether positive,
negative or inconclusive) and a small amount of additional data about [MAIL_GRP1 OR
MAIL_GRP2 and INDCONF=1 “you” [IF MAIL_GRP3 “ you and your child”] [IF MAIL_GRP2
and INDCONFPARENT=1 “your child] to NHS Test and Trace: first name, surname, sex,
date of birth, NHS number, ethnicity, current address (including postcode) and, if [your/your
child’s] test is positive, your telephone number and email address.. If your/the test is","","candidate"
"react1.r15.registration","18","context_definition_or_continuation","MAIL_GRP2 and INDCONF=1 “you” [IF MAIL_GRP3 “ you and your child”] [IF MAIL_GRP2","negative or inconclusive) and a small amount of additional data about [MAIL_GRP1 OR
MAIL_GRP2 and INDCONF=1 “you” [IF MAIL_GRP3 “ you and your child”] [IF MAIL_GRP2
and INDCONFPARENT=1 “your child] to NHS Test and Trace: first name, surname, sex,
date of birth, NHS number, ethnicity, current address (including postcode) and, if [your/your
child’s] test is positive, your telephone number and email address.. If your/the test is
positive, NHS Test and Trace may contact you. For more information about how your data","","candidate"
"react1.r15.registration","18","context_or_wording_needs_review","and INDCONFPARENT=1 “your child] to NHS Test and Trace: first name, surname, sex,","MAIL_GRP2 and INDCONF=1 “you” [IF MAIL_GRP3 “ you and your child”] [IF MAIL_GRP2
and INDCONFPARENT=1 “your child] to NHS Test and Trace: first name, surname, sex,
date of birth, NHS number, ethnicity, current address (including postcode) and, if [your/your
child’s] test is positive, your telephone number and email address.. If your/the test is
positive, NHS Test and Trace may contact you. For more information about how your data
is used go to the full Privacy Notice at www.ipsos.uk/covid-swab-privacy.","","candidate"
"react1.r15.registration","20","gate_or_option_instruction","ASK IF U_BATCH_NO=6 AND (MAIL_GRP1 OR MAIL_GRP2)","
ASK IF U_BATCH_NO=6 AND (MAIL_GRP1 OR MAIL_GRP2)
VOUCHER

Do you agree [IF INDCONFPARENT=1 for your child] to be sent a gift voucher if you return
your/they return their completed test for this study?","","candidate"
"react1.r15.registration","20","context_or_wording_needs_review","Do you agree [IF INDCONFPARENT=1 for your child] to be sent a gift voucher if you return","
Do you agree [IF INDCONFPARENT=1 for your child] to be sent a gift voucher if you return
your/they return their completed test for this study?

If you/your child return/returns your/their completed test, we would like to give you/them a
gift voucher worth [ £u_amount ] as a thank you for taking part.","","candidate"
"react1.r15.registration","20","gate_or_option_instruction","[IF INDCONFPARENT=1 please can this screen have a “SUBMIT MY ANSWERS” button].","
[IF INDCONFPARENT=1 please can this screen have a “SUBMIT MY ANSWERS” button].
DO NOT ASK INDCONFPARENT=1
ASK ALL
LINKAGEEXP
Imperial College would like your permission to link information held by NHS Digital and other","","candidate"
"react1.r15.registration","20","context_or_wording_needs_review","DO NOT ASK INDCONFPARENT=1","[IF INDCONFPARENT=1 please can this screen have a “SUBMIT MY ANSWERS” button].
DO NOT ASK INDCONFPARENT=1
ASK ALL
LINKAGEEXP
Imperial College would like your permission to link information held by NHS Digital and other
UK NHS bodies about you/ your child to this survey data to follow your health status for up to","","candidate"
"react1.r15.registration","20","context_or_wording_needs_review","Do you give permission for Imperial College to do this [ IF PARENT COMPLETING ON","
Do you give permission for Imperial College to do this [ IF PARENT COMPLETING ON
BEHALF OF 5-12 YEAR OLD in Mail_Grp 3 ONLY] / until your child is 16 years old?

1.    Yes
2.    No","","candidate"
"react1.r15.registration","20","context_or_wording_needs_review","BEHALF OF 5-12 YEAR OLD in Mail_Grp 3 ONLY] / until your child is 16 years old?","Do you give permission for Imperial College to do this [ IF PARENT COMPLETING ON
BEHALF OF 5-12 YEAR OLD in Mail_Grp 3 ONLY] / until your child is 16 years old?

1.    Yes
2.    No
","","candidate"
"react1.r16.individual","4","context_or_wording_needs_review","This survey is for [FF_Surname] [FF_Surname ]. Are you / the parent or guardian of","INDCONF
This survey is for [FF_Surname] [FF_Surname ]. Are you / the parent or guardian of
[FF_Surname] [FF_Surname]?
Please select one answer
1.    Yes
2.    No","INDCONF","candidate"
"react1.r16.individual","4","gate_or_option_instruction","IF INDCONF = 2 AND Mail_Grp 2","
IF INDCONF = 2 AND Mail_Grp 2
INDCONFPARENT
This survey is intended for [FF_firstname] [FF_Surname ]. If you are the parent or guardian
of [FF_firstname] [FF_Surname ] you can complete the survey by proxy and answer the
survey on their behalf. Are you the parent or guardian of [FF_firstname] [FF_Surname ]?","INDCONFPARENT","candidate"
"react1.r16.individual","4","context_or_wording_needs_review","INDCONFPARENT","IF INDCONF = 2 AND Mail_Grp 2
INDCONFPARENT
This survey is intended for [FF_firstname] [FF_Surname ]. If you are the parent or guardian
of [FF_firstname] [FF_Surname ] you can complete the survey by proxy and answer the
survey on their behalf. Are you the parent or guardian of [FF_firstname] [FF_Surname ]?
1.    Yes","","candidate"
"react1.r16.individual","4","context_or_wording_needs_review","This survey is intended for [FF_firstname] [FF_Surname ]. If you are the parent or guardian","INDCONFPARENT
This survey is intended for [FF_firstname] [FF_Surname ]. If you are the parent or guardian
of [FF_firstname] [FF_Surname ] you can complete the survey by proxy and answer the
survey on their behalf. Are you the parent or guardian of [FF_firstname] [FF_Surname ]?
1.    Yes
2.    No [TERMINATE]","INDCONFPARENT","candidate"
"react1.r16.individual","4","context_or_wording_needs_review","survey on their behalf. Are you the parent or guardian of [FF_firstname] [FF_Surname ]?","of [FF_firstname] [FF_Surname ] you can complete the survey by proxy and answer the
survey on their behalf. Are you the parent or guardian of [FF_firstname] [FF_Surname ]?
1.    Yes
2.    No [TERMINATE]

","","candidate"
"react1.r16.individual","4","gate_or_option_instruction","IF INDCONFPARENT=2 OR (INDCONF=2 AND AGE Mail_Grp 3)","
IF INDCONFPARENT=2 OR (INDCONF=2 AND AGE Mail_Grp 3)
CLOSE1
“We thank you for your time spent taking this survey.”
TERMINATE
","","candidate"
"react1.r16.individual","4","gate_or_option_instruction","IF INDCONF =2 AND Mail_Grp 1","
IF INDCONF =2 AND Mail_Grp 1
INDCONFCARER
This survey is intended for [FF_firstame] [FF_Surname ]. If you are a carer for [FF_firstname]
[FF_Surname ], or they need assistance, you can help them to complete the survey. Are you
a carer for [FF_firstname] [FF_Surname ], or assisting them?","INDCONFCARER","candidate"
"react1.r16.individual","4","context_or_wording_needs_review","INDCONFCARER","IF INDCONF =2 AND Mail_Grp 1
INDCONFCARER
This survey is intended for [FF_firstame] [FF_Surname ]. If you are a carer for [FF_firstname]
[FF_Surname ], or they need assistance, you can help them to complete the survey. Are you
a carer for [FF_firstname] [FF_Surname ], or assisting them?
1.    Yes","","candidate"
"react1.r16.individual","4","context_or_wording_needs_review","This survey is intended for [FF_firstame] [FF_Surname ]. If you are a carer for [FF_firstname]","INDCONFCARER
This survey is intended for [FF_firstame] [FF_Surname ]. If you are a carer for [FF_firstname]
[FF_Surname ], or they need assistance, you can help them to complete the survey. Are you
a carer for [FF_firstname] [FF_Surname ], or assisting them?
1.    Yes
2.    No","INDCONFCARER","candidate"
"react1.r16.individual","4","context_or_wording_needs_review","a carer for [FF_firstname] [FF_Surname ], or assisting them?","[FF_Surname ], or they need assistance, you can help them to complete the survey. Are you
a carer for [FF_firstname] [FF_Surname ], or assisting them?
1.    Yes
2.    No

","","candidate"
"react1.r16.individual","5","gate_or_option_instruction","IF INDCONFCARER =2","
IF INDCONFCARER =2
CLOSE1
“We thank you for your time spent taking this survey.”
TERMINATE
","","candidate"
"react1.r16.individual","5","wording_only","IF Mail_Grp 1 OR (Mail_Grp 2 INDCONF=1) Textfill is “your”","PROGRAMMER: SET TEXTFILL
IF Mail_Grp 1 OR (Mail_Grp 2 INDCONF=1) Textfill is “your”
IF Mail_Grp 3 OR (Mail_Grp 2 INDCONFPARENT =1) Textfill is “your child”


","","candidate"
"react1.r16.individual","5","wording_only","IF Mail_Grp 3 OR (Mail_Grp 2 INDCONFPARENT =1) Textfill is “your child”","IF Mail_Grp 1 OR (Mail_Grp 2 INDCONF=1) Textfill is “your”
IF Mail_Grp 3 OR (Mail_Grp 2 INDCONFPARENT =1) Textfill is “your child”



Health","","candidate"
"react1.r16.individual","7","context_or_wording_needs_review","allergy [IF MAIL_GRP1 AND ASK IF GENDER = FEMALE AND (DAGE < 55) ,","child had COVID-19 or were they all related to another issue (e.g. other illness,
allergy [IF MAIL_GRP1 AND ASK IF GENDER = FEMALE AND (DAGE < 55) ,
pregnancy] etc.)?

DISPLAY LIST OF SYMPTOMS MENTIONED AT SYMPTANY1, SYMPTANY2,
SYMPTANY3","","candidate"
"react1.r16.individual","7","response_option","4.    [IF Mail_Grp1 or Mail_grp2 AND age 12+ ONLY ] Some or all of the symptoms","1.    Some or all of the symptoms may have been due to COVID-19
4.    [IF Mail_Grp1 or Mail_grp2 AND age 12+ ONLY ] Some or all of the symptoms
may have been due to a COVID-19 vaccine

2.    The symptoms were not due to COVID-19 [IF Mail_Grp1 or Mail_grp2 AND age
12+ ONLY ] or a COVID-19 vaccine","","candidate"
"react1.r16.individual","7","response_option","2.    The symptoms were not due to COVID-19 [IF Mail_Grp1 or Mail_grp2 AND age","
2.    The symptoms were not due to COVID-19 [IF Mail_Grp1 or Mail_grp2 AND age
12+ ONLY ] or a COVID-19 vaccine
3.    Don’t know

","","candidate"
"react1.r16.individual","12","response_option","2.      In my place of work [SHOW ONLY IF MAIL_GRP1 OR MAIL_GRP2 AND","1.      In my household
2.      In my place of work [SHOW ONLY IF MAIL_GRP1 OR MAIL_GRP2 AND
INDCONF=1]
6.      In my/their school or college
3.      At a social event or gathering
4.      Somewhere else","","candidate"
"react1.r16.individual","12","gate_or_option_instruction","ASK IF COVIDCONPL=2 AND MAIL_GRP1 OR MAIL_GRP2 AND INDONF-=1","
ASK IF COVIDCONPL=2 AND MAIL_GRP1 OR MAIL_GRP2 AND INDONF-=1
COVIDCONWP

You said that you/your child had [IF COVIDCONNUM=2+ the most recent] contact with the
person who was a confirmed COVID-19 case in your workplace. Do you work in any of the","COVIDCONWP","candidate"
"react1.r16.individual","14","context_or_wording_needs_review","When you [Mail_grp1 or Mail_Grp 2 AND INDCONFPARENT=1]/[your child Mail_Grp3 OR","
When you [Mail_grp1 or Mail_Grp 2 AND INDCONFPARENT=1]/[your child Mail_Grp3 OR
Mail_grp 2 AND INDCONF=1] had COVID-19, did your [Mail_grp1 or Mail_Grp 2 AND
INDCONFPARENT=1]//their Mail_Grp3 OR Mail_grp 2 AND INDCONF=1] symptoms last
for more than four weeks?
","","candidate"
"react1.r16.individual","14","context_definition_or_continuation","Mail_grp 2 AND INDCONF=1] had COVID-19, did your [Mail_grp1 or Mail_Grp 2 AND","When you [Mail_grp1 or Mail_Grp 2 AND INDCONFPARENT=1]/[your child Mail_Grp3 OR
Mail_grp 2 AND INDCONF=1] had COVID-19, did your [Mail_grp1 or Mail_Grp 2 AND
INDCONFPARENT=1]//their Mail_Grp3 OR Mail_grp 2 AND INDCONF=1] symptoms last
for more than four weeks?

1.     Yes, and I/my child still have/has symptoms","","candidate"
"react1.r16.individual","14","context_or_wording_needs_review","INDCONFPARENT=1]//their Mail_Grp3 OR Mail_grp 2 AND INDCONF=1] symptoms last","Mail_grp 2 AND INDCONF=1] had COVID-19, did your [Mail_grp1 or Mail_Grp 2 AND
INDCONFPARENT=1]//their Mail_Grp3 OR Mail_grp 2 AND INDCONF=1] symptoms last
for more than four weeks?

1.     Yes, and I/my child still have/has symptoms
2.     Yes, but I/my child no longer have/has symptoms","","candidate"
"react1.r16.individual","19","gate_or_option_instruction","[ASK IF GENDER = FEMALE AND MAIL_GRP = 1 AND (DAGE < 55].","
[ASK IF GENDER = FEMALE AND MAIL_GRP = 1 AND (DAGE < 55].
PREG
SA

Are you pregnant at present?","PREG","candidate"
"react1.r16.individual","20","response_option","2.    Yes, my child has – [ ONLY Mail_grp3 OR for Mailgrp2 IF INDCONFPARENT=1]","1.    Yes, I have
2.    Yes, my child has – [ ONLY Mail_grp3 OR for Mailgrp2 IF INDCONFPARENT=1]
3.    Yes, someone else in my household has
4.    No
5.    Don’t know
","","candidate"
"react1.r16.individual","21","response_option","14.   To get a vaccination [ASK IF Mail_grp1 ONLY]","13.    (BLANK)
14.   To get a vaccination [ASK IF Mail_grp1 ONLY]
15.   To walk a dog/other pet care
10.   For errands (for example, pay bills, withdraw money from bank, visit post office)
11.   I have left/My child has left home for other reasons (please write in)
19.   I have not/My child has not left home in the past 7 days","","candidate"
"react1.r16.individual","22","context_or_wording_needs_review","Please do not include anything done as part of (IF MAIL_GRP1 OR MAIL_GRP2 AND","In the last 7 days have you/has your child done any of the following activities indoors?
Please do not include anything done as part of (IF MAIL_GRP1 OR MAIL_GRP2 AND
INDCONF=1 your job or education/IF MAIL_GRP = 3 OR MAIL_GRP = 2 AND
INDCONFPARENT=1 your child’s education.)

Please select all that apply","","candidate"
"react1.r16.individual","22","context_or_wording_needs_review","INDCONF=1 your job or education/IF MAIL_GRP = 3 OR MAIL_GRP = 2 AND","Please do not include anything done as part of (IF MAIL_GRP1 OR MAIL_GRP2 AND
INDCONF=1 your job or education/IF MAIL_GRP = 3 OR MAIL_GRP = 2 AND
INDCONFPARENT=1 your child’s education.)

Please select all that apply
","","candidate"
"react1.r16.individual","22","context_or_wording_needs_review","INDCONFPARENT=1 your child’s education.)","INDCONF=1 your job or education/IF MAIL_GRP = 3 OR MAIL_GRP = 2 AND
INDCONFPARENT=1 your child’s education.)

Please select all that apply

1. Taken exercise or a class inside at a gym or leisure centre","","candidate"
"react1.r16.individual","22","context_or_wording_needs_review","sporting event, gigs/concerts (not including for IF MAIL_GRP1 OR MAIL_GRP2 AND","10. Other indoor event involving people outside your household e.g. performance,
sporting event, gigs/concerts (not including for IF MAIL_GRP1 OR MAIL_GRP2 AND
INDCONF=1 work IF MAIL_GRP = 3 OR MAIL_GRP = 2 education.)
11. Been to a nightclub (IF MAIL_GRP1 ONLY)
8. Prefer not to say
7. None of these","","candidate"
"react1.r16.individual","22","context_or_wording_needs_review","INDCONF=1 work IF MAIL_GRP = 3 OR MAIL_GRP = 2 education.)","sporting event, gigs/concerts (not including for IF MAIL_GRP1 OR MAIL_GRP2 AND
INDCONF=1 work IF MAIL_GRP = 3 OR MAIL_GRP = 2 education.)
11. Been to a nightclub (IF MAIL_GRP1 ONLY)
8. Prefer not to say
7. None of these
","","candidate"
"react1.r16.individual","22","response_option","11. Been to a nightclub (IF MAIL_GRP1 ONLY)","INDCONF=1 work IF MAIL_GRP = 3 OR MAIL_GRP = 2 education.)
11. Been to a nightclub (IF MAIL_GRP1 ONLY)
8. Prefer not to say
7. None of these

","","candidate"
"react1.r16.individual","22","context_or_wording_needs_review","performance, sporting event, gigs/concerts (not including for IF MAIL_GRP1 OR","Thinking about the last time [you/your child] took part in a public gathering indoors, e.g.
performance, sporting event, gigs/concerts (not including for IF MAIL_GRP1 OR
MAIL_GRP2 AND INDCONF=1 work IF MAIL_GRP = 3 OR MAIL_GRP = 2 education.) how
many people were at the public gathering when [you/your child] attended? If you are not
sure, please give your best guess.
","","candidate"
"react1.r16.individual","22","context_definition_or_continuation","MAIL_GRP2 AND INDCONF=1 work IF MAIL_GRP = 3 OR MAIL_GRP = 2 education.) how","performance, sporting event, gigs/concerts (not including for IF MAIL_GRP1 OR
MAIL_GRP2 AND INDCONF=1 work IF MAIL_GRP = 3 OR MAIL_GRP = 2 education.) how
many people were at the public gathering when [you/your child] attended? If you are not
sure, please give your best guess.

1.   Less than 7","","candidate"
"react1.r16.individual","23","context_or_wording_needs_review","[(IF MAIL_GRP 1 OR MAIL_GRP 2 AND INDCONF=1) Please do not include anything done","In the last 7 days have you/has your child done any of the following activities outdoors?
[(IF MAIL_GRP 1 OR MAIL_GRP 2 AND INDCONF=1) Please do not include anything done
as part of your job IF MAIL_GRP 2 AND INDCONF= 1 or education.] IF MAIL_GRP = 3 OR
MAIL_GRP = 2 AND INDCONFPARENT=1 your child’s education.
Please select all that apply.
","","candidate"
"react1.r16.individual","23","context_or_wording_needs_review","as part of your job IF MAIL_GRP 2 AND INDCONF= 1 or education.] IF MAIL_GRP = 3 OR","[(IF MAIL_GRP 1 OR MAIL_GRP 2 AND INDCONF=1) Please do not include anything done
as part of your job IF MAIL_GRP 2 AND INDCONF= 1 or education.] IF MAIL_GRP = 3 OR
MAIL_GRP = 2 AND INDCONFPARENT=1 your child’s education.
Please select all that apply.

1.  Played team sports or taken exercise classes outside","","candidate"
"react1.r16.individual","23","context_definition_or_continuation","MAIL_GRP = 2 AND INDCONFPARENT=1 your child’s education.","as part of your job IF MAIL_GRP 2 AND INDCONF= 1 or education.] IF MAIL_GRP = 3 OR
MAIL_GRP = 2 AND INDCONFPARENT=1 your child’s education.
Please select all that apply.

1.  Played team sports or taken exercise classes outside
2.  Visited an outdoor public swimming pool","","candidate"
"react1.r16.individual","23","context_or_wording_needs_review","gigs/concerts (not including for IF MAIL_GRP1 OR MAIL_GRP2 AND INDCONF=1","6.  Other public gathering outside e.g. watching sports, demonstration, performance,
gigs/concerts (not including for IF MAIL_GRP1 OR MAIL_GRP2 AND INDCONF=1
work IF MAIL_GRP = 3 OR MAIL_GRP = 2 education.)7. None of these
8. Prefer not to say

","","candidate"
"react1.r16.individual","23","context_or_wording_needs_review","work IF MAIL_GRP = 3 OR MAIL_GRP = 2 education.)7. None of these","gigs/concerts (not including for IF MAIL_GRP1 OR MAIL_GRP2 AND INDCONF=1
work IF MAIL_GRP = 3 OR MAIL_GRP = 2 education.)7. None of these
8. Prefer not to say


","","candidate"
"react1.r16.individual","24","context_or_wording_needs_review","please count them only once. [IF Mail_Grp 2 or Mail_Grp 3 Do not include contact at school].","have contact with yesterday? If you/they had contact with a person more than one time,
please count them only once. [IF Mail_Grp 2 or Mail_Grp 3 Do not include contact at school].

Your answers will be kept strictly confidential.

By contact we mean:","","candidate"
"react1.r16.individual","24","context_or_wording_needs_review","1 person who is not a member of your household. Which of the following age groups was","You said that yesterday you/your child came into contact with CONTACT1[IF CONTACT 1=1
1 person who is not a member of your household. Which of the following age groups was
this person in?] [IF CONTACT1=2+ ""X people who are not members of your household].
How many of those were in each of the following age groups?

1. 0 to 17 years old (enter number)","","candidate"
"react1.r16.individual","24","context_or_wording_needs_review","How many of those were in each of the following age groups?","this person in?] [IF CONTACT1=2+ ""X people who are not members of your household].
How many of those were in each of the following age groups?

1. 0 to 17 years old (enter number)
2. 18 to 34 years old (enter number)
3. 35 to 64 years old (enter number)","","candidate"
"react1.r16.individual","25","gate_or_option_instruction","IF CONTACT1 = 1+ AND LEAVE2=1 AND MAIL_GRP1","
IF CONTACT1 = 1+ AND LEAVE2=1 AND MAIL_GRP1

CONTACT5

You said that yesterday you came into contact with CONTACT1 people who are not","CONTACT5","candidate"
"react1.r16.individual","29","response_option","2.    Yes, my child did – [ ONLY Mail_grp3 OR for Mailgrp2 IF INDCONFPARENT=1]","1.    Yes, I did
2.    Yes, my child did – [ ONLY Mail_grp3 OR for Mailgrp2 IF INDCONFPARENT=1]
3.    Yes, someone else in my household did
4.    No
5.    Don’t know
","","candidate"
"react1.r16.individual","30","context_or_wording_needs_review","Have you been contacted by NHS Test and Trace [IF MAIL_GRP 3 OR Mail_Grp 2 AND","
Have you been contacted by NHS Test and Trace [IF MAIL_GRP 3 OR Mail_Grp 2 AND
INDCONFPARENT=1] about your child] in the last month (that is since DATE)? Please
include being notified or “pinged” by the NHS app.

1. Yes","COVIDTETR","candidate"
"react1.r16.individual","30","context_or_wording_needs_review","INDCONFPARENT=1] about your child] in the last month (that is since DATE)? Please","Have you been contacted by NHS Test and Trace [IF MAIL_GRP 3 OR Mail_Grp 2 AND
INDCONFPARENT=1] about your child] in the last month (that is since DATE)? Please
include being notified or “pinged” by the NHS app.

1. Yes
2. No","","candidate"
"react1.r16.individual","31","context_or_wording_needs_review","How were you contacted [IF MAIL_GRP 3 OR Mail_Grp 2 AND INDCONFPARENT=1] about","TETAHOW
How were you contacted [IF MAIL_GRP 3 OR Mail_Grp 2 AND INDCONFPARENT=1] about
your child] by NHS Test and Trace?

PLEASE SELECT ALL THAT APPLY
","TETAHOW_1|TETAHOW_2|TETAHOW_3|TETAHOW_4|TETAHOW_7|TETAHOW_5|TETAHOW_6","candidate"
"react1.r16.individual","32","gate_or_option_instruction","If NHSCONTACTS2 =2 OR 4 AND (MAIL_GRP3, MAIL_Grp1 or (MAIL_GRP2 AND","
If NHSCONTACTS2 =2 OR 4 AND (MAIL_GRP3, MAIL_Grp1 or (MAIL_GRP2 AND
INDCONF=1)).
NHSCONTACTSNO

Which of the following reasons describe why you did not provide (IF NHSCONTACTS2=2:","NHSCONTACTSNO_1|NHSCONTACTSNO_2|NHSCONTACTSNO_3|NHSCONTACTSNO_4|NHSCONTACTSNO_5|NHSCONTACTSNO_6|NHSCONTACTSNO_7|NHSCONTACTSNO_8|NHSCONTACTSNO_8_OTHER|NHSCONTACTSNO_9","candidate"
"react1.r16.individual","33","context_or_wording_needs_review","Have you/Has your child had the flu vaccination (“flu jab”) [IF MAIL_GRP2 OR MAIL_GRP3","
Have you/Has your child had the flu vaccination (“flu jab”) [IF MAIL_GRP2 OR MAIL_GRP3
“or the nasal spray vaccine”] since 1 September 2021?

1. Yes
","FLUVACC","candidate"
"react1.r16.individual","33","context_or_wording_needs_review","When did you/your child have the flu vaccination (“flu jab”) [IF MAIL_GRP2 OR MAIL_GRP3","
When did you/your child have the flu vaccination (“flu jab”) [IF MAIL_GRP2 OR MAIL_GRP3
“or the nasal spray vaccine”]?

If you can’t remember exactly when, please enter your best guess
","FLUVACCDATE","candidate"
"react1.r16.individual","33","gate_or_option_instruction","ASK MAIL_GRP1 OR MAIL_GRP2 OR MAIL_GRP3 (AGED 12+)","
ASK MAIL_GRP1 OR MAIL_GRP2 OR MAIL_GRP3 (AGED 12+)

CALCULATE AGE FROM SAMPLE INFORMATION (assume day is 15 of month)

VACCINE3SYM","VACCINE3SYM","candidate"
"react1.r16.individual","33","context_or_wording_needs_review","CALCULATE AGE FROM SAMPLE INFORMATION (assume day is 15 of month)","
CALCULATE AGE FROM SAMPLE INFORMATION (assume day is 15 of month)

VACCINE3SYM

We asked you this at when you registered to receive a swab test kit but we would just like to","VACCINE3SYM","candidate"
"react1.r16.individual","37","gate_or_option_instruction","IF VACCINE3SYM = 2 or 3 AND (MAIL_GRP2 AND INDCONF=1).","
IF VACCINE3SYM = 2 or 3 AND (MAIL_GRP2 AND INDCONF=1).
VACCINEAPP1

Have you/Has your child been offered a coronavirus vaccine?
","VACCINEAPP1","candidate"
"react1.r16.individual","39","gate_or_option_instruction","IF VACCINEACCEPT=2 or 3 AND (Mail_Grp 2 AND INDCONF=1)","
IF VACCINEACCEPT=2 or 3 AND (Mail_Grp 2 AND INDCONF=1)
VACCRUFUSE1

[RANDOMISE LIST]
","VACCRUFUSE1_1|VACCRUFUSE1_2|VACCRUFUSE1_3|VACCRUFUSE1_4|VACCRUFUSE1_5|VACCRUFUSE1_6|VACCRUFUSE1_7|VACCRUFUSE1_8|VACCRUFUSE1_9|VACCRUFUSE1_10|VACCRUFUSE1_11|VACCRUFUSE1_12|VACCRUFUSE1_13|VACCRUFUSE1_14|VACCRUFUSE1_15|VACCRUFUSE1_16|VACCRUFUSE1_17|VACCRUFUSE1_18|VACCRUFUSE1_21|VACCRUFUSE1_22|VACCRUFUSE1_23|VACCRUFUSE1_24|VACCRUFUSE1_19|VACCRUFUSE1_19_OTHER|VACCRUFUSE1_20","candidate"
"react1.r16.individual","39","context_or_wording_needs_review","GENDER = FEMALE AND MAIL_GRP = 1 AND (DAGE < 55].","14. I am pregnant/breastfeeding and afraid of the effects on my baby [ASK IF
GENDER = FEMALE AND MAIL_GRP = 1 AND (DAGE < 55].
15. The impact of COVID-19 is being greatly exaggerated
16. I don't trust the people who have developed the vaccine
17. So long as most other people get the vaccine then it doesn't matter if I don't
21. I am concerned that it will affect my fertility","","candidate"
"react1.r16.individual","39","response_option","24. I think I am too young to have the vaccination (ASK IF Mail_Grp 2 AND","23. I have had bad reactions in the past to vaccinations
24. I think I am too young to have the vaccination (ASK IF Mail_Grp 2 AND
INDCONF=1)
19. Other (please write in)
20. Prefer not to say
","","candidate"
"react1.r16.individual","40","context_or_wording_needs_review","VACCINEAPP2 =2 AND (Mail_Grp 1 OR (Mail_Grp 2 AND INDCONF=1))","
VACCINEAPP2 =2 AND (Mail_Grp 1 OR (Mail_Grp 2 AND INDCONF=1))
VACCREFUSE2

[RANDOMISE LIST]
","","candidate"
"react1.r16.individual","40","context_or_wording_needs_review","GENDER = FEMALE AND MAIL_GRP = 1 AND (DAGE < 55].","14.   I am pregnant/breastfeeding and afraid of the effects on my baby [ASK IF
GENDER = FEMALE AND MAIL_GRP = 1 AND (DAGE < 55].
15.   The impact of COVID-19 is being greatly exaggerated
16.   I don't trust the people who have developed the vaccine
17.   So long as most other people get the vaccine then it doesn't matter if I don't
21.   I am concerned that it will affect my fertility","","candidate"
"react1.r16.individual","40","response_option","24.   I think I am too young to have the vaccination (ASK IF Mail_Grp 2 AND","23.   I have had bad reactions in the past to vaccinations
24.   I think I am too young to have the vaccination (ASK IF Mail_Grp 2 AND
INDCONF=1)
19.   Other (please write in)
20.    Prefer not to say
","","candidate"
"react1.r16.individual","41","gate_or_option_instruction","ASK ALL Mail_Grp 1","
ASK ALL Mail_Grp 1
EDUC
What is your highest educational qualification? This means any educational, professional,
vocational or other work-related qualifications for which you received a certificate.
Please select one answer","EDUC","candidate"
"react1.r16.individual","42","gate_or_option_instruction","IF MAIL_GRP1 AND EMPL = 7","
IF MAIL_GRP1 AND EMPL = 7
EDTYPE

This term are you studying…
","EDTYPE","candidate"
"react1.r16.individual","43","gate_or_option_instruction","IF MAIL_GRP1 AND EMPL = 7","
IF MAIL_GRP1 AND EMPL = 7
CAMPUS2

Where are you currently living?
","CAMPUS2","candidate"
"react1.r16.individual","43","response_option","6. Parents’ or guardians’ home","5. Your own home which you own
6. Parents’ or guardians’ home
7. Other


IF CAMPUS2=4, 5, 6, 7","","candidate"
"react1.r16.individual","45","context_definition_or_continuation","MAIL_GRP=1 OR MAIL_GRP=2 AND EMPL=1 to 3 “workplace”, IF MAIL_GRP=1 OR","In the last two weeks, that is since <DAY/MONTH>, has anyone in your/your child’s [IF
MAIL_GRP=1 OR MAIL_GRP=2 AND EMPL=1 to 3 “workplace”, IF MAIL_GRP=1 OR
(MAIL_GRP=2 AND EMPL=7)“school or college”, IF MAIL_GRP3 “school”] tested positive
for COVID-19 as far as you know?

1.    Yes","","candidate"
"react1.r16.individual","45","context_or_wording_needs_review","(MAIL_GRP=2 AND EMPL=7)“school or college”, IF MAIL_GRP3 “school”] tested positive","MAIL_GRP=1 OR MAIL_GRP=2 AND EMPL=1 to 3 “workplace”, IF MAIL_GRP=1 OR
(MAIL_GRP=2 AND EMPL=7)“school or college”, IF MAIL_GRP3 “school”] tested positive
for COVID-19 as far as you know?

1.    Yes
2.    No","","candidate"
"react1.r16.individual","46","gate_or_option_instruction","ASK ALL MAIL_GRP1 OR MAIL_GRP3 ONLY","
ASK ALL MAIL_GRP1 OR MAIL_GRP3 ONLY
COV_PayEx2

How well would you say your household is managing financially these days? Would you say
your household is...","COV_PAYEX2","candidate"
"react1.r16.individual","50","response_option","1.    For work [Mail_Grp1 or Mail_grp2 AND age 16+ ONLY]","
1.    For work [Mail_Grp1 or Mail_grp2 AND age 16+ ONLY]
2.    To volunteer [Mail_Grp1 or Mail_grp2 AND age 16+ ONLY]
3.    To seek medical assistance/to go to a hospital appointment
4.    To care for, provide assistance or to help someone else (for example, friends or
family)","","candidate"
"react1.r16.individual","50","response_option","2.    To volunteer [Mail_Grp1 or Mail_grp2 AND age 16+ ONLY]","1.    For work [Mail_Grp1 or Mail_grp2 AND age 16+ ONLY]
2.    To volunteer [Mail_Grp1 or Mail_grp2 AND age 16+ ONLY]
3.    To seek medical assistance/to go to a hospital appointment
4.    To care for, provide assistance or to help someone else (for example, friends or
family)
5.    To meet with someone outside","","candidate"
"react1.r16.individual","50","response_option","12.   To take a child to school or childcare [Mail_Grp1 or Mail_grp2 AND age 16+","11.   To meet with someone indoors
12.   To take a child to school or childcare [Mail_Grp1 or Mail_grp2 AND age 16+
ONLY]
13.   To get or post a COVID-19 test
14.   There was a risk of harm
15.   I am certain I do not have COVID-19","","candidate"
"react1.r16.individual","51","gate_or_option_instruction","ASK IF QISOLLEAVEREASON=1 AND Mail_Grp1 or (Mail_grp2 AND age 16+ ONLY and","
ASK IF QISOLLEAVEREASON=1 AND Mail_Grp1 or (Mail_grp2 AND age 16+ ONLY and
INDCONF=1]
QCOVIDWORK

[RANDOMISE LIST]","QCOVIDWORK_1|QCOVIDWORK_2|QCOVIDWORK_3|QCOVIDWORK_4|QCOVIDWORK_5|QCOVIDWORK_6|QCOVIDWORK_7|QCOVIDWORK_8|QCOVIDWORK_9|QCOVIDWORK_9_OTHER|QCOVIDWORK_10","candidate"
"react1.r16.individual","51","gate_or_option_instruction","ASK Mail_Grp=1","
ASK Mail_Grp=1
SMOKENOW

Do you smoke cigarettes at all nowadays?
","SMOKENOW","candidate"
"react1.r16.individual","52","gate_or_option_instruction","ASK Mailgrp=1","
ASK Mailgrp=1
VAPNOW

Do you vape/use e-cigarettes at all nowadays?
","VAPNOW","candidate"
"react1.r16.individual","55","gate_or_option_instruction","ASK IF MAIL_GRP1 ONLY","
ASK IF MAIL_GRP1 ONLY
CONTACTCIAB
Would you be willing for Ipsos MORI to use your contact details in order to invite you to take
part in future research conducted by the UK Health Security Agency?
","CONTACTCIAB","candidate"
"react1.r16.registration","2","context_or_wording_needs_review","There are 3 groups corresponding to Mail_Grp i.e. u_mail_grp","received inviting you to take part in this study.
There are 3 groups corresponding to Mail_Grp i.e. u_mail_grp
Mail_Grp                                       Age group
Mail_Grp=1                                     18+
Mail_Grp=2                                     13-17
Mail_grp=3                                     5-12","","candidate"
"react1.r16.registration","2","context_definition_or_continuation","Mail_Grp                                       Age group","There are 3 groups corresponding to Mail_Grp i.e. u_mail_grp
Mail_Grp                                       Age group
Mail_Grp=1                                     18+
Mail_Grp=2                                     13-17
Mail_grp=3                                     5-12
","","candidate"
"react1.r16.registration","2","context_definition_or_continuation","Mail_Grp=1                                     18+","Mail_Grp                                       Age group
Mail_Grp=1                                     18+
Mail_Grp=2                                     13-17
Mail_grp=3                                     5-12

","","candidate"
"react1.r16.registration","2","context_definition_or_continuation","Mail_Grp=2                                     13-17","Mail_Grp=1                                     18+
Mail_Grp=2                                     13-17
Mail_grp=3                                     5-12


","","candidate"
"react1.r16.registration","2","context_definition_or_continuation","Mail_grp=3                                     5-12","Mail_Grp=2                                     13-17
Mail_grp=3                                     5-12



","","candidate"
"react1.r16.registration","3","gate_or_option_instruction","ASK Mail_Grp=1 AND Mail_Grp=2 This survey is for [u_firstname] [u_name]. Are you","INDCONF
ASK Mail_Grp=1 AND Mail_Grp=2 This survey is for [u_firstname] [u_name]. Are you
[FF_Surname] [FF_Surname]?
IF CHILD is Mail_Grp=3 Are you the parent or guardian of [u_firstname] [u_name]?
Please select one answer
1. Yes","INDCONF","candidate"
"react1.r16.registration","3","gate_or_option_instruction","IF CHILD is Mail_Grp=3 Are you the parent or guardian of [u_firstname] [u_name]?","[FF_Surname] [FF_Surname]?
IF CHILD is Mail_Grp=3 Are you the parent or guardian of [u_firstname] [u_name]?
Please select one answer
1. Yes
2. No
","","candidate"
"react1.r16.registration","3","gate_or_option_instruction","IF INDCONF = 2 AND Mail_Grp=2","
IF INDCONF = 2 AND Mail_Grp=2
INDCONFPARENT
This survey is intended for [FF_Surname] [FF_Surname ]. If you are the parent or guardian
of [FF_Surname] [FF_Surname ] you can complete the survey on their behalf. Are you the
parent or guardian of [FF_Surname] [FF_Surname ]?","INDCONFPARENT","candidate"
"react1.r16.registration","3","context_or_wording_needs_review","INDCONFPARENT","IF INDCONF = 2 AND Mail_Grp=2
INDCONFPARENT
This survey is intended for [FF_Surname] [FF_Surname ]. If you are the parent or guardian
of [FF_Surname] [FF_Surname ] you can complete the survey on their behalf. Are you the
parent or guardian of [FF_Surname] [FF_Surname ]?
1. Yes","","candidate"
"react1.r16.registration","3","context_or_wording_needs_review","This survey is intended for [FF_Surname] [FF_Surname ]. If you are the parent or guardian","INDCONFPARENT
This survey is intended for [FF_Surname] [FF_Surname ]. If you are the parent or guardian
of [FF_Surname] [FF_Surname ] you can complete the survey on their behalf. Are you the
parent or guardian of [FF_Surname] [FF_Surname ]?
1. Yes
2. No","INDCONFPARENT","candidate"
"react1.r16.registration","3","context_or_wording_needs_review","parent or guardian of [FF_Surname] [FF_Surname ]?","of [FF_Surname] [FF_Surname ] you can complete the survey on their behalf. Are you the
parent or guardian of [FF_Surname] [FF_Surname ]?
1. Yes
2. No

","","candidate"
"react1.r16.registration","3","gate_or_option_instruction","IF INDCONFPARENT=2 OR INDCONF=2 AND Mail_Grp=3","
IF INDCONFPARENT=2 OR INDCONF=2 AND Mail_Grp=3
CLOSE1
“We thank you for your time spent taking this survey.”
TERMINATE
","","candidate"
"react1.r16.registration","3","gate_or_option_instruction","IF INDCONF =2 AND Mail_Grp=1","
IF INDCONF =2 AND Mail_Grp=1
INDCONFCARER
This survey is intended for [FF_Surname] [FF_Surname ]. If you are a carer for
[FF_Surname] [FF_Surname ], or they need assistance, you can help them to complete the
survey. Are you a carer for [FF_Surname] [FF_Surname ], or assisting them?","INDCONFCARER","candidate"
"react1.r16.registration","3","context_or_wording_needs_review","INDCONFCARER","IF INDCONF =2 AND Mail_Grp=1
INDCONFCARER
This survey is intended for [FF_Surname] [FF_Surname ]. If you are a carer for
[FF_Surname] [FF_Surname ], or they need assistance, you can help them to complete the
survey. Are you a carer for [FF_Surname] [FF_Surname ], or assisting them?
1. Yes","","candidate"
"react1.r16.registration","3","context_or_wording_needs_review","This survey is intended for [FF_Surname] [FF_Surname ]. If you are a carer for","INDCONFCARER
This survey is intended for [FF_Surname] [FF_Surname ]. If you are a carer for
[FF_Surname] [FF_Surname ], or they need assistance, you can help them to complete the
survey. Are you a carer for [FF_Surname] [FF_Surname ], or assisting them?
1. Yes
2. No","INDCONFCARER","candidate"
"react1.r16.registration","3","context_or_wording_needs_review","survey. Are you a carer for [FF_Surname] [FF_Surname ], or assisting them?","[FF_Surname] [FF_Surname ], or they need assistance, you can help them to complete the
survey. Are you a carer for [FF_Surname] [FF_Surname ], or assisting them?
1. Yes
2. No

","","candidate"
"react1.r16.registration","3","gate_or_option_instruction","IF INDCONFCARER =2","
IF INDCONFCARER =2
CLOSE1
“We thank you for your time spent taking this survey.”
TERMINATE
","","candidate"
"react1.r16.registration","4","wording_only","IF 5-12 OR (13-17 INDCONFPARENT =1) Textfill is “your child”","IF 18+ OR (13-17 INDCONF=1) Textfill is “your”
IF 5-12 OR (13-17 INDCONFPARENT =1) Textfill is “your child”


ASK ALL
DOB","","candidate"
"react1.r16.registration","4","context_definition_or_continuation","Mail_Grp=1     18+        YEAR RANGE             “Our records suggest you are aged 17 or","AGE
Mail_Grp=1     18+        YEAR RANGE             “Our records suggest you are aged 17 or
1900 -2004             over, please check your answer.”
Mail_Grp=2     13-17      YEAR RANGE             “Our records suggest [IF INDCONF = 1:
2003- 2009             you are/IF INCONFPARENT = 1 your child
is] aged between 12 and 18, please check","AGE","candidate"
"react1.r16.registration","4","context_definition_or_continuation","Mail_Grp=2     13-17      YEAR RANGE             “Our records suggest [IF INDCONF = 1:","1900 -2004             over, please check your answer.”
Mail_Grp=2     13-17      YEAR RANGE             “Our records suggest [IF INDCONF = 1:
2003- 2009             you are/IF INCONFPARENT = 1 your child
is] aged between 12 and 18, please check
your answer”
Mail_grp=3     5-12       YEAR RANGE –           “Our records suggest your child is aged","","candidate"
"react1.r16.registration","4","context_or_wording_needs_review","2003- 2009             you are/IF INCONFPARENT = 1 your child","Mail_Grp=2     13-17      YEAR RANGE             “Our records suggest [IF INDCONF = 1:
2003- 2009             you are/IF INCONFPARENT = 1 your child
is] aged between 12 and 18, please check
your answer”
Mail_grp=3     5-12       YEAR RANGE –           “Our records suggest your child is aged
2008- 2016             between 5 and 13, please check your","","candidate"
"react1.r16.registration","4","context_or_wording_needs_review","is] aged between 12 and 18, please check","2003- 2009             you are/IF INCONFPARENT = 1 your child
is] aged between 12 and 18, please check
your answer”
Mail_grp=3     5-12       YEAR RANGE –           “Our records suggest your child is aged
2008- 2016             between 5 and 13, please check your
answer”","","candidate"
"react1.r16.registration","4","context_definition_or_continuation","Mail_grp=3     5-12       YEAR RANGE –           “Our records suggest your child is aged","your answer”
Mail_grp=3     5-12       YEAR RANGE –           “Our records suggest your child is aged
2008- 2016             between 5 and 13, please check your
answer”

","","candidate"
"react1.r16.registration","4","context_or_wording_needs_review","What was your/your child’s age at your/their last birthday?","AGE
What was your/your child’s age at your/their last birthday?
[OPEN NUMERIC BOX AND APPLY TO AGE GROUPS AS OUTLINED BELOW BUT
ALLOW PAST]
GROUP          GROUP ALLOW RANGE                 ERROR MESSAGE
AGE","AGE","candidate"
"react1.r16.registration","4","context_or_wording_needs_review","[OPEN NUMERIC BOX AND APPLY TO AGE GROUPS AS OUTLINED BELOW BUT","What was your/your child’s age at your/their last birthday?
[OPEN NUMERIC BOX AND APPLY TO AGE GROUPS AS OUTLINED BELOW BUT
ALLOW PAST]
GROUP          GROUP ALLOW RANGE                 ERROR MESSAGE
AGE
Mail_Grp=1     18+        RANGE 17 -112          “Our records suggest you are aged 17 or","","candidate"
"react1.r16.registration","4","context_definition_or_continuation","Mail_Grp=1     18+        RANGE 17 -112          “Our records suggest you are aged 17 or","AGE
Mail_Grp=1     18+        RANGE 17 -112          “Our records suggest you are aged 17 or
over, please check your answer.”
Mail_Grp=2     13-17      RANGE 12-18            “Our records suggest [IF INDCONF = 1:
you are/IF INCONFPARENT = 1 your child
is] aged between 12 and 18, please check","AGE","candidate"
"react1.r16.registration","4","context_definition_or_continuation","Mail_Grp=2     13-17      RANGE 12-18            “Our records suggest [IF INDCONF = 1:","over, please check your answer.”
Mail_Grp=2     13-17      RANGE 12-18            “Our records suggest [IF INDCONF = 1:
you are/IF INCONFPARENT = 1 your child
is] aged between 12 and 18, please check
your answer”
Mail_grp=3     5-12       RANGE 5- 13            “Our records suggest your child is aged","","candidate"
"react1.r16.registration","4","context_or_wording_needs_review","you are/IF INCONFPARENT = 1 your child","Mail_Grp=2     13-17      RANGE 12-18            “Our records suggest [IF INDCONF = 1:
you are/IF INCONFPARENT = 1 your child
is] aged between 12 and 18, please check
your answer”
Mail_grp=3     5-12       RANGE 5- 13            “Our records suggest your child is aged
between 5 and 13, please check your","","candidate"
"react1.r16.registration","4","context_or_wording_needs_review","is] aged between 12 and 18, please check","you are/IF INCONFPARENT = 1 your child
is] aged between 12 and 18, please check
your answer”
Mail_grp=3     5-12       RANGE 5- 13            “Our records suggest your child is aged
between 5 and 13, please check your
answer”","","candidate"
"react1.r16.registration","4","context_definition_or_continuation","Mail_grp=3     5-12       RANGE 5- 13            “Our records suggest your child is aged","your answer”
Mail_grp=3     5-12       RANGE 5- 13            “Our records suggest your child is aged
between 5 and 13, please check your
answer”

","","candidate"
"react1.r16.registration","5","context_or_wording_needs_review","DAGE [Derived age for filter questions)","
DAGE [Derived age for filter questions)

IF GIVE A DOB AT DOB OR PREFER NOT TO SAY AT AGE: CALCULATE AGE FROM
SAMPLE INFORMATION (assume day is 15 of month)
","","candidate"
"react1.r16.registration","5","gate_or_option_instruction","IF GIVE A DOB AT DOB OR PREFER NOT TO SAY AT AGE: CALCULATE AGE FROM","
IF GIVE A DOB AT DOB OR PREFER NOT TO SAY AT AGE: CALCULATE AGE FROM
SAMPLE INFORMATION (assume day is 15 of month)

OTHERWISE USE AGE FROM AGE FOR FILTERING
","","candidate"
"react1.r16.registration","5","context_or_wording_needs_review","OTHERWISE USE AGE FROM AGE FOR FILTERING","
OTHERWISE USE AGE FROM AGE FOR FILTERING

IF Mail_Grp=3

AGEPARENT","","candidate"
"react1.r16.registration","5","gate_or_option_instruction","IF Mail_Grp=3","
IF Mail_Grp=3

AGEPARENT

What was your age at your last birthday?","AGEPARENT","candidate"
"react1.r16.registration","5","context_or_wording_needs_review","AGEPARENT","
AGEPARENT

What was your age at your last birthday?

[OPEN NUMERIC BOX, RANGE 16– 112]","","candidate"
"react1.r16.registration","5","context_or_wording_needs_review","What was your age at your last birthday?","
What was your age at your last birthday?

[OPEN NUMERIC BOX, RANGE 16– 112]
1. Prefer not to say
","AGEPARENT","candidate"
"react1.r16.registration","5","gate_or_option_instruction","IF AGED 13-15 AND MAIL_GRP2","
IF AGED 13-15 AND MAIL_GRP2

PARCONS

Does your parent or guardian give you permission to take part in this study?","PARCONS","candidate"
"react1.r16.registration","5","context_or_wording_needs_review","Does your parent or guardian give you permission to take part in this study?","
Does your parent or guardian give you permission to take part in this study?

1.     Yes
2.     No
","PARCONS","candidate"
"react1.r16.registration","5","context_or_wording_needs_review","Please ask your parent or guardian for permission to complete the survey. Once they have","
Please ask your parent or guardian for permission to complete the survey. Once they have
agreed for you to take part, please log back in to the survey.""
TERMINATE

","","candidate"
"react1.r16.registration","5","context_or_wording_needs_review","Please write in the full name of your parent/carer who has agreed that you can take part:","
Please write in the full name of your parent/carer who has agreed that you can take part:
{text box}


[IF NUMERIC VALUE IS ENTERED DISPLAY ERROR MESSAGE ‘Please check your","PARNAME","candidate"
"react1.r16.registration","6","gate_or_option_instruction","IF AGED Mail_Grp=1 OR Mail_Grp=3 OR (Mail_Grp=2 INDCONFPARENT =1)","Household composition
IF AGED Mail_Grp=1 OR Mail_Grp=3 OR (Mail_Grp=2 INDCONFPARENT =1)
NADULTS

Including yourself, how many adults aged 18 and over currently live in your household?
","NADULTS","candidate"
"react1.r16.registration","6","context_or_wording_needs_review","Including yourself, how many adults aged 18 and over currently live in your household?","
Including yourself, how many adults aged 18 and over currently live in your household?

INFO: Who should I include? Include all adults aged 18 and over, including any young
people aged 18 or over. Include young people who regularly spend part of the week in your
household. Include yourself.","NADULTS","candidate"
"react1.r16.registration","6","context_or_wording_needs_review","INFO: Who should I include? Include all adults aged 18 and over, including any young","
INFO: Who should I include? Include all adults aged 18 and over, including any young
people aged 18 or over. Include young people who regularly spend part of the week in your
household. Include yourself.

NUMERIC 1...","","candidate"
"react1.r16.registration","6","context_or_wording_needs_review","people aged 18 or over. Include young people who regularly spend part of the week in your","INFO: Who should I include? Include all adults aged 18 and over, including any young
people aged 18 or over. Include young people who regularly spend part of the week in your
household. Include yourself.

NUMERIC 1...
","","candidate"
"react1.r16.registration","6","context_or_wording_needs_review","[Show multiple rows up for number of adults aged Mail_Grp=1 in household ALLOW RANGE","
[Show multiple rows up for number of adults aged Mail_Grp=1 in household ALLOW RANGE
18 -112]
[IF MORE THAN 10 ADULTS ENTERED AT NADULTS ALLOW ONLY 10 ROWS FOR
NUMBER OF ADULTS]
","","candidate"
"react1.r16.registration","6","context_or_wording_needs_review","Header: Age in Years","
Header: Age in Years

Rows for each adult:

First adult","","candidate"
"react1.r16.registration","7","gate_or_option_instruction","IF Mail_Grp1 OR Mail_Grp=2 ANDINDCONF = 1.","
IF Mail_Grp1 OR Mail_Grp=2 ANDINDCONF = 1.
NADULTS1

How many adults aged 18 and over currently live in your household?
","NADULTS1","candidate"
"react1.r16.registration","7","context_or_wording_needs_review","How many adults aged 18 and over currently live in your household?","
How many adults aged 18 and over currently live in your household?

INFO: Who should I include? Include all adults aged 18 and over, including any young
people aged 18 or over. Include young people who regularly spend part of the week in your
household.","NADULTS1","candidate"
"react1.r16.registration","7","context_or_wording_needs_review","INFO: Who should I include? Include all adults aged 18 and over, including any young","
INFO: Who should I include? Include all adults aged 18 and over, including any young
people aged 18 or over. Include young people who regularly spend part of the week in your
household.

NUMERIC 1...","","candidate"
"react1.r16.registration","7","context_or_wording_needs_review","people aged 18 or over. Include young people who regularly spend part of the week in your","INFO: Who should I include? Include all adults aged 18 and over, including any young
people aged 18 or over. Include young people who regularly spend part of the week in your
household.

NUMERIC 1...
","","candidate"
"react1.r16.registration","7","context_or_wording_needs_review","[Show multiple rows up for number of adults aged Mail_Grp=1 in household ALLOW RANGE","
[Show multiple rows up for number of adults aged Mail_Grp=1 in household ALLOW RANGE
18 -112]

[IF MORE THAN 10 ADULTS ENTERED AT NADULTS1 ALLOW ONLY 10 ROWS FOR
NUMBER OF ADULTS]","","candidate"
"react1.r16.registration","7","context_or_wording_needs_review","Header: Age in Years","
Header: Age in Years

Rows for each adult:

First adult","","candidate"
"react1.r16.registration","8","gate_or_option_instruction","IF Mail_Grp=1 or Mail_Grp=3 or (Mail_Grp=2 and INDCONFPARENT =1)","
IF Mail_Grp=1 or Mail_Grp=3 or (Mail_Grp=2 and INDCONFPARENT =1)
NCHILD
How many children or young people aged 0 to 17 years currently live in your household?

INFO: Who should I include?","NCHILD","candidate"
"react1.r16.registration","8","context_or_wording_needs_review","How many children or young people aged 0 to 17 years currently live in your household?","NCHILD
How many children or young people aged 0 to 17 years currently live in your household?

INFO: Who should I include?
Include all children aged 0-17 in your household, whether or not they are your own children.
Include infants and babies. Include children who regularly spend part of the week in your","NCHILD","candidate"
"react1.r16.registration","8","context_or_wording_needs_review","Include all children aged 0-17 in your household, whether or not they are your own children.","INFO: Who should I include?
Include all children aged 0-17 in your household, whether or not they are your own children.
Include infants and babies. Include children who regularly spend part of the week in your
household.

NOTE FOR PROGRAMMER: IF MAIL_GRP = 3 or (MAIL_GRP=2 AND","","candidate"
"react1.r16.registration","8","context_or_wording_needs_review","NOTE FOR PROGRAMMER: IF MAIL_GRP = 3 or (MAIL_GRP=2 AND","
NOTE FOR PROGRAMMER: IF MAIL_GRP = 3 or (MAIL_GRP=2 AND
INDCONFPARENT=1) IF 0 IS ENTERED, PLEASE BRING UP ERROR MESSAGE:

“You have said that there are no children aged 0-17 in your household. Please remember to
include the child this survey relates to.”","","candidate"
"react1.r16.registration","8","context_or_wording_needs_review","INDCONFPARENT=1) IF 0 IS ENTERED, PLEASE BRING UP ERROR MESSAGE:","NOTE FOR PROGRAMMER: IF MAIL_GRP = 3 or (MAIL_GRP=2 AND
INDCONFPARENT=1) IF 0 IS ENTERED, PLEASE BRING UP ERROR MESSAGE:

“You have said that there are no children aged 0-17 in your household. Please remember to
include the child this survey relates to.”
","","candidate"
"react1.r16.registration","8","context_or_wording_needs_review","“You have said that there are no children aged 0-17 in your household. Please remember to","
“You have said that there are no children aged 0-17 in your household. Please remember to
include the child this survey relates to.”

NUMERIC 0...15
","","candidate"
"react1.r16.registration","8","gate_or_option_instruction","ASK (IF MAIL_GRP1 (AND NCHILD=1+)) OR (MAIL_GRP3 (AND NCHILD=2+))","CHILDAGE
ASK (IF MAIL_GRP1 (AND NCHILD=1+)) OR (MAIL_GRP3 (AND NCHILD=2+))

OR (MAIL_GRP2 AND INDCONFPARENT=1 AND NUMBER AT NCHILD=2+)

You said that [(IF NUMBER AT NCHILD = 1) there is 1 child or young person] [(IF NUMBER","CHILDAGE_1|CHILDAGE_2|CHILDAGE_3|CHILDAGE_4|CHILDAGE_5|CHILDAGE_6|CHILDAGE_7|CHILDAGE_8|CHILDAGE_9|CHILDAGE_10|CHILDAGE_11|CHILDAGE_12|CHILDAGE_13|CHILDAGE_14|CHILDAGE_15","candidate"
"react1.r16.registration","8","context_or_wording_needs_review","OR (MAIL_GRP2 AND INDCONFPARENT=1 AND NUMBER AT NCHILD=2+)","
OR (MAIL_GRP2 AND INDCONFPARENT=1 AND NUMBER AT NCHILD=2+)

You said that [(IF NUMBER AT NCHILD = 1) there is 1 child or young person] [(IF NUMBER
AT NCHILD = 2+) in your household. How old are they?
You said that there are (NUMBER AT NCHILD) children or young people] in your household.","","candidate"
"react1.r16.registration","8","context_or_wording_needs_review","How old are they? [Show multiple rows up for number of children aged 0-17 in household.","You said that there are (NUMBER AT NCHILD) children or young people] in your household.
How old are they? [Show multiple rows up for number of children aged 0-17 in household.
ALLOW RANGE 0-17]
Header: Age in Years
Rows for each child:
First child","","candidate"
"react1.r16.registration","8","context_or_wording_needs_review","Header: Age in Years","ALLOW RANGE 0-17]
Header: Age in Years
Rows for each child:
First child
Second child (and so on)
Columns for each child:","","candidate"
"react1.r16.registration","9","gate_or_option_instruction","IF Mail_Grp=2 (INDCONF = 1)","
IF Mail_Grp=2 (INDCONF = 1)

NCHILD1
Including yourself, how many children or young people aged 0 to 17 years currently live in
your household?","NCHILD1","candidate"
"react1.r16.registration","9","context_or_wording_needs_review","Including yourself, how many children or young people aged 0 to 17 years currently live in","NCHILD1
Including yourself, how many children or young people aged 0 to 17 years currently live in
your household?

INFO: Who should I include?
Include all children aged 0-17 in your household, whether or not they are your own children.","NCHILD1","candidate"
"react1.r16.registration","9","context_or_wording_needs_review","Include all children aged 0-17 in your household, whether or not they are your own children.","INFO: Who should I include?
Include all children aged 0-17 in your household, whether or not they are your own children.
Include infants and babies. Include children who regularly spend part of the week in your
household. Include yourself.

NUMERIC 0...15","","candidate"
"react1.r16.registration","9","context_or_wording_needs_review","[Show multiple rows up for number of children aged 0-17 in household]","children or young people] other than you in your household. How old arethey?
[Show multiple rows up for number of children aged 0-17 in household]
Header: Age in Years
Rows for each child:
First child
Second child (and so on)","","candidate"
"react1.r16.registration","9","context_or_wording_needs_review","Header: Age in Years","[Show multiple rows up for number of children aged 0-17 in household]
Header: Age in Years
Rows for each child:
First child
Second child (and so on)
Columns for each child:","","candidate"
"react1.r16.registration","9","gate_or_option_instruction","IF Mail_Grp=1 OR Mail_Grp=3 OR (16-17 INDCONF =1) Are you …","WORKTYP1
IF Mail_Grp=1 OR Mail_Grp=3 OR (16-17 INDCONF =1) Are you …
OR (16-17 INDCONFPARENT =1) Is your child….

WORKTYP1
Are you …/Is your child","WORKTYP1_1|WORKTYP1_2|WORKTYP1_3|WORKTYP1_4|WORKTYP1_5|WORKTYP1_6|WORKTYP1_7","candidate"
"react1.r16.registration","9","context_or_wording_needs_review","OR (16-17 INDCONFPARENT =1) Is your child….","IF Mail_Grp=1 OR Mail_Grp=3 OR (16-17 INDCONF =1) Are you …
OR (16-17 INDCONFPARENT =1) Is your child….

WORKTYP1
Are you …/Is your child
","WORKTYP1_1|WORKTYP1_2|WORKTYP1_3|WORKTYP1_4|WORKTYP1_5|WORKTYP1_6|WORKTYP1_7","candidate"
"react1.r16.registration","11","gate_or_option_instruction","IF (MAILGRP=1 OR 3 AND NADULTS=2+) OR IF MAILGRP=2","
IF (MAILGRP=1 OR 3 AND NADULTS=2+) OR IF MAILGRP=2

Is anyone <IF WORKTYP1 = 1-5: else> in your household …

1. A healthcare worker with direct patient contact","WORKTYP3_1|WORKTYP3_2|WORKTYP3_3|WORKTYP3_4|WORKTYP3_5|WORKTYP3_6|WORKTYP3_7","candidate"
"react1.r16.registration","12","gate_or_option_instruction","ASK MAIL_GRP1 OR MAIL_GRP2 OR MAIL_GRP3 (AGED 12+)","Vaccinations
ASK MAIL_GRP1 OR MAIL_GRP2 OR MAIL_GRP3 (AGED 12+)

CALCULATE AGE FROM SAMPLE INFORMATION (assume day is 15 of month)

VACCINE3","VACCINE3","candidate"
"react1.r16.registration","12","context_or_wording_needs_review","CALCULATE AGE FROM SAMPLE INFORMATION (assume day is 15 of month)","
CALCULATE AGE FROM SAMPLE INFORMATION (assume day is 15 of month)

VACCINE3

Have you/Has your child ever had a coronavirus vaccine?","VACCINE3","candidate"
"react1.r16.registration","15","context_or_wording_needs_review","Group 3 (5-12) OR group 2 INDCONFPARENT=1 ‘my child’","Group 1 (18+) OR group 2 INDCONF=1 Textfill ‘you’
Group 3 (5-12) OR group 2 INDCONFPARENT=1 ‘my child’
EXCL
Do you/Does your child have an increased risk of bleeding (for example taking
anticoagulants or a medical condition such as haemophilia, or are/ are they prone to
nosebleeds)?","EXCL","candidate"
"react1.r16.registration","16","context_or_wording_needs_review","staff and researchers. Nobody will be able to identify you [IF MAIL_GRP3 OR MAIL_GRP2","information will be kept confidential by Ipsos MORI, and approved Imperial College London
staff and researchers. Nobody will be able to identify you [IF MAIL_GRP3 OR MAIL_GRP2
AND INDCONFPARENT =1 “or your child”] in any published results. We will send more
information with the test, and you can withdraw from the study at any time.
Ipsos MORI has a legal obligation to pass on your/your child’s COVID-19 test result (whether
positive, negative or inconclusive) and a small amount of additional data about [MAIL_GRP1","","candidate"
"react1.r16.registration","16","context_or_wording_needs_review","AND INDCONFPARENT =1 “or your child”] in any published results. We will send more","staff and researchers. Nobody will be able to identify you [IF MAIL_GRP3 OR MAIL_GRP2
AND INDCONFPARENT =1 “or your child”] in any published results. We will send more
information with the test, and you can withdraw from the study at any time.
Ipsos MORI has a legal obligation to pass on your/your child’s COVID-19 test result (whether
positive, negative or inconclusive) and a small amount of additional data about [MAIL_GRP1
OR MAIL_GRP2 and INDCONF=1 “you” [IF MAIL_GRP3 “ you and your child”] [IF","","candidate"
"react1.r16.registration","16","context_or_wording_needs_review","positive, negative or inconclusive) and a small amount of additional data about [MAIL_GRP1","Ipsos MORI has a legal obligation to pass on your/your child’s COVID-19 test result (whether
positive, negative or inconclusive) and a small amount of additional data about [MAIL_GRP1
OR MAIL_GRP2 and INDCONF=1 “you” [IF MAIL_GRP3 “ you and your child”] [IF
MAIL_GRP2 and INDCONFPARENT=1 “your child] to NHS Test and Trace: first name,
surname, sex, date of birth, NHS number, ethnicity, current address (including postcode)
and, if [your/your child’s] COVID-19 test is positive, your telephone number and email","","candidate"
"react1.r16.registration","16","context_or_wording_needs_review","OR MAIL_GRP2 and INDCONF=1 “you” [IF MAIL_GRP3 “ you and your child”] [IF","positive, negative or inconclusive) and a small amount of additional data about [MAIL_GRP1
OR MAIL_GRP2 and INDCONF=1 “you” [IF MAIL_GRP3 “ you and your child”] [IF
MAIL_GRP2 and INDCONFPARENT=1 “your child] to NHS Test and Trace: first name,
surname, sex, date of birth, NHS number, ethnicity, current address (including postcode)
and, if [your/your child’s] COVID-19 test is positive, your telephone number and email
address.. If your/the COVID-19 test is positive, NHS Test and Trace may contact you. For","","candidate"
"react1.r16.registration","16","context_definition_or_continuation","MAIL_GRP2 and INDCONFPARENT=1 “your child] to NHS Test and Trace: first name,","OR MAIL_GRP2 and INDCONF=1 “you” [IF MAIL_GRP3 “ you and your child”] [IF
MAIL_GRP2 and INDCONFPARENT=1 “your child] to NHS Test and Trace: first name,
surname, sex, date of birth, NHS number, ethnicity, current address (including postcode)
and, if [your/your child’s] COVID-19 test is positive, your telephone number and email
address.. If your/the COVID-19 test is positive, NHS Test and Trace may contact you. For
more information about how your data is used go to the full Privacy Notice at","","candidate"
"react1.r16.registration","17","context_or_wording_needs_review","DO NOT ASK INDCONFPARENT=1","
DO NOT ASK INDCONFPARENT=1
ASK ALL
LINKAGEEXP
Imperial College would like your permission to link information held by NHS Digital and other
UK NHS bodies about you/ your child to this survey data to follow your health status for up to","","candidate"
"react1.r16.registration","17","context_or_wording_needs_review","Do you give permission for Imperial College to do this [ IF PARENT COMPLETING ON","
Do you give permission for Imperial College to do this [ IF PARENT COMPLETING ON
BEHALF OF 5-12 YEAR OLD in Mail_Grp 3 ONLY] / until your child is 16 years old?

1.    Yes
2.    No","","candidate"
"react1.r16.registration","17","context_or_wording_needs_review","BEHALF OF 5-12 YEAR OLD in Mail_Grp 3 ONLY] / until your child is 16 years old?","Do you give permission for Imperial College to do this [ IF PARENT COMPLETING ON
BEHALF OF 5-12 YEAR OLD in Mail_Grp 3 ONLY] / until your child is 16 years old?

1.    Yes
2.    No
","","candidate"
"react1.r17.individual","4","context_or_wording_needs_review","This survey is for [FF_Surname] [FF_Surname ]. Are you / the parent or guardian of","INDCONF
This survey is for [FF_Surname] [FF_Surname ]. Are you / the parent or guardian of
[FF_Surname] [FF_Surname]?
Please select one answer
1.    Yes
2.    No","INDCONF","candidate"
"react1.r17.individual","4","gate_or_option_instruction","IF INDCONF = 2 AND Mail_Grp 2","
IF INDCONF = 2 AND Mail_Grp 2
INDCONFPARENT
This survey is intended for [FF_firstname] [FF_Surname ]. If you are the parent or guardian
of [FF_firstname] [FF_Surname ] you can complete the survey by proxy and answer the
survey on their behalf. Are you the parent or guardian of [FF_firstname] [FF_Surname ]?","INDCONFPARENT","candidate"
"react1.r17.individual","4","context_or_wording_needs_review","INDCONFPARENT","IF INDCONF = 2 AND Mail_Grp 2
INDCONFPARENT
This survey is intended for [FF_firstname] [FF_Surname ]. If you are the parent or guardian
of [FF_firstname] [FF_Surname ] you can complete the survey by proxy and answer the
survey on their behalf. Are you the parent or guardian of [FF_firstname] [FF_Surname ]?
1.    Yes","","candidate"
"react1.r17.individual","4","context_or_wording_needs_review","This survey is intended for [FF_firstname] [FF_Surname ]. If you are the parent or guardian","INDCONFPARENT
This survey is intended for [FF_firstname] [FF_Surname ]. If you are the parent or guardian
of [FF_firstname] [FF_Surname ] you can complete the survey by proxy and answer the
survey on their behalf. Are you the parent or guardian of [FF_firstname] [FF_Surname ]?
1.    Yes
2.    No [TERMINATE]","INDCONFPARENT","candidate"
"react1.r17.individual","4","context_or_wording_needs_review","survey on their behalf. Are you the parent or guardian of [FF_firstname] [FF_Surname ]?","of [FF_firstname] [FF_Surname ] you can complete the survey by proxy and answer the
survey on their behalf. Are you the parent or guardian of [FF_firstname] [FF_Surname ]?
1.    Yes
2.    No [TERMINATE]

","","candidate"
"react1.r17.individual","4","gate_or_option_instruction","IF INDCONFPARENT=2 OR (INDCONF=2 AND AGE Mail_Grp 3)","
IF INDCONFPARENT=2 OR (INDCONF=2 AND AGE Mail_Grp 3)
CLOSE1
“We thank you for your time spent taking this survey.”
TERMINATE
","","candidate"
"react1.r17.individual","4","gate_or_option_instruction","IF INDCONF =2 AND Mail_Grp 1","
IF INDCONF =2 AND Mail_Grp 1
INDCONFCARER
This survey is intended for [FF_firstame] [FF_Surname ]. If you are a carer for [FF_firstname]
[FF_Surname ], or they need assistance, you can help them to complete the survey. Are you
a carer for [FF_firstname] [FF_Surname ], or assisting them?","INDCONFCARER","candidate"
"react1.r17.individual","4","context_or_wording_needs_review","INDCONFCARER","IF INDCONF =2 AND Mail_Grp 1
INDCONFCARER
This survey is intended for [FF_firstame] [FF_Surname ]. If you are a carer for [FF_firstname]
[FF_Surname ], or they need assistance, you can help them to complete the survey. Are you
a carer for [FF_firstname] [FF_Surname ], or assisting them?
1.    Yes","","candidate"
"react1.r17.individual","4","context_or_wording_needs_review","This survey is intended for [FF_firstame] [FF_Surname ]. If you are a carer for [FF_firstname]","INDCONFCARER
This survey is intended for [FF_firstame] [FF_Surname ]. If you are a carer for [FF_firstname]
[FF_Surname ], or they need assistance, you can help them to complete the survey. Are you
a carer for [FF_firstname] [FF_Surname ], or assisting them?
1.    Yes
2.    No","INDCONFCARER","candidate"
"react1.r17.individual","4","context_or_wording_needs_review","a carer for [FF_firstname] [FF_Surname ], or assisting them?","[FF_Surname ], or they need assistance, you can help them to complete the survey. Are you
a carer for [FF_firstname] [FF_Surname ], or assisting them?
1.    Yes
2.    No

","","candidate"
"react1.r17.individual","5","gate_or_option_instruction","IF INDCONFCARER =2","
IF INDCONFCARER =2
CLOSE1
“We thank you for your time spent taking this survey.”
TERMINATE
","","candidate"
"react1.r17.individual","5","wording_only","IF Mail_Grp 1 OR (Mail_Grp 2 INDCONF=1) Textfill is “your”","PROGRAMMER: SET TEXTFILL
IF Mail_Grp 1 OR (Mail_Grp 2 INDCONF=1) Textfill is “your”
IF Mail_Grp 3 OR (Mail_Grp 2 INDCONFPARENT =1) Textfill is “your child”


","","candidate"
"react1.r17.individual","5","wording_only","IF Mail_Grp 3 OR (Mail_Grp 2 INDCONFPARENT =1) Textfill is “your child”","IF Mail_Grp 1 OR (Mail_Grp 2 INDCONF=1) Textfill is “your”
IF Mail_Grp 3 OR (Mail_Grp 2 INDCONFPARENT =1) Textfill is “your child”



Health","","candidate"
"react1.r17.individual","7","context_or_wording_needs_review","allergy [IF MAIL_GRP1 AND ASK IF GENDER = FEMALE AND (DAGE < 55) ,","child had COVID-19 or were they all related to another issue (e.g. other illness,
allergy [IF MAIL_GRP1 AND ASK IF GENDER = FEMALE AND (DAGE < 55) ,
pregnancy] etc.)?

DISPLAY LIST OF SYMPTOMS MENTIONED AT SYMPTANY1, SYMPTANY2,
SYMPTANY3","","candidate"
"react1.r17.individual","7","response_option","4.    [IF Mail_Grp1 or Mail_grp2 AND age 12+ ONLY ] Some or all of the symptoms","1.    Some or all of the symptoms may have been due to COVID-19
4.    [IF Mail_Grp1 or Mail_grp2 AND age 12+ ONLY ] Some or all of the symptoms
may have been due to a COVID-19 vaccine

2.    The symptoms were not due to COVID-19 [IF Mail_Grp1 or Mail_grp2 AND age
12+ ONLY ] or a COVID-19 vaccine","","candidate"
"react1.r17.individual","7","response_option","2.    The symptoms were not due to COVID-19 [IF Mail_Grp1 or Mail_grp2 AND age","
2.    The symptoms were not due to COVID-19 [IF Mail_Grp1 or Mail_grp2 AND age
12+ ONLY ] or a COVID-19 vaccine
3.    Don’t know

","","candidate"
"react1.r17.individual","11","response_option","2.       In my place of work [SHOW ONLY IF MAIL_GRP1 OR MAIL_GRP2 AND","1.       In my household
2.       In my place of work [SHOW ONLY IF MAIL_GRP1 OR MAIL_GRP2 AND
INDCONF=1]
6.       In my/their school or college
3.       At a social event or gathering
4.       Somewhere else","","candidate"
"react1.r17.individual","12","gate_or_option_instruction","ASK IF COVIDCONPL=2 AND MAIL_GRP1 OR MAIL_GRP2 AND INDONF-=1","
ASK IF COVIDCONPL=2 AND MAIL_GRP1 OR MAIL_GRP2 AND INDONF-=1
COVIDCONWP

You said that you/your child had [IF COVIDCONNUM=2+ the most recent] contact with the
person who was a confirmed COVID-19 case in your workplace. Do you work in any of the","COVIDCONWP","candidate"
"react1.r17.individual","14","context_or_wording_needs_review","When you [Mail_grp1 or Mail_Grp 2 AND INDCONFPARENT=1]/[your child Mail_Grp3 OR","
When you [Mail_grp1 or Mail_Grp 2 AND INDCONFPARENT=1]/[your child Mail_Grp3 OR
Mail_grp 2 AND INDCONF=1] had COVID-19, did your [Mail_grp1 or Mail_Grp 2 AND
INDCONFPARENT=1]//their Mail_Grp3 OR Mail_grp 2 AND INDCONF=1] symptoms last
for more than four weeks?
","","candidate"
"react1.r17.individual","14","context_definition_or_continuation","Mail_grp 2 AND INDCONF=1] had COVID-19, did your [Mail_grp1 or Mail_Grp 2 AND","When you [Mail_grp1 or Mail_Grp 2 AND INDCONFPARENT=1]/[your child Mail_Grp3 OR
Mail_grp 2 AND INDCONF=1] had COVID-19, did your [Mail_grp1 or Mail_Grp 2 AND
INDCONFPARENT=1]//their Mail_Grp3 OR Mail_grp 2 AND INDCONF=1] symptoms last
for more than four weeks?

1.    Yes, and I/my child still have/has symptoms","","candidate"
"react1.r17.individual","14","context_or_wording_needs_review","INDCONFPARENT=1]//their Mail_Grp3 OR Mail_grp 2 AND INDCONF=1] symptoms last","Mail_grp 2 AND INDCONF=1] had COVID-19, did your [Mail_grp1 or Mail_Grp 2 AND
INDCONFPARENT=1]//their Mail_Grp3 OR Mail_grp 2 AND INDCONF=1] symptoms last
for more than four weeks?

1.    Yes, and I/my child still have/has symptoms
2.    Yes, but I/my child no longer have/has symptoms","","candidate"
"react1.r17.individual","18","gate_or_option_instruction","[ASK IF GENDER = FEMALE AND MAIL_GRP = 1 AND (DAGE < 55].","
[ASK IF GENDER = FEMALE AND MAIL_GRP = 1 AND (DAGE < 55].
PREG
SA

Are you pregnant at present?","PREG","candidate"
"react1.r17.individual","19","response_option","2.    Yes, my child has – [ ONLY Mail_grp3 OR for Mailgrp2 IF INDCONFPARENT=1]","1.    Yes, I have
2.    Yes, my child has – [ ONLY Mail_grp3 OR for Mailgrp2 IF INDCONFPARENT=1]
3.    Yes, someone else in my household has
4.    No
5.    Don’t know
","","candidate"
"react1.r17.individual","20","response_option","14.   To get a vaccination [ASK IF Mail_grp1 ONLY]","13.    (BLANK)
14.   To get a vaccination [ASK IF Mail_grp1 ONLY]
15.   To walk a dog/other pet care
10.   For errands (for example, pay bills, withdraw money from bank, visit post office)
11.   I have left/My child has left home for other reasons (please write in)
19.   I have not/My child has not left home in the past 7 days","","candidate"
"react1.r17.individual","21","context_or_wording_needs_review","Please do not include anything done as part of (IF MAIL_GRP1 OR MAIL_GRP2 AND","In the last 7 days have you/has your child done any of the following activities indoors?
Please do not include anything done as part of (IF MAIL_GRP1 OR MAIL_GRP2 AND
INDCONF=1 your job or education/IF MAIL_GRP = 3 OR MAIL_GRP = 2 AND
INDCONFPARENT=1 your child’s education.)

Please select all that apply","","candidate"
"react1.r17.individual","21","context_or_wording_needs_review","INDCONF=1 your job or education/IF MAIL_GRP = 3 OR MAIL_GRP = 2 AND","Please do not include anything done as part of (IF MAIL_GRP1 OR MAIL_GRP2 AND
INDCONF=1 your job or education/IF MAIL_GRP = 3 OR MAIL_GRP = 2 AND
INDCONFPARENT=1 your child’s education.)

Please select all that apply
","","candidate"
"react1.r17.individual","21","context_or_wording_needs_review","INDCONFPARENT=1 your child’s education.)","INDCONF=1 your job or education/IF MAIL_GRP = 3 OR MAIL_GRP = 2 AND
INDCONFPARENT=1 your child’s education.)

Please select all that apply

1. Taken exercise or a class inside at a gym or leisure centre","","candidate"
"react1.r17.individual","21","context_or_wording_needs_review","sporting event, gigs/concerts (not including for IF MAIL_GRP1 OR MAIL_GRP2","10. Other indoor event involving people outside your household e.g. performance,
sporting event, gigs/concerts (not including for IF MAIL_GRP1 OR MAIL_GRP2
AND INDCONF=1 work IF MAIL_GRP = 3 OR MAIL_GRP = 2 education.)
11. Been to a nightclub (IF MAIL_GRP1 ONLY)
8. Prefer not to say
7. None of these","","candidate"
"react1.r17.individual","21","context_or_wording_needs_review","AND INDCONF=1 work IF MAIL_GRP = 3 OR MAIL_GRP = 2 education.)","sporting event, gigs/concerts (not including for IF MAIL_GRP1 OR MAIL_GRP2
AND INDCONF=1 work IF MAIL_GRP = 3 OR MAIL_GRP = 2 education.)
11. Been to a nightclub (IF MAIL_GRP1 ONLY)
8. Prefer not to say
7. None of these
","","candidate"
"react1.r17.individual","21","response_option","11. Been to a nightclub (IF MAIL_GRP1 ONLY)","AND INDCONF=1 work IF MAIL_GRP = 3 OR MAIL_GRP = 2 education.)
11. Been to a nightclub (IF MAIL_GRP1 ONLY)
8. Prefer not to say
7. None of these

","","candidate"
"react1.r17.individual","21","context_or_wording_needs_review","performance, sporting event, gigs/concerts (not including for IF MAIL_GRP1 OR","Thinking about the last time [you/your child] took part in a public gathering indoors, e.g.
performance, sporting event, gigs/concerts (not including for IF MAIL_GRP1 OR
MAIL_GRP2 AND INDCONF=1 work IF MAIL_GRP = 3 OR MAIL_GRP = 2 education.) how
many people were at the public gathering when [you/your child] attended? If you are not
sure, please give your best guess.
","","candidate"
"react1.r17.individual","21","context_definition_or_continuation","MAIL_GRP2 AND INDCONF=1 work IF MAIL_GRP = 3 OR MAIL_GRP = 2 education.) how","performance, sporting event, gigs/concerts (not including for IF MAIL_GRP1 OR
MAIL_GRP2 AND INDCONF=1 work IF MAIL_GRP = 3 OR MAIL_GRP = 2 education.) how
many people were at the public gathering when [you/your child] attended? If you are not
sure, please give your best guess.

1.   Less than 7","","candidate"
"react1.r17.individual","22","context_or_wording_needs_review","[(IF MAIL_GRP 1 OR MAIL_GRP 2 AND INDCONF=1) Please do not include anything done","In the last 7 days have you/has your child done any of the following activities outdoors?
[(IF MAIL_GRP 1 OR MAIL_GRP 2 AND INDCONF=1) Please do not include anything done
as part of your job IF MAIL_GRP 2 AND INDCONF= 1 or education.] IF MAIL_GRP = 3 OR
MAIL_GRP = 2 AND INDCONFPARENT=1 your child’s education.
Please select all that apply.
","","candidate"
"react1.r17.individual","22","context_or_wording_needs_review","as part of your job IF MAIL_GRP 2 AND INDCONF= 1 or education.] IF MAIL_GRP = 3 OR","[(IF MAIL_GRP 1 OR MAIL_GRP 2 AND INDCONF=1) Please do not include anything done
as part of your job IF MAIL_GRP 2 AND INDCONF= 1 or education.] IF MAIL_GRP = 3 OR
MAIL_GRP = 2 AND INDCONFPARENT=1 your child’s education.
Please select all that apply.

1.  Played team sports or taken exercise classes outside","","candidate"
"react1.r17.individual","22","context_definition_or_continuation","MAIL_GRP = 2 AND INDCONFPARENT=1 your child’s education.","as part of your job IF MAIL_GRP 2 AND INDCONF= 1 or education.] IF MAIL_GRP = 3 OR
MAIL_GRP = 2 AND INDCONFPARENT=1 your child’s education.
Please select all that apply.

1.  Played team sports or taken exercise classes outside
2.  Visited an outdoor public swimming pool","","candidate"
"react1.r17.individual","22","context_or_wording_needs_review","gigs/concerts (not including for IF MAIL_GRP1 OR MAIL_GRP2 AND INDCONF=1","6.  Other public gathering outside e.g. watching sports, demonstration, performance,
gigs/concerts (not including for IF MAIL_GRP1 OR MAIL_GRP2 AND INDCONF=1
work IF MAIL_GRP = 3 OR MAIL_GRP = 2 education.)
7. None of these
8. Prefer not to say
","","candidate"
"react1.r17.individual","22","context_or_wording_needs_review","work IF MAIL_GRP = 3 OR MAIL_GRP = 2 education.)","gigs/concerts (not including for IF MAIL_GRP1 OR MAIL_GRP2 AND INDCONF=1
work IF MAIL_GRP = 3 OR MAIL_GRP = 2 education.)
7. None of these
8. Prefer not to say

","","candidate"
"react1.r17.individual","23","context_or_wording_needs_review","please count them only once. [IF Mail_Grp 2 or Mail_Grp 3 Do not include contact at school].","have contact with yesterday? If you/they had contact with a person more than one time,
please count them only once. [IF Mail_Grp 2 or Mail_Grp 3 Do not include contact at school].

Your answers will be kept strictly confidential.

By contact we mean:","","candidate"
"react1.r17.individual","23","context_or_wording_needs_review","1 person who is not a member of your household. Which of the following age groups was","You said that yesterday you/your child came into contact with CONTACT1[IF CONTACT 1=1
1 person who is not a member of your household. Which of the following age groups was
this person in?] [IF CONTACT1=2+ ""X people who are not members of your household].
How many of those were in each of the following age groups?

1. 0 to 17 years old (enter number)","","candidate"
"react1.r17.individual","23","context_or_wording_needs_review","How many of those were in each of the following age groups?","this person in?] [IF CONTACT1=2+ ""X people who are not members of your household].
How many of those were in each of the following age groups?

1. 0 to 17 years old (enter number)
2. 18 to 34 years old (enter number)
3. 35 to 64 years old (enter number)","","candidate"
"react1.r17.individual","24","gate_or_option_instruction","IF CONTACT1 = 1+ AND LEAVE2=1 AND MAIL_GRP1","
IF CONTACT1 = 1+ AND LEAVE2=1 AND MAIL_GRP1
CONTACT5

You said that yesterday you came into contact with CONTACT1 people who are not
members of your household. How many of those were at your place of work?","CONTACT5","candidate"
"react1.r17.individual","29","response_option","2.    Yes, my child did – [ ONLY Mail_grp3 OR for Mailgrp2 IF INDCONFPARENT=1]","1.    Yes, I did
2.    Yes, my child did – [ ONLY Mail_grp3 OR for Mailgrp2 IF INDCONFPARENT=1]
3.    Yes, someone else in my household did
4.    No
5.    Don’t know
","","candidate"
"react1.r17.individual","30","context_or_wording_needs_review","Have you been contacted by NHS Test and Trace [IF MAIL_GRP 3 OR Mail_Grp 2 AND","
Have you been contacted by NHS Test and Trace [IF MAIL_GRP 3 OR Mail_Grp 2 AND
INDCONFPARENT=1] about your child] in the last month (that is since DATE)? Please
include being notified or “pinged” by the NHS app.

1.     Yes","COVIDTETR","candidate"
"react1.r17.individual","30","context_or_wording_needs_review","INDCONFPARENT=1] about your child] in the last month (that is since DATE)? Please","Have you been contacted by NHS Test and Trace [IF MAIL_GRP 3 OR Mail_Grp 2 AND
INDCONFPARENT=1] about your child] in the last month (that is since DATE)? Please
include being notified or “pinged” by the NHS app.

1.     Yes
2.     No","","candidate"
"react1.r17.individual","31","context_or_wording_needs_review","How were you contacted [IF MAIL_GRP 3 OR Mail_Grp 2 AND INDCONFPARENT=1] about","TETAHOW
How were you contacted [IF MAIL_GRP 3 OR Mail_Grp 2 AND INDCONFPARENT=1] about
your child] by NHS Test and Trace?

PLEASE SELECT ALL THAT APPLY
","TETAHOW_1|TETAHOW_2|TETAHOW_3|TETAHOW_4|TETAHOW_7|TETAHOW_5|TETAHOW_6","candidate"
"react1.r17.individual","32","gate_or_option_instruction","If NHSCONTACTS2 =2 OR 4 AND (MAIL_GRP3, MAIL_Grp1 or (MAIL_GRP2 AND","
If NHSCONTACTS2 =2 OR 4 AND (MAIL_GRP3, MAIL_Grp1 or (MAIL_GRP2 AND
INDCONF=1)).
NHSCONTACTSNO

Which of the following reasons describe why you did not provide (IF NHSCONTACTS2=2:","NHSCONTACTSNO_1|NHSCONTACTSNO_2|NHSCONTACTSNO_3|NHSCONTACTSNO_4|NHSCONTACTSNO_5|NHSCONTACTSNO_6|NHSCONTACTSNO_7|NHSCONTACTSNO_8|NHSCONTACTSNO_8_OTHER|NHSCONTACTSNO_9","candidate"
"react1.r17.individual","32","context_or_wording_needs_review","Have you/Has your child had the flu vaccination (“flu jab”) [IF MAIL_GRP2 OR MAIL_GRP3","
Have you/Has your child had the flu vaccination (“flu jab”) [IF MAIL_GRP2 OR MAIL_GRP3
“or the nasal spray vaccine”] since 1 September 2021?

1. Yes
","FLUVACC","candidate"
"react1.r17.individual","33","context_or_wording_needs_review","When did you/your child have the flu vaccination (“flu jab”) [IF MAIL_GRP2 OR MAIL_GRP3","
When did you/your child have the flu vaccination (“flu jab”) [IF MAIL_GRP2 OR MAIL_GRP3
“or the nasal spray vaccine”]?

If you can’t remember exactly when, please enter your best guess
","FLUVACCDATE","candidate"
"react1.r17.individual","33","gate_or_option_instruction","ASK MAIL_GRP1 OR MAIL_GRP2 OR MAIL_GRP3 (AGED 12+)","
ASK MAIL_GRP1 OR MAIL_GRP2 OR MAIL_GRP3 (AGED 12+)
CALCULATE AGE FROM SAMPLE INFORMATION (assume day is 15 of month)
VACCINE3SYM

We asked you this at when you registered to receive a swab test kit but we would just like to","VACCINE3SYM","candidate"
"react1.r17.individual","33","context_or_wording_needs_review","CALCULATE AGE FROM SAMPLE INFORMATION (assume day is 15 of month)","ASK MAIL_GRP1 OR MAIL_GRP2 OR MAIL_GRP3 (AGED 12+)
CALCULATE AGE FROM SAMPLE INFORMATION (assume day is 15 of month)
VACCINE3SYM

We asked you this at when you registered to receive a swab test kit but we would just like to
double check, have you/has your child ever had a coronavirus vaccine?","VACCINE3SYM","candidate"
"react1.r17.individual","36","context_or_wording_needs_review","FEMALE AND MAIL_GRP = 1 AND (DAGE < 55]","25. I am pregnant/breastfeeding and afraid of the effects on my baby [ASK IF GENDER =
FEMALE AND MAIL_GRP = 1 AND (DAGE < 55]
22. Other (please specify)
24. None of these – I/They will definitely get the coronavirus booster vaccine
23. Don't know
","","candidate"
"react1.r17.individual","36","gate_or_option_instruction","IF VACCINE3SYM = 2 or 3 AND (MAIL_GRP2 AND INDCONF=1) OR MAIL_GRP1.","
IF VACCINE3SYM = 2 or 3 AND (MAIL_GRP2 AND INDCONF=1) OR MAIL_GRP1.
VACCINEAPP1

Have you/Has your child been offered a coronavirus vaccine?
","VACCINEAPP1","candidate"
"react1.r17.individual","37","gate_or_option_instruction","IF VACCINEAPP1 =2, 3 or 4 AND (MAIL_GRP2 AND INDCONF=1) OR MAIL_GRP1.","
IF VACCINEAPP1 =2, 3 or 4 AND (MAIL_GRP2 AND INDCONF=1) OR MAIL_GRP1.
VACCINEACCEPT

Would you/they accept a coronavirus vaccine if offered?
","VACCINEACCEPT","candidate"
"react1.r17.individual","38","gate_or_option_instruction","IF VACCINEACCEPT=2 or 3 AND (Mail_Grp 2 AND INDCONF=1) OR MAIL_GRP1","
IF VACCINEACCEPT=2 or 3 AND (Mail_Grp 2 AND INDCONF=1) OR MAIL_GRP1
VACCRUFUSE1

[RANDOMISE LIST]
","VACCRUFUSE1_1|VACCRUFUSE1_2|VACCRUFUSE1_3|VACCRUFUSE1_4|VACCRUFUSE1_5|VACCRUFUSE1_6|VACCRUFUSE1_7|VACCRUFUSE1_8|VACCRUFUSE1_9|VACCRUFUSE1_10|VACCRUFUSE1_11|VACCRUFUSE1_12|VACCRUFUSE1_13|VACCRUFUSE1_14|VACCRUFUSE1_15|VACCRUFUSE1_16|VACCRUFUSE1_17|VACCRUFUSE1_18|VACCRUFUSE1_21|VACCRUFUSE1_22|VACCRUFUSE1_23|VACCRUFUSE1_24|VACCRUFUSE1_19|VACCRUFUSE1_19_OTHER|VACCRUFUSE1_20","candidate"
"react1.r17.individual","38","context_or_wording_needs_review","GENDER = FEMALE AND MAIL_GRP = 1 AND (DAGE < 55].","14. I am pregnant/breastfeeding and afraid of the effects on my baby [ASK IF
GENDER = FEMALE AND MAIL_GRP = 1 AND (DAGE < 55].
15. The impact of COVID-19 is being greatly exaggerated
16. I don't trust the people who have developed the vaccine
17. So long as most other people get the vaccine then it doesn't matter if I don't
21. I am concerned that it will affect my fertility","","candidate"
"react1.r17.individual","38","response_option","24. I think I am too young to have the vaccination (ASK IF Mail_Grp 2 AND","23. I have had bad reactions in the past to vaccinations
24. I think I am too young to have the vaccination (ASK IF Mail_Grp 2 AND
INDCONF=1)
19. Other (please write in)
20. Prefer not to say
","","candidate"
"react1.r17.individual","39","context_or_wording_needs_review","VACCINEAPP2 =2 AND (Mail_Grp 1 OR (Mail_Grp 2 AND INDCONF=1))","
VACCINEAPP2 =2 AND (Mail_Grp 1 OR (Mail_Grp 2 AND INDCONF=1))
VACCREFUSE2

[RANDOMISE LIST]
","","candidate"
"react1.r17.individual","39","context_or_wording_needs_review","GENDER = FEMALE AND MAIL_GRP = 1 AND (DAGE < 55].","14.   I am pregnant/breastfeeding and afraid of the effects on my baby [ASK IF
GENDER = FEMALE AND MAIL_GRP = 1 AND (DAGE < 55].
15.   The impact of COVID-19 is being greatly exaggerated
16.   I don't trust the people who have developed the vaccine
17.   So long as most other people get the vaccine then it doesn't matter if I don't
21.   I am concerned that it will affect my fertility","","candidate"
"react1.r17.individual","39","response_option","24.   I think I am too young to have the vaccination (ASK IF Mail_Grp 2 AND","23.   I have had bad reactions in the past to vaccinations
24.   I think I am too young to have the vaccination (ASK IF Mail_Grp 2 AND
INDCONF=1)
19.   Other (please write in)
20.    Prefer not to say
","","candidate"
"react1.r17.individual","40","gate_or_option_instruction","ASK ALL Mail_Grp 1","
ASK ALL Mail_Grp 1
EDUC
What is your highest educational qualification? This means any educational, professional,
vocational or other work-related qualifications for which you received a certificate.
Please select one answer","EDUC","candidate"
"react1.r17.individual","41","gate_or_option_instruction","IF MAIL_GRP1 AND EMPL = 7","
IF MAIL_GRP1 AND EMPL = 7
EDTYPE

This term are you studying…
","EDTYPE","candidate"
"react1.r17.individual","42","gate_or_option_instruction","IF MAIL_GRP1 AND EMPL = 7","
IF MAIL_GRP1 AND EMPL = 7
CAMPUS2

Where are you currently living?
","CAMPUS2","candidate"
"react1.r17.individual","42","response_option","6. Parents’ or guardians’ home","5. Your own home which you own
6. Parents’ or guardians’ home
7. Other


IF CAMPUS2=4, 5, 6, 7","","candidate"
"react1.r17.individual","44","context_definition_or_continuation","MAIL_GRP=1 OR MAIL_GRP=2 AND EMPL=1 to 3 “workplace”, IF MAIL_GRP=1 OR","In the last two weeks, that is since <DAY/MONTH>, has anyone in your/your child’s [IF
MAIL_GRP=1 OR MAIL_GRP=2 AND EMPL=1 to 3 “workplace”, IF MAIL_GRP=1 OR
(MAIL_GRP=2 AND EMPL=7)“school or college”, IF MAIL_GRP3 “school”] tested positive
for COVID-19 as far as you know?

1.   Yes","","candidate"
"react1.r17.individual","44","context_or_wording_needs_review","(MAIL_GRP=2 AND EMPL=7)“school or college”, IF MAIL_GRP3 “school”] tested positive","MAIL_GRP=1 OR MAIL_GRP=2 AND EMPL=1 to 3 “workplace”, IF MAIL_GRP=1 OR
(MAIL_GRP=2 AND EMPL=7)“school or college”, IF MAIL_GRP3 “school”] tested positive
for COVID-19 as far as you know?

1.   Yes
2.   No","","candidate"
"react1.r17.individual","45","gate_or_option_instruction","ASK ALL MAIL_GRP1 OR MAIL_GRP3 ONLY","
ASK ALL MAIL_GRP1 OR MAIL_GRP3 ONLY
COV_PayEx2

How well would you say your household is managing financially these days? Would you say
your household is...","COV_PAYEX2","candidate"
"react1.r17.individual","49","response_option","1.    For work [Mail_Grp1 or Mail_grp2 AND age 16+ ONLY]","
1.    For work [Mail_Grp1 or Mail_grp2 AND age 16+ ONLY]
2.    To volunteer [Mail_Grp1 or Mail_grp2 AND age 16+ ONLY]
3.    To seek medical assistance/to go to a hospital appointment
4.    To care for, provide assistance or to help someone else (for example, friends or
family)","","candidate"
"react1.r17.individual","49","response_option","2.    To volunteer [Mail_Grp1 or Mail_grp2 AND age 16+ ONLY]","1.    For work [Mail_Grp1 or Mail_grp2 AND age 16+ ONLY]
2.    To volunteer [Mail_Grp1 or Mail_grp2 AND age 16+ ONLY]
3.    To seek medical assistance/to go to a hospital appointment
4.    To care for, provide assistance or to help someone else (for example, friends or
family)
5.    To meet with someone outside","","candidate"
"react1.r17.individual","49","response_option","12.   To take a child to school or childcare [Mail_Grp1 or Mail_grp2 AND age 16+","11.   To meet with someone indoors
12.   To take a child to school or childcare [Mail_Grp1 or Mail_grp2 AND age 16+
ONLY]
13.   To get or post a COVID-19 test
14.   There was a risk of harm
15.   I am certain I do not have COVID-19","","candidate"
"react1.r17.individual","50","gate_or_option_instruction","ASK IF QISOLLEAVEREASON=1 AND Mail_Grp1 or (Mail_grp2 AND age 16+ ONLY and","
ASK IF QISOLLEAVEREASON=1 AND Mail_Grp1 or (Mail_grp2 AND age 16+ ONLY and
INDCONF=1]
QCOVIDWORK

[RANDOMISE LIST]","QCOVIDWORK_1|QCOVIDWORK_2|QCOVIDWORK_3|QCOVIDWORK_4|QCOVIDWORK_5|QCOVIDWORK_6|QCOVIDWORK_7|QCOVIDWORK_8|QCOVIDWORK_9|QCOVIDWORK_9_OTHER|QCOVIDWORK_10","candidate"
"react1.r17.individual","50","gate_or_option_instruction","ASK Mail_Grp=1","
ASK Mail_Grp=1
SMOKENOW

Do you smoke cigarettes at all nowadays?
","SMOKENOW","candidate"
"react1.r17.individual","51","gate_or_option_instruction","ASK Mailgrp=1","
ASK Mailgrp=1
VAPNOW

Do you vape/use e-cigarettes at all nowadays?
","VAPNOW","candidate"
"react1.r17.individual","54","gate_or_option_instruction","ASK IF MAIL_GRP1 ONLY","
ASK IF MAIL_GRP1 ONLY
CONTACTCIAB
Would you be willing for Ipsos MORI to use your contact details in order to invite you to take
part in future research conducted by the UK Health Security Agency?
","CONTACTCIAB","candidate"
"react1.r17.registration","3","context_or_wording_needs_review","There are 3 groups corresponding to Mail_Grp i.e. u_mail_grp","received inviting you to take part in this study.
There are 3 groups corresponding to Mail_Grp i.e. u_mail_grp
Mail_Grp                                       Age group
Mail_Grp=1                                     18+
Mail_Grp=2                                     13-17
Mail_grp=3                                     5-12","","candidate"
"react1.r17.registration","3","context_definition_or_continuation","Mail_Grp                                       Age group","There are 3 groups corresponding to Mail_Grp i.e. u_mail_grp
Mail_Grp                                       Age group
Mail_Grp=1                                     18+
Mail_Grp=2                                     13-17
Mail_grp=3                                     5-12
","","candidate"
"react1.r17.registration","3","context_definition_or_continuation","Mail_Grp=1                                     18+","Mail_Grp                                       Age group
Mail_Grp=1                                     18+
Mail_Grp=2                                     13-17
Mail_grp=3                                     5-12

","","candidate"
"react1.r17.registration","3","context_definition_or_continuation","Mail_Grp=2                                     13-17","Mail_Grp=1                                     18+
Mail_Grp=2                                     13-17
Mail_grp=3                                     5-12


","","candidate"
"react1.r17.registration","3","context_definition_or_continuation","Mail_grp=3                                     5-12","Mail_Grp=2                                     13-17
Mail_grp=3                                     5-12



","","candidate"
"react1.r17.registration","4","gate_or_option_instruction","ASK Mail_Grp=1 AND Mail_Grp=2 This survey is for [u_firstname] [u_name]. Are you","INDCONF
ASK Mail_Grp=1 AND Mail_Grp=2 This survey is for [u_firstname] [u_name]. Are you
[FF_Surname] [FF_Surname]?
IF CHILD is Mail_Grp=3 Are you the parent or guardian of [u_firstname] [u_name]?
Please select one answer
1. Yes","INDCONF","candidate"
"react1.r17.registration","4","gate_or_option_instruction","IF CHILD is Mail_Grp=3 Are you the parent or guardian of [u_firstname] [u_name]?","[FF_Surname] [FF_Surname]?
IF CHILD is Mail_Grp=3 Are you the parent or guardian of [u_firstname] [u_name]?
Please select one answer
1. Yes
2. No
","","candidate"
"react1.r17.registration","4","gate_or_option_instruction","IF INDCONF = 2 AND Mail_Grp=2","
IF INDCONF = 2 AND Mail_Grp=2
INDCONFPARENT
This survey is intended for [FF_Surname] [FF_Surname ]. If you are the parent or guardian
of [FF_Surname] [FF_Surname ] you can complete the survey on their behalf. Are you the
parent or guardian of [FF_Surname] [FF_Surname ]?","INDCONFPARENT","candidate"
"react1.r17.registration","4","context_or_wording_needs_review","INDCONFPARENT","IF INDCONF = 2 AND Mail_Grp=2
INDCONFPARENT
This survey is intended for [FF_Surname] [FF_Surname ]. If you are the parent or guardian
of [FF_Surname] [FF_Surname ] you can complete the survey on their behalf. Are you the
parent or guardian of [FF_Surname] [FF_Surname ]?
1. Yes","","candidate"
"react1.r17.registration","4","context_or_wording_needs_review","This survey is intended for [FF_Surname] [FF_Surname ]. If you are the parent or guardian","INDCONFPARENT
This survey is intended for [FF_Surname] [FF_Surname ]. If you are the parent or guardian
of [FF_Surname] [FF_Surname ] you can complete the survey on their behalf. Are you the
parent or guardian of [FF_Surname] [FF_Surname ]?
1. Yes
2. No","INDCONFPARENT","candidate"
"react1.r17.registration","4","context_or_wording_needs_review","parent or guardian of [FF_Surname] [FF_Surname ]?","of [FF_Surname] [FF_Surname ] you can complete the survey on their behalf. Are you the
parent or guardian of [FF_Surname] [FF_Surname ]?
1. Yes
2. No

","","candidate"
"react1.r17.registration","4","gate_or_option_instruction","IF INDCONFPARENT=2 OR INDCONF=2 AND Mail_Grp=3","
IF INDCONFPARENT=2 OR INDCONF=2 AND Mail_Grp=3
CLOSE1
“We thank you for your time spent taking this survey.”
TERMINATE
","","candidate"
"react1.r17.registration","4","gate_or_option_instruction","IF INDCONF =2 AND Mail_Grp=1","
IF INDCONF =2 AND Mail_Grp=1
INDCONFCARER
This survey is intended for [FF_Surname] [FF_Surname ]. If you are a carer for
[FF_Surname] [FF_Surname ], or they need assistance, you can help them to complete the
survey. Are you a carer for [FF_Surname] [FF_Surname ], or assisting them?","INDCONFCARER","candidate"
"react1.r17.registration","4","context_or_wording_needs_review","INDCONFCARER","IF INDCONF =2 AND Mail_Grp=1
INDCONFCARER
This survey is intended for [FF_Surname] [FF_Surname ]. If you are a carer for
[FF_Surname] [FF_Surname ], or they need assistance, you can help them to complete the
survey. Are you a carer for [FF_Surname] [FF_Surname ], or assisting them?
1. Yes","","candidate"
"react1.r17.registration","4","context_or_wording_needs_review","This survey is intended for [FF_Surname] [FF_Surname ]. If you are a carer for","INDCONFCARER
This survey is intended for [FF_Surname] [FF_Surname ]. If you are a carer for
[FF_Surname] [FF_Surname ], or they need assistance, you can help them to complete the
survey. Are you a carer for [FF_Surname] [FF_Surname ], or assisting them?
1. Yes
2. No","INDCONFCARER","candidate"
"react1.r17.registration","4","context_or_wording_needs_review","survey. Are you a carer for [FF_Surname] [FF_Surname ], or assisting them?","[FF_Surname] [FF_Surname ], or they need assistance, you can help them to complete the
survey. Are you a carer for [FF_Surname] [FF_Surname ], or assisting them?
1. Yes
2. No

","","candidate"
"react1.r17.registration","4","gate_or_option_instruction","IF INDCONFCARER =2","
IF INDCONFCARER =2
CLOSE1
“We thank you for your time spent taking this survey.”
TERMINATE
","","candidate"
"react1.r17.registration","4","wording_only","IF 5-12 OR (13-17 INDCONFPARENT =1) Textfill is “your child”","IF 18+ OR (13-17 INDCONF=1) Textfill is “your”
IF 5-12 OR (13-17 INDCONFPARENT =1) Textfill is “your child”



4","","candidate"
"react1.r17.registration","5","context_definition_or_continuation","Mail_Grp=1     18+        YEAR RANGE             “Our records suggest you are aged 17 or","AGE
Mail_Grp=1     18+        YEAR RANGE             “Our records suggest you are aged 17 or
1900 -2004             over, please check your answer.”
Mail_Grp=2     13-17      YEAR RANGE             “Our records suggest [IF INDCONF = 1:
2003- 2009             you are/IF INCONFPARENT = 1 your child
is] aged between 12 and 18, please check","AGE","candidate"
"react1.r17.registration","5","context_definition_or_continuation","Mail_Grp=2     13-17      YEAR RANGE             “Our records suggest [IF INDCONF = 1:","1900 -2004             over, please check your answer.”
Mail_Grp=2     13-17      YEAR RANGE             “Our records suggest [IF INDCONF = 1:
2003- 2009             you are/IF INCONFPARENT = 1 your child
is] aged between 12 and 18, please check
your answer”
Mail_grp=3     5-12       YEAR RANGE –           “Our records suggest your child is aged","","candidate"
"react1.r17.registration","5","context_or_wording_needs_review","2003- 2009             you are/IF INCONFPARENT = 1 your child","Mail_Grp=2     13-17      YEAR RANGE             “Our records suggest [IF INDCONF = 1:
2003- 2009             you are/IF INCONFPARENT = 1 your child
is] aged between 12 and 18, please check
your answer”
Mail_grp=3     5-12       YEAR RANGE –           “Our records suggest your child is aged
2008- 2016             between 5 and 13, please check your","","candidate"
"react1.r17.registration","5","context_or_wording_needs_review","is] aged between 12 and 18, please check","2003- 2009             you are/IF INCONFPARENT = 1 your child
is] aged between 12 and 18, please check
your answer”
Mail_grp=3     5-12       YEAR RANGE –           “Our records suggest your child is aged
2008- 2016             between 5 and 13, please check your
answer”","","candidate"
"react1.r17.registration","5","context_definition_or_continuation","Mail_grp=3     5-12       YEAR RANGE –           “Our records suggest your child is aged","your answer”
Mail_grp=3     5-12       YEAR RANGE –           “Our records suggest your child is aged
2008- 2016             between 5 and 13, please check your
answer”

","","candidate"
"react1.r17.registration","5","context_or_wording_needs_review","What was your/your child’s age at your/their last birthday?","AGE
What was your/your child’s age at your/their last birthday?
[OPEN NUMERIC BOX AND APPLY TO AGE GROUPS AS OUTLINED BELOW BUT
ALLOW PAST]
GROUP          GROUP ALLOW RANGE                 ERROR MESSAGE
AGE","AGE","candidate"
"react1.r17.registration","5","context_or_wording_needs_review","[OPEN NUMERIC BOX AND APPLY TO AGE GROUPS AS OUTLINED BELOW BUT","What was your/your child’s age at your/their last birthday?
[OPEN NUMERIC BOX AND APPLY TO AGE GROUPS AS OUTLINED BELOW BUT
ALLOW PAST]
GROUP          GROUP ALLOW RANGE                 ERROR MESSAGE
AGE
Mail_Grp=1     18+        RANGE 17 -112          “Our records suggest you are aged 17 or","","candidate"
"react1.r17.registration","5","context_definition_or_continuation","Mail_Grp=1     18+        RANGE 17 -112          “Our records suggest you are aged 17 or","AGE
Mail_Grp=1     18+        RANGE 17 -112          “Our records suggest you are aged 17 or
over, please check your answer.”
Mail_Grp=2     13-17      RANGE 12-18            “Our records suggest [IF INDCONF = 1:
you are/IF INCONFPARENT = 1 your child
is] aged between 12 and 18, please check","AGE","candidate"
"react1.r17.registration","5","context_definition_or_continuation","Mail_Grp=2     13-17      RANGE 12-18            “Our records suggest [IF INDCONF = 1:","over, please check your answer.”
Mail_Grp=2     13-17      RANGE 12-18            “Our records suggest [IF INDCONF = 1:
you are/IF INCONFPARENT = 1 your child
is] aged between 12 and 18, please check
your answer”
Mail_grp=3     5-12       RANGE 5- 13            “Our records suggest your child is aged","","candidate"
"react1.r17.registration","5","context_or_wording_needs_review","you are/IF INCONFPARENT = 1 your child","Mail_Grp=2     13-17      RANGE 12-18            “Our records suggest [IF INDCONF = 1:
you are/IF INCONFPARENT = 1 your child
is] aged between 12 and 18, please check
your answer”
Mail_grp=3     5-12       RANGE 5- 13            “Our records suggest your child is aged
between 5 and 13, please check your","","candidate"
"react1.r17.registration","5","context_or_wording_needs_review","is] aged between 12 and 18, please check","you are/IF INCONFPARENT = 1 your child
is] aged between 12 and 18, please check
your answer”
Mail_grp=3     5-12       RANGE 5- 13            “Our records suggest your child is aged
between 5 and 13, please check your
answer”","","candidate"
"react1.r17.registration","5","context_definition_or_continuation","Mail_grp=3     5-12       RANGE 5- 13            “Our records suggest your child is aged","your answer”
Mail_grp=3     5-12       RANGE 5- 13            “Our records suggest your child is aged
between 5 and 13, please check your
answer”

","","candidate"
"react1.r17.registration","6","context_or_wording_needs_review","DAGE [Derived age for filter questions)","IF PREFER NOT TO SAY
DAGE [Derived age for filter questions)

IF GIVE A DOB AT DOB OR PREFER NOT TO SAY AT AGE: CALCULATE AGE FROM
SAMPLE INFORMATION (assume day is 15 of month) OTHERWISE USE AGE FROM AGE
FOR FILTERING","","candidate"
"react1.r17.registration","6","gate_or_option_instruction","IF GIVE A DOB AT DOB OR PREFER NOT TO SAY AT AGE: CALCULATE AGE FROM","
IF GIVE A DOB AT DOB OR PREFER NOT TO SAY AT AGE: CALCULATE AGE FROM
SAMPLE INFORMATION (assume day is 15 of month) OTHERWISE USE AGE FROM AGE
FOR FILTERING

","","candidate"
"react1.r17.registration","6","context_or_wording_needs_review","SAMPLE INFORMATION (assume day is 15 of month) OTHERWISE USE AGE FROM AGE","IF GIVE A DOB AT DOB OR PREFER NOT TO SAY AT AGE: CALCULATE AGE FROM
SAMPLE INFORMATION (assume day is 15 of month) OTHERWISE USE AGE FROM AGE
FOR FILTERING


","","candidate"
"react1.r17.registration","6","gate_or_option_instruction","IF Mail_Grp=3","
IF Mail_Grp=3
AGEPARENT

What was your age at your last birthday?
","AGEPARENT","candidate"
"react1.r17.registration","6","context_or_wording_needs_review","AGEPARENT","IF Mail_Grp=3
AGEPARENT

What was your age at your last birthday?

[OPEN NUMERIC BOX, RANGE 16– 112]","","candidate"
"react1.r17.registration","6","context_or_wording_needs_review","What was your age at your last birthday?","
What was your age at your last birthday?

[OPEN NUMERIC BOX, RANGE 16– 112]
1. Prefer not to say
","AGEPARENT","candidate"
"react1.r17.registration","6","gate_or_option_instruction","IF AGED 13-15 AND MAIL_GRP2","
IF AGED 13-15 AND MAIL_GRP2
PARCONS

Does your parent or guardian give you permission to take part in this study?
","PARCONS","candidate"
"react1.r17.registration","6","context_or_wording_needs_review","Does your parent or guardian give you permission to take part in this study?","
Does your parent or guardian give you permission to take part in this study?

1. Yes
2. No
","PARCONS","candidate"
"react1.r17.registration","6","context_or_wording_needs_review","Please ask your parent or guardian for permission to complete the survey. Once they have","
Please ask your parent or guardian for permission to complete the survey. Once they have
agreed for you to take part, please log back in to the survey.""
TERMINATE

","","candidate"
"react1.r17.registration","6","context_or_wording_needs_review","Please write in the full name of your parent/carer who has agreed that you can take part:","
Please write in the full name of your parent/carer who has agreed that you can take part:
{text box}


[IF NUMERIC VALUE IS ENTERED DISPLAY ERROR MESSAGE ‘Please check your","PARNAME","candidate"
"react1.r17.registration","7","gate_or_option_instruction","IF AGED Mail_Grp=1 OR Mail_Grp=3 OR (Mail_Grp=2 INDCONFPARENT =1)","Household composition
IF AGED Mail_Grp=1 OR Mail_Grp=3 OR (Mail_Grp=2 INDCONFPARENT =1)
NADULTS

Including yourself, how many adults aged 18 and over currently live in your household?
","NADULTS","candidate"
"react1.r17.registration","7","context_or_wording_needs_review","Including yourself, how many adults aged 18 and over currently live in your household?","
Including yourself, how many adults aged 18 and over currently live in your household?

INFO: Who should I include? Include all adults aged 18 and over, including any young
people aged 18 or over. Include young people who regularly spend part of the week in your
household. Include yourself.","NADULTS","candidate"
"react1.r17.registration","7","context_or_wording_needs_review","INFO: Who should I include? Include all adults aged 18 and over, including any young","
INFO: Who should I include? Include all adults aged 18 and over, including any young
people aged 18 or over. Include young people who regularly spend part of the week in your
household. Include yourself.

NUMERIC 1...","","candidate"
"react1.r17.registration","7","context_or_wording_needs_review","people aged 18 or over. Include young people who regularly spend part of the week in your","INFO: Who should I include? Include all adults aged 18 and over, including any young
people aged 18 or over. Include young people who regularly spend part of the week in your
household. Include yourself.

NUMERIC 1...
","","candidate"
"react1.r17.registration","7","context_or_wording_needs_review","[Show multiple rows up for number of adults aged Mail_Grp=1 in household ALLOW RANGE","
[Show multiple rows up for number of adults aged Mail_Grp=1 in household ALLOW RANGE
18 -112]
[IF MORE THAN 10 ADULTS ENTERED AT NADULTS ALLOW ONLY 10 ROWS FOR
NUMBER OF ADULTS]
","","candidate"
"react1.r17.registration","7","context_or_wording_needs_review","Header: Age in Years","
Header: Age in Years

Rows for each adult:

First adult","","candidate"
"react1.r17.registration","8","gate_or_option_instruction","IF Mail_Grp1 OR Mail_Grp=2 ANDINDCONF = 1.","
IF Mail_Grp1 OR Mail_Grp=2 ANDINDCONF = 1.
NADULTS1

How many adults aged 18 and over currently live in your household?
","NADULTS1","candidate"
"react1.r17.registration","8","context_or_wording_needs_review","How many adults aged 18 and over currently live in your household?","
How many adults aged 18 and over currently live in your household?

INFO: Who should I include? Include all adults aged 18 and over, including any young
people aged 18 or over. Include young people who regularly spend part of the week in your
household.","NADULTS1","candidate"
"react1.r17.registration","8","context_or_wording_needs_review","INFO: Who should I include? Include all adults aged 18 and over, including any young","
INFO: Who should I include? Include all adults aged 18 and over, including any young
people aged 18 or over. Include young people who regularly spend part of the week in your
household.

NUMERIC 1...","","candidate"
"react1.r17.registration","8","context_or_wording_needs_review","people aged 18 or over. Include young people who regularly spend part of the week in your","INFO: Who should I include? Include all adults aged 18 and over, including any young
people aged 18 or over. Include young people who regularly spend part of the week in your
household.

NUMERIC 1...
","","candidate"
"react1.r17.registration","8","context_or_wording_needs_review","[Show multiple rows up for number of adults aged Mail_Grp=1 in household ALLOW RANGE","
[Show multiple rows up for number of adults aged Mail_Grp=1 in household ALLOW RANGE
18 -112]

[IF MORE THAN 10 ADULTS ENTERED AT NADULTS1 ALLOW ONLY 10 ROWS FOR
NUMBER OF ADULTS]","","candidate"
"react1.r17.registration","8","context_or_wording_needs_review","Header: Age in Years","
Header: Age in Years

Rows for each adult:

First adult","","candidate"
"react1.r17.registration","9","gate_or_option_instruction","IF Mail_Grp=1 or Mail_Grp=3 or (Mail_Grp=2 and INDCONFPARENT =1)","
IF Mail_Grp=1 or Mail_Grp=3 or (Mail_Grp=2 and INDCONFPARENT =1)
NCHILD
How many children or young people aged 0 to 17 years currently live in your household?

INFO: Who should I include?","NCHILD","candidate"
"react1.r17.registration","9","context_or_wording_needs_review","How many children or young people aged 0 to 17 years currently live in your household?","NCHILD
How many children or young people aged 0 to 17 years currently live in your household?

INFO: Who should I include?
Include all children aged 0-17 in your household, whether or not they are your own children.
Include infants and babies. Include children who regularly spend part of the week in your","NCHILD","candidate"
"react1.r17.registration","9","context_or_wording_needs_review","Include all children aged 0-17 in your household, whether or not they are your own children.","INFO: Who should I include?
Include all children aged 0-17 in your household, whether or not they are your own children.
Include infants and babies. Include children who regularly spend part of the week in your
household.

IF MAIL_GRP = 3 or (MAIL_GRP=2 AND INDCONFPARENT=1) IF 0 IS ENTERED,","","candidate"
"react1.r17.registration","9","gate_or_option_instruction","IF MAIL_GRP = 3 or (MAIL_GRP=2 AND INDCONFPARENT=1) IF 0 IS ENTERED,","
IF MAIL_GRP = 3 or (MAIL_GRP=2 AND INDCONFPARENT=1) IF 0 IS ENTERED,
PLEASE BRING UP ERROR MESSAGE:

“You have said that there are no children aged 0-17 in your household. Please remember to
include the child this survey relates to.”","","candidate"
"react1.r17.registration","9","context_or_wording_needs_review","“You have said that there are no children aged 0-17 in your household. Please remember to","
“You have said that there are no children aged 0-17 in your household. Please remember to
include the child this survey relates to.”

NUMERIC 0...15
","","candidate"
"react1.r17.registration","9","gate_or_option_instruction","ASK (IF MAIL_GRP1 (AND NCHILD=1+)) OR (MAIL_GRP3 (AND NCHILD=2+))","CHILDAGE
ASK (IF MAIL_GRP1 (AND NCHILD=1+)) OR (MAIL_GRP3 (AND NCHILD=2+))

OR (MAIL_GRP2 AND INDCONFPARENT=1 AND NUMBER AT NCHILD=2+)

You said that [(IF NUMBER AT NCHILD = 1) there is 1 child or young person] [(IF NUMBER","CHILDAGE_1|CHILDAGE_2|CHILDAGE_3|CHILDAGE_4|CHILDAGE_5|CHILDAGE_6|CHILDAGE_7|CHILDAGE_8|CHILDAGE_9|CHILDAGE_10|CHILDAGE_11|CHILDAGE_12|CHILDAGE_13|CHILDAGE_14|CHILDAGE_15","candidate"
"react1.r17.registration","9","context_or_wording_needs_review","OR (MAIL_GRP2 AND INDCONFPARENT=1 AND NUMBER AT NCHILD=2+)","
OR (MAIL_GRP2 AND INDCONFPARENT=1 AND NUMBER AT NCHILD=2+)

You said that [(IF NUMBER AT NCHILD = 1) there is 1 child or young person] [(IF NUMBER
AT NCHILD = 2+) in your household. How old are they?
You said that there are (NUMBER AT NCHILD) children or young people] in your household.","","candidate"
"react1.r17.registration","9","context_or_wording_needs_review","How old are they? [Show multiple rows up for number of children aged 0-17 in household.","You said that there are (NUMBER AT NCHILD) children or young people] in your household.
How old are they? [Show multiple rows up for number of children aged 0-17 in household.
ALLOW RANGE 0-17]
Header: Age in Years
Rows for each child:
First child","","candidate"
"react1.r17.registration","9","context_or_wording_needs_review","Header: Age in Years","ALLOW RANGE 0-17]
Header: Age in Years
Rows for each child:
First child
Second child (and so on)
Columns for each child:","","candidate"
"react1.r17.registration","10","gate_or_option_instruction","IF Mail_Grp=2 (INDCONF = 1)","
IF Mail_Grp=2 (INDCONF = 1)
NCHILD1
Including yourself, how many children or young people aged 0 to 17 years currently live in
your household?
","NCHILD1","candidate"
"react1.r17.registration","10","context_or_wording_needs_review","Including yourself, how many children or young people aged 0 to 17 years currently live in","NCHILD1
Including yourself, how many children or young people aged 0 to 17 years currently live in
your household?

INFO: Who should I include?
Include all children aged 0-17 in your household, whether or not they are your own children.","NCHILD1","candidate"
"react1.r17.registration","10","context_or_wording_needs_review","Include all children aged 0-17 in your household, whether or not they are your own children.","INFO: Who should I include?
Include all children aged 0-17 in your household, whether or not they are your own children.
Include infants and babies. Include children who regularly spend part of the week in your
household. Include yourself.

NUMERIC 0...15","","candidate"
"react1.r17.registration","10","context_or_wording_needs_review","[Show multiple rows up for number of children aged 0-17 in household]","children or young people] other than you in your household. How old are they?
[Show multiple rows up for number of children aged 0-17 in household]
Header: Age in Years
Rows for each child:
First child
Second child (and so on)","","candidate"
"react1.r17.registration","10","context_or_wording_needs_review","Header: Age in Years","[Show multiple rows up for number of children aged 0-17 in household]
Header: Age in Years
Rows for each child:
First child
Second child (and so on)
Columns for each child:","","candidate"
"react1.r17.registration","11","gate_or_option_instruction","IF Mail_Grp=1 OR Mail_Grp=3 OR (16-17 INDCONF =1) Are you …","
IF Mail_Grp=1 OR Mail_Grp=3 OR (16-17 INDCONF =1) Are you …
OR (16-17 INDCONFPARENT =1) Is your child….
WORKTYP1

Are you …/Is your child","WORKTYP1_1|WORKTYP1_2|WORKTYP1_3|WORKTYP1_4|WORKTYP1_5|WORKTYP1_6|WORKTYP1_7","candidate"
"react1.r17.registration","11","context_or_wording_needs_review","OR (16-17 INDCONFPARENT =1) Is your child….","IF Mail_Grp=1 OR Mail_Grp=3 OR (16-17 INDCONF =1) Are you …
OR (16-17 INDCONFPARENT =1) Is your child….
WORKTYP1

Are you …/Is your child
","WORKTYP1_1|WORKTYP1_2|WORKTYP1_3|WORKTYP1_4|WORKTYP1_5|WORKTYP1_6|WORKTYP1_7","candidate"
"react1.r17.registration","12","gate_or_option_instruction","IF (MAILGRP=1 OR 3 AND NADULTS=2+) OR IF MAILGRP=2","
IF (MAILGRP=1 OR 3 AND NADULTS=2+) OR IF MAILGRP=2
WORKTYP3

Is anyone <IF WORKTYP1 = 1-5: else> in your household …
","WORKTYP3_1|WORKTYP3_2|WORKTYP3_3|WORKTYP3_4|WORKTYP3_5|WORKTYP3_6|WORKTYP3_7","candidate"
"react1.r17.registration","14","gate_or_option_instruction","ASK MAIL_GRP1 OR MAIL_GRP2 OR MAIL_GRP3 (AGED 12+)","Vaccinations
ASK MAIL_GRP1 OR MAIL_GRP2 OR MAIL_GRP3 (AGED 12+)

CALCULATE AGE FROM SAMPLE INFORMATION (assume day is 15 of month)

VACCINE3","VACCINE3","candidate"
"react1.r17.registration","14","context_or_wording_needs_review","CALCULATE AGE FROM SAMPLE INFORMATION (assume day is 15 of month)","
CALCULATE AGE FROM SAMPLE INFORMATION (assume day is 15 of month)

VACCINE3

Have you/Has your child ever had a coronavirus vaccine?","VACCINE3","candidate"
"react1.r17.registration","17","context_or_wording_needs_review","Group 3 (5-12) OR group 2 INDCONFPARENT=1 ‘my child’","Group 1 (18+) OR group 2 INDCONF=1 Textfill ‘you’
Group 3 (5-12) OR group 2 INDCONFPARENT=1 ‘my child’
EXCL
Do you/Does your child have an increased risk of bleeding (for example taking
anticoagulants or a medical condition such as haemophilia, or are/ are they prone to
nosebleeds)?","EXCL","candidate"
"react1.r17.registration","18","context_or_wording_needs_review","staff and researchers. Nobody will be able to identify you [IF MAIL_GRP3 OR MAIL_GRP2","information will be kept confidential by Ipsos MORI, and approved Imperial College London
staff and researchers. Nobody will be able to identify you [IF MAIL_GRP3 OR MAIL_GRP2
AND INDCONFPARENT =1 “or your child”] in any published results. We will send more
information with the test, and you can withdraw from the study at any time.

Ipsos MORI has a legal obligation to pass on your/your child’s COVID-19 test result (whether","","candidate"
"react1.r17.registration","18","context_or_wording_needs_review","AND INDCONFPARENT =1 “or your child”] in any published results. We will send more","staff and researchers. Nobody will be able to identify you [IF MAIL_GRP3 OR MAIL_GRP2
AND INDCONFPARENT =1 “or your child”] in any published results. We will send more
information with the test, and you can withdraw from the study at any time.

Ipsos MORI has a legal obligation to pass on your/your child’s COVID-19 test result (whether
positive, negative or inconclusive) and a small amount of additional data about [MAIL_GRP1","","candidate"
"react1.r17.registration","18","context_or_wording_needs_review","positive, negative or inconclusive) and a small amount of additional data about [MAIL_GRP1","Ipsos MORI has a legal obligation to pass on your/your child’s COVID-19 test result (whether
positive, negative or inconclusive) and a small amount of additional data about [MAIL_GRP1
OR MAIL_GRP2 and INDCONF=1 “you” [IF MAIL_GRP3 “ you and your child”] [IF
MAIL_GRP2 and INDCONFPARENT=1 “your child] to NHS Test and Trace: first name,
surname, sex, date of birth, NHS number, ethnicity, current address (including postcode)
and, if [your/your child’s] COVID-19 test is positive, your telephone number and email","","candidate"
"react1.r17.registration","18","context_or_wording_needs_review","OR MAIL_GRP2 and INDCONF=1 “you” [IF MAIL_GRP3 “ you and your child”] [IF","positive, negative or inconclusive) and a small amount of additional data about [MAIL_GRP1
OR MAIL_GRP2 and INDCONF=1 “you” [IF MAIL_GRP3 “ you and your child”] [IF
MAIL_GRP2 and INDCONFPARENT=1 “your child] to NHS Test and Trace: first name,
surname, sex, date of birth, NHS number, ethnicity, current address (including postcode)
and, if [your/your child’s] COVID-19 test is positive, your telephone number and email
address.. If your/the COVID-19 test is positive, NHS Test and Trace may contact you. For","","candidate"
"react1.r17.registration","18","context_definition_or_continuation","MAIL_GRP2 and INDCONFPARENT=1 “your child] to NHS Test and Trace: first name,","OR MAIL_GRP2 and INDCONF=1 “you” [IF MAIL_GRP3 “ you and your child”] [IF
MAIL_GRP2 and INDCONFPARENT=1 “your child] to NHS Test and Trace: first name,
surname, sex, date of birth, NHS number, ethnicity, current address (including postcode)
and, if [your/your child’s] COVID-19 test is positive, your telephone number and email
address.. If your/the COVID-19 test is positive, NHS Test and Trace may contact you. For
more information about how your data is used go to the full Privacy Notice at","","candidate"
"react1.r17.registration","19","context_or_wording_needs_review","DO NOT ASK INDCONFPARENT=1.ASK IF RESPCHK =1","
DO NOT ASK INDCONFPARENT=1.ASK IF RESPCHK =1
LINKAGEEXP
Imperial College would like your permission to link information held by NHS Digital and other
UK NHS bodies about you/ your child to this survey data to follow your health status for up to
20 years.","","candidate"
"react1.r17.registration","19","context_or_wording_needs_review","Do you give permission for Imperial College to do this [ IF PARENT COMPLETING ON","
Do you give permission for Imperial College to do this [ IF PARENT COMPLETING ON
BEHALF OF 5-12 YEAR OLD in Mail_Grp 3 ONLY] / until your child is 16 years old?

1.    Yes
2.    No","","candidate"
"react1.r17.registration","19","context_or_wording_needs_review","BEHALF OF 5-12 YEAR OLD in Mail_Grp 3 ONLY] / until your child is 16 years old?","Do you give permission for Imperial College to do this [ IF PARENT COMPLETING ON
BEHALF OF 5-12 YEAR OLD in Mail_Grp 3 ONLY] / until your child is 16 years old?

1.    Yes
2.    No
","","candidate"
"react1.r17.registration","20","gate_or_option_instruction","IF RESPCHK =2 AND MAIL_GRP 1 OR MAIL_GRP3 OR (MAIL_GRP2 AND INDCONF=1)","
IF RESPCHK =2 AND MAIL_GRP 1 OR MAIL_GRP3 OR (MAIL_GRP2 AND INDCONF=1)

RANDOMISE LIST. KEEP CODES 9 AND 10 TOGETHER. ALLOW MULTICODE. CODES
12 AND 13 EXCLUSIVE.
","","candidate"
"react1.r17.registration","20","context_definition_or_continuation","MAIL_GRP=3 “your child”) to take part in the study?","The study is completely voluntary, but please could you tell us why you do not want [IF
MAIL_GRP=3 “your child”) to take part in the study?
1. Recently had a test elsewhere or planning to take a test elsewhere
2. I don’t want (IF MAIL_GRP=3 “my child”) to take a test for COVID-19 / test is
unpleasant to do
3. I do not want to know if I have/ (IF MAIL_GRP=3 “my child has”) COVID-19, worried","","candidate"
"react1.r17.registration","20","response_option","2. I don’t want (IF MAIL_GRP=3 “my child”) to take a test for COVID-19 / test is","1. Recently had a test elsewhere or planning to take a test elsewhere
2. I don’t want (IF MAIL_GRP=3 “my child”) to take a test for COVID-19 / test is
unpleasant to do
3. I do not want to know if I have/ (IF MAIL_GRP=3 “my child has”) COVID-19, worried
about a positive result
4. I do not think I have/ (IF MAIL_GRP=3 “my child has”) COVID-19 so no point doing a","","candidate"
"react1.r17.registration","20","response_option","3. I do not want to know if I have/ (IF MAIL_GRP=3 “my child has”) COVID-19, worried","unpleasant to do
3. I do not want to know if I have/ (IF MAIL_GRP=3 “my child has”) COVID-19, worried
about a positive result
4. I do not think I have/ (IF MAIL_GRP=3 “my child has”) COVID-19 so no point doing a
test
5. General anxiety about taking a COVID-19 test","","candidate"
"react1.r17.registration","20","response_option","4. I do not think I have/ (IF MAIL_GRP=3 “my child has”) COVID-19 so no point doing a","about a positive result
4. I do not think I have/ (IF MAIL_GRP=3 “my child has”) COVID-19 so no point doing a
test
5. General anxiety about taking a COVID-19 test
6. It looks too difficult/complicated
7. Too busy / away on holiday / I don’t have time","","candidate"
"react1.r18.individual","4","context_or_wording_needs_review","This survey is for [FF_Surname] [FF_Surname ]. Are you / the parent or guardian of","INDCONF
This survey is for [FF_Surname] [FF_Surname ]. Are you / the parent or guardian of
[FF_Surname] [FF_Surname]?
Please select one answer
1.    Yes
2.    No","INDCONF","candidate"
"react1.r18.individual","4","gate_or_option_instruction","IF INDCONF = 2 AND Mail_Grp 2","
IF INDCONF = 2 AND Mail_Grp 2
INDCONFPARENT
This survey is intended for [FF_firstname] [FF_Surname ]. If you are the parent or guardian
of [FF_firstname] [FF_Surname ] you can complete the survey by proxy and answer the
survey on their behalf. Are you the parent or guardian of [FF_firstname] [FF_Surname ]?","INDCONFPARENT","candidate"
"react1.r18.individual","4","context_or_wording_needs_review","INDCONFPARENT","IF INDCONF = 2 AND Mail_Grp 2
INDCONFPARENT
This survey is intended for [FF_firstname] [FF_Surname ]. If you are the parent or guardian
of [FF_firstname] [FF_Surname ] you can complete the survey by proxy and answer the
survey on their behalf. Are you the parent or guardian of [FF_firstname] [FF_Surname ]?
1.    Yes","","candidate"
"react1.r18.individual","4","context_or_wording_needs_review","This survey is intended for [FF_firstname] [FF_Surname ]. If you are the parent or guardian","INDCONFPARENT
This survey is intended for [FF_firstname] [FF_Surname ]. If you are the parent or guardian
of [FF_firstname] [FF_Surname ] you can complete the survey by proxy and answer the
survey on their behalf. Are you the parent or guardian of [FF_firstname] [FF_Surname ]?
1.    Yes
2.    No [TERMINATE]","INDCONFPARENT","candidate"
"react1.r18.individual","4","context_or_wording_needs_review","survey on their behalf. Are you the parent or guardian of [FF_firstname] [FF_Surname ]?","of [FF_firstname] [FF_Surname ] you can complete the survey by proxy and answer the
survey on their behalf. Are you the parent or guardian of [FF_firstname] [FF_Surname ]?
1.    Yes
2.    No [TERMINATE]

","","candidate"
"react1.r18.individual","4","gate_or_option_instruction","IF INDCONFPARENT=2 OR (INDCONF=2 AND AGE Mail_Grp 3)","
IF INDCONFPARENT=2 OR (INDCONF=2 AND AGE Mail_Grp 3)
CLOSE1
“We thank you for your time spent taking this survey.”
TERMINATE
","","candidate"
"react1.r18.individual","4","gate_or_option_instruction","IF INDCONF =2 AND Mail_Grp 1","
IF INDCONF =2 AND Mail_Grp 1
INDCONFCARER
This survey is intended for [FF_firstame] [FF_Surname ]. If you are a carer for [FF_firstname]
[FF_Surname ], or they need assistance, you can help them to complete the survey. Are you
a carer for [FF_firstname] [FF_Surname ], or assisting them?","INDCONFCARER","candidate"
"react1.r18.individual","4","context_or_wording_needs_review","INDCONFCARER","IF INDCONF =2 AND Mail_Grp 1
INDCONFCARER
This survey is intended for [FF_firstame] [FF_Surname ]. If you are a carer for [FF_firstname]
[FF_Surname ], or they need assistance, you can help them to complete the survey. Are you
a carer for [FF_firstname] [FF_Surname ], or assisting them?
","","candidate"
"react1.r18.individual","4","context_or_wording_needs_review","This survey is intended for [FF_firstame] [FF_Surname ]. If you are a carer for [FF_firstname]","INDCONFCARER
This survey is intended for [FF_firstame] [FF_Surname ]. If you are a carer for [FF_firstname]
[FF_Surname ], or they need assistance, you can help them to complete the survey. Are you
a carer for [FF_firstname] [FF_Surname ], or assisting them?

1.    Yes","INDCONFCARER","candidate"
"react1.r18.individual","4","context_or_wording_needs_review","a carer for [FF_firstname] [FF_Surname ], or assisting them?","[FF_Surname ], or they need assistance, you can help them to complete the survey. Are you
a carer for [FF_firstname] [FF_Surname ], or assisting them?

1.    Yes
2.    No
","","candidate"
"react1.r18.individual","5","gate_or_option_instruction","IF INDCONFCARER =2","
IF INDCONFCARER =2
CLOSE1
“We thank you for your time spent taking this survey.”
TERMINATE
","","candidate"
"react1.r18.individual","5","wording_only","IF Mail_Grp 1 OR (Mail_Grp 2 INDCONF=1) Textfill is “your”","PROGRAMMER: SET TEXTFILL
IF Mail_Grp 1 OR (Mail_Grp 2 INDCONF=1) Textfill is “your”
IF Mail_Grp 3 OR (Mail_Grp 2 INDCONFPARENT =1) Textfill is “your child”


","","candidate"
"react1.r18.individual","5","wording_only","IF Mail_Grp 3 OR (Mail_Grp 2 INDCONFPARENT =1) Textfill is “your child”","IF Mail_Grp 1 OR (Mail_Grp 2 INDCONF=1) Textfill is “your”
IF Mail_Grp 3 OR (Mail_Grp 2 INDCONFPARENT =1) Textfill is “your child”



Health","","candidate"
"react1.r18.individual","7","context_or_wording_needs_review","allergy [IF MAIL_GRP1 AND ASK IF GENDER = FEMALE AND (DAGE < 55) ,","child had COVID-19 or were they all related to another issue (e.g. other illness,
allergy [IF MAIL_GRP1 AND ASK IF GENDER = FEMALE AND (DAGE < 55) ,
pregnancy] etc.)?

DISPLAY LIST OF SYMPTOMS MENTIONED AT SYMPTANY1, SYMPTANY2,
SYMPTANY3","","candidate"
"react1.r18.individual","7","response_option","4.     [IF Mail_Grp1 or Mail_grp2 AND age 12+ ONLY ] Some or all of the symptoms","1.     Some or all of the symptoms may have been due to COVID-19
4.     [IF Mail_Grp1 or Mail_grp2 AND age 12+ ONLY ] Some or all of the symptoms
may have been due to a COVID-19 vaccine
2.     The symptoms were not due to COVID-19 [IF Mail_Grp1 or Mail_grp2 AND age
12+ ONLY ] or a COVID-19 vaccine
3.     Don’t know","","candidate"
"react1.r18.individual","7","response_option","2.     The symptoms were not due to COVID-19 [IF Mail_Grp1 or Mail_grp2 AND age","may have been due to a COVID-19 vaccine
2.     The symptoms were not due to COVID-19 [IF Mail_Grp1 or Mail_grp2 AND age
12+ ONLY ] or a COVID-19 vaccine
3.     Don’t know

","","candidate"
"react1.r18.individual","11","response_option","2.      In my place of work [SHOW ONLY IF MAIL_GRP1 OR MAIL_GRP2 AND","1.      In my household
2.      In my place of work [SHOW ONLY IF MAIL_GRP1 OR MAIL_GRP2 AND
INDCONF=1]
6.      In my/their school or college
3.      At a social event or gathering
4.      Somewhere else","","candidate"
"react1.r18.individual","12","gate_or_option_instruction","ASK IF COVIDCONPL=2 AND MAIL_GRP1 OR MAIL_GRP2 AND INDONF-=1","
ASK IF COVIDCONPL=2 AND MAIL_GRP1 OR MAIL_GRP2 AND INDONF-=1
COVIDCONWP

You said that you/your child had [IF COVIDCONNUM=2+ the most recent] contact with the
person who was a confirmed COVID-19 case in your workplace. Do you work in any of the","COVIDCONWP","candidate"
"react1.r18.individual","13","context_or_wording_needs_review","When you [Mail_grp1 or Mail_Grp 2 AND INDCONFPARENT=1]/[your child Mail_Grp3 OR","
When you [Mail_grp1 or Mail_Grp 2 AND INDCONFPARENT=1]/[your child Mail_Grp3 OR
Mail_grp 2 AND INDCONF=1] had COVID-19, did your [Mail_grp1 or Mail_Grp 2 AND
INDCONFPARENT=1]//their Mail_Grp3 OR Mail_grp 2 AND INDCONF=1] symptoms last
for more than four weeks?
","","candidate"
"react1.r18.individual","13","context_definition_or_continuation","Mail_grp 2 AND INDCONF=1] had COVID-19, did your [Mail_grp1 or Mail_Grp 2 AND","When you [Mail_grp1 or Mail_Grp 2 AND INDCONFPARENT=1]/[your child Mail_Grp3 OR
Mail_grp 2 AND INDCONF=1] had COVID-19, did your [Mail_grp1 or Mail_Grp 2 AND
INDCONFPARENT=1]//their Mail_Grp3 OR Mail_grp 2 AND INDCONF=1] symptoms last
for more than four weeks?

1.    Yes, and I/my child still have/has symptoms","","candidate"
"react1.r18.individual","13","context_or_wording_needs_review","INDCONFPARENT=1]//their Mail_Grp3 OR Mail_grp 2 AND INDCONF=1] symptoms last","Mail_grp 2 AND INDCONF=1] had COVID-19, did your [Mail_grp1 or Mail_Grp 2 AND
INDCONFPARENT=1]//their Mail_Grp3 OR Mail_grp 2 AND INDCONF=1] symptoms last
for more than four weeks?

1.    Yes, and I/my child still have/has symptoms
2.    Yes, but I/my child no longer have/has symptoms","","candidate"
"react1.r18.individual","18","gate_or_option_instruction","[ASK IF GENDER = FEMALE AND MAIL_GRP = 1 AND (DAGE < 55].","
[ASK IF GENDER = FEMALE AND MAIL_GRP = 1 AND (DAGE < 55].
PREG
SA

Are you pregnant at present?","PREG","candidate"
"react1.r18.individual","19","response_option","2.   Yes, my child has – [ ONLY Mail_grp3 OR for Mailgrp2 IF INDCONFPARENT=1]","1.   Yes, I have
2.   Yes, my child has – [ ONLY Mail_grp3 OR for Mailgrp2 IF INDCONFPARENT=1]
3.   Yes, someone else in my household has
4.   No
5.   Don’t know
","","candidate"
"react1.r18.individual","20","response_option","14.   To get a vaccination [ASK IF Mail_grp1 ONLY]","13.    (BLANK)
14.   To get a vaccination [ASK IF Mail_grp1 ONLY]
15.   To walk a dog/other pet care
10.   For errands (for example, pay bills, withdraw money from bank, visit post office)
11.   I have left/My child has left home for other reasons (please write in)
19.   I have not/My child has not left home in the past 7 days","","candidate"
"react1.r18.individual","21","context_or_wording_needs_review","Please do not include anything done as part of (IF MAIL_GRP1 OR MAIL_GRP2 AND","In the last 7 days have you/has your child done any of the following activities indoors?
Please do not include anything done as part of (IF MAIL_GRP1 OR MAIL_GRP2 AND
INDCONF=1 your job or education/IF MAIL_GRP = 3 OR MAIL_GRP = 2 AND
INDCONFPARENT=1 your child’s education.)

Please select all that apply","","candidate"
"react1.r18.individual","21","context_or_wording_needs_review","INDCONF=1 your job or education/IF MAIL_GRP = 3 OR MAIL_GRP = 2 AND","Please do not include anything done as part of (IF MAIL_GRP1 OR MAIL_GRP2 AND
INDCONF=1 your job or education/IF MAIL_GRP = 3 OR MAIL_GRP = 2 AND
INDCONFPARENT=1 your child’s education.)

Please select all that apply
","","candidate"
"react1.r18.individual","21","context_or_wording_needs_review","INDCONFPARENT=1 your child’s education.)","INDCONF=1 your job or education/IF MAIL_GRP = 3 OR MAIL_GRP = 2 AND
INDCONFPARENT=1 your child’s education.)

Please select all that apply

1. Taken exercise or a class inside at a gym or leisure centre","","candidate"
"react1.r18.individual","21","context_or_wording_needs_review","sporting event, gigs/concerts (not including for IF MAIL_GRP1 OR MAIL_GRP2 AND","10. Other indoor event involving people outside your household e.g. performance,
sporting event, gigs/concerts (not including for IF MAIL_GRP1 OR MAIL_GRP2 AND
INDCONF=1 work IF MAIL_GRP = 3 OR MAIL_GRP = 2 education.)
11. Been to a nightclub (IF MAIL_GRP1 ONLY)
8. Prefer not to say
7. None of these","","candidate"
"react1.r18.individual","21","context_or_wording_needs_review","INDCONF=1 work IF MAIL_GRP = 3 OR MAIL_GRP = 2 education.)","sporting event, gigs/concerts (not including for IF MAIL_GRP1 OR MAIL_GRP2 AND
INDCONF=1 work IF MAIL_GRP = 3 OR MAIL_GRP = 2 education.)
11. Been to a nightclub (IF MAIL_GRP1 ONLY)
8. Prefer not to say
7. None of these
","","candidate"
"react1.r18.individual","21","response_option","11. Been to a nightclub (IF MAIL_GRP1 ONLY)","INDCONF=1 work IF MAIL_GRP = 3 OR MAIL_GRP = 2 education.)
11. Been to a nightclub (IF MAIL_GRP1 ONLY)
8. Prefer not to say
7. None of these

","","candidate"
"react1.r18.individual","21","context_or_wording_needs_review","performance, sporting event, gigs/concerts (not including for IF MAIL_GRP1 OR","Thinking about the last time [you/your child] took part in a public gathering indoors, e.g.
performance, sporting event, gigs/concerts (not including for IF MAIL_GRP1 OR
MAIL_GRP2 AND INDCONF=1 work IF MAIL_GRP = 3 OR MAIL_GRP = 2 education.) how
many people were at the public gathering when [you/your child] attended? If you are not
sure, please give your best guess.
","","candidate"
"react1.r18.individual","21","context_definition_or_continuation","MAIL_GRP2 AND INDCONF=1 work IF MAIL_GRP = 3 OR MAIL_GRP = 2 education.) how","performance, sporting event, gigs/concerts (not including for IF MAIL_GRP1 OR
MAIL_GRP2 AND INDCONF=1 work IF MAIL_GRP = 3 OR MAIL_GRP = 2 education.) how
many people were at the public gathering when [you/your child] attended? If you are not
sure, please give your best guess.

1.   Less than 7","","candidate"
"react1.r18.individual","22","context_or_wording_needs_review","[(IF MAIL_GRP 1 OR MAIL_GRP 2 AND INDCONF=1) Please do not include anything done","
[(IF MAIL_GRP 1 OR MAIL_GRP 2 AND INDCONF=1) Please do not include anything done
as part of your job IF MAIL_GRP 2 AND INDCONF= 1 or education.] IF MAIL_GRP = 3 OR
MAIL_GRP = 2 AND INDCONFPARENT=1 your child’s education.
Please select all that apply.
","","candidate"
"react1.r18.individual","22","context_or_wording_needs_review","as part of your job IF MAIL_GRP 2 AND INDCONF= 1 or education.] IF MAIL_GRP = 3 OR","[(IF MAIL_GRP 1 OR MAIL_GRP 2 AND INDCONF=1) Please do not include anything done
as part of your job IF MAIL_GRP 2 AND INDCONF= 1 or education.] IF MAIL_GRP = 3 OR
MAIL_GRP = 2 AND INDCONFPARENT=1 your child’s education.
Please select all that apply.

1.  Played team sports or taken exercise classes outside","","candidate"
"react1.r18.individual","22","context_definition_or_continuation","MAIL_GRP = 2 AND INDCONFPARENT=1 your child’s education.","as part of your job IF MAIL_GRP 2 AND INDCONF= 1 or education.] IF MAIL_GRP = 3 OR
MAIL_GRP = 2 AND INDCONFPARENT=1 your child’s education.
Please select all that apply.

1.  Played team sports or taken exercise classes outside
2.  Visited an outdoor public swimming pool","","candidate"
"react1.r18.individual","22","context_or_wording_needs_review","gigs/concerts (not including for IF MAIL_GRP1 OR MAIL_GRP2 AND INDCONF=1","6.  Other public gathering outside e.g. watching sports, demonstration, performance,
gigs/concerts (not including for IF MAIL_GRP1 OR MAIL_GRP2 AND INDCONF=1
work IF MAIL_GRP = 3 OR MAIL_GRP = 2 education.)
7. None of these
8. Prefer not to say
","","candidate"
"react1.r18.individual","22","context_or_wording_needs_review","work IF MAIL_GRP = 3 OR MAIL_GRP = 2 education.)","gigs/concerts (not including for IF MAIL_GRP1 OR MAIL_GRP2 AND INDCONF=1
work IF MAIL_GRP = 3 OR MAIL_GRP = 2 education.)
7. None of these
8. Prefer not to say

","","candidate"
"react1.r18.individual","23","context_or_wording_needs_review","please count them only once. [IF Mail_Grp 2 or Mail_Grp 3 Do not include contact at school].","have contact with yesterday? If you/they had contact with a person more than one time,
please count them only once. [IF Mail_Grp 2 or Mail_Grp 3 Do not include contact at school].

Your answers will be kept strictly confidential.

By contact we mean:","","candidate"
"react1.r18.individual","24","context_or_wording_needs_review","1 person who is not a member of your household. Which of the following age groups was","You said that yesterday you/your child came into contact with CONTACT1[IF CONTACT 1=1
1 person who is not a member of your household. Which of the following age groups was
this person in?] [IF CONTACT1=2+ ""X people who are not members of your household].
How many of those were in each of the following age groups?

1.    0 to 17 years old (enter number)","","candidate"
"react1.r18.individual","24","context_or_wording_needs_review","How many of those were in each of the following age groups?","this person in?] [IF CONTACT1=2+ ""X people who are not members of your household].
How many of those were in each of the following age groups?

1.    0 to 17 years old (enter number)
2.    18 to 34 years old (enter number)
3.    35 to 64 years old (enter number)","","candidate"
"react1.r18.individual","24","gate_or_option_instruction","IF CONTACT1 = 1+ AND LEAVE2=1 AND MAIL_GRP1","
IF CONTACT1 = 1+ AND LEAVE2=1 AND MAIL_GRP1

CONTACT5

You said that yesterday you came into contact with CONTACT1 people who are not","CONTACT5","candidate"
"react1.r18.individual","30","response_option","2.    Yes, my child did – [ ONLY Mail_grp3 OR for Mailgrp2 IF INDCONFPARENT=1]","1.    Yes, I did
2.    Yes, my child did – [ ONLY Mail_grp3 OR for Mailgrp2 IF INDCONFPARENT=1]
3.    Yes, someone else in my household did
4.    No
5.    Don’t know
","","candidate"
"react1.r18.individual","31","context_or_wording_needs_review","Have you been contacted by NHS Test and Trace [IF MAIL_GRP 3 OR Mail_Grp 2 AND","
Have you been contacted by NHS Test and Trace [IF MAIL_GRP 3 OR Mail_Grp 2 AND
INDCONFPARENT=1] about your child] in the last month (that is since DATE)? Please
include being notified or “pinged” by the NHS app.

1.    Yes","COVIDTETR","candidate"
"react1.r18.individual","31","context_or_wording_needs_review","INDCONFPARENT=1] about your child] in the last month (that is since DATE)? Please","Have you been contacted by NHS Test and Trace [IF MAIL_GRP 3 OR Mail_Grp 2 AND
INDCONFPARENT=1] about your child] in the last month (that is since DATE)? Please
include being notified or “pinged” by the NHS app.

1.    Yes
2.    No","","candidate"
"react1.r18.individual","32","context_or_wording_needs_review","How were you contacted [IF MAIL_GRP 3 OR Mail_Grp 2 AND INDCONFPARENT=1] about","TETAHOW
How were you contacted [IF MAIL_GRP 3 OR Mail_Grp 2 AND INDCONFPARENT=1] about
your child] by NHS Test and Trace?

PLEASE SELECT ALL THAT APPLY
","TETAHOW_1|TETAHOW_2|TETAHOW_3|TETAHOW_4|TETAHOW_7|TETAHOW_5|TETAHOW_6","candidate"
"react1.r18.individual","33","gate_or_option_instruction","If NHSCONTACTS2 =2 OR 4 AND (MAIL_GRP3, MAIL_Grp1 or (MAIL_GRP2 AND","
If NHSCONTACTS2 =2 OR 4 AND (MAIL_GRP3, MAIL_Grp1 or (MAIL_GRP2 AND
INDCONF=1)).
NHSCONTACTSNO

Which of the following reasons describe why you did not provide (IF NHSCONTACTS2=2:","NHSCONTACTSNO_1|NHSCONTACTSNO_2|NHSCONTACTSNO_3|NHSCONTACTSNO_4|NHSCONTACTSNO_5|NHSCONTACTSNO_6|NHSCONTACTSNO_7|NHSCONTACTSNO_8|NHSCONTACTSNO_8_OTHER|NHSCONTACTSNO_9","candidate"
"react1.r18.individual","33","context_or_wording_needs_review","Have you/Has your child had the flu vaccination (“flu jab”) [IF MAIL_GRP2 OR MAIL_GRP3","
Have you/Has your child had the flu vaccination (“flu jab”) [IF MAIL_GRP2 OR MAIL_GRP3
“or the nasal spray vaccine”] since 1 September 2021?

1. Yes
2. No but planning to have it","FLUVACC","candidate"
"react1.r18.individual","34","context_or_wording_needs_review","When did you/your child have the flu vaccination (“flu jab”) [IF MAIL_GRP2 OR MAIL_GRP3","
When did you/your child have the flu vaccination (“flu jab”) [IF MAIL_GRP2 OR MAIL_GRP3
“or the nasal spray vaccine”]?

If you can’t remember exactly when, please enter your best guess
","FLUVACCDATE","candidate"
"react1.r18.individual","34","gate_or_option_instruction","ASK MAIL_GRP1 OR MAIL_GRP2 OR MAIL_GRP3 (AGED 12+)","
ASK MAIL_GRP1 OR MAIL_GRP2 OR MAIL_GRP3 (AGED 12+)

CALCULATE AGE FROM SAMPLE INFORMATION (assume day is 15 of month)

VACCINE3SYM","VACCINE3SYM","candidate"
"react1.r18.individual","34","context_or_wording_needs_review","CALCULATE AGE FROM SAMPLE INFORMATION (assume day is 15 of month)","
CALCULATE AGE FROM SAMPLE INFORMATION (assume day is 15 of month)

VACCINE3SYM

We asked you this at when you registered to receive a swab test kit but we would just like to","VACCINE3SYM","candidate"
"react1.r18.individual","37","context_or_wording_needs_review","= FEMALE AND MAIL_GRP = 1 AND (DAGE < 55]","25. I am pregnant/breastfeeding and afraid of the effects on my baby [ASK IF GENDER
= FEMALE AND MAIL_GRP = 1 AND (DAGE < 55]
22. Other (please specify) OPEN – FIX
24. None of these – I/They will definitely get the coronavirus booster vaccine FIX – SINGLE
CODE
23. Don't know FIX – SINGLE CODE","","candidate"
"react1.r18.individual","38","gate_or_option_instruction","IF VACCINE3SYM = 2 or 3 AND (MAIL_GRP2 AND INDCONF=1) OR MAIL_GRP1.","
IF VACCINE3SYM = 2 or 3 AND (MAIL_GRP2 AND INDCONF=1) OR MAIL_GRP1.
VACCINEAPP1

Have you/Has your child been offered a coronavirus vaccine?
","VACCINEAPP1","candidate"
"react1.r18.individual","38","gate_or_option_instruction","IF VACCINEAPP1 =2, 3 or 4 AND (MAIL_GRP2 AND INDCONF=1) OR MAIL_GRP1.","
IF VACCINEAPP1 =2, 3 or 4 AND (MAIL_GRP2 AND INDCONF=1) OR MAIL_GRP1.
VACCINEACCEPT

Would you/they accept a coronavirus vaccine if offered?
","VACCINEACCEPT","candidate"
"react1.r18.individual","39","gate_or_option_instruction","IF VACCINEACCEPT=2 or 3 AND (Mail_Grp 2 AND INDCONF=1) OR MAIL_GRP1","
IF VACCINEACCEPT=2 or 3 AND (Mail_Grp 2 AND INDCONF=1) OR MAIL_GRP1
VACCRUFUSE1

[RANDOMISE LIST]
","VACCRUFUSE1_1|VACCRUFUSE1_2|VACCRUFUSE1_3|VACCRUFUSE1_4|VACCRUFUSE1_5|VACCRUFUSE1_6|VACCRUFUSE1_7|VACCRUFUSE1_8|VACCRUFUSE1_9|VACCRUFUSE1_10|VACCRUFUSE1_11|VACCRUFUSE1_12|VACCRUFUSE1_13|VACCRUFUSE1_14|VACCRUFUSE1_15|VACCRUFUSE1_16|VACCRUFUSE1_17|VACCRUFUSE1_18|VACCRUFUSE1_21|VACCRUFUSE1_22|VACCRUFUSE1_23|VACCRUFUSE1_24|VACCRUFUSE1_19|VACCRUFUSE1_19_OTHER|VACCRUFUSE1_20","candidate"
"react1.r18.individual","39","context_or_wording_needs_review","GENDER = FEMALE AND MAIL_GRP = 1 AND (DAGE < 55].","14. I am pregnant/breastfeeding and afraid of the effects on my baby [ASK IF
GENDER = FEMALE AND MAIL_GRP = 1 AND (DAGE < 55].
15. The impact of COVID-19 is being greatly exaggerated
16. I don't trust the people who have developed the vaccine
17. So long as most other people get the vaccine then it doesn't matter if I don't
21. I am concerned that it will affect my fertility","","candidate"
"react1.r18.individual","39","response_option","24. I think I am too young to have the vaccination (ASK IF Mail_Grp 2 AND","23. I have had bad reactions in the past to vaccinations
24. I think I am too young to have the vaccination (ASK IF Mail_Grp 2 AND
INDCONF=1)
19. Other (please write in)
20. Prefer not to say
","","candidate"
"react1.r18.individual","40","context_or_wording_needs_review","VACCINEAPP2 =2 AND (Mail_Grp 1 OR (Mail_Grp 2 AND INDCONF=1))","
VACCINEAPP2 =2 AND (Mail_Grp 1 OR (Mail_Grp 2 AND INDCONF=1))
VACCREFUSE2

[RANDOMISE LIST]
","","candidate"
"react1.r18.individual","40","context_or_wording_needs_review","GENDER = FEMALE AND MAIL_GRP = 1 AND (DAGE < 55].","14.   I am pregnant/breastfeeding and afraid of the effects on my baby [ASK IF
GENDER = FEMALE AND MAIL_GRP = 1 AND (DAGE < 55].
15.   The impact of COVID-19 is being greatly exaggerated
16.   I don't trust the people who have developed the vaccine
17.   So long as most other people get the vaccine then it doesn't matter if I don't
21.   I am concerned that it will affect my fertility","","candidate"
"react1.r18.individual","40","response_option","24.   I think I am too young to have the vaccination (ASK IF Mail_Grp 2 AND","23.   I have had bad reactions in the past to vaccinations
24.   I think I am too young to have the vaccination (ASK IF Mail_Grp 2 AND
INDCONF=1)
19.   Other (please write in)
20.    Prefer not to say
","","candidate"
"react1.r18.individual","41","gate_or_option_instruction","ASK ALL Mail_Grp 1","
ASK ALL Mail_Grp 1
EDUC
What is your highest educational qualification? This means any educational, professional,
vocational or other work-related qualifications for which you received a certificate.
Please select one answer","EDUC","candidate"
"react1.r18.individual","42","gate_or_option_instruction","IF MAIL_GRP1 AND EMPL = 7","
IF MAIL_GRP1 AND EMPL = 7
EDTYPE

This term are you studying…
","EDTYPE","candidate"
"react1.r18.individual","43","gate_or_option_instruction","IF MAIL_GRP1 AND EMPL = 7","
IF MAIL_GRP1 AND EMPL = 7
CAMPUS2

Where are you currently living?
","CAMPUS2","candidate"
"react1.r18.individual","43","response_option","6.    Parents’ or guardians’ home","5.    Your own home which you own
6.    Parents’ or guardians’ home
7.    Other


IF CAMPUS2=4, 5, 6, 7","","candidate"
"react1.r18.individual","45","context_definition_or_continuation","MAIL_GRP=1 OR MAIL_GRP=2 AND EMPL=1 to 3 “workplace”, IF MAIL_GRP=1 OR","In the last two weeks, that is since <DAY/MONTH>, has anyone in your/your child’s [IF
MAIL_GRP=1 OR MAIL_GRP=2 AND EMPL=1 to 3 “workplace”, IF MAIL_GRP=1 OR
(MAIL_GRP=2 AND EMPL=7)“school or college”, IF MAIL_GRP3 “school”] tested positive
for COVID-19 as far as you know?

1.   Yes","","candidate"
"react1.r18.individual","45","context_or_wording_needs_review","(MAIL_GRP=2 AND EMPL=7)“school or college”, IF MAIL_GRP3 “school”] tested positive","MAIL_GRP=1 OR MAIL_GRP=2 AND EMPL=1 to 3 “workplace”, IF MAIL_GRP=1 OR
(MAIL_GRP=2 AND EMPL=7)“school or college”, IF MAIL_GRP3 “school”] tested positive
for COVID-19 as far as you know?

1.   Yes
2.   No","","candidate"
"react1.r18.individual","46","gate_or_option_instruction","ASK ALL MAIL_GRP1 OR MAIL_GRP3 ONLY","
ASK ALL MAIL_GRP1 OR MAIL_GRP3 ONLY
COV_PayEx2

How well would you say your household is managing financially these days? Would you say
your household is...","COV_PAYEX2","candidate"
"react1.r18.individual","50","response_option","1.    For work [Mail_Grp1 or Mail_grp2 AND age 16+ ONLY]","
1.    For work [Mail_Grp1 or Mail_grp2 AND age 16+ ONLY]
2.    To volunteer [Mail_Grp1 or Mail_grp2 AND age 16+ ONLY]
3.    To seek medical assistance/to go to a hospital appointment
4.    To care for, provide assistance or to help someone else (for example, friends or
family)","","candidate"
"react1.r18.individual","50","response_option","2.    To volunteer [Mail_Grp1 or Mail_grp2 AND age 16+ ONLY]","1.    For work [Mail_Grp1 or Mail_grp2 AND age 16+ ONLY]
2.    To volunteer [Mail_Grp1 or Mail_grp2 AND age 16+ ONLY]
3.    To seek medical assistance/to go to a hospital appointment
4.    To care for, provide assistance or to help someone else (for example, friends or
family)
5.    To meet with someone outside","","candidate"
"react1.r18.individual","50","response_option","12.   To take a child to school or childcare [Mail_Grp1 or Mail_grp2 AND age 16+","11.   To meet with someone indoors
12.   To take a child to school or childcare [Mail_Grp1 or Mail_grp2 AND age 16+
ONLY]
13.   To get or post a COVID-19 test
14.   There was a risk of harm
15.   I am certain I do not have COVID-19","","candidate"
"react1.r18.individual","51","gate_or_option_instruction","ASK IF QISOLLEAVEREASON=1 AND Mail_Grp1 or (Mail_grp2 AND age 16+ ONLY and","
ASK IF QISOLLEAVEREASON=1 AND Mail_Grp1 or (Mail_grp2 AND age 16+ ONLY and
INDCONF=1]
QCOVIDWORK

[RANDOMISE LIST]","QCOVIDWORK_1|QCOVIDWORK_2|QCOVIDWORK_3|QCOVIDWORK_4|QCOVIDWORK_5|QCOVIDWORK_6|QCOVIDWORK_7|QCOVIDWORK_8|QCOVIDWORK_9|QCOVIDWORK_9_OTHER|QCOVIDWORK_10","candidate"
"react1.r18.individual","51","gate_or_option_instruction","ASK Mail_Grp=1","
ASK Mail_Grp=1
SMOKENOW

Do you smoke cigarettes at all nowadays?
","SMOKENOW","candidate"
"react1.r18.individual","52","gate_or_option_instruction","ASK Mailgrp=1","
ASK Mailgrp=1
VAPNOW

Do you vape/use e-cigarettes at all nowadays?
","VAPNOW","candidate"
"react1.r18.individual","55","gate_or_option_instruction","ASK IF MAIL_GRP1 ONLY","
ASK IF MAIL_GRP1 ONLY
CONTACTCIAB
Would you be willing for Ipsos MORI to use your contact details in order to invite you to take
part in future research conducted by the UK Health Security Agency?
","CONTACTCIAB","candidate"
"react1.r18.registration","3","context_or_wording_needs_review","There are 3 groups corresponding to Mail_Grp i.e. u_mail_grp","received inviting you to take part in this study.
There are 3 groups corresponding to Mail_Grp i.e. u_mail_grp
Mail_Grp                                       Age group
Mail_Grp=1                                     18+
Mail_Grp=2                                     13-17
Mail_grp=3                                     5-12","","candidate"
"react1.r18.registration","3","context_definition_or_continuation","Mail_Grp                                       Age group","There are 3 groups corresponding to Mail_Grp i.e. u_mail_grp
Mail_Grp                                       Age group
Mail_Grp=1                                     18+
Mail_Grp=2                                     13-17
Mail_grp=3                                     5-12
","","candidate"
"react1.r18.registration","3","context_definition_or_continuation","Mail_Grp=1                                     18+","Mail_Grp                                       Age group
Mail_Grp=1                                     18+
Mail_Grp=2                                     13-17
Mail_grp=3                                     5-12

","","candidate"
"react1.r18.registration","3","context_definition_or_continuation","Mail_Grp=2                                     13-17","Mail_Grp=1                                     18+
Mail_Grp=2                                     13-17
Mail_grp=3                                     5-12


","","candidate"
"react1.r18.registration","3","context_definition_or_continuation","Mail_grp=3                                     5-12","Mail_Grp=2                                     13-17
Mail_grp=3                                     5-12



","","candidate"
"react1.r18.registration","4","gate_or_option_instruction","ASK Mail_Grp=1 AND Mail_Grp=2 This survey is for [u_firstname] [u_name]. Are you","INDCONF
ASK Mail_Grp=1 AND Mail_Grp=2 This survey is for [u_firstname] [u_name]. Are you
[FF_Surname] [FF_Surname]?
IF CHILD is Mail_Grp=3 Are you the parent or guardian of [u_firstname] [u_name]?
Please select one answer
1. Yes","INDCONF","candidate"
"react1.r18.registration","4","gate_or_option_instruction","IF CHILD is Mail_Grp=3 Are you the parent or guardian of [u_firstname] [u_name]?","[FF_Surname] [FF_Surname]?
IF CHILD is Mail_Grp=3 Are you the parent or guardian of [u_firstname] [u_name]?
Please select one answer
1. Yes
2. No
","","candidate"
"react1.r18.registration","4","gate_or_option_instruction","IF INDCONF = 2 AND Mail_Grp=2","
IF INDCONF = 2 AND Mail_Grp=2
INDCONFPARENT
This survey is intended for [FF_Surname] [FF_Surname ]. If you are the parent or guardian
of [FF_Surname] [FF_Surname ] you can complete the survey on their behalf. Are you the
parent or guardian of [FF_Surname] [FF_Surname ]?","INDCONFPARENT","candidate"
"react1.r18.registration","4","context_or_wording_needs_review","INDCONFPARENT","IF INDCONF = 2 AND Mail_Grp=2
INDCONFPARENT
This survey is intended for [FF_Surname] [FF_Surname ]. If you are the parent or guardian
of [FF_Surname] [FF_Surname ] you can complete the survey on their behalf. Are you the
parent or guardian of [FF_Surname] [FF_Surname ]?
1. Yes","","candidate"
"react1.r18.registration","4","context_or_wording_needs_review","This survey is intended for [FF_Surname] [FF_Surname ]. If you are the parent or guardian","INDCONFPARENT
This survey is intended for [FF_Surname] [FF_Surname ]. If you are the parent or guardian
of [FF_Surname] [FF_Surname ] you can complete the survey on their behalf. Are you the
parent or guardian of [FF_Surname] [FF_Surname ]?
1. Yes
2. No","INDCONFPARENT","candidate"
"react1.r18.registration","4","context_or_wording_needs_review","parent or guardian of [FF_Surname] [FF_Surname ]?","of [FF_Surname] [FF_Surname ] you can complete the survey on their behalf. Are you the
parent or guardian of [FF_Surname] [FF_Surname ]?
1. Yes
2. No

","","candidate"
"react1.r18.registration","4","gate_or_option_instruction","IF INDCONFPARENT=2 OR INDCONF=2 AND Mail_Grp=3","
IF INDCONFPARENT=2 OR INDCONF=2 AND Mail_Grp=3
CLOSE1
“We thank you for your time spent taking this survey.”
TERMINATE
","","candidate"
"react1.r18.registration","4","gate_or_option_instruction","IF INDCONF =2 AND Mail_Grp=1","
IF INDCONF =2 AND Mail_Grp=1
INDCONFCARER
This survey is intended for [FF_Surname] [FF_Surname ]. If you are a carer for
[FF_Surname] [FF_Surname ], or they need assistance, you can help them to complete the
survey. Are you a carer for [FF_Surname] [FF_Surname ], or assisting them?","INDCONFCARER","candidate"
"react1.r18.registration","4","context_or_wording_needs_review","INDCONFCARER","IF INDCONF =2 AND Mail_Grp=1
INDCONFCARER
This survey is intended for [FF_Surname] [FF_Surname ]. If you are a carer for
[FF_Surname] [FF_Surname ], or they need assistance, you can help them to complete the
survey. Are you a carer for [FF_Surname] [FF_Surname ], or assisting them?
1. Yes","","candidate"
"react1.r18.registration","4","context_or_wording_needs_review","This survey is intended for [FF_Surname] [FF_Surname ]. If you are a carer for","INDCONFCARER
This survey is intended for [FF_Surname] [FF_Surname ]. If you are a carer for
[FF_Surname] [FF_Surname ], or they need assistance, you can help them to complete the
survey. Are you a carer for [FF_Surname] [FF_Surname ], or assisting them?
1. Yes
2. No","INDCONFCARER","candidate"
"react1.r18.registration","4","context_or_wording_needs_review","survey. Are you a carer for [FF_Surname] [FF_Surname ], or assisting them?","[FF_Surname] [FF_Surname ], or they need assistance, you can help them to complete the
survey. Are you a carer for [FF_Surname] [FF_Surname ], or assisting them?
1. Yes
2. No

","","candidate"
"react1.r18.registration","4","gate_or_option_instruction","IF INDCONFCARER =2","
IF INDCONFCARER =2
CLOSE1
“We thank you for your time spent taking this survey.”
TERMINATE
","","candidate"
"react1.r18.registration","5","wording_only","IF 5-12 OR (13-17 INDCONFPARENT =1) Textfill is “your child”","IF 18+ OR (13-17 INDCONF=1) Textfill is “your”
IF 5-12 OR (13-17 INDCONFPARENT =1) Textfill is “your child”


ASK ALL
DOB","","candidate"
"react1.r18.registration","5","context_definition_or_continuation","Mail_Grp=1     18+        YEAR RANGE             “Our records suggest you are aged 17 or","AGE
Mail_Grp=1     18+        YEAR RANGE             “Our records suggest you are aged 17 or
1910 -2005             over, please check your answer.”
Mail_Grp=2     13-17      YEAR RANGE             “Our records suggest [IF INDCONF = 1:
2004 - 2010            you are/IF INCONFPARENT = 1 your child
is] aged between 12 and 18, please check","AGE","candidate"
"react1.r18.registration","5","context_definition_or_continuation","Mail_Grp=2     13-17      YEAR RANGE             “Our records suggest [IF INDCONF = 1:","1910 -2005             over, please check your answer.”
Mail_Grp=2     13-17      YEAR RANGE             “Our records suggest [IF INDCONF = 1:
2004 - 2010            you are/IF INCONFPARENT = 1 your child
is] aged between 12 and 18, please check
your answer”
Mail_grp=3     5-12       YEAR RANGE –           “Our records suggest your child is aged","","candidate"
"react1.r18.registration","5","context_or_wording_needs_review","2004 - 2010            you are/IF INCONFPARENT = 1 your child","Mail_Grp=2     13-17      YEAR RANGE             “Our records suggest [IF INDCONF = 1:
2004 - 2010            you are/IF INCONFPARENT = 1 your child
is] aged between 12 and 18, please check
your answer”
Mail_grp=3     5-12       YEAR RANGE –           “Our records suggest your child is aged
2009 - 2017            between 5 and 13, please check your","","candidate"
"react1.r18.registration","5","context_or_wording_needs_review","is] aged between 12 and 18, please check","2004 - 2010            you are/IF INCONFPARENT = 1 your child
is] aged between 12 and 18, please check
your answer”
Mail_grp=3     5-12       YEAR RANGE –           “Our records suggest your child is aged
2009 - 2017            between 5 and 13, please check your
answer”","","candidate"
"react1.r18.registration","5","context_definition_or_continuation","Mail_grp=3     5-12       YEAR RANGE –           “Our records suggest your child is aged","your answer”
Mail_grp=3     5-12       YEAR RANGE –           “Our records suggest your child is aged
2009 - 2017            between 5 and 13, please check your
answer”

","","candidate"
"react1.r18.registration","5","context_or_wording_needs_review","What was your/your child’s age at your/their last birthday?","AGE
What was your/your child’s age at your/their last birthday?
[OPEN NUMERIC BOX AND APPLY TO AGE GROUPS AS OUTLINED BELOW BUT
ALLOW PAST]
GROUP          GROUP ALLOW RANGE                 ERROR MESSAGE
AGE","AGE","candidate"
"react1.r18.registration","5","context_or_wording_needs_review","[OPEN NUMERIC BOX AND APPLY TO AGE GROUPS AS OUTLINED BELOW BUT","What was your/your child’s age at your/their last birthday?
[OPEN NUMERIC BOX AND APPLY TO AGE GROUPS AS OUTLINED BELOW BUT
ALLOW PAST]
GROUP          GROUP ALLOW RANGE                 ERROR MESSAGE
AGE
Mail_Grp=1     18+        RANGE 17 -112          “Our records suggest you are aged 17 or","","candidate"
"react1.r18.registration","5","context_definition_or_continuation","Mail_Grp=1     18+        RANGE 17 -112          “Our records suggest you are aged 17 or","AGE
Mail_Grp=1     18+        RANGE 17 -112          “Our records suggest you are aged 17 or
over, please check your answer.”
Mail_Grp=2     13-17      RANGE 12-18            “Our records suggest [IF INDCONF = 1:
you are/IF INCONFPARENT = 1 your child
is] aged between 12 and 18, please check","AGE","candidate"
"react1.r18.registration","5","context_definition_or_continuation","Mail_Grp=2     13-17      RANGE 12-18            “Our records suggest [IF INDCONF = 1:","over, please check your answer.”
Mail_Grp=2     13-17      RANGE 12-18            “Our records suggest [IF INDCONF = 1:
you are/IF INCONFPARENT = 1 your child
is] aged between 12 and 18, please check
your answer”
Mail_grp=3     5-12       RANGE 5- 13            “Our records suggest your child is aged","","candidate"
"react1.r18.registration","5","context_or_wording_needs_review","you are/IF INCONFPARENT = 1 your child","Mail_Grp=2     13-17      RANGE 12-18            “Our records suggest [IF INDCONF = 1:
you are/IF INCONFPARENT = 1 your child
is] aged between 12 and 18, please check
your answer”
Mail_grp=3     5-12       RANGE 5- 13            “Our records suggest your child is aged
between 5 and 13, please check your","","candidate"
"react1.r18.registration","5","context_or_wording_needs_review","is] aged between 12 and 18, please check","you are/IF INCONFPARENT = 1 your child
is] aged between 12 and 18, please check
your answer”
Mail_grp=3     5-12       RANGE 5- 13            “Our records suggest your child is aged
between 5 and 13, please check your
answer”","","candidate"
"react1.r18.registration","5","context_definition_or_continuation","Mail_grp=3     5-12       RANGE 5- 13            “Our records suggest your child is aged","your answer”
Mail_grp=3     5-12       RANGE 5- 13            “Our records suggest your child is aged
between 5 and 13, please check your
answer”

","","candidate"
"react1.r18.registration","6","context_or_wording_needs_review","DAGE [Derived age for filter questions)","IF PREFER NOT TO SAY
DAGE [Derived age for filter questions)

IF GIVE A DOB AT DOB OR PREFER NOT TO SAY AT AGE: CALCULATE AGE FROM
SAMPLE INFORMATION (assume day is 15 of month)
","","candidate"
"react1.r18.registration","6","gate_or_option_instruction","IF GIVE A DOB AT DOB OR PREFER NOT TO SAY AT AGE: CALCULATE AGE FROM","
IF GIVE A DOB AT DOB OR PREFER NOT TO SAY AT AGE: CALCULATE AGE FROM
SAMPLE INFORMATION (assume day is 15 of month)

OTHERWISE USE AGE FROM AGE FOR FILTERING
","","candidate"
"react1.r18.registration","6","context_or_wording_needs_review","OTHERWISE USE AGE FROM AGE FOR FILTERING","
OTHERWISE USE AGE FROM AGE FOR FILTERING


IF Mail_Grp=3
AGEPARENT","","candidate"
"react1.r18.registration","6","gate_or_option_instruction","IF Mail_Grp=3","
IF Mail_Grp=3
AGEPARENT

What was your age at your last birthday?
","AGEPARENT","candidate"
"react1.r18.registration","6","context_or_wording_needs_review","AGEPARENT","IF Mail_Grp=3
AGEPARENT

What was your age at your last birthday?

[OPEN NUMERIC BOX, RANGE 16– 112]","","candidate"
"react1.r18.registration","6","context_or_wording_needs_review","What was your age at your last birthday?","
What was your age at your last birthday?

[OPEN NUMERIC BOX, RANGE 16– 112]
1. Prefer not to say
","AGEPARENT","candidate"
"react1.r18.registration","6","gate_or_option_instruction","IF AGED 13-15 AND MAIL_GRP2","
IF AGED 13-15 AND MAIL_GRP2
PARCONS

Does your parent or guardian give you permission to take part in this study?
","PARCONS","candidate"
"react1.r18.registration","6","context_or_wording_needs_review","Does your parent or guardian give you permission to take part in this study?","
Does your parent or guardian give you permission to take part in this study?

1.      Yes
2.      No
","PARCONS","candidate"
"react1.r18.registration","6","context_or_wording_needs_review","Please ask your parent or guardian for permission to complete the survey. Once they have","
Please ask your parent or guardian for permission to complete the survey. Once they have
agreed for you to take part, please log back in to the survey.""
TERMINATE

","","candidate"
"react1.r18.registration","6","context_or_wording_needs_review","Please write in the full name of your parent/carer who has agreed that you can take part:","
Please write in the full name of your parent/carer who has agreed that you can take part:
{text box}


[TO SCRIPTING: IF NUMERIC VALUE IS ENTERED DISPLAY ERROR MESSAGE ‘Please","PARNAME","candidate"
"react1.r18.registration","7","gate_or_option_instruction","IF AGED Mail_Grp=1 OR Mail_Grp=3 OR (Mail_Grp=2 INDCONFPARENT =1)","Household composition
IF AGED Mail_Grp=1 OR Mail_Grp=3 OR (Mail_Grp=2 INDCONFPARENT =1)
NADULTS

Including yourself, how many adults aged 18 and over currently live in your household?
","NADULTS","candidate"
"react1.r18.registration","7","context_or_wording_needs_review","Including yourself, how many adults aged 18 and over currently live in your household?","
Including yourself, how many adults aged 18 and over currently live in your household?

INFO: Who should I include? Include all adults aged 18 and over, including any young
people aged 18 or over. Include young people who regularly spend part of the week in your
household. Include yourself.","NADULTS","candidate"
"react1.r18.registration","7","context_or_wording_needs_review","INFO: Who should I include? Include all adults aged 18 and over, including any young","
INFO: Who should I include? Include all adults aged 18 and over, including any young
people aged 18 or over. Include young people who regularly spend part of the week in your
household. Include yourself.

NUMERIC 1...","","candidate"
"react1.r18.registration","7","context_or_wording_needs_review","people aged 18 or over. Include young people who regularly spend part of the week in your","INFO: Who should I include? Include all adults aged 18 and over, including any young
people aged 18 or over. Include young people who regularly spend part of the week in your
household. Include yourself.

NUMERIC 1...
","","candidate"
"react1.r18.registration","7","context_or_wording_needs_review","[Show multiple rows up for number of adults aged Mail_Grp=1 in household ALLOW RANGE","
[Show multiple rows up for number of adults aged Mail_Grp=1 in household ALLOW RANGE
18 -112]
[IF MORE THAN 10 ADULTS ENTERED AT NADULTS ALLOW ONLY 10 ROWS FOR
NUMBER OF ADULTS]
","","candidate"
"react1.r18.registration","7","context_or_wording_needs_review","Header: Age in Years","
Header: Age in Years

Rows for each adult:

First adult","","candidate"
"react1.r18.registration","8","gate_or_option_instruction","IF Mail_Grp1 OR Mail_Grp=2 ANDINDCONF = 1.","
IF Mail_Grp1 OR Mail_Grp=2 ANDINDCONF = 1.
NADULTS1

How many adults aged 18 and over currently live in your household?
","NADULTS1","candidate"
"react1.r18.registration","8","context_or_wording_needs_review","How many adults aged 18 and over currently live in your household?","
How many adults aged 18 and over currently live in your household?

INFO: Who should I include? Include all adults aged 18 and over, including any young
people aged 18 or over. Include young people who regularly spend part of the week in your
household.","NADULTS1","candidate"
"react1.r18.registration","8","context_or_wording_needs_review","INFO: Who should I include? Include all adults aged 18 and over, including any young","
INFO: Who should I include? Include all adults aged 18 and over, including any young
people aged 18 or over. Include young people who regularly spend part of the week in your
household.

NUMERIC 1...","","candidate"
"react1.r18.registration","8","context_or_wording_needs_review","people aged 18 or over. Include young people who regularly spend part of the week in your","INFO: Who should I include? Include all adults aged 18 and over, including any young
people aged 18 or over. Include young people who regularly spend part of the week in your
household.

NUMERIC 1...
","","candidate"
"react1.r18.registration","8","context_or_wording_needs_review","[Show multiple rows up for number of adults aged Mail_Grp=1 in household ALLOW RANGE","
[Show multiple rows up for number of adults aged Mail_Grp=1 in household ALLOW RANGE
18 -112]

[IF MORE THAN 10 ADULTS ENTERED AT NADULTS1 ALLOW ONLY 10 ROWS FOR
NUMBER OF ADULTS]","","candidate"
"react1.r18.registration","8","context_or_wording_needs_review","Header: Age in Years","
Header: Age in Years

Rows for each adult:

First adult","","candidate"
"react1.r18.registration","9","gate_or_option_instruction","IF Mail_Grp=1 or Mail_Grp=3 or (Mail_Grp=2 and INDCONFPARENT =1)","
IF Mail_Grp=1 or Mail_Grp=3 or (Mail_Grp=2 and INDCONFPARENT =1)
NCHILD

How many children or young people aged 0 to 17 years currently live in your household?
","NCHILD","candidate"
"react1.r18.registration","9","context_or_wording_needs_review","How many children or young people aged 0 to 17 years currently live in your household?","
How many children or young people aged 0 to 17 years currently live in your household?

INFO: Who should I include?
Include all children aged 0-17 in your household, whether or not they are your own children.
Include infants and babies. Include children who regularly spend part of the week in your","NCHILD","candidate"
"react1.r18.registration","9","context_or_wording_needs_review","Include all children aged 0-17 in your household, whether or not they are your own children.","INFO: Who should I include?
Include all children aged 0-17 in your household, whether or not they are your own children.
Include infants and babies. Include children who regularly spend part of the week in your
household.

NOTE FOR PROGRAMMER: IF MAIL_GRP = 3 or (MAIL_GRP=2 AND","","candidate"
"react1.r18.registration","9","context_or_wording_needs_review","NOTE FOR PROGRAMMER: IF MAIL_GRP = 3 or (MAIL_GRP=2 AND","
NOTE FOR PROGRAMMER: IF MAIL_GRP = 3 or (MAIL_GRP=2 AND
INDCONFPARENT=1) IF 0 IS ENTERED, PLEASE BRING UP ERROR MESSAGE:

“You have said that there are no children aged 0-17 in your household. Please remember to
include the child this survey relates to.”","","candidate"
"react1.r18.registration","9","context_or_wording_needs_review","INDCONFPARENT=1) IF 0 IS ENTERED, PLEASE BRING UP ERROR MESSAGE:","NOTE FOR PROGRAMMER: IF MAIL_GRP = 3 or (MAIL_GRP=2 AND
INDCONFPARENT=1) IF 0 IS ENTERED, PLEASE BRING UP ERROR MESSAGE:

“You have said that there are no children aged 0-17 in your household. Please remember to
include the child this survey relates to.”
","","candidate"
"react1.r18.registration","9","context_or_wording_needs_review","“You have said that there are no children aged 0-17 in your household. Please remember to","
“You have said that there are no children aged 0-17 in your household. Please remember to
include the child this survey relates to.”

NUMERIC 0...15
","","candidate"
"react1.r18.registration","9","gate_or_option_instruction","ASK (IF MAIL_GRP1 (AND NCHILD=1+)) OR (MAIL_GRP3 (AND NCHILD=2+))","CHILDAGE
ASK (IF MAIL_GRP1 (AND NCHILD=1+)) OR (MAIL_GRP3 (AND NCHILD=2+))

OR (MAIL_GRP2 AND INDCONFPARENT=1 AND NUMBER AT NCHILD=2+)

You said that [(IF NUMBER AT NCHILD = 1) there is 1 child or young person] [(IF NUMBER","CHILDAGE_5|CHILDAGE_6|CHILDAGE_7|CHILDAGE_8|CHILDAGE_9|CHILDAGE_10|CHILDAGE_11|CHILDAGE_12|CHILDAGE_13|CHILDAGE_14|CHILDAGE_15|CHILDAGE_1|CHILDAGE_2|CHILDAGE_3|CHILDAGE_4","candidate"
"react1.r18.registration","9","context_or_wording_needs_review","OR (MAIL_GRP2 AND INDCONFPARENT=1 AND NUMBER AT NCHILD=2+)","
OR (MAIL_GRP2 AND INDCONFPARENT=1 AND NUMBER AT NCHILD=2+)

You said that [(IF NUMBER AT NCHILD = 1) there is 1 child or young person] [(IF NUMBER
AT NCHILD = 2+) in your household. How old are they?
You said that there are (NUMBER AT NCHILD) children or young people] in your household.","","candidate"
"react1.r18.registration","9","context_or_wording_needs_review","How old are they? [Show multiple rows up for number of children aged 0-17 in household.","You said that there are (NUMBER AT NCHILD) children or young people] in your household.
How old are they? [Show multiple rows up for number of children aged 0-17 in household.
ALLOW RANGE 0-17]
Header: Age in Years
Rows for each child:
First child","","candidate"
"react1.r18.registration","9","context_or_wording_needs_review","Header: Age in Years","ALLOW RANGE 0-17]
Header: Age in Years
Rows for each child:
First child
Second child (and so on)
Columns for each child:","","candidate"
"react1.r18.registration","10","gate_or_option_instruction","IF Mail_Grp=2 (INDCONF = 1)","
IF Mail_Grp=2 (INDCONF = 1)
NCHILD1

Including yourself, how many children or young people aged 0 to 17 years currently live in
your household?","NCHILD1","candidate"
"react1.r18.registration","10","context_or_wording_needs_review","Including yourself, how many children or young people aged 0 to 17 years currently live in","
Including yourself, how many children or young people aged 0 to 17 years currently live in
your household?

INFO: Who should I include?
Include all children aged 0-17 in your household, whether or not they are your own children.","NCHILD1","candidate"
"react1.r18.registration","10","context_or_wording_needs_review","Include all children aged 0-17 in your household, whether or not they are your own children.","INFO: Who should I include?
Include all children aged 0-17 in your household, whether or not they are your own children.
Include infants and babies. Include children who regularly spend part of the week in your
household. Include yourself.

NUMERIC 0...15","","candidate"
"react1.r18.registration","10","context_or_wording_needs_review","[Show multiple rows up for number of children aged 0-17 in household]","children or young people] other than you in your household. How old are they?
[Show multiple rows up for number of children aged 0-17 in household]
Header: Age in Years
Rows for each child:
First child
Second child (and so on)","","candidate"
"react1.r18.registration","10","context_or_wording_needs_review","Header: Age in Years","[Show multiple rows up for number of children aged 0-17 in household]
Header: Age in Years
Rows for each child:
First child
Second child (and so on)
Columns for each child:","","candidate"
"react1.r18.registration","11","gate_or_option_instruction","IF Mail_Grp=1 OR Mail_Grp=3 OR (16-17 INDCONF =1) Are you …","WORKTYP1
IF Mail_Grp=1 OR Mail_Grp=3 OR (16-17 INDCONF =1) Are you …
OR (16-17 INDCONFPARENT =1) Is your child….

WORKTYP1
Are you …/Is your child","WORKTYP1_1|WORKTYP1_2|WORKTYP1_3|WORKTYP1_4|WORKTYP1_5|WORKTYP1_6|WORKTYP1_7","candidate"
"react1.r18.registration","11","context_or_wording_needs_review","OR (16-17 INDCONFPARENT =1) Is your child….","IF Mail_Grp=1 OR Mail_Grp=3 OR (16-17 INDCONF =1) Are you …
OR (16-17 INDCONFPARENT =1) Is your child….

WORKTYP1
Are you …/Is your child
","WORKTYP1_1|WORKTYP1_2|WORKTYP1_3|WORKTYP1_4|WORKTYP1_5|WORKTYP1_6|WORKTYP1_7","candidate"
"react1.r18.registration","12","gate_or_option_instruction","IF (MAILGRP=1 OR 3 AND NADULTS=2+) OR IF MAILGRP=2","
IF (MAILGRP=1 OR 3 AND NADULTS=2+) OR IF MAILGRP=2
WORKTYP3

Is anyone <IF WORKTYP1 = 1-5: else> in your household …
","WORKTYP3_1|WORKTYP3_2|WORKTYP3_3|WORKTYP3_4|WORKTYP3_5|WORKTYP3_6|WORKTYP3_7","candidate"
"react1.r18.registration","14","gate_or_option_instruction","ASK MAIL_GRP1 OR MAIL_GRP2 OR MAIL_GRP3 (AGED 12+)","Vaccinations
ASK MAIL_GRP1 OR MAIL_GRP2 OR MAIL_GRP3 (AGED 12+)

CALCULATE AGE FROM SAMPLE INFORMATION (assume day is 15 of month)

VACCINE3","VACCINE3","candidate"
"react1.r18.registration","14","context_or_wording_needs_review","CALCULATE AGE FROM SAMPLE INFORMATION (assume day is 15 of month)","
CALCULATE AGE FROM SAMPLE INFORMATION (assume day is 15 of month)

VACCINE3

Have you/Has your child ever had a coronavirus vaccine?","VACCINE3","candidate"
"react1.r18.registration","17","context_or_wording_needs_review","Group 3 (5-12) OR group 2 INDCONFPARENT=1 ‘my child’","Group 1 (18+) OR group 2 INDCONF=1 Textfill ‘you’
Group 3 (5-12) OR group 2 INDCONFPARENT=1 ‘my child’
EXCL
Do you/Does your child have an increased risk of bleeding (for example taking
anticoagulants or a medical condition such as haemophilia, or are/ are they prone to
nosebleeds)?","EXCL","candidate"
"react1.r18.registration","18","context_or_wording_needs_review","staff and researchers. Nobody will be able to identify you [IF MAIL_GRP3 OR MAIL_GRP2","information will be kept confidential by Ipsos MORI, and approved Imperial College London
staff and researchers. Nobody will be able to identify you [IF MAIL_GRP3 OR MAIL_GRP2
AND INDCONFPARENT =1 “or your child”] in any published results. We will send more
information with the test, and you can withdraw from the study at any time.
Ipsos MORI has a legal obligation to pass on your/your child’s COVID-19 and flu test result
(whether positive, negative or inconclusive) and a small amount of additional data about","","candidate"
"react1.r18.registration","18","context_or_wording_needs_review","AND INDCONFPARENT =1 “or your child”] in any published results. We will send more","staff and researchers. Nobody will be able to identify you [IF MAIL_GRP3 OR MAIL_GRP2
AND INDCONFPARENT =1 “or your child”] in any published results. We will send more
information with the test, and you can withdraw from the study at any time.
Ipsos MORI has a legal obligation to pass on your/your child’s COVID-19 and flu test result
(whether positive, negative or inconclusive) and a small amount of additional data about
[MAIL_GRP1 OR MAIL_GRP2 and INDCONF=1 “you” [IF MAIL_GRP3 “ you and your child”]","","candidate"
"react1.r18.registration","18","context_or_wording_needs_review","[MAIL_GRP1 OR MAIL_GRP2 and INDCONF=1 “you” [IF MAIL_GRP3 “ you and your child”]","(whether positive, negative or inconclusive) and a small amount of additional data about
[MAIL_GRP1 OR MAIL_GRP2 and INDCONF=1 “you” [IF MAIL_GRP3 “ you and your child”]
[IF MAIL_GRP2 and INDCONFPARENT=1 “your child] to NHS Test and Trace: first name,
surname, sex, date of birth, NHS number, ethnicity, current address (including postcode)
and, if [your/your child’s] COVID-19 test is positive, your telephone number and email
address.. If your/the COVID-19 test is positive, NHS Test and Trace may contact you. For","","candidate"
"react1.r18.registration","18","gate_or_option_instruction","[IF MAIL_GRP2 and INDCONFPARENT=1 “your child] to NHS Test and Trace: first name,","[MAIL_GRP1 OR MAIL_GRP2 and INDCONF=1 “you” [IF MAIL_GRP3 “ you and your child”]
[IF MAIL_GRP2 and INDCONFPARENT=1 “your child] to NHS Test and Trace: first name,
surname, sex, date of birth, NHS number, ethnicity, current address (including postcode)
and, if [your/your child’s] COVID-19 test is positive, your telephone number and email
address.. If your/the COVID-19 test is positive, NHS Test and Trace may contact you. For
more information about how your data is used go to the full Privacy Notice at","","candidate"
"react1.r18.registration","20","context_or_wording_needs_review","AND u_amount>0 AND (MAIL_GRP1 OR MAIL_GRP2).","ASK IF (EMAIL1=POPULATED OR MOBILE1=POPULATED AT QUESTION CONTACT
AND u_amount>0 AND (MAIL_GRP1 OR MAIL_GRP2).
VOUCHER

Do you agree [IF INDCONFPARENT=1 for your child] to be sent a gift voucher if you return
your/they return their completed test for this study?","","candidate"
"react1.r18.registration","20","context_or_wording_needs_review","Do you agree [IF INDCONFPARENT=1 for your child] to be sent a gift voucher if you return","
Do you agree [IF INDCONFPARENT=1 for your child] to be sent a gift voucher if you return
your/they return their completed test for this study?

If you/your child return/returns your/their completed test, we would like to give you/them a
gift voucher worth [ £u_amount ] as a thank you for taking part.","","candidate"
"react1.r18.registration","21","gate_or_option_instruction","[IF INDCONFPARENT=1 please can this screen have a “SUBMIT MY ANSWERS” button].","
[IF INDCONFPARENT=1 please can this screen have a “SUBMIT MY ANSWERS” button].
DO NOT ASK INDCONFPARENT=1
ASK IF RESPCHK =1
LINKAGEEXP
Imperial College would like your permission to link information held by NHS Digital and other","","candidate"
"react1.r18.registration","21","context_or_wording_needs_review","DO NOT ASK INDCONFPARENT=1","[IF INDCONFPARENT=1 please can this screen have a “SUBMIT MY ANSWERS” button].
DO NOT ASK INDCONFPARENT=1
ASK IF RESPCHK =1
LINKAGEEXP
Imperial College would like your permission to link information held by NHS Digital and other
UK NHS bodies about you/ your child to this survey data to follow your health status for up to","","candidate"
"react1.r18.registration","21","context_or_wording_needs_review","Do you give permission for Imperial College to do this [ IF PARENT COMPLETING ON","
Do you give permission for Imperial College to do this [ IF PARENT COMPLETING ON
BEHALF OF 5-12 YEAR OLD in Mail_Grp 3 ONLY] / until your child is 16 years old?

1.    Yes
2.    No","","candidate"
"react1.r18.registration","21","context_or_wording_needs_review","BEHALF OF 5-12 YEAR OLD in Mail_Grp 3 ONLY] / until your child is 16 years old?","Do you give permission for Imperial College to do this [ IF PARENT COMPLETING ON
BEHALF OF 5-12 YEAR OLD in Mail_Grp 3 ONLY] / until your child is 16 years old?

1.    Yes
2.    No
","","candidate"
"react1.r19.individual","4","context_or_wording_needs_review","This survey is for [FF_Surname] [FF_Surname ]. Are you / the parent or guardian of","INDCONF
This survey is for [FF_Surname] [FF_Surname ]. Are you / the parent or guardian of
[FF_Surname] [FF_Surname]?
Please select one answer
1.    Yes
2.    No","INDCONF","candidate"
"react1.r19.individual","4","gate_or_option_instruction","IF INDCONF = 2 AND Mail_Grp 2","
IF INDCONF = 2 AND Mail_Grp 2
INDCONFPARENT
This survey is intended for [FF_firstname] [FF_Surname ]. If you are the parent or guardian
of [FF_firstname] [FF_Surname ] you can complete the survey by proxy and answer the
survey on their behalf. Are you the parent or guardian of [FF_firstname] [FF_Surname ]?","INDCONFPARENT","candidate"
"react1.r19.individual","4","context_or_wording_needs_review","INDCONFPARENT","IF INDCONF = 2 AND Mail_Grp 2
INDCONFPARENT
This survey is intended for [FF_firstname] [FF_Surname ]. If you are the parent or guardian
of [FF_firstname] [FF_Surname ] you can complete the survey by proxy and answer the
survey on their behalf. Are you the parent or guardian of [FF_firstname] [FF_Surname ]?
1.    Yes","","candidate"
"react1.r19.individual","4","context_or_wording_needs_review","This survey is intended for [FF_firstname] [FF_Surname ]. If you are the parent or guardian","INDCONFPARENT
This survey is intended for [FF_firstname] [FF_Surname ]. If you are the parent or guardian
of [FF_firstname] [FF_Surname ] you can complete the survey by proxy and answer the
survey on their behalf. Are you the parent or guardian of [FF_firstname] [FF_Surname ]?
1.    Yes
2.    No [TERMINATE]","INDCONFPARENT","candidate"
"react1.r19.individual","4","context_or_wording_needs_review","survey on their behalf. Are you the parent or guardian of [FF_firstname] [FF_Surname ]?","of [FF_firstname] [FF_Surname ] you can complete the survey by proxy and answer the
survey on their behalf. Are you the parent or guardian of [FF_firstname] [FF_Surname ]?
1.    Yes
2.    No [TERMINATE]

","","candidate"
"react1.r19.individual","4","gate_or_option_instruction","IF INDCONFPARENT=2 OR (INDCONF=2 AND AGE Mail_Grp 3)","
IF INDCONFPARENT=2 OR (INDCONF=2 AND AGE Mail_Grp 3)
CLOSE1
“We thank you for your time spent taking this survey.”
TERMINATE
","","candidate"
"react1.r19.individual","4","gate_or_option_instruction","IF INDCONF =2 AND Mail_Grp 1","
IF INDCONF =2 AND Mail_Grp 1
INDCONFCARER
This survey is intended for [FF_firstame] [FF_Surname ]. If you are a carer for [FF_firstname]
[FF_Surname ], or they need assistance, you can help them to complete the survey. Are you
a carer for [FF_firstname] [FF_Surname ], or assisting them?","INDCONFCARER","candidate"
"react1.r19.individual","4","context_or_wording_needs_review","INDCONFCARER","IF INDCONF =2 AND Mail_Grp 1
INDCONFCARER
This survey is intended for [FF_firstame] [FF_Surname ]. If you are a carer for [FF_firstname]
[FF_Surname ], or they need assistance, you can help them to complete the survey. Are you
a carer for [FF_firstname] [FF_Surname ], or assisting them?
","","candidate"
"react1.r19.individual","4","context_or_wording_needs_review","This survey is intended for [FF_firstame] [FF_Surname ]. If you are a carer for [FF_firstname]","INDCONFCARER
This survey is intended for [FF_firstame] [FF_Surname ]. If you are a carer for [FF_firstname]
[FF_Surname ], or they need assistance, you can help them to complete the survey. Are you
a carer for [FF_firstname] [FF_Surname ], or assisting them?

1.    Yes","INDCONFCARER","candidate"
"react1.r19.individual","4","context_or_wording_needs_review","a carer for [FF_firstname] [FF_Surname ], or assisting them?","[FF_Surname ], or they need assistance, you can help them to complete the survey. Are you
a carer for [FF_firstname] [FF_Surname ], or assisting them?

1.    Yes
2.    No
","","candidate"
"react1.r19.individual","5","gate_or_option_instruction","IF INDCONFCARER =2","
IF INDCONFCARER =2
CLOSE1
“We thank you for your time spent taking this survey.”
TERMINATE
","","candidate"
"react1.r19.individual","5","wording_only","IF Mail_Grp 1 OR (Mail_Grp 2 INDCONF=1) Textfill is “your”","PROGRAMMER: SET TEXTFILL
IF Mail_Grp 1 OR (Mail_Grp 2 INDCONF=1) Textfill is “your”
IF Mail_Grp 3 OR (Mail_Grp 2 INDCONFPARENT =1) Textfill is “your child”


","","candidate"
"react1.r19.individual","5","wording_only","IF Mail_Grp 3 OR (Mail_Grp 2 INDCONFPARENT =1) Textfill is “your child”","IF Mail_Grp 1 OR (Mail_Grp 2 INDCONF=1) Textfill is “your”
IF Mail_Grp 3 OR (Mail_Grp 2 INDCONFPARENT =1) Textfill is “your child”



Health","","candidate"
"react1.r19.individual","7","context_or_wording_needs_review","allergy [IF MAIL_GRP1 AND ASK IF GENDER = FEMALE AND (DAGE < 55) ,","child had COVID-19 or were they all related to another issue (e.g. other illness,
allergy [IF MAIL_GRP1 AND ASK IF GENDER = FEMALE AND (DAGE < 55) ,
pregnancy] etc.)?

DISPLAY LIST OF SYMPTOMS MENTIONED AT SYMPTANY1, SYMPTANY2,
SYMPTANY3","","candidate"
"react1.r19.individual","7","response_option","4.     [IF Mail_Grp1 or Mail_grp2 AND age 12+ ONLY ] Some or all of the symptoms","1.     Some or all of the symptoms may have been due to COVID-19
4.     [IF Mail_Grp1 or Mail_grp2 AND age 12+ ONLY ] Some or all of the symptoms
may have been due to a COVID-19 vaccine
2.     The symptoms were not due to COVID-19 [IF Mail_Grp1 or Mail_grp2 AND age
12+ ONLY ] or a COVID-19 vaccine
3.     Don’t know","","candidate"
"react1.r19.individual","7","response_option","2.     The symptoms were not due to COVID-19 [IF Mail_Grp1 or Mail_grp2 AND age","may have been due to a COVID-19 vaccine
2.     The symptoms were not due to COVID-19 [IF Mail_Grp1 or Mail_grp2 AND age
12+ ONLY ] or a COVID-19 vaccine
3.     Don’t know

","","candidate"
"react1.r19.individual","11","response_option","2.      In my place of work [SHOW ONLY IF MAIL_GRP1 OR MAIL_GRP2 AND","1.      In my household
2.      In my place of work [SHOW ONLY IF MAIL_GRP1 OR MAIL_GRP2 AND
INDCONF=1]
6.      In my/their school or college
3.      At a social event or gathering
4.      Somewhere else","","candidate"
"react1.r19.individual","12","gate_or_option_instruction","ASK IF COVIDCONPL=2 AND MAIL_GRP1 OR MAIL_GRP2 AND INDONF-=1","
ASK IF COVIDCONPL=2 AND MAIL_GRP1 OR MAIL_GRP2 AND INDONF-=1
COVIDCONWP

You said that you/your child had [IF COVIDCONNUM=2+ the most recent] contact with the
person who was a confirmed COVID-19 case in your workplace. Do you work in any of the","COVIDCONWP","candidate"
"react1.r19.individual","13","context_or_wording_needs_review","When you [Mail_grp1 or Mail_Grp 2 AND INDCONFPARENT=1]/[your child Mail_Grp3 OR","
When you [Mail_grp1 or Mail_Grp 2 AND INDCONFPARENT=1]/[your child Mail_Grp3 OR
Mail_grp 2 AND INDCONF=1] had COVID-19, did your [Mail_grp1 or Mail_Grp 2 AND
INDCONFPARENT=1]//their Mail_Grp3 OR Mail_grp 2 AND INDCONF=1] symptoms last
for more than four weeks?
","","candidate"
"react1.r19.individual","13","context_definition_or_continuation","Mail_grp 2 AND INDCONF=1] had COVID-19, did your [Mail_grp1 or Mail_Grp 2 AND","When you [Mail_grp1 or Mail_Grp 2 AND INDCONFPARENT=1]/[your child Mail_Grp3 OR
Mail_grp 2 AND INDCONF=1] had COVID-19, did your [Mail_grp1 or Mail_Grp 2 AND
INDCONFPARENT=1]//their Mail_Grp3 OR Mail_grp 2 AND INDCONF=1] symptoms last
for more than four weeks?

1.    Yes, and I/my child still have/has symptoms","","candidate"
"react1.r19.individual","13","context_or_wording_needs_review","INDCONFPARENT=1]//their Mail_Grp3 OR Mail_grp 2 AND INDCONF=1] symptoms last","Mail_grp 2 AND INDCONF=1] had COVID-19, did your [Mail_grp1 or Mail_Grp 2 AND
INDCONFPARENT=1]//their Mail_Grp3 OR Mail_grp 2 AND INDCONF=1] symptoms last
for more than four weeks?

1.    Yes, and I/my child still have/has symptoms
2.    Yes, but I/my child no longer have/has symptoms","","candidate"
"react1.r19.individual","18","gate_or_option_instruction","[ASK IF GENDER = FEMALE AND MAIL_GRP = 1 AND (DAGE < 55].","
[ASK IF GENDER = FEMALE AND MAIL_GRP = 1 AND (DAGE < 55].
PREG
SA

Are you pregnant at present?","PREG","candidate"
"react1.r19.individual","19","response_option","2.   Yes, my child has – [ ONLY Mail_grp3 OR for Mailgrp2 IF INDCONFPARENT=1]","1.   Yes, I have
2.   Yes, my child has – [ ONLY Mail_grp3 OR for Mailgrp2 IF INDCONFPARENT=1]
3.   Yes, someone else in my household has
4.   No
5.   Don’t know
","","candidate"
"react1.r19.individual","20","response_option","14.   To get a vaccination [ASK IF Mail_grp1 ONLY]","13.    (BLANK)
14.   To get a vaccination [ASK IF Mail_grp1 ONLY]
15.   To walk a dog/other pet care
10.   For errands (for example, pay bills, withdraw money from bank, visit post office)
11.   I have left/My child has left home for other reasons (please write in)
19.   I have not/My child has not left home in the past 7 days","","candidate"
"react1.r19.individual","21","context_or_wording_needs_review","Please do not include anything done as part of (IF MAIL_GRP1 OR MAIL_GRP2 AND","In the last 7 days have you/has your child done any of the following activities indoors?
Please do not include anything done as part of (IF MAIL_GRP1 OR MAIL_GRP2 AND
INDCONF=1 your job or education/IF MAIL_GRP = 3 OR MAIL_GRP = 2 AND
INDCONFPARENT=1 your child’s education.)

Please select all that apply","","candidate"
"react1.r19.individual","21","context_or_wording_needs_review","INDCONF=1 your job or education/IF MAIL_GRP = 3 OR MAIL_GRP = 2 AND","Please do not include anything done as part of (IF MAIL_GRP1 OR MAIL_GRP2 AND
INDCONF=1 your job or education/IF MAIL_GRP = 3 OR MAIL_GRP = 2 AND
INDCONFPARENT=1 your child’s education.)

Please select all that apply
","","candidate"
"react1.r19.individual","21","context_or_wording_needs_review","INDCONFPARENT=1 your child’s education.)","INDCONF=1 your job or education/IF MAIL_GRP = 3 OR MAIL_GRP = 2 AND
INDCONFPARENT=1 your child’s education.)

Please select all that apply

1. Taken exercise or a class inside at a gym or leisure centre","","candidate"
"react1.r19.individual","21","context_or_wording_needs_review","sporting event, gigs/concerts (not including for IF MAIL_GRP1 OR MAIL_GRP2 AND","10. Other indoor event involving people outside your household e.g. performance,
sporting event, gigs/concerts (not including for IF MAIL_GRP1 OR MAIL_GRP2 AND
INDCONF=1 work IF MAIL_GRP = 3 OR MAIL_GRP = 2 education.)
11. Been to a nightclub (IF MAIL_GRP1 ONLY)
8. Prefer not to say
7. None of these","","candidate"
"react1.r19.individual","21","context_or_wording_needs_review","INDCONF=1 work IF MAIL_GRP = 3 OR MAIL_GRP = 2 education.)","sporting event, gigs/concerts (not including for IF MAIL_GRP1 OR MAIL_GRP2 AND
INDCONF=1 work IF MAIL_GRP = 3 OR MAIL_GRP = 2 education.)
11. Been to a nightclub (IF MAIL_GRP1 ONLY)
8. Prefer not to say
7. None of these
","","candidate"
"react1.r19.individual","21","response_option","11. Been to a nightclub (IF MAIL_GRP1 ONLY)","INDCONF=1 work IF MAIL_GRP = 3 OR MAIL_GRP = 2 education.)
11. Been to a nightclub (IF MAIL_GRP1 ONLY)
8. Prefer not to say
7. None of these

","","candidate"
"react1.r19.individual","21","context_or_wording_needs_review","performance, sporting event, gigs/concerts (not including for IF MAIL_GRP1 OR","Thinking about the last time [you/your child] took part in a public gathering indoors, e.g.
performance, sporting event, gigs/concerts (not including for IF MAIL_GRP1 OR
MAIL_GRP2 AND INDCONF=1 work IF MAIL_GRP = 3 OR MAIL_GRP = 2 education.) how
many people were at the public gathering when [you/your child] attended? If you are not
sure, please give your best guess.
","","candidate"
"react1.r19.individual","21","context_definition_or_continuation","MAIL_GRP2 AND INDCONF=1 work IF MAIL_GRP = 3 OR MAIL_GRP = 2 education.) how","performance, sporting event, gigs/concerts (not including for IF MAIL_GRP1 OR
MAIL_GRP2 AND INDCONF=1 work IF MAIL_GRP = 3 OR MAIL_GRP = 2 education.) how
many people were at the public gathering when [you/your child] attended? If you are not
sure, please give your best guess.

1.   Less than 7","","candidate"
"react1.r19.individual","22","context_or_wording_needs_review","[(IF MAIL_GRP 1 OR MAIL_GRP 2 AND INDCONF=1) Please do not include anything done","
[(IF MAIL_GRP 1 OR MAIL_GRP 2 AND INDCONF=1) Please do not include anything done
as part of your job IF MAIL_GRP 2 AND INDCONF= 1 or education.] IF MAIL_GRP = 3 OR
MAIL_GRP = 2 AND INDCONFPARENT=1 your child’s education.
Please select all that apply.
","","candidate"
"react1.r19.individual","22","context_or_wording_needs_review","as part of your job IF MAIL_GRP 2 AND INDCONF= 1 or education.] IF MAIL_GRP = 3 OR","[(IF MAIL_GRP 1 OR MAIL_GRP 2 AND INDCONF=1) Please do not include anything done
as part of your job IF MAIL_GRP 2 AND INDCONF= 1 or education.] IF MAIL_GRP = 3 OR
MAIL_GRP = 2 AND INDCONFPARENT=1 your child’s education.
Please select all that apply.

1. Played team sports or taken exercise classes outside","","candidate"
"react1.r19.individual","22","context_definition_or_continuation","MAIL_GRP = 2 AND INDCONFPARENT=1 your child’s education.","as part of your job IF MAIL_GRP 2 AND INDCONF= 1 or education.] IF MAIL_GRP = 3 OR
MAIL_GRP = 2 AND INDCONFPARENT=1 your child’s education.
Please select all that apply.

1. Played team sports or taken exercise classes outside
2. Visited an outdoor public swimming pool","","candidate"
"react1.r19.individual","22","context_or_wording_needs_review","gigs/concerts (not including for IF MAIL_GRP1 OR MAIL_GRP2 AND INDCONF=1","6. Other public gathering outside e.g. watching sports, demonstration, performance,
gigs/concerts (not including for IF MAIL_GRP1 OR MAIL_GRP2 AND INDCONF=1
work IF MAIL_GRP = 3 OR MAIL_GRP = 2 education.)
7. None of these
8. Prefer not to say
","","candidate"
"react1.r19.individual","22","context_or_wording_needs_review","work IF MAIL_GRP = 3 OR MAIL_GRP = 2 education.)","gigs/concerts (not including for IF MAIL_GRP1 OR MAIL_GRP2 AND INDCONF=1
work IF MAIL_GRP = 3 OR MAIL_GRP = 2 education.)
7. None of these
8. Prefer not to say

","","candidate"
"react1.r19.individual","23","context_or_wording_needs_review","please count them only once. [IF Mail_Grp 2 or Mail_Grp 3 Do not include contact at school].","have contact with yesterday? If you/they had contact with a person more than one time,
please count them only once. [IF Mail_Grp 2 or Mail_Grp 3 Do not include contact at school].

Your answers will be kept strictly confidential.

By contact we mean:","","candidate"
"react1.r19.individual","24","context_or_wording_needs_review","1 person who is not a member of your household. Which of the following age groups was","You said that yesterday you/your child came into contact with CONTACT1[IF CONTACT 1=1
1 person who is not a member of your household. Which of the following age groups was
this person in?] [IF CONTACT1=2+ ""X people who are not members of your household].
How many of those were in each of the following age groups?

1.    0 to 17 years old (enter number)","","candidate"
"react1.r19.individual","24","context_or_wording_needs_review","How many of those were in each of the following age groups?","this person in?] [IF CONTACT1=2+ ""X people who are not members of your household].
How many of those were in each of the following age groups?

1.    0 to 17 years old (enter number)
2.    18 to 34 years old (enter number)
3.    35 to 64 years old (enter number)","","candidate"
"react1.r19.individual","24","gate_or_option_instruction","IF CONTACT1 = 1+ AND LEAVE2=1 AND MAIL_GRP1","
IF CONTACT1 = 1+ AND LEAVE2=1 AND MAIL_GRP1

CONTACT5

You said that yesterday you came into contact with CONTACT1 people who are not","CONTACT5","candidate"
"react1.r19.individual","30","response_option","2.   Yes, my child did – [ ONLY Mail_grp3 OR for Mailgrp2 IF INDCONFPARENT=1]","1.   Yes, I did
2.   Yes, my child did – [ ONLY Mail_grp3 OR for Mailgrp2 IF INDCONFPARENT=1]
3.   Yes, someone else in my household did
4.   No
5.   Don’t know
","","candidate"
"react1.r19.individual","30","gate_or_option_instruction","ASK IF MAIL_GRP3 OR (MAIL_GRP2 AND INDCONF=1) OR MAIL_GRP1","
ASK IF MAIL_GRP3 OR (MAIL_GRP2 AND INDCONF=1) OR MAIL_GRP1
SELFISOPOS1

From 24 February 2022, those who test positive are advised to stay at home and avoid
contact with other people but are not required by law to self-isolate.","SELFISOPOS1","candidate"
"react1.r19.individual","31","gate_or_option_instruction","ASK IF MAIL_GRP3 OR (MAIL_GRP2 AND INDCONF=1) OR MAIL_GRP1","
ASK IF MAIL_GRP3 OR (MAIL_GRP2 AND INDCONF=1) OR MAIL_GRP1
SELFISOPOS2

If one of your close contacts (for example someone you live with) tested positive for COVID-
19, would you take any of the following precautions?","SELFISOPOS2_1|SELFISOPOS2_2|SELFISOPOS2_3|SELFISOPOS2_4|SELFISOPOS2_5|SELFISOPOS2_6|SELFISOPOS2_7|SELFISOPOS2_8|SELFISOPOS2_9","candidate"
"react1.r19.individual","32","context_or_wording_needs_review","Have you been contacted by NHS Test and Trace [IF MAIL_GRP 3 OR Mail_Grp 2 AND","
Have you been contacted by NHS Test and Trace [IF MAIL_GRP 3 OR Mail_Grp 2 AND
INDCONFPARENT=1] about your child] in the last month (that is since DATE)? Please
include being notified or “pinged” by the NHS app.

1.    Yes","COVIDTETR","candidate"
"react1.r19.individual","32","context_or_wording_needs_review","INDCONFPARENT=1] about your child] in the last month (that is since DATE)? Please","Have you been contacted by NHS Test and Trace [IF MAIL_GRP 3 OR Mail_Grp 2 AND
INDCONFPARENT=1] about your child] in the last month (that is since DATE)? Please
include being notified or “pinged” by the NHS app.

1.    Yes
2.    No","","candidate"
"react1.r19.individual","33","context_or_wording_needs_review","How were you contacted [IF MAIL_GRP 3 OR Mail_Grp 2 AND INDCONFPARENT=1] about","
How were you contacted [IF MAIL_GRP 3 OR Mail_Grp 2 AND INDCONFPARENT=1] about
your child] by NHS Test and Trace?
PLEASE SELECT ALL THAT APPLY

1.     Contacted via the app (pinged)","TETAHOW_1|TETAHOW_2|TETAHOW_3|TETAHOW_4|TETAHOW_7|TETAHOW_5|TETAHOW_6","candidate"
"react1.r19.individual","34","gate_or_option_instruction","If NHSCONTACTS2 =2 OR 4 AND (MAIL_GRP3, MAIL_Grp1 or (MAIL_GRP2 AND","
If NHSCONTACTS2 =2 OR 4 AND (MAIL_GRP3, MAIL_Grp1 or (MAIL_GRP2 AND
INDCONF=1)).
NHSCONTACTSNO

Which of the following reasons describe why you did not provide (IF NHSCONTACTS2=2:","NHSCONTACTSNO_1|NHSCONTACTSNO_2|NHSCONTACTSNO_3|NHSCONTACTSNO_4|NHSCONTACTSNO_5|NHSCONTACTSNO_6|NHSCONTACTSNO_7|NHSCONTACTSNO_8|NHSCONTACTSNO_8_OTHER|NHSCONTACTSNO_9","candidate"
"react1.r19.individual","34","context_or_wording_needs_review","Have you/Has your child had the flu vaccination (“flu jab”) [IF MAIL_GRP2 OR MAIL_GRP3","
Have you/Has your child had the flu vaccination (“flu jab”) [IF MAIL_GRP2 OR MAIL_GRP3
“or the nasal spray vaccine”] since 1 September 2021?

1.    Yes
2.    No but planning to have it","FLUVACC","candidate"
"react1.r19.individual","35","context_or_wording_needs_review","When did you/your child have the flu vaccination (“flu jab”) [IF MAIL_GRP2 OR MAIL_GRP3","
When did you/your child have the flu vaccination (“flu jab”) [IF MAIL_GRP2 OR MAIL_GRP3
“or the nasal spray vaccine”]?

If you can’t remember exactly when, please enter your best guess
","FLUVACCDATE","candidate"
"react1.r19.individual","35","gate_or_option_instruction","ASK MAIL_GRP1 OR MAIL_GRP2 OR MAIL_GRP3 (AGED 12+)","
ASK MAIL_GRP1 OR MAIL_GRP2 OR MAIL_GRP3 (AGED 12+)

CALCULATE AGE FROM SAMPLE INFORMATION (assume day is 15 of month)

VACCINE3SYM","VACCINE3SYM","candidate"
"react1.r19.individual","35","context_or_wording_needs_review","CALCULATE AGE FROM SAMPLE INFORMATION (assume day is 15 of month)","
CALCULATE AGE FROM SAMPLE INFORMATION (assume day is 15 of month)

VACCINE3SYM

We asked you this at when you registered to receive a swab test kit but we would just like to","VACCINE3SYM","candidate"
"react1.r19.individual","38","context_or_wording_needs_review","GENDER = FEMALE AND MAIL_GRP = 1 AND (DAGE < 55]","25.   I am pregnant/breastfeeding and afraid of the effects on my baby [ASK IF
GENDER = FEMALE AND MAIL_GRP = 1 AND (DAGE < 55]
22.   Other (please specify) OPEN – FIX
24.   None of these – I/They will definitely get the coronavirus booster vaccine FIX –
SINGLE CODE
23.   Don't know FIX – SINGLE CODE","","candidate"
"react1.r19.individual","39","gate_or_option_instruction","IF VACCINE3SYM = 2 or 3 AND (MAIL_GRP2 AND INDCONF=1) OR MAIL_GRP1.","
IF VACCINE3SYM = 2 or 3 AND (MAIL_GRP2 AND INDCONF=1) OR MAIL_GRP1.
VACCINEAPP1

Have you/Has your child been offered a coronavirus vaccine?
","VACCINEAPP1","candidate"
"react1.r19.individual","39","gate_or_option_instruction","IF VACCINEAPP1 =2, 3 or 4 AND (MAIL_GRP2 AND INDCONF=1) OR MAIL_GRP1.","
IF VACCINEAPP1 =2, 3 or 4 AND (MAIL_GRP2 AND INDCONF=1) OR MAIL_GRP1.
VACCINEACCEPT

Would you/they accept a coronavirus vaccine if offered?
","VACCINEACCEPT","candidate"
"react1.r19.individual","40","gate_or_option_instruction","IF VACCINEACCEPT=2 or 3 AND (Mail_Grp 2 AND INDCONF=1) OR MAIL_GRP1","
IF VACCINEACCEPT=2 or 3 AND (Mail_Grp 2 AND INDCONF=1) OR MAIL_GRP1
VACCRUFUSE1

[RANDOMISE LIST]
","VACCRUFUSE1_1|VACCRUFUSE1_2|VACCRUFUSE1_3|VACCRUFUSE1_4|VACCRUFUSE1_5|VACCRUFUSE1_6|VACCRUFUSE1_7|VACCRUFUSE1_8|VACCRUFUSE1_9|VACCRUFUSE1_10|VACCRUFUSE1_11|VACCRUFUSE1_12|VACCRUFUSE1_13|VACCRUFUSE1_14|VACCRUFUSE1_15|VACCRUFUSE1_16|VACCRUFUSE1_17|VACCRUFUSE1_18|VACCRUFUSE1_21|VACCRUFUSE1_22|VACCRUFUSE1_23|VACCRUFUSE1_24|VACCRUFUSE1_19|VACCRUFUSE1_19_OTHER|VACCRUFUSE1_20","candidate"
"react1.r19.individual","40","context_or_wording_needs_review","GENDER = FEMALE AND MAIL_GRP = 1 AND (DAGE < 55].","14. I am pregnant/breastfeeding and afraid of the effects on my baby [ASK IF
GENDER = FEMALE AND MAIL_GRP = 1 AND (DAGE < 55].
15. The impact of COVID-19 is being greatly exaggerated
16. I don't trust the people who have developed the vaccine
17. So long as most other people get the vaccine then it doesn't matter if I don't
21. I am concerned that it will affect my fertility","","candidate"
"react1.r19.individual","40","response_option","24. I think I am too young to have the vaccination (ASK IF Mail_Grp 2 AND","23. I have had bad reactions in the past to vaccinations
24. I think I am too young to have the vaccination (ASK IF Mail_Grp 2 AND
INDCONF=1)
19. Other (please write in)
20. Prefer not to say
","","candidate"
"react1.r19.individual","41","context_or_wording_needs_review","VACCINEAPP2 =2 AND (Mail_Grp 1 OR (Mail_Grp 2 AND INDCONF=1))","
VACCINEAPP2 =2 AND (Mail_Grp 1 OR (Mail_Grp 2 AND INDCONF=1))
VACCREFUSE2

[RANDOMISE LIST]
","","candidate"
"react1.r19.individual","41","context_or_wording_needs_review","GENDER = FEMALE AND MAIL_GRP = 1 AND (DAGE < 55].","14.   I am pregnant/breastfeeding and afraid of the effects on my baby [ASK IF
GENDER = FEMALE AND MAIL_GRP = 1 AND (DAGE < 55].
15.   The impact of COVID-19 is being greatly exaggerated
16.   I don't trust the people who have developed the vaccine
17.   So long as most other people get the vaccine then it doesn't matter if I don't
21.   I am concerned that it will affect my fertility","","candidate"
"react1.r19.individual","41","response_option","24.   I think I am too young to have the vaccination (ASK IF Mail_Grp 2 AND","23.   I have had bad reactions in the past to vaccinations
24.   I think I am too young to have the vaccination (ASK IF Mail_Grp 2 AND
INDCONF=1)
19.   Other (please write in)
20.    Prefer not to say
","","candidate"
"react1.r19.individual","42","gate_or_option_instruction","ASK ALL Mail_Grp 1","
ASK ALL Mail_Grp 1
EDUC
What is your highest educational qualification? This means any educational, professional,
vocational or other work-related qualifications for which you received a certificate.
Please select one answer","EDUC","candidate"
"react1.r19.individual","43","gate_or_option_instruction","IF MAIL_GRP1 AND EMPL = 7","
IF MAIL_GRP1 AND EMPL = 7
EDTYPE

This term are you studying…
","EDTYPE","candidate"
"react1.r19.individual","44","gate_or_option_instruction","IF MAIL_GRP1 AND EMPL = 7","
IF MAIL_GRP1 AND EMPL = 7
CAMPUS2

Where are you currently living?
","CAMPUS2","candidate"
"react1.r19.individual","44","response_option","6.    Parents’ or guardians’ home","5.    Your own home which you own
6.    Parents’ or guardians’ home
7.    Other


IF CAMPUS2=4, 5, 6, 7","","candidate"
"react1.r19.individual","46","context_definition_or_continuation","MAIL_GRP=1 OR MAIL_GRP=2 AND EMPL=1 to 3 “workplace”, IF MAIL_GRP=1 OR","In the last two weeks, that is since <DAY/MONTH>, has anyone in your/your child’s [IF
MAIL_GRP=1 OR MAIL_GRP=2 AND EMPL=1 to 3 “workplace”, IF MAIL_GRP=1 OR
(MAIL_GRP=2 AND EMPL=7)“school or college”, IF MAIL_GRP3 “school”] tested positive
for COVID-19 as far as you know?

1.    Yes","","candidate"
"react1.r19.individual","46","context_or_wording_needs_review","(MAIL_GRP=2 AND EMPL=7)“school or college”, IF MAIL_GRP3 “school”] tested positive","MAIL_GRP=1 OR MAIL_GRP=2 AND EMPL=1 to 3 “workplace”, IF MAIL_GRP=1 OR
(MAIL_GRP=2 AND EMPL=7)“school or college”, IF MAIL_GRP3 “school”] tested positive
for COVID-19 as far as you know?

1.    Yes
2.    No","","candidate"
"react1.r19.individual","47","gate_or_option_instruction","ASK ALL MAIL_GRP1 OR MAIL_GRP3 ONLY","
ASK ALL MAIL_GRP1 OR MAIL_GRP3 ONLY
COV_PayEx2

How well would you say your household is managing financially these days? Would you say
your household is...","COV_PAYEX2","candidate"
"react1.r19.individual","50","gate_or_option_instruction","ASK Mail_Grp=1","
ASK Mail_Grp=1
SMOKENOW

Do you smoke cigarettes at all nowadays?
","SMOKENOW","candidate"
"react1.r19.individual","51","gate_or_option_instruction","ASK Mailgrp=1","
ASK Mailgrp=1
VAPNOW

Do you vape/use e-cigarettes at all nowadays?
","VAPNOW","candidate"
"react1.r19.registration","3","context_or_wording_needs_review","There are 3 groups corresponding to Mail_Grp i.e. u_mail_grp","received inviting you to take part in this study.
There are 3 groups corresponding to Mail_Grp i.e. u_mail_grp
Mail_Grp                                       Age group
Mail_Grp=1                                     18+
Mail_Grp=2                                     13-17
Mail_grp=3                                     5-12","","candidate"
"react1.r19.registration","3","context_definition_or_continuation","Mail_Grp                                       Age group","There are 3 groups corresponding to Mail_Grp i.e. u_mail_grp
Mail_Grp                                       Age group
Mail_Grp=1                                     18+
Mail_Grp=2                                     13-17
Mail_grp=3                                     5-12
","","candidate"
"react1.r19.registration","3","context_definition_or_continuation","Mail_Grp=1                                     18+","Mail_Grp                                       Age group
Mail_Grp=1                                     18+
Mail_Grp=2                                     13-17
Mail_grp=3                                     5-12

","","candidate"
"react1.r19.registration","3","context_definition_or_continuation","Mail_Grp=2                                     13-17","Mail_Grp=1                                     18+
Mail_Grp=2                                     13-17
Mail_grp=3                                     5-12


","","candidate"
"react1.r19.registration","3","context_definition_or_continuation","Mail_grp=3                                     5-12","Mail_Grp=2                                     13-17
Mail_grp=3                                     5-12



","","candidate"
"react1.r19.registration","4","gate_or_option_instruction","ASK Mail_Grp=1 AND Mail_Grp=2 This survey is for [u_firstname] [u_name]. Are you","INDCONF
ASK Mail_Grp=1 AND Mail_Grp=2 This survey is for [u_firstname] [u_name]. Are you
[FF_Surname] [FF_Surname]?
IF CHILD is Mail_Grp=3 Are you the parent or guardian of [u_firstname] [u_name]?
Please select one answer
","INDCONF","candidate"
"react1.r19.registration","4","gate_or_option_instruction","IF CHILD is Mail_Grp=3 Are you the parent or guardian of [u_firstname] [u_name]?","[FF_Surname] [FF_Surname]?
IF CHILD is Mail_Grp=3 Are you the parent or guardian of [u_firstname] [u_name]?
Please select one answer

1.    Yes
2.    No","","candidate"
"react1.r19.registration","4","gate_or_option_instruction","IF INDCONF = 2 AND Mail_Grp=2","
IF INDCONF = 2 AND Mail_Grp=2
INDCONFPARENT
This survey is intended for [FF_Surname] [FF_Surname ]. If you are the parent or guardian
of [FF_Surname] [FF_Surname ] you can complete the survey on their behalf. Are you the
parent or guardian of [FF_Surname] [FF_Surname ]?","INDCONFPARENT","candidate"
"react1.r19.registration","4","context_or_wording_needs_review","INDCONFPARENT","IF INDCONF = 2 AND Mail_Grp=2
INDCONFPARENT
This survey is intended for [FF_Surname] [FF_Surname ]. If you are the parent or guardian
of [FF_Surname] [FF_Surname ] you can complete the survey on their behalf. Are you the
parent or guardian of [FF_Surname] [FF_Surname ]?
1.    Yes","","candidate"
"react1.r19.registration","4","context_or_wording_needs_review","This survey is intended for [FF_Surname] [FF_Surname ]. If you are the parent or guardian","INDCONFPARENT
This survey is intended for [FF_Surname] [FF_Surname ]. If you are the parent or guardian
of [FF_Surname] [FF_Surname ] you can complete the survey on their behalf. Are you the
parent or guardian of [FF_Surname] [FF_Surname ]?
1.    Yes
2.    No","INDCONFPARENT","candidate"
"react1.r19.registration","4","context_or_wording_needs_review","parent or guardian of [FF_Surname] [FF_Surname ]?","of [FF_Surname] [FF_Surname ] you can complete the survey on their behalf. Are you the
parent or guardian of [FF_Surname] [FF_Surname ]?
1.    Yes
2.    No

","","candidate"
"react1.r19.registration","4","gate_or_option_instruction","IF INDCONFPARENT=2 OR INDCONF=2 AND Mail_Grp=3","
IF INDCONFPARENT=2 OR INDCONF=2 AND Mail_Grp=3
CLOSE1
“We thank you for your time spent taking this survey.”
TERMINATE
","","candidate"
"react1.r19.registration","4","gate_or_option_instruction","IF INDCONF =2 AND Mail_Grp=1","
IF INDCONF =2 AND Mail_Grp=1
INDCONFCARER
This survey is intended for [FF_Surname] [FF_Surname ]. If you are a carer for
[FF_Surname] [FF_Surname ], or they need assistance, you can help them to complete the
survey. Are you a carer for [FF_Surname] [FF_Surname ], or assisting them?","INDCONFCARER","candidate"
"react1.r19.registration","4","context_or_wording_needs_review","INDCONFCARER","IF INDCONF =2 AND Mail_Grp=1
INDCONFCARER
This survey is intended for [FF_Surname] [FF_Surname ]. If you are a carer for
[FF_Surname] [FF_Surname ], or they need assistance, you can help them to complete the
survey. Are you a carer for [FF_Surname] [FF_Surname ], or assisting them?
1.    Yes","","candidate"
"react1.r19.registration","4","context_or_wording_needs_review","This survey is intended for [FF_Surname] [FF_Surname ]. If you are a carer for","INDCONFCARER
This survey is intended for [FF_Surname] [FF_Surname ]. If you are a carer for
[FF_Surname] [FF_Surname ], or they need assistance, you can help them to complete the
survey. Are you a carer for [FF_Surname] [FF_Surname ], or assisting them?
1.    Yes
2.    No","INDCONFCARER","candidate"
"react1.r19.registration","4","context_or_wording_needs_review","survey. Are you a carer for [FF_Surname] [FF_Surname ], or assisting them?","[FF_Surname] [FF_Surname ], or they need assistance, you can help them to complete the
survey. Are you a carer for [FF_Surname] [FF_Surname ], or assisting them?
1.    Yes
2.    No

","","candidate"
"react1.r19.registration","4","gate_or_option_instruction","IF INDCONFCARER =2","
IF INDCONFCARER =2
CLOSE1
“We thank you for your time spent taking this survey.”
TERMINATE
","","candidate"
"react1.r19.registration","5","wording_only","IF 5-12 OR (13-17 INDCONFPARENT =1) Textfill is “your child”","IF 18+ OR (13-17 INDCONF=1) Textfill is “your”
IF 5-12 OR (13-17 INDCONFPARENT =1) Textfill is “your child”


ASK ALL
DOB","","candidate"
"react1.r19.registration","5","context_definition_or_continuation","Mail_Grp=1     18+        YEAR RANGE             “Our records suggest you are aged 17 or","AGE
Mail_Grp=1     18+        YEAR RANGE             “Our records suggest you are aged 17 or
1900 -2005 4           over, please check your answer.”
Mail_Grp=2     13-17      YEAR RANGE             “Our records suggest [IF INDCONF = 1:
2004 - 2010            you are/IF INCONFPARENT = 1 your child
is] aged between 12 and 18, please check","AGE","candidate"
"react1.r19.registration","5","context_definition_or_continuation","Mail_Grp=2     13-17      YEAR RANGE             “Our records suggest [IF INDCONF = 1:","1900 -2005 4           over, please check your answer.”
Mail_Grp=2     13-17      YEAR RANGE             “Our records suggest [IF INDCONF = 1:
2004 - 2010            you are/IF INCONFPARENT = 1 your child
is] aged between 12 and 18, please check
your answer”
Mail_grp=3     5-12       YEAR RANGE –           “Our records suggest your child is aged","","candidate"
"react1.r19.registration","5","context_or_wording_needs_review","2004 - 2010            you are/IF INCONFPARENT = 1 your child","Mail_Grp=2     13-17      YEAR RANGE             “Our records suggest [IF INDCONF = 1:
2004 - 2010            you are/IF INCONFPARENT = 1 your child
is] aged between 12 and 18, please check
your answer”
Mail_grp=3     5-12       YEAR RANGE –           “Our records suggest your child is aged
2009 - 2017            between 5 and 13, please check your","","candidate"
"react1.r19.registration","5","context_or_wording_needs_review","is] aged between 12 and 18, please check","2004 - 2010            you are/IF INCONFPARENT = 1 your child
is] aged between 12 and 18, please check
your answer”
Mail_grp=3     5-12       YEAR RANGE –           “Our records suggest your child is aged
2009 - 2017            between 5 and 13, please check your
answer”","","candidate"
"react1.r19.registration","5","context_definition_or_continuation","Mail_grp=3     5-12       YEAR RANGE –           “Our records suggest your child is aged","your answer”
Mail_grp=3     5-12       YEAR RANGE –           “Our records suggest your child is aged
2009 - 2017            between 5 and 13, please check your
answer”

","","candidate"
"react1.r19.registration","5","context_or_wording_needs_review","What was your/your child’s age at your/their last birthday?","AGE
What was your/your child’s age at your/their last birthday?
[OPEN NUMERIC BOX AND APPLY TO AGE GROUPS AS OUTLINED BELOW BUT
ALLOW PAST]
GROUP          GROUP ALLOW RANGE                 ERROR MESSAGE
AGE","AGE","candidate"
"react1.r19.registration","5","context_or_wording_needs_review","[OPEN NUMERIC BOX AND APPLY TO AGE GROUPS AS OUTLINED BELOW BUT","What was your/your child’s age at your/their last birthday?
[OPEN NUMERIC BOX AND APPLY TO AGE GROUPS AS OUTLINED BELOW BUT
ALLOW PAST]
GROUP          GROUP ALLOW RANGE                 ERROR MESSAGE
AGE
Mail_Grp=1     18+        RANGE 17 -112          “Our records suggest you are aged 17 or","","candidate"
"react1.r19.registration","5","context_definition_or_continuation","Mail_Grp=1     18+        RANGE 17 -112          “Our records suggest you are aged 17 or","AGE
Mail_Grp=1     18+        RANGE 17 -112          “Our records suggest you are aged 17 or
over, please check your answer.”
Mail_Grp=2     13-17      RANGE 12-18            “Our records suggest [IF INDCONF = 1:
you are/IF INCONFPARENT = 1 your child
is] aged between 12 and 18, please check","AGE","candidate"
"react1.r19.registration","5","context_definition_or_continuation","Mail_Grp=2     13-17      RANGE 12-18            “Our records suggest [IF INDCONF = 1:","over, please check your answer.”
Mail_Grp=2     13-17      RANGE 12-18            “Our records suggest [IF INDCONF = 1:
you are/IF INCONFPARENT = 1 your child
is] aged between 12 and 18, please check
your answer”
Mail_grp=3     5-12       RANGE 5- 13            “Our records suggest your child is aged","","candidate"
"react1.r19.registration","5","context_or_wording_needs_review","you are/IF INCONFPARENT = 1 your child","Mail_Grp=2     13-17      RANGE 12-18            “Our records suggest [IF INDCONF = 1:
you are/IF INCONFPARENT = 1 your child
is] aged between 12 and 18, please check
your answer”
Mail_grp=3     5-12       RANGE 5- 13            “Our records suggest your child is aged
between 5 and 13, please check your","","candidate"
"react1.r19.registration","5","context_or_wording_needs_review","is] aged between 12 and 18, please check","you are/IF INCONFPARENT = 1 your child
is] aged between 12 and 18, please check
your answer”
Mail_grp=3     5-12       RANGE 5- 13            “Our records suggest your child is aged
between 5 and 13, please check your
answer”","","candidate"
"react1.r19.registration","5","context_definition_or_continuation","Mail_grp=3     5-12       RANGE 5- 13            “Our records suggest your child is aged","your answer”
Mail_grp=3     5-12       RANGE 5- 13            “Our records suggest your child is aged
between 5 and 13, please check your
answer”

","","candidate"
"react1.r19.registration","6","context_or_wording_needs_review","DAGE [Derived age for filter questions)","IF PREFER NOT TO SAY
DAGE [Derived age for filter questions)

IF GIVE A DOB AT DOB OR PREFER NOT TO SAY AT AGE: CALCULATE AGE FROM
SAMPLE INFORMATION (assume day is 15 of month)
","","candidate"
"react1.r19.registration","6","gate_or_option_instruction","IF GIVE A DOB AT DOB OR PREFER NOT TO SAY AT AGE: CALCULATE AGE FROM","
IF GIVE A DOB AT DOB OR PREFER NOT TO SAY AT AGE: CALCULATE AGE FROM
SAMPLE INFORMATION (assume day is 15 of month)

OTHERWISE USE AGE FROM AGE FOR FILTERING
","","candidate"
"react1.r19.registration","6","context_or_wording_needs_review","OTHERWISE USE AGE FROM AGE FOR FILTERING","
OTHERWISE USE AGE FROM AGE FOR FILTERING


IF Mail_Grp=3
AGEPARENT","","candidate"
"react1.r19.registration","6","gate_or_option_instruction","IF Mail_Grp=3","
IF Mail_Grp=3
AGEPARENT

What was your age at your last birthday?
","AGEPARENT","candidate"
"react1.r19.registration","6","context_or_wording_needs_review","AGEPARENT","IF Mail_Grp=3
AGEPARENT

What was your age at your last birthday?

[OPEN NUMERIC BOX, RANGE 16– 112]","","candidate"
"react1.r19.registration","6","context_or_wording_needs_review","What was your age at your last birthday?","
What was your age at your last birthday?

[OPEN NUMERIC BOX, RANGE 16– 112]
1.    Prefer not to say
","AGEPARENT","candidate"
"react1.r19.registration","6","gate_or_option_instruction","IF AGED 13-15 AND MAIL_GRP2","
IF AGED 13-15 AND MAIL_GRP2
PARCONS

Does your parent or guardian give you permission to take part in this study?
","PARCONS","candidate"
"react1.r19.registration","6","context_or_wording_needs_review","Does your parent or guardian give you permission to take part in this study?","
Does your parent or guardian give you permission to take part in this study?

1.    Yes
2.    No
","PARCONS","candidate"
"react1.r19.registration","6","context_or_wording_needs_review","Please ask your parent or guardian for permission to complete the survey. Once they have","
Please ask your parent or guardian for permission to complete the survey. Once they have
agreed for you to take part, please log back in to the survey.""
TERMINATE

","","candidate"
"react1.r19.registration","6","context_or_wording_needs_review","Please write in the full name of your parent/carer who has agreed that you can take part:","
Please write in the full name of your parent/carer who has agreed that you can take part:
{text box}


[IF NUMERIC VALUE IS ENTERED DISPLAY ERROR MESSAGE ‘Please check your","PARNAME","candidate"
"react1.r19.registration","7","gate_or_option_instruction","IF AGED Mail_Grp=1 OR Mail_Grp=3 OR (Mail_Grp=2 INDCONFPARENT =1)","Household composition
IF AGED Mail_Grp=1 OR Mail_Grp=3 OR (Mail_Grp=2 INDCONFPARENT =1)
NADULTS

Including yourself, how many adults aged 18 and over currently live in your household?
","NADULTS","candidate"
"react1.r19.registration","7","context_or_wording_needs_review","Including yourself, how many adults aged 18 and over currently live in your household?","
Including yourself, how many adults aged 18 and over currently live in your household?

INFO: Who should I include? Include all adults aged 18 and over, including any young
people aged 18 or over. Include young people who regularly spend part of the week in your
household. Include yourself.","NADULTS","candidate"
"react1.r19.registration","7","context_or_wording_needs_review","INFO: Who should I include? Include all adults aged 18 and over, including any young","
INFO: Who should I include? Include all adults aged 18 and over, including any young
people aged 18 or over. Include young people who regularly spend part of the week in your
household. Include yourself.

NUMERIC 1...","","candidate"
"react1.r19.registration","7","context_or_wording_needs_review","people aged 18 or over. Include young people who regularly spend part of the week in your","INFO: Who should I include? Include all adults aged 18 and over, including any young
people aged 18 or over. Include young people who regularly spend part of the week in your
household. Include yourself.

NUMERIC 1...
","","candidate"
"react1.r19.registration","7","context_or_wording_needs_review","[Show multiple rows up for number of adults aged Mail_Grp=1 in household ALLOW RANGE","
[Show multiple rows up for number of adults aged Mail_Grp=1 in household ALLOW RANGE
18 -112]
[IF MORE THAN 10 ADULTS ENTERED AT NADULTS ALLOW ONLY 10 ROWS FOR
NUMBER OF ADULTS]
","","candidate"
"react1.r19.registration","7","context_or_wording_needs_review","Header: Age in Years","
Header: Age in Years

Rows for each adult:

First adult","","candidate"
"react1.r19.registration","8","gate_or_option_instruction","IF Mail_Grp1 OR Mail_Grp=2 ANDINDCONF = 1.","
IF Mail_Grp1 OR Mail_Grp=2 ANDINDCONF = 1.
NADULTS1

How many adults aged 18 and over currently live in your household?
","NADULTS1","candidate"
"react1.r19.registration","8","context_or_wording_needs_review","How many adults aged 18 and over currently live in your household?","
How many adults aged 18 and over currently live in your household?

INFO: Who should I include? Include all adults aged 18 and over, including any young
people aged 18 or over. Include young people who regularly spend part of the week in your
household.","NADULTS1","candidate"
"react1.r19.registration","8","context_or_wording_needs_review","INFO: Who should I include? Include all adults aged 18 and over, including any young","
INFO: Who should I include? Include all adults aged 18 and over, including any young
people aged 18 or over. Include young people who regularly spend part of the week in your
household.

NUMERIC 1...","","candidate"
"react1.r19.registration","8","context_or_wording_needs_review","people aged 18 or over. Include young people who regularly spend part of the week in your","INFO: Who should I include? Include all adults aged 18 and over, including any young
people aged 18 or over. Include young people who regularly spend part of the week in your
household.

NUMERIC 1...
","","candidate"
"react1.r19.registration","8","context_or_wording_needs_review","[Show multiple rows up for number of adults aged Mail_Grp=1 in household ALLOW RANGE","
[Show multiple rows up for number of adults aged Mail_Grp=1 in household ALLOW RANGE
18 -112]

[IF MORE THAN 10 ADULTS ENTERED AT NADULTS1 ALLOW ONLY 10 ROWS FOR
NUMBER OF ADULTS]","","candidate"
"react1.r19.registration","8","context_or_wording_needs_review","Header: Age in Years","
Header: Age in Years

Rows for each adult:

First adult","","candidate"
"react1.r19.registration","9","gate_or_option_instruction","IF Mail_Grp=1 or Mail_Grp=3 or (Mail_Grp=2 and INDCONFPARENT =1)","
IF Mail_Grp=1 or Mail_Grp=3 or (Mail_Grp=2 and INDCONFPARENT =1)
NCHILD
How many children or young people aged 0 to 17 years currently live in your household?

INFO: Who should I include?","NCHILD","candidate"
"react1.r19.registration","9","context_or_wording_needs_review","How many children or young people aged 0 to 17 years currently live in your household?","NCHILD
How many children or young people aged 0 to 17 years currently live in your household?

INFO: Who should I include?
Include all children aged 0-17 in your household, whether or not they are your own children.
Include infants and babies. Include children who regularly spend part of the week in your","NCHILD","candidate"
"react1.r19.registration","9","context_or_wording_needs_review","Include all children aged 0-17 in your household, whether or not they are your own children.","INFO: Who should I include?
Include all children aged 0-17 in your household, whether or not they are your own children.
Include infants and babies. Include children who regularly spend part of the week in your
household.

NOTE FOR PROGRAMMER: IF MAIL_GRP = 3 or (MAIL_GRP=2 AND","","candidate"
"react1.r19.registration","9","context_or_wording_needs_review","NOTE FOR PROGRAMMER: IF MAIL_GRP = 3 or (MAIL_GRP=2 AND","
NOTE FOR PROGRAMMER: IF MAIL_GRP = 3 or (MAIL_GRP=2 AND
INDCONFPARENT=1) IF 0 IS ENTERED, PLEASE BRING UP ERROR MESSAGE:

“You have said that there are no children aged 0-17 in your household. Please remember to
include the child this survey relates to.”","","candidate"
"react1.r19.registration","9","context_or_wording_needs_review","INDCONFPARENT=1) IF 0 IS ENTERED, PLEASE BRING UP ERROR MESSAGE:","NOTE FOR PROGRAMMER: IF MAIL_GRP = 3 or (MAIL_GRP=2 AND
INDCONFPARENT=1) IF 0 IS ENTERED, PLEASE BRING UP ERROR MESSAGE:

“You have said that there are no children aged 0-17 in your household. Please remember to
include the child this survey relates to.”
","","candidate"
"react1.r19.registration","9","context_or_wording_needs_review","“You have said that there are no children aged 0-17 in your household. Please remember to","
“You have said that there are no children aged 0-17 in your household. Please remember to
include the child this survey relates to.”

NUMERIC 0...15
","","candidate"
"react1.r19.registration","9","gate_or_option_instruction","ASK (IF MAIL_GRP1 (AND NCHILD=1+)) OR (MAIL_GRP3 (AND NCHILD=2+))","
ASK (IF MAIL_GRP1 (AND NCHILD=1+)) OR (MAIL_GRP3 (AND NCHILD=2+))
OR (MAIL_GRP2 AND INDCONFPARENT=1 AND NUMBER AT NCHILD=2+)
CHILDAGE

You said that [(IF NUMBER AT NCHILD = 1) there is 1 child or young person] [(IF NUMBER","CHILDAGE_1|CHILDAGE_2|CHILDAGE_3|CHILDAGE_4|CHILDAGE_5|CHILDAGE_6|CHILDAGE_7|CHILDAGE_8|CHILDAGE_9|CHILDAGE_10|CHILDAGE_11|CHILDAGE_12|CHILDAGE_13|CHILDAGE_14|CHILDAGE_15","candidate"
"react1.r19.registration","9","context_or_wording_needs_review","OR (MAIL_GRP2 AND INDCONFPARENT=1 AND NUMBER AT NCHILD=2+)","ASK (IF MAIL_GRP1 (AND NCHILD=1+)) OR (MAIL_GRP3 (AND NCHILD=2+))
OR (MAIL_GRP2 AND INDCONFPARENT=1 AND NUMBER AT NCHILD=2+)
CHILDAGE

You said that [(IF NUMBER AT NCHILD = 1) there is 1 child or young person] [(IF NUMBER
AT NCHILD = 2+) in your household. How old are they?","CHILDAGE_1|CHILDAGE_2|CHILDAGE_3|CHILDAGE_4|CHILDAGE_5|CHILDAGE_6|CHILDAGE_7|CHILDAGE_8|CHILDAGE_9|CHILDAGE_10|CHILDAGE_11|CHILDAGE_12|CHILDAGE_13|CHILDAGE_14|CHILDAGE_15","candidate"
"react1.r19.registration","9","context_or_wording_needs_review","How old are they? [Show multiple rows up for number of children aged 0-17 in household.","You said that there are (NUMBER AT NCHILD) children or young people] in your household.
How old are they? [Show multiple rows up for number of children aged 0-17 in household.
ALLOW RANGE 0-17]
Header: Age in Years
Rows for each child:
First child","","candidate"
"react1.r19.registration","9","context_or_wording_needs_review","Header: Age in Years","ALLOW RANGE 0-17]
Header: Age in Years
Rows for each child:
First child
Second child (and so on)
Columns for each child:","","candidate"
"react1.r19.registration","10","gate_or_option_instruction","IF Mail_Grp=2 (INDCONF = 1)","
IF Mail_Grp=2 (INDCONF = 1)
NCHILD1

Including yourself, how many children or young people aged 0 to 17 years currently live in
your household?","NCHILD1","candidate"
"react1.r19.registration","10","context_or_wording_needs_review","Including yourself, how many children or young people aged 0 to 17 years currently live in","
Including yourself, how many children or young people aged 0 to 17 years currently live in
your household?

INFO: Who should I include?
Include all children aged 0-17 in your household, whether or not they are your own children.","NCHILD1","candidate"
"react1.r19.registration","10","context_or_wording_needs_review","Include all children aged 0-17 in your household, whether or not they are your own children.","INFO: Who should I include?
Include all children aged 0-17 in your household, whether or not they are your own children.
Include infants and babies. Include children who regularly spend part of the week in your
household. Include yourself.

NUMERIC 0...15","","candidate"
"react1.r19.registration","10","context_or_wording_needs_review","[Show multiple rows up for number of children aged 0-17 in household]","children or young people] other than you in your household. How old are they?
[Show multiple rows up for number of children aged 0-17 in household]
Header: Age in Years
Rows for each child:
First child
Second child (and so on)","","candidate"
"react1.r19.registration","10","context_or_wording_needs_review","Header: Age in Years","[Show multiple rows up for number of children aged 0-17 in household]
Header: Age in Years
Rows for each child:
First child
Second child (and so on)
Columns for each child:","","candidate"
"react1.r19.registration","10","gate_or_option_instruction","IF Mail_Grp=1 OR Mail_Grp=3 OR (16-17 INDCONF =1) Are you …","WORKTYP1
IF Mail_Grp=1 OR Mail_Grp=3 OR (16-17 INDCONF =1) Are you …
OR (16-17 INDCONFPARENT =1) Is your child….

WORKTYP1
Are you …/Is your child","WORKTYP1_1|WORKTYP1_2|WORKTYP1_3|WORKTYP1_4|WORKTYP1_5|WORKTYP1_6|WORKTYP1_7","candidate"
"react1.r19.registration","10","context_or_wording_needs_review","OR (16-17 INDCONFPARENT =1) Is your child….","IF Mail_Grp=1 OR Mail_Grp=3 OR (16-17 INDCONF =1) Are you …
OR (16-17 INDCONFPARENT =1) Is your child….

WORKTYP1
Are you …/Is your child
","WORKTYP1_1|WORKTYP1_2|WORKTYP1_3|WORKTYP1_4|WORKTYP1_5|WORKTYP1_6|WORKTYP1_7","candidate"
"react1.r19.registration","12","gate_or_option_instruction","IF (MAILGRP=1 OR 3 AND NADULTS=2+) OR IF MAILGRP=2","
IF (MAILGRP=1 OR 3 AND NADULTS=2+) OR IF MAILGRP=2
WORKTYP3

Is anyone <IF WORKTYP1 = 1-5: else> in your household …
","WORKTYP3_1|WORKTYP3_2|WORKTYP3_3|WORKTYP3_4|WORKTYP3_5|WORKTYP3_6|WORKTYP3_7","candidate"
"react1.r19.registration","13","gate_or_option_instruction","ASK MAIL_GRP1 OR MAIL_GRP2 OR MAIL_GRP3 (AGED 12+)","Vaccinations
ASK MAIL_GRP1 OR MAIL_GRP2 OR MAIL_GRP3 (AGED 12+)
CALCULATE AGE FROM SAMPLE INFORMATION (assume day is 15 of month)
VACCINE3

Have you/Has your child ever had a coronavirus vaccine?","VACCINE3","candidate"
"react1.r19.registration","13","context_or_wording_needs_review","CALCULATE AGE FROM SAMPLE INFORMATION (assume day is 15 of month)","ASK MAIL_GRP1 OR MAIL_GRP2 OR MAIL_GRP3 (AGED 12+)
CALCULATE AGE FROM SAMPLE INFORMATION (assume day is 15 of month)
VACCINE3

Have you/Has your child ever had a coronavirus vaccine?
","VACCINE3","candidate"
"react1.r19.registration","16","context_or_wording_needs_review","Group 3 (5-12) OR group 2 INDCONFPARENT=1 ‘my child’","Group 1 (18+) OR group 2 INDCONF=1 Textfill ‘you’
Group 3 (5-12) OR group 2 INDCONFPARENT=1 ‘my child’


ASK ALL RESPCHK
Are you willing to take part in this study?/Are you willing for your child to take part in this","","candidate"
"react1.r19.registration","16","context_or_wording_needs_review","staff and researchers. Nobody will be able to identify you [IF MAIL_GRP3 OR MAIL_GRP2","information will be kept confidential by Ipsos MORI, and approved Imperial College London
staff and researchers. Nobody will be able to identify you [IF MAIL_GRP3 OR MAIL_GRP2
AND INDCONFPARENT =1 “or your child”] in any published results. We will send more
information with the test, and you can withdraw from the study at any time.
Ipsos MORI has a legal obligation to pass on your/your child’s COVID-19 and flu test result
(whether positive, negative or inconclusive) and a small amount of additional data about","","candidate"
"react1.r19.registration","16","context_or_wording_needs_review","AND INDCONFPARENT =1 “or your child”] in any published results. We will send more","staff and researchers. Nobody will be able to identify you [IF MAIL_GRP3 OR MAIL_GRP2
AND INDCONFPARENT =1 “or your child”] in any published results. We will send more
information with the test, and you can withdraw from the study at any time.
Ipsos MORI has a legal obligation to pass on your/your child’s COVID-19 and flu test result
(whether positive, negative or inconclusive) and a small amount of additional data about
[MAIL_GRP1 OR MAIL_GRP2 and INDCONF=1 “you” [IF MAIL_GRP3 “ you and your child”]","","candidate"
"react1.r19.registration","16","context_or_wording_needs_review","[MAIL_GRP1 OR MAIL_GRP2 and INDCONF=1 “you” [IF MAIL_GRP3 “ you and your child”]","(whether positive, negative or inconclusive) and a small amount of additional data about
[MAIL_GRP1 OR MAIL_GRP2 and INDCONF=1 “you” [IF MAIL_GRP3 “ you and your child”]
[IF MAIL_GRP2 and INDCONFPARENT=1 “your child] to NHS Test and Trace: first name,
surname, sex, date of birth, NHS number, ethnicity, current address (including postcode)
and, if [your/your child’s] COVID-19 test is positive, your telephone number and email
address. If your/the COVID-19 test is positive, NHS Test and Trace may contact you. For","","candidate"
"react1.r19.registration","16","gate_or_option_instruction","[IF MAIL_GRP2 and INDCONFPARENT=1 “your child] to NHS Test and Trace: first name,","[MAIL_GRP1 OR MAIL_GRP2 and INDCONF=1 “you” [IF MAIL_GRP3 “ you and your child”]
[IF MAIL_GRP2 and INDCONFPARENT=1 “your child] to NHS Test and Trace: first name,
surname, sex, date of birth, NHS number, ethnicity, current address (including postcode)
and, if [your/your child’s] COVID-19 test is positive, your telephone number and email
address. If your/the COVID-19 test is positive, NHS Test and Trace may contact you. For
more information about how your data is used go to the full Privacy Notice at","","candidate"
"react1.r19.registration","18","context_or_wording_needs_review","AND u_amount>0 AND (MAIL_GRP1 OR MAIL_GRP2).","ASK IF (EMAIL1=POPULATED OR MOBILE1=POPULATED AT QUESTION CONTACT
AND u_amount>0 AND (MAIL_GRP1 OR MAIL_GRP2).
VOUCHER

Do you agree [IF INDCONFPARENT=1 for your child] to be sent a gift voucher if you return
your/they return their completed test for this study?","","candidate"
"react1.r19.registration","18","context_or_wording_needs_review","Do you agree [IF INDCONFPARENT=1 for your child] to be sent a gift voucher if you return","
Do you agree [IF INDCONFPARENT=1 for your child] to be sent a gift voucher if you return
your/they return their completed test for this study?

If you/your child return/returns your/their completed test, we would like to give you/them a
gift voucher worth [ £u_amount ] as a thank you for taking part.","","candidate"
"react1.r19.registration","18","gate_or_option_instruction","[IF INDCONFPARENT=1 please can this screen have a “SUBMIT MY ANSWERS” button].","
[IF INDCONFPARENT=1 please can this screen have a “SUBMIT MY ANSWERS” button].
DO NOT ASK INDCONFPARENT=1
ASK IF RESPCHK =1
LINKAGEEXP
Imperial College would like your permission to link information held by NHS Digital and other","","candidate"
"react1.r19.registration","18","context_or_wording_needs_review","DO NOT ASK INDCONFPARENT=1","[IF INDCONFPARENT=1 please can this screen have a “SUBMIT MY ANSWERS” button].
DO NOT ASK INDCONFPARENT=1
ASK IF RESPCHK =1
LINKAGEEXP
Imperial College would like your permission to link information held by NHS Digital and other
UK NHS bodies about you/ your child to this survey data to follow your health status for up to","","candidate"
"react1.r19.registration","18","context_or_wording_needs_review","Do you give permission for Imperial College to do this [ IF PARENT COMPLETING ON","
Do you give permission for Imperial College to do this [ IF PARENT COMPLETING ON
BEHALF OF 5-12 YEAR OLD in Mail_Grp 3 ONLY] / until your child is 16 years old?

1.    Yes
2.    No","","candidate"
"react1.r19.registration","18","context_or_wording_needs_review","BEHALF OF 5-12 YEAR OLD in Mail_Grp 3 ONLY] / until your child is 16 years old?","Do you give permission for Imperial College to do this [ IF PARENT COMPLETING ON
BEHALF OF 5-12 YEAR OLD in Mail_Grp 3 ONLY] / until your child is 16 years old?

1.    Yes
2.    No
","","candidate"
"react2.s5.r01.individual","13","context_or_wording_needs_review","your household. How many of those were in each of the following age groups?","You said that yesterday you came into contact with CONTACT1 people who are not members of
your household. How many of those were in each of the following age groups?

1. 0 to 17 years old       (enter number)
2. 18 to 34 years old      (enter number)
3. 35 to 64 years old      (enter number)","","candidate"
"react2.s5.r01.individual","17","context_or_wording_needs_review","•       a patient, user, carer or professional is injured as a result of a medical device failure or","
•       a patient, user, carer or professional is injured as a result of a medical device failure or
its misuse

•      a patient’s treatment is interrupted or compromised by a medical device failure
","","candidate"
"react2.s5.r01.registration","4","context_or_wording_needs_review","Including yourself, how many adults aged 18 and over currently live in your household?","
Including yourself, how many adults aged 18 and over currently live in your household?

INFO: Who should I include? Include all adults aged 18 and over, including any young
people aged 18 or over. Include people who regularly spend part of the week in your
household. Include yourself.","NADULTS","candidate"
"react2.s5.r01.registration","4","context_or_wording_needs_review","INFO: Who should I include? Include all adults aged 18 and over, including any young","
INFO: Who should I include? Include all adults aged 18 and over, including any young
people aged 18 or over. Include people who regularly spend part of the week in your
household. Include yourself.

NUMERIC 1...10","","candidate"
"react2.s5.r01.registration","4","context_or_wording_needs_review","people aged 18 or over. Include people who regularly spend part of the week in your","INFO: Who should I include? Include all adults aged 18 and over, including any young
people aged 18 or over. Include people who regularly spend part of the week in your
household. Include yourself.

NUMERIC 1...10
","","candidate"
"react2.s5.r01.registration","5","context_or_wording_needs_review","[Show multiple rows up for number of adults aged 18+ in household]","
[Show multiple rows up for number of adults aged 18+ in household]

Header: Age in Years

Rows for each adult:","","candidate"
"react2.s5.r01.registration","5","context_or_wording_needs_review","Header: Age in Years","
Header: Age in Years

Rows for each adult:

First adult","","candidate"
"react2.s5.r01.registration","5","context_or_wording_needs_review","How many children or young people aged 0 to 17 years currently live in your household?","NCHILD
How many children or young people aged 0 to 17 years currently live in your household?

INFO: Who should I include?
Include all children aged 0-17 in your household, whether or not they are your own children.
Include infants and babies. Include children who regularly spend part of the week in your","NCHILD","candidate"
"react2.s5.r01.registration","5","context_or_wording_needs_review","Include all children aged 0-17 in your household, whether or not they are your own children.","INFO: Who should I include?
Include all children aged 0-17 in your household, whether or not they are your own children.
Include infants and babies. Include children who regularly spend part of the week in your
household.

NUMERIC 0...17","","candidate"
"react2.s5.r01.registration","5","context_or_wording_needs_review","[Show multiple rows up for number of children aged 0-17 in household]","children?
[Show multiple rows up for number of children aged 0-17 in household]
Header: Age in Years
Rows for each child:
First child
Second child (and so on)","","candidate"
"react2.s5.r01.registration","5","context_or_wording_needs_review","Header: Age in Years","[Show multiple rows up for number of children aged 0-17 in household]
Header: Age in Years
Rows for each child:
First child
Second child (and so on)
Columns for each child:","","candidate"
"react2.s5.r02.individual","17","context_or_wording_needs_review","your household. How many of those were in each of the following age groups?","You said that yesterday you came into contact with CONTACT1 people who are not members of
your household. How many of those were in each of the following age groups?

1. 0 to 17 years old      (enter number)
2. 18 to 34 years old     (enter number)
3. 35 to 64 years old     (enter number)","","candidate"
"react2.s5.r02.individual","21","context_or_wording_needs_review","•       a patient, user, carer or professional is injured as a result of a medical device failure or","
•       a patient, user, carer or professional is injured as a result of a medical device failure or
its misuse

•      a patient’s treatment is interrupted or compromised by a medical device failure
","","candidate"
"react2.s5.r02.registration","4","context_or_wording_needs_review","Including yourself, how many adults aged 18 and over currently live in your household?","
Including yourself, how many adults aged 18 and over currently live in your household?

INFO: Who should I include? Include all adults aged 18 and over, including any young
people aged 18 or over. Include people who regularly spend part of the week in your
household. Include yourself.","NADULTS","candidate"
"react2.s5.r02.registration","4","context_or_wording_needs_review","INFO: Who should I include? Include all adults aged 18 and over, including any young","
INFO: Who should I include? Include all adults aged 18 and over, including any young
people aged 18 or over. Include people who regularly spend part of the week in your
household. Include yourself.

NUMERIC 1...10","","candidate"
"react2.s5.r02.registration","4","context_or_wording_needs_review","people aged 18 or over. Include people who regularly spend part of the week in your","INFO: Who should I include? Include all adults aged 18 and over, including any young
people aged 18 or over. Include people who regularly spend part of the week in your
household. Include yourself.

NUMERIC 1...10
","","candidate"
"react2.s5.r02.registration","5","context_or_wording_needs_review","[Show multiple rows up for number of adults aged 18+ in household]","
[Show multiple rows up for number of adults aged 18+ in household]

Header: Age in Years

Rows for each adult:","","candidate"
"react2.s5.r02.registration","5","context_or_wording_needs_review","Header: Age in Years","
Header: Age in Years

Rows for each adult:

First adult","","candidate"
"react2.s5.r02.registration","5","context_or_wording_needs_review","How many children or young people aged 0 to 17 years currently live in your household?","NCHILD
How many children or young people aged 0 to 17 years currently live in your household?

INFO: Who should I include?
Include all children aged 0-17 in your household, whether or not they are your own children.
Include infants and babies. Include children who regularly spend part of the week in your","NCHILD","candidate"
"react2.s5.r02.registration","5","context_or_wording_needs_review","Include all children aged 0-17 in your household, whether or not they are your own children.","INFO: Who should I include?
Include all children aged 0-17 in your household, whether or not they are your own children.
Include infants and babies. Include children who regularly spend part of the week in your
household.

NUMERIC 0...17","","candidate"
"react2.s5.r02.registration","5","context_or_wording_needs_review","[Show multiple rows up for number of children aged 0-17 in household]","children?
[Show multiple rows up for number of children aged 0-17 in household]
Header: Age in Years
Rows for each child:
First child
Second child (and so on)","","candidate"
"react2.s5.r02.registration","5","context_or_wording_needs_review","Header: Age in Years","[Show multiple rows up for number of children aged 0-17 in household]
Header: Age in Years
Rows for each child:
First child
Second child (and so on)
Columns for each child:","","candidate"
"react2.s5.r03.individual","19","context_or_wording_needs_review","your household. How many of those were in each of the following age groups?","You said that yesterday you came into contact with CONTACT1 people who are not members of
your household. How many of those were in each of the following age groups?

1. 0 to 17 years old      (enter number)
2. 18 to 34 years old     (enter number)
3. 35 to 64 years old     (enter number)","","candidate"
"react2.s5.r03.individual","25","context_or_wording_needs_review","•   a patient, user, carer or professional is injured as a result of a medical device failure or","
•   a patient, user, carer or professional is injured as a result of a medical device failure or
its misuse
•   a patient’s treatment is interrupted or compromised by a medical device failure
•   a misdiagnosis due to a medical device failure leads to inappropriate treatment
•   a patient’s health deteriorates due to medical device failure.","","candidate"
"react2.s5.r03.individual","29","response_option","6. Parents’ or guardians’ home","5. Your own home which you own
6. Parents’ or guardians’ home
7. Other
8. Don’t know

","","candidate"
"react2.s5.r03.individual","29","response_option","7. Parents’ or guardians’ home","6. Your own home which you own
7. Parents’ or guardians’ home
8. Other


","","candidate"
"react2.s5.r03.individual","34","gate_or_option_instruction","[ASK IF U_GENDER = FEMALE AND (U_AGE< 55) AND (valid HEIGHT ANSWER and","
[ASK IF U_GENDER = FEMALE AND (U_AGE< 55) AND (valid HEIGHT ANSWER and
VALID WEIGHT ANSWER). Do not ask this if gave prefer not to say or cannot give
estimate on HEIGHT OR WEIGHT]

PREG","","candidate"
"react2.s5.r03.registration","4","context_or_wording_needs_review","Including yourself, how many adults aged 18 and over currently live in your household?","
Including yourself, how many adults aged 18 and over currently live in your household?

INFO: Who should I include? Include all adults aged 18 and over, including any young
people aged 18 or over. Include people who regularly spend part of the week in your
household. Include yourself.","NADULTS","candidate"
"react2.s5.r03.registration","4","context_or_wording_needs_review","INFO: Who should I include? Include all adults aged 18 and over, including any young","
INFO: Who should I include? Include all adults aged 18 and over, including any young
people aged 18 or over. Include people who regularly spend part of the week in your
household. Include yourself.

NUMERIC 1...10","","candidate"
"react2.s5.r03.registration","4","context_or_wording_needs_review","people aged 18 or over. Include people who regularly spend part of the week in your","INFO: Who should I include? Include all adults aged 18 and over, including any young
people aged 18 or over. Include people who regularly spend part of the week in your
household. Include yourself.

NUMERIC 1...10
","","candidate"
"react2.s5.r03.registration","5","context_or_wording_needs_review","[Show multiple rows up for number of adults aged 18+ in household]","
[Show multiple rows up for number of adults aged 18+ in household]

Header: Age in Years

Rows for each adult:","","candidate"
"react2.s5.r03.registration","5","context_or_wording_needs_review","Header: Age in Years","
Header: Age in Years

Rows for each adult:

First adult","","candidate"
"react2.s5.r03.registration","5","context_or_wording_needs_review","How many children or young people aged 0 to 17 years currently live in your household?","NCHILD
How many children or young people aged 0 to 17 years currently live in your household?

INFO: Who should I include?
Include all children aged 0-17 in your household, whether or not they are your own children.
Include infants and babies. Include children who regularly spend part of the week in your","NCHILD","candidate"
"react2.s5.r03.registration","5","context_or_wording_needs_review","Include all children aged 0-17 in your household, whether or not they are your own children.","INFO: Who should I include?
Include all children aged 0-17 in your household, whether or not they are your own children.
Include infants and babies. Include children who regularly spend part of the week in your
household.

NUMERIC 0...17","","candidate"
"react2.s5.r03.registration","5","context_or_wording_needs_review","[Show multiple rows up for number of children aged 0-17 in household]","children?
[Show multiple rows up for number of children aged 0-17 in household]
Header: Age in Years
Rows for each child:
First child
Second child (and so on)","","candidate"
"react2.s5.r03.registration","5","context_or_wording_needs_review","Header: Age in Years","[Show multiple rows up for number of children aged 0-17 in household]
Header: Age in Years
Rows for each child:
First child
Second child (and so on)
Columns for each child:","","candidate"
"react2.s5.r04.individual","20","context_or_wording_needs_review","your household. How many of those were in each of the following age groups?","You said that yesterday you came into contact with CONTACT1 people who are not members of
your household. How many of those were in each of the following age groups?

1. 0 to 17 years old      (enter number)
2. 18 to 34 years old     (enter number)
3. 35 to 64 years old     (enter number)","","candidate"
"react2.s5.r04.individual","26","context_or_wording_needs_review","▪   a patient, user, carer or professional is injured as a result of a medical device failure or","
▪   a patient, user, carer or professional is injured as a result of a medical device failure or
its misuse
▪   a patient’s treatment is interrupted or compromised by a medical device failure
▪   a misdiagnosis due to a medical device failure leads to inappropriate treatment
▪   a patient’s health deteriorates due to medical device failure.","","candidate"
"react2.s5.r04.individual","30","response_option","6. Parents’ or guardians’ home","5. Your own home which you own
6. Parents’ or guardians’ home
7. Other
8. Don’t know

","","candidate"
"react2.s5.r04.individual","30","response_option","7. Parents’ or guardians’ home","6. Your own home which you own
7. Parents’ or guardians’ home
8. Other


","","candidate"
"react2.s5.r04.individual","35","gate_or_option_instruction","[ASK IF U_GENDER = FEMALE AND (U_AGE< 55) AND (valid HEIGHT ANSWER and","
[ASK IF U_GENDER = FEMALE AND (U_AGE< 55) AND (valid HEIGHT ANSWER and
VALID WEIGHT ANSWER). Do not ask this if gave prefer not to say or cannot give
estimate on HEIGHT OR WEIGHT]

PREG","","candidate"
"react2.s5.r04.registration","4","context_or_wording_needs_review","Including yourself, how many adults aged 18 and over currently live in your household?","
Including yourself, how many adults aged 18 and over currently live in your household?

INFO: Who should I include? Include all adults aged 18 and over, including any young
people aged 18 or over. Include people who regularly spend part of the week in your
household. Include yourself.","NADULTS","candidate"
"react2.s5.r04.registration","4","context_or_wording_needs_review","INFO: Who should I include? Include all adults aged 18 and over, including any young","
INFO: Who should I include? Include all adults aged 18 and over, including any young
people aged 18 or over. Include people who regularly spend part of the week in your
household. Include yourself.

NUMERIC 1...10","","candidate"
"react2.s5.r04.registration","4","context_or_wording_needs_review","people aged 18 or over. Include people who regularly spend part of the week in your","INFO: Who should I include? Include all adults aged 18 and over, including any young
people aged 18 or over. Include people who regularly spend part of the week in your
household. Include yourself.

NUMERIC 1...10
","","candidate"
"react2.s5.r04.registration","4","context_or_wording_needs_review","[Show multiple rows up for number of adults aged 18+ in household]","
[Show multiple rows up for number of adults aged 18+ in household]

Header: Age in Years

Rows for each adult:","","candidate"
"react2.s5.r04.registration","4","context_or_wording_needs_review","Header: Age in Years","
Header: Age in Years

Rows for each adult:

First adult","","candidate"
"react2.s5.r04.registration","5","context_or_wording_needs_review","How many children or young people aged 0 to 17 years currently live in your household?","NCHILD
How many children or young people aged 0 to 17 years currently live in your household?

INFO: Who should I include?
Include all children aged 0-17 in your household, whether or not they are your own children.
Include infants and babies. Include children who regularly spend part of the week in your","NCHILD","candidate"
"react2.s5.r04.registration","5","context_or_wording_needs_review","Include all children aged 0-17 in your household, whether or not they are your own children.","INFO: Who should I include?
Include all children aged 0-17 in your household, whether or not they are your own children.
Include infants and babies. Include children who regularly spend part of the week in your
household.

NUMERIC 0...15","","candidate"
"react2.s5.r04.registration","5","context_or_wording_needs_review","[Show multiple rows up for number of children aged 0-17 in household]","children?
[Show multiple rows up for number of children aged 0-17 in household]
Header: Age in Years
Rows for each child:
First child
Second child (and so on)","","candidate"
"react2.s5.r04.registration","5","context_or_wording_needs_review","Header: Age in Years","[Show multiple rows up for number of children aged 0-17 in household]
Header: Age in Years
Rows for each child:
First child
Second child (and so on)
Columns for each child:","","candidate"
"react2.s5.r05.individual","19","context_or_wording_needs_review","and childcare bubbles]. Which of the following age groups was this person in?] [IF","person who is in your bubble(s) [IF YES (CODE 1) AT BUBBLE2 or people in your support
and childcare bubbles]. Which of the following age groups was this person in?] [IF
CONTACTBUB=2+ ""X people who are in your bubble(s)]. How many of those were in each of
the following age groups?

1. 0 to 17 years old       (enter number)","","candidate"
"react2.s5.r05.individual","19","context_or_wording_needs_review","the following age groups?","CONTACTBUB=2+ ""X people who are in your bubble(s)]. How many of those were in each of
the following age groups?

1. 0 to 17 years old       (enter number)
2. 18 to 34 years old      (enter number)
3. 35 to 64 years old      (enter number)","","candidate"
"react2.s5.r05.individual","20","context_or_wording_needs_review","support and childcare bubbles]. Which of the following age groups was this person in?] [IF","who is not a member of your household [IF YES (CODE 1) AT BUBBLE2 or people in your
support and childcare bubbles]. Which of the following age groups was this person in?] [IF
CONTACT1=2+ ""X people who are not members of your household]. How many of those were
in each of the following age groups?

1. 0 to 17 years old      (enter number)","","candidate"
"react2.s5.r05.individual","20","context_or_wording_needs_review","in each of the following age groups?","CONTACT1=2+ ""X people who are not members of your household]. How many of those were
in each of the following age groups?

1. 0 to 17 years old      (enter number)
2. 18 to 34 years old     (enter number)
3. 35 to 64 years old     (enter number)","","candidate"
"react2.s5.r05.individual","25","context_or_wording_needs_review","▪       a patient, user, carer or professional is injured as a result of a medical device failure","
▪       a patient, user, carer or professional is injured as a result of a medical device failure
or its misuse
▪       a patient’s treatment is interrupted or compromised by a medical device failure
▪       a misdiagnosis due to a medical device failure leads to inappropriate treatment
▪       a patient’s health deteriorates due to medical device failure.","","candidate"
"react2.s5.r05.individual","35","response_option","7. Parents’ or guardians’ home","6. Your own home which you own
7. Parents’ or guardians’ home
8. Other


","","candidate"
"react2.s5.r05.individual","40","gate_or_option_instruction","[ASK IF U_GENDER = FEMALE AND (U_AGE< 55) AND (valid HEIGHT ANSWER and VALID","
[ASK IF U_GENDER = FEMALE AND (U_AGE< 55) AND (valid HEIGHT ANSWER and VALID
WEIGHT ANSWER). Do not ask this if gave prefer not to say or cannot give estimate on
HEIGHT OR WEIGHT]

PREG","","candidate"
"react2.s5.r05.registration","5","context_or_wording_needs_review","Including yourself, how many adults aged 18 and over currently live in your household?","
Including yourself, how many adults aged 18 and over currently live in your household?

INFO: Who should I include? Include all adults aged 18 and over, including any young
people aged 18 or over. Include people who regularly spend part of the week in your
household. Include yourself.","NADULTS","candidate"
"react2.s5.r05.registration","5","context_or_wording_needs_review","INFO: Who should I include? Include all adults aged 18 and over, including any young","
INFO: Who should I include? Include all adults aged 18 and over, including any young
people aged 18 or over. Include people who regularly spend part of the week in your
household. Include yourself.

NUMERIC 1...10","","candidate"
"react2.s5.r05.registration","5","context_or_wording_needs_review","people aged 18 or over. Include people who regularly spend part of the week in your","INFO: Who should I include? Include all adults aged 18 and over, including any young
people aged 18 or over. Include people who regularly spend part of the week in your
household. Include yourself.

NUMERIC 1...10
","","candidate"
"react2.s5.r05.registration","5","context_or_wording_needs_review","[Show multiple rows up for number of adults aged 18+ in household]","
[Show multiple rows up for number of adults aged 18+ in household]

Header: Age in Years

Rows for each adult:","","candidate"
"react2.s5.r05.registration","5","context_or_wording_needs_review","Header: Age in Years","
Header: Age in Years

Rows for each adult:

First adult","","candidate"
"react2.s5.r05.registration","5","context_or_wording_needs_review","How many children or young people aged 0 to 17 years currently live in your household?","NCHILD
How many children or young people aged 0 to 17 years currently live in your household?

INFO: Who should I include?
Include all children aged 0-17 in your household, whether or not they are your own children.
Include infants and babies. Include children who regularly spend part of the week in your","NCHILD","candidate"
"react2.s5.r05.registration","5","context_or_wording_needs_review","Include all children aged 0-17 in your household, whether or not they are your own children.","INFO: Who should I include?
Include all children aged 0-17 in your household, whether or not they are your own children.
Include infants and babies. Include children who regularly spend part of the week in your
household.

NUMERIC 0...15","","candidate"
"react2.s5.r05.registration","6","context_or_wording_needs_review","[Show multiple rows up for number of children aged 0-17 in household]","children?
[Show multiple rows up for number of children aged 0-17 in household]
Header: Age in Years
Rows for each child:
First child
Second child (and so on)","","candidate"
"react2.s5.r05.registration","6","context_or_wording_needs_review","Header: Age in Years","[Show multiple rows up for number of children aged 0-17 in household]
Header: Age in Years
Rows for each child:
First child
Second child (and so on)
Columns for each child:","","candidate"
"react2.s5.r06.individual","17","gate_or_option_instruction","ASK IF U_GENDER = FEMALE AND U_AGE< 55","
ASK IF U_GENDER = FEMALE AND U_AGE< 55

PREG

As being pregnant affects weight, are you pregnant at present?","PREG","candidate"
"react2.s5.r06.individual","25","context_or_wording_needs_review","and childcare bubbles]. Which of the following age groups was this person in?] [IF","person who is in your bubble(s) [IF YES (CODE 1) AT BUBBLE2 or people in your support
and childcare bubbles]. Which of the following age groups was this person in?] [IF
CONTACTBUB=2+ ""X people who are in your bubble(s)]. How many of those were in each of
the following age groups?

1. 0 to 17 years old        (enter number)","","candidate"
"react2.s5.r06.individual","25","context_or_wording_needs_review","the following age groups?","CONTACTBUB=2+ ""X people who are in your bubble(s)]. How many of those were in each of
the following age groups?

1. 0 to 17 years old        (enter number)
2. 18 to 34 years old       (enter number)
3. 35 to 64 years old       (enter number)","","candidate"
"react2.s5.r06.individual","26","context_or_wording_needs_review","support and childcare bubbles]. Which of the following age groups was this person in?] [IF","who is not a member of your household [IF YES (CODE 1) AT BUBBLE2 or people in your
support and childcare bubbles]. Which of the following age groups was this person in?] [IF
CONTACT1=2+ ""X people who are not members of your household]. How many of those were
in each of the following age groups?

1. 0 to 17 years old      (enter number)","","candidate"
"react2.s5.r06.individual","26","context_or_wording_needs_review","in each of the following age groups?","CONTACT1=2+ ""X people who are not members of your household]. How many of those were
in each of the following age groups?

1. 0 to 17 years old      (enter number)
2. 18 to 34 years old     (enter number)
3. 35 to 64 years old     (enter number)","","candidate"
"react2.s5.r06.individual","29","context_or_wording_needs_review","▪       a patient, user, carer or professional is injured as a result of a medical device failure","
▪       a patient, user, carer or professional is injured as a result of a medical device failure
or its misuse
▪       a patient’s treatment is interrupted or compromised by a medical device failure
▪       a misdiagnosis due to a medical device failure leads to inappropriate treatment
▪       a patient’s health deteriorates due to medical device failure.","","candidate"
"react2.s5.r06.individual","32","context_or_wording_needs_review","FEMALE AND U_AGE < 55]","14. I am pregnant/breastfeeding and afraid of the effects on my baby [ASK IF U_GENDER =
FEMALE AND U_AGE < 55]
15. The impact of COVID-19 is being greatly exaggerated
16. I don't trust the people who have developed the vaccine
17. So long as most other people get the vaccine then it doesn't matter if I don't
18. Doses of the vaccine are limited and other people need it more than me","","candidate"
"react2.s5.r06.individual","33","context_or_wording_needs_review","FEMALE AND U_AGE < 55]","14. I am pregnant/breastfeeding and afraid of the effects on my baby [ASK IF U_GENDER =
FEMALE AND U_AGE < 55]
15. The impact of COVID-19 is being greatly exaggerated
16. I don't trust the people who have developed the vaccine
17. So long as most other people get the vaccine then it doesn't matter if I don't
18. Doses of the vaccine are limited and other people need it more than me","","candidate"
"react2.s5.r06.individual","37","response_option","7. Parents’ or guardians’ home","6. Your own home which you own
7. Parents’ or guardians’ home
8. Other


","","candidate"
"react2.s5.r06.registration","5","context_or_wording_needs_review","Including yourself, how many adults aged 18 and over currently live in your household?","
Including yourself, how many adults aged 18 and over currently live in your household?

INFO: Who should I include? Include all adults aged 18 and over, including any young
people aged 18 or over. Include people who regularly spend part of the week in your
household. Include yourself.","NADULTS","candidate"
"react2.s5.r06.registration","5","context_or_wording_needs_review","INFO: Who should I include? Include all adults aged 18 and over, including any young","
INFO: Who should I include? Include all adults aged 18 and over, including any young
people aged 18 or over. Include people who regularly spend part of the week in your
household. Include yourself.

NUMERIC 1...10","","candidate"
"react2.s5.r06.registration","5","context_or_wording_needs_review","people aged 18 or over. Include people who regularly spend part of the week in your","INFO: Who should I include? Include all adults aged 18 and over, including any young
people aged 18 or over. Include people who regularly spend part of the week in your
household. Include yourself.

NUMERIC 1...10
","","candidate"
"react2.s5.r06.registration","5","context_or_wording_needs_review","[Show multiple rows up for number of adults aged 18+ in household]","
[Show multiple rows up for number of adults aged 18+ in household]

Header: Age in Years

Rows for each adult:","","candidate"
"react2.s5.r06.registration","5","context_or_wording_needs_review","Header: Age in Years","
Header: Age in Years

Rows for each adult:

First adult","","candidate"
"react2.s5.r06.registration","5","context_or_wording_needs_review","How many children or young people aged 0 to 17 years currently live in your household?","NCHILD
How many children or young people aged 0 to 17 years currently live in your household?

INFO: Who should I include?
Include all children aged 0-17 in your household, whether or not they are your own children.
Include infants and babies. Include children who regularly spend part of the week in your","NCHILD","candidate"
"react2.s5.r06.registration","5","context_or_wording_needs_review","Include all children aged 0-17 in your household, whether or not they are your own children.","INFO: Who should I include?
Include all children aged 0-17 in your household, whether or not they are your own children.
Include infants and babies. Include children who regularly spend part of the week in your
household.

NUMERIC 0...15","","candidate"
"react2.s5.r06.registration","6","context_or_wording_needs_review","[Show multiple rows up for number of children aged 0-17 in household]","children?
[Show multiple rows up for number of children aged 0-17 in household]
Header: Age in Years
Rows for each child:
First child
Second child (and so on)","","candidate"
"react2.s5.r06.registration","6","context_or_wording_needs_review","Header: Age in Years","[Show multiple rows up for number of children aged 0-17 in household]
Header: Age in Years
Rows for each child:
First child
Second child (and so on)
Columns for each child:","","candidate"
