"routing_rule_id","target_occurrence_id","target_order"
"route_0031fa1f09e25f8e660e8ea1","occ_f40607642e4c907d4ce50d9b","1"
"route_0050dcd2abe38479d19a5f23","occ_fa64e1a2a18bc5f018b432a8","1"
"route_0050dcd2abe38479d19a5f23","occ_d1d90986bc3df5118c28cc54","10"
"route_0050dcd2abe38479d19a5f23","occ_dd6d8a1f7131b15579e6bb61","11"
"route_0050dcd2abe38479d19a5f23","occ_4400698113712be84600d8d8","12"
"route_0050dcd2abe38479d19a5f23","occ_4f11d4aa454d97e0bc0f09eb","13"
"route_0050dcd2abe38479d19a5f23","occ_9bc89bf2c02ec5a3a2e63fab","14"
"route_0050dcd2abe38479d19a5f23","occ_c457c360e5c1892b1a3564dc","2"
"route_0050dcd2abe38479d19a5f23","occ_06bb6842c4135422a9581ee3","3"
"route_0050dcd2abe38479d19a5f23","occ_0ceeabe8366cb46ae83a03f0","4"
"route_0050dcd2abe38479d19a5f23","occ_d9bafbad1aa1a7bba2d783dc","5"
"route_0050dcd2abe38479d19a5f23","occ_3e873a58cdb2bab2d410aff9","6"
"route_0050dcd2abe38479d19a5f23","occ_af682ffd90c6109b518f58b0","7"
"route_0050dcd2abe38479d19a5f23","occ_1b86718620e6acb8319b395a","8"
"route_0050dcd2abe38479d19a5f23","occ_fc9926dced2cb9eef6b51d1d","9"
"route_005978f872a8ef0935a53311","occ_d0748d96890c3b7dd238fd06","1"
"route_009a593f95fb128d49d4ce4d","occ_ceaf5611aed556ce617f4e31","1"
"route_0122db49b5dc97f9e5d48861","occ_efd701ed4b8c4e6f81d9abd7","1"
"route_0122db49b5dc97f9e5d48861","occ_7d22157368a83599bc1fe08e","2"
"route_0122db49b5dc97f9e5d48861","occ_284cff2ba8c9e2385dd1f859","3"
"route_0122db49b5dc97f9e5d48861","occ_f0a3e9c77ed66f0c14719d40","4"
"route_0122db49b5dc97f9e5d48861","occ_c4fa96fc958df0b1937cddb7","5"
"route_0122db49b5dc97f9e5d48861","occ_c1ce6dfa5ac67c16bc2a2039","6"
"route_015a2c948817416733f1f237","occ_c9ff29cfb2234eb94537b2a7","1"
"route_017ce0cfecafdb4aa7be61ad","occ_82a2b9d829289b55163ede2a","1"
"route_0195a3bbf258b617ea6fc30c","occ_2abe581efc1116dc09197252","1"
"route_0195a3bbf258b617ea6fc30c","occ_4946c74b66e7651f6dbadd56","2"
"route_0195a3bbf258b617ea6fc30c","occ_1fc69ff547a17496779c288a","3"
"route_0195a3bbf258b617ea6fc30c","occ_e4883b67bb6069e9556c5595","4"
"route_01d914fae94fe66463a43649","occ_b6bf331cbca94410a5736d27","1"
"route_01d914fae94fe66463a43649","occ_b657eb31bfc31ea2e74a019a","10"
"route_01d914fae94fe66463a43649","occ_b1e4ce87ad2c2d54e6a53198","11"
"route_01d914fae94fe66463a43649","occ_6764edc97b86f5afa7257040","12"
"route_01d914fae94fe66463a43649","occ_c15ce2ec627163d85186b1d2","13"
"route_01d914fae94fe66463a43649","occ_c8d1b4097a399907303c3dfd","14"
"route_01d914fae94fe66463a43649","occ_373b0f7d7a204ef6f0be91f1","15"
"route_01d914fae94fe66463a43649","occ_1ad37197d65b360ac3187e15","16"
"route_01d914fae94fe66463a43649","occ_8c7890861f823f0c9713d6d4","17"
"route_01d914fae94fe66463a43649","occ_7b49d3f8b4daa8727f5bc7f6","18"
"route_01d914fae94fe66463a43649","occ_b925bf0fa82b624df124256a","19"
"route_01d914fae94fe66463a43649","occ_ef68d7627d714e69ddc745b5","2"
"route_01d914fae94fe66463a43649","occ_b93f71040ca8427431781531","20"
"route_01d914fae94fe66463a43649","occ_cb34e3e3219fd50a2e6d0dab","21"
"route_01d914fae94fe66463a43649","occ_3797ea28903d1c376dbbd998","22"
"route_01d914fae94fe66463a43649","occ_16849c160ba959853f2517ea","23"
"route_01d914fae94fe66463a43649","occ_efd0479e176181c090e0797e","24"
"route_01d914fae94fe66463a43649","occ_bbb0bb95e90be31e93a094ab","25"
"route_01d914fae94fe66463a43649","occ_9bffbf49571847330ddd88fb","26"
"route_01d914fae94fe66463a43649","occ_97567086049a9ad22b84bd3e","27"
"route_01d914fae94fe66463a43649","occ_edfad3a55b4219ad1b54280f","28"
"route_01d914fae94fe66463a43649","occ_9410a9fd6959fa2c028cdaa1","29"
"route_01d914fae94fe66463a43649","occ_c7e91d15282fc4b2d1b00b98","3"
"route_01d914fae94fe66463a43649","occ_7861af2b3444f74211d203ce","30"
"route_01d914fae94fe66463a43649","occ_0db44d617eab6da8a9654835","31"
"route_01d914fae94fe66463a43649","occ_0d305e2821e0bac6ac4d6771","32"
"route_01d914fae94fe66463a43649","occ_3b0ee9aceb9f9b87f9141eec","4"
"route_01d914fae94fe66463a43649","occ_6ec78a0b38f899a95a5f2104","5"
"route_01d914fae94fe66463a43649","occ_4e1880abb102a777d9e8a779","6"
"route_01d914fae94fe66463a43649","occ_e634795b0c86ccacc705f402","7"
"route_01d914fae94fe66463a43649","occ_55d6c55361bd62f3cdb5cb2a","8"
"route_01d914fae94fe66463a43649","occ_f298d5f8fbfbe02cc230c9e0","9"
"route_01e9a815b1b160717142d5e9","occ_99d1f9812528ab5ebad9d1f2","1"
"route_01fcf12d2d8a48d6f1bcfdb5","occ_cb5c16beb2fd2a10f5903d46","1"
"route_01fcf12d2d8a48d6f1bcfdb5","occ_255e9127e89b91edcb22463f","10"
"route_01fcf12d2d8a48d6f1bcfdb5","occ_a12225e17f70e376e7e43a3c","11"
"route_01fcf12d2d8a48d6f1bcfdb5","occ_a81010140bbe46ab3cf5e864","2"
"route_01fcf12d2d8a48d6f1bcfdb5","occ_2f62eecc3c311c2eafe22051","3"
"route_01fcf12d2d8a48d6f1bcfdb5","occ_d3a960c4d346a61b59dced09","4"
"route_01fcf12d2d8a48d6f1bcfdb5","occ_dcf68c9af85f84c80b3fb1a9","5"
"route_01fcf12d2d8a48d6f1bcfdb5","occ_3f5a1464bbdddab1aee5d2d5","6"
"route_01fcf12d2d8a48d6f1bcfdb5","occ_19a1a38e0e846f950c41ce27","7"
"route_01fcf12d2d8a48d6f1bcfdb5","occ_dfca47beddd4ddc01cd9341a","8"
"route_01fcf12d2d8a48d6f1bcfdb5","occ_5e482c8fdecc1b18dc1aec63","9"
"route_021182e4d40469ea1d6d7ea6","occ_0201f08f1114a895611a2d38","1"
"route_021182e4d40469ea1d6d7ea6","occ_8c87a8052790d992224a64ba","10"
"route_021182e4d40469ea1d6d7ea6","occ_101b957fff2b2e060ea43718","11"
"route_021182e4d40469ea1d6d7ea6","occ_9707cd348617c21cec15b546","12"
"route_021182e4d40469ea1d6d7ea6","occ_051c59ec9f721756ee5ee90b","13"
"route_021182e4d40469ea1d6d7ea6","occ_d01d8eb92cf34fa9533748ef","14"
"route_021182e4d40469ea1d6d7ea6","occ_f2f4f23de20f7b30da9536fd","15"
"route_021182e4d40469ea1d6d7ea6","occ_3088ab841920b04483845171","16"
"route_021182e4d40469ea1d6d7ea6","occ_81dc3d424e38d736a5328a6e","17"
"route_021182e4d40469ea1d6d7ea6","occ_8c2c2ba9b9ef96c92a05f41c","18"
"route_021182e4d40469ea1d6d7ea6","occ_e45b06a982c81a261b7f8310","19"
"route_021182e4d40469ea1d6d7ea6","occ_95815b5effbc8135869c2713","2"
"route_021182e4d40469ea1d6d7ea6","occ_16509c9bcf29f9048ccb79cf","20"
"route_021182e4d40469ea1d6d7ea6","occ_4d64a8beeb14d4c7694bacee","3"
"route_021182e4d40469ea1d6d7ea6","occ_0550645b6b574a4af393d0d9","4"
"route_021182e4d40469ea1d6d7ea6","occ_a2b410fdd05568d3a0954494","5"
"route_021182e4d40469ea1d6d7ea6","occ_fecadb32c524bb4b28fb7934","6"
"route_021182e4d40469ea1d6d7ea6","occ_8af8dbd5fd19231aadbfd9f4","7"
"route_021182e4d40469ea1d6d7ea6","occ_c1c9814e4aa41bc66d3c8ee7","8"
"route_021182e4d40469ea1d6d7ea6","occ_456535092094d2754374c5c6","9"
"route_0226b1ce274999371e6c0027","occ_34ed3dbaa6cdde221df15ac9","1"
"route_0235e236f2e0a5d1fb3afee3","occ_520b2154102f30abf20692ec","1"
"route_026f488a05bcc391d914c63b","occ_84aaf4ecef410374752d2b47","1"
"route_02829e5157bf8a85e355dadb","occ_8d718e26f353bf26015cb6fa","1"
"route_02cdeaefd4d7ed2fbde6bcfb","occ_ddcc857d0f7b831f9f21fb60","1"
"route_0305993f9fa13337505d20d0","occ_ee6520708500211af633bce9","1"
"route_032942a9eef9c68f349797eb","occ_45219db8e2da8acba308d562","1"
"route_03371118d4c1eec8d35674f4","occ_3f2e4db3dccbd24c04e2e079","1"
"route_03371118d4c1eec8d35674f4","occ_d9e01be90960433565537b19","10"
"route_03371118d4c1eec8d35674f4","occ_97d0df107c07851043dbe2bb","11"
"route_03371118d4c1eec8d35674f4","occ_0c9a490a673b8dd14c5330f2","12"
"route_03371118d4c1eec8d35674f4","occ_d6094acc6c9238bad29521d6","2"
"route_03371118d4c1eec8d35674f4","occ_682cfacdc2495b669fba88c6","3"
"route_03371118d4c1eec8d35674f4","occ_a0bd65ab0d2a00285578f34b","4"
"route_03371118d4c1eec8d35674f4","occ_897620daafc696733bbbc7ca","5"
"route_03371118d4c1eec8d35674f4","occ_bf93315e3431105b7bca8bf4","6"
"route_03371118d4c1eec8d35674f4","occ_e0183e560455aa294979911f","7"
"route_03371118d4c1eec8d35674f4","occ_d9c2682de412ba60e23ab8c6","8"
"route_03371118d4c1eec8d35674f4","occ_94640d684aaf683035b0ac43","9"
"route_0349fb4d5967316465c00387","occ_f98e41493070491aebb950a1","1"
"route_035a8295fb906666e581f2a9","occ_fdeb3c5d555c35aaa701f434","1"
"route_03645796b3aa4c3b7ffcee79","occ_80e548dfe0f425a167850756","1"
"route_039fdeee2c7a24bd8cf95049","occ_2fc69ce356d9f25bcbc83ed2","1"
"route_03fdb50170312673228089bb","occ_ddab053adfefbe96b1932d6c","1"
"route_040805905be2b8ce31c3e4de","occ_bfa5f4d51d9c1a82f4ecda7f","1"
"route_042744f29e817c12609c32c1","occ_d1a5d0d8431efa8de5de6905","1"
"route_042d336ae43184b398184394","occ_9ec2ed56651f2554600057f7","1"
"route_046b8d9926a045c7cbe82fbe","occ_5a20a765c6bb0cdc06673e4c","1"
"route_04e39b2d83cd2a84fef7184a","occ_7b240eec1144894cadfe118d","1"
"route_05038b70fb05b21dd307c074","occ_1c836b0c69fbbc11f13b12d7","1"
"route_0514c53ce27697b81957b365","occ_b1ad8d3230ff09e3fa6b1490","1"
"route_0514c53ce27697b81957b365","occ_36612b72d4ea59c32ca44b65","2"
"route_0514c53ce27697b81957b365","occ_53d1c885c620301f7008d91d","3"
"route_051bf275a6a03696784329c2","occ_1b2819c1d782eec9ca6027da","1"
"route_051bf275a6a03696784329c2","occ_2f5a771c793ef7304fd2eab9","2"
"route_0551ff49111180503423e3a4","occ_2fd1e5ba56de0bfdb9902afc","1"
"route_05535f45eb5dc66b2ae442f3","occ_46cdbe1dfe94c74c39a1d255","1"
"route_05535f45eb5dc66b2ae442f3","occ_ce1f4e31be8d1c8b5b7e829e","2"
"route_05535f45eb5dc66b2ae442f3","occ_b8e02abeb3cf22dc6f472de5","3"
"route_05535f45eb5dc66b2ae442f3","occ_3d4d62045d600fd92676341c","4"
"route_05535f45eb5dc66b2ae442f3","occ_3a0f8ba10bc16f6a76bad2af","5"
"route_0586842325c477edea4bd60b","occ_603c61ce83b3012e4059fd3f","1"
"route_05981830a5971ae5c269715a","occ_ea6e9e5ad5881ca265613f10","1"
"route_059a0006953c932428ce4eec","occ_288b4af70c220a031d0d01d6","1"
"route_05c863272387dc2e7a570c75","occ_467290f23d6b2e3ea7300865","1"
"route_05c863272387dc2e7a570c75","occ_18340d176599a92eee33fa90","10"
"route_05c863272387dc2e7a570c75","occ_e0e5b6f7503c8eb3cff57bd8","11"
"route_05c863272387dc2e7a570c75","occ_6c6b596d01b87265cd1b6d8c","2"
"route_05c863272387dc2e7a570c75","occ_8234a205252d6558f65850fe","3"
"route_05c863272387dc2e7a570c75","occ_073c8519eafd9c0a12a16723","4"
"route_05c863272387dc2e7a570c75","occ_3ea04f28871cd2462a6a75e3","5"
"route_05c863272387dc2e7a570c75","occ_6ad45912ffc10fd566ebce42","6"
"route_05c863272387dc2e7a570c75","occ_d23941613123776be48f7aa6","7"
"route_05c863272387dc2e7a570c75","occ_db06902d6b6e798900ed0400","8"
"route_05c863272387dc2e7a570c75","occ_ef9e04106461606df3ab5998","9"
"route_06368e70bd4b4f3d8e501663","occ_df813a9db5358588223cbdd1","1"
"route_06803b596ab9448c244baa59","occ_c18361a8a9d79a57309791ff","1"
"route_06878e3ee64582a86eb2c305","occ_2cfce4d593c50e7a24bc891c","1"
"route_06a3333d1e450b98260394d8","occ_33d9d1d7a1a22af9ca4762ca","1"
"route_06b84111e4d20ea801856891","occ_9c6262f1d16ee708983d2abe","1"
"route_06c90882e0d3f756bef816c3","occ_08aaa6cce7eea4dc6ec1274d","1"
"route_06d5aecfa85409f4483ce2bb","occ_f58d8105936288c957134d32","1"
"route_06eaa935047a6cba32dd6fd0","occ_fb5afd959b472e529720a29a","1"
"route_06f94b2544c6ae5b8a6556f0","occ_2ab889fce3f6688aa2c62a37","1"
"route_06f94b2544c6ae5b8a6556f0","occ_14458392066e539dd5a69de1","2"
"route_06f94b2544c6ae5b8a6556f0","occ_ac9884800709a76ceb33d86d","3"
"route_07073ac81a323c5325ee646f","occ_cddee50fadbc44d5c3c31ca1","1"
"route_071ecf1fe8e9821b558c3878","occ_9aeee1e405bfc6474f0e9f9b","1"
"route_0727b649e4421b7f365b3d08","occ_24e0f0a6154f296e4f233d22","1"
"route_0727b649e4421b7f365b3d08","occ_ef7f5b9579cbb8fb2695d3e3","10"
"route_0727b649e4421b7f365b3d08","occ_95e85feab8d7c69797ade4d8","11"
"route_0727b649e4421b7f365b3d08","occ_be562f99028ddf96dfcecac2","2"
"route_0727b649e4421b7f365b3d08","occ_b1c6b6bbbbff05e751abfcd9","3"
"route_0727b649e4421b7f365b3d08","occ_a77d140f111941fe124b4139","4"
"route_0727b649e4421b7f365b3d08","occ_3c1ca355310e2e62e4005b39","5"
"route_0727b649e4421b7f365b3d08","occ_7625f836cbc2f753d8a9fc96","6"
"route_0727b649e4421b7f365b3d08","occ_a86037f01c5917c7bad1b90f","7"
"route_0727b649e4421b7f365b3d08","occ_bcf3cae03bd9673ad317b903","8"
"route_0727b649e4421b7f365b3d08","occ_458e740024a9dc46230d892e","9"
"route_076735fe5ad87440f611ba6a","occ_63e0b00e31f7147fb0d453a2","1"
"route_07693483cd75b703fcca0c06","occ_3a4dc32b1bd73939ad01276d","1"
"route_07693483cd75b703fcca0c06","occ_5dd0f8baec4e3ba658cb4558","10"
"route_07693483cd75b703fcca0c06","occ_c46465c7288681979ba26a37","11"
"route_07693483cd75b703fcca0c06","occ_a1a37472f375787b11e4cded","12"
"route_07693483cd75b703fcca0c06","occ_dc44d8c13eacfa9850ba9b61","13"
"route_07693483cd75b703fcca0c06","occ_13b840e9db134a393736ae5f","14"
"route_07693483cd75b703fcca0c06","occ_db6ac564d004408dffe94d3f","15"
"route_07693483cd75b703fcca0c06","occ_46698d1b1e47f3f2eae128f6","16"
"route_07693483cd75b703fcca0c06","occ_4b90fcb73303b986fc074287","17"
"route_07693483cd75b703fcca0c06","occ_b0e9ff9884ca8e0cc9d978b1","18"
"route_07693483cd75b703fcca0c06","occ_256019521cfb72de8b74f206","19"
"route_07693483cd75b703fcca0c06","occ_54d7f5f7a2185f9b9801cc1b","2"
"route_07693483cd75b703fcca0c06","occ_14c5e8390da7eeb93276dba6","20"
"route_07693483cd75b703fcca0c06","occ_1ace7f8a52c95d100d30fc3b","21"
"route_07693483cd75b703fcca0c06","occ_2fec429fdb5f61916e0790e6","22"
"route_07693483cd75b703fcca0c06","occ_d6f97e47c9a3edde121f1163","3"
"route_07693483cd75b703fcca0c06","occ_ab255294e8ee22ee3b2a3a1e","4"
"route_07693483cd75b703fcca0c06","occ_bf7c97f087c93eae14cf694f","5"
"route_07693483cd75b703fcca0c06","occ_7a165a996a3132e7f7a59b56","6"
"route_07693483cd75b703fcca0c06","occ_0f5c5cbcd67e215ce545a70a","7"
"route_07693483cd75b703fcca0c06","occ_c1800cf63fc03c49d457bb54","8"
"route_07693483cd75b703fcca0c06","occ_e6e146f042fd904f91c8c885","9"
"route_07a585e4217ebd06615c01bf","occ_af03e7f446f645fbeeb096a2","1"
"route_07c1a264ad5f1b7d7295792c","occ_ab8b9b41d120f033258a30a3","1"
"route_07c1a264ad5f1b7d7295792c","occ_b4600bf092901a694cd09e2c","10"
"route_07c1a264ad5f1b7d7295792c","occ_88cb54eecf46b2252aa7096d","11"
"route_07c1a264ad5f1b7d7295792c","occ_9651373627c9241c485c3f9e","12"
"route_07c1a264ad5f1b7d7295792c","occ_db1fe68ea96b295a5ada8832","13"
"route_07c1a264ad5f1b7d7295792c","occ_ff1c7a64e2747191302e1cc7","14"
"route_07c1a264ad5f1b7d7295792c","occ_a1aa6e6b26fc8823363093b5","15"
"route_07c1a264ad5f1b7d7295792c","occ_522bc8dd20945ce9b7395944","2"
"route_07c1a264ad5f1b7d7295792c","occ_0017974cb3078ca936d5229b","3"
"route_07c1a264ad5f1b7d7295792c","occ_edd1d2c03a6f0010fbd220a5","4"
"route_07c1a264ad5f1b7d7295792c","occ_6ea7970973d36a998edf96f3","5"
"route_07c1a264ad5f1b7d7295792c","occ_89d0be152c1c0c3c92fe2beb","6"
"route_07c1a264ad5f1b7d7295792c","occ_d0c6aa3e05b6e2c632104bc6","7"
"route_07c1a264ad5f1b7d7295792c","occ_dc09845d858c52134bf1a586","8"
"route_07c1a264ad5f1b7d7295792c","occ_e9e8397524eed7cac2067e44","9"
"route_082462fa07e0b9745225301d","occ_94cb29d424477bddbbb9a758","1"
"route_086d0d381070165828fd1e87","occ_3db6790e857369e3ee90b75a","1"
"route_086d162f3c2f4a65d96a5c13","occ_e39e70f6ef9d7de85b5f3d73","1"
"route_087d2495fe290328d84b72e8","occ_e793e4c28a291291e862d85f","1"
"route_087d2495fe290328d84b72e8","occ_4cbf04f17f5b1d28a8019d16","2"
"route_087d2495fe290328d84b72e8","occ_ab5a4da73629a6d0f20dde05","3"
"route_08ab87215380c4543b7426c6","occ_61f863363665c75a632aa5b2","1"
"route_08ced586c118e2bd93668fd0","occ_3f5ce6769690cacdce5d98e6","1"
"route_08e2a58912d6d5f6f4c2aa13","occ_8f6aa3593d4d8648c5966f47","1"
"route_08fffb52f2d64b516b4b70d7","occ_bdd40f8669109afb6a3d826f","1"
"route_08fffb52f2d64b516b4b70d7","occ_69b3df8a98c66cbca1fdbd46","10"
"route_08fffb52f2d64b516b4b70d7","occ_d0cbf81a332a33e6a150e486","11"
"route_08fffb52f2d64b516b4b70d7","occ_6058bf24c543f583473ce00f","12"
"route_08fffb52f2d64b516b4b70d7","occ_e8a2a185a8736e864720bb2f","2"
"route_08fffb52f2d64b516b4b70d7","occ_9df9a58fcaf0b3817e501225","3"
"route_08fffb52f2d64b516b4b70d7","occ_edda7f39ae7f0d0563067288","4"
"route_08fffb52f2d64b516b4b70d7","occ_a89c565dfafedd7d8d9be7d1","5"
"route_08fffb52f2d64b516b4b70d7","occ_e0f2ec4d78343bf351ed07d4","6"
"route_08fffb52f2d64b516b4b70d7","occ_5a0e28a36d0d894116a08c45","7"
"route_08fffb52f2d64b516b4b70d7","occ_9c0ff77d9185602aa0607f5a","8"
"route_08fffb52f2d64b516b4b70d7","occ_024c4fea60e81b89dc5265a8","9"
"route_092399349f10fbdebf44ef42","occ_d117bac375f07bae7114541b","1"
"route_092c13e40de9c40bb6da2a33","occ_1e5aa0887c4dffd865b07bc6","1"
"route_0942bea4bd1c91896e2d54ca","occ_84d876227b4b6d595294764d","1"
"route_09498bb402d367f49bbf7e41","occ_a32548a39c3cf2138a60b49b","1"
"route_095c531684d364f2a495f337","occ_5b29664af62a0c14a52c2892","1"
"route_096928705799426005bfad53","occ_484416d0d98b0c5786f060a4","1"
"route_096deeeb63b8072b769cd2cd","occ_d9393beb5a34dece1ee444c2","1"
"route_098137c7f7b83a31f568ca98","occ_73d03a8ae1ba7eed0eb08885","1"
"route_09a3b658511bd5e8f2c4e944","occ_f845d83b82ed8944ceb9e75f","1"
"route_09d4f2927cbe67a4ec5bf8bc","occ_cd9467c1dacfa9754fb1aa6d","1"
"route_09de0c5bd09af65c053fbf6c","occ_0025f2173eab5e1ed723330d","1"
"route_09f897f683f0edb97df43e4d","occ_11f567e617ab7a740395d753","1"
"route_0a2786ef94e18d64d4ed4bea","occ_98efd0b1f83515b8ac9a5545","1"
"route_0a38fd48cab2fb797f019c18","occ_28f18e625a7db901bc9b2bcb","1"
"route_0a4573a6159426b62a3bdb35","occ_01cba19648c9a1776aa2e266","1"
"route_0a528a0f6b7b59106b670b48","occ_6b4d48e32e98e16b765b220d","1"
"route_0a7e85d7a1a52c1419856179","occ_8e2621a94bb781dc1227fed8","1"
"route_0a968f4e1844cb44b7f50015","occ_543ffdb58370e57ee03b3de4","1"
"route_0a968f4e1844cb44b7f50015","occ_1af7e047a40bd4f72da86aac","2"
"route_0a9b2f11d53ee1060f7c5b80","occ_ca521d1f9a6df95ec09d90d5","1"
"route_0af0106713dfb045df674acb","occ_82bc8379822f03d373f9a813","1"
"route_0b28ca04c42950ece82c9db5","occ_486455d6cbdf3c5e62ef5dd9","1"
"route_0b28ca04c42950ece82c9db5","occ_9e6ed19a5efdab5648055c14","10"
"route_0b28ca04c42950ece82c9db5","occ_2c7ae49d275742bef3084658","11"
"route_0b28ca04c42950ece82c9db5","occ_03080b19af6ee5d224e788c5","2"
"route_0b28ca04c42950ece82c9db5","occ_b58741e7970a05aa276c1932","3"
"route_0b28ca04c42950ece82c9db5","occ_69181e0489f5b836468d0029","4"
"route_0b28ca04c42950ece82c9db5","occ_1c1ef752666f4c39fc9515b7","5"
"route_0b28ca04c42950ece82c9db5","occ_e73a7e922f6aee3c021ed022","6"
"route_0b28ca04c42950ece82c9db5","occ_e8d89573b65df801bd02d132","7"
"route_0b28ca04c42950ece82c9db5","occ_e830ac3c10ff0a792b029e5e","8"
"route_0b28ca04c42950ece82c9db5","occ_b02144b29034d005006900c3","9"
"route_0b7d7f25429a1ac83be48a40","occ_fa29a41ec5624e2b52868053","1"
"route_0b7d7f25429a1ac83be48a40","occ_b3b120ab76e502f6437a56dd","10"
"route_0b7d7f25429a1ac83be48a40","occ_c746f5ec62ccaaa332fe17bc","11"
"route_0b7d7f25429a1ac83be48a40","occ_fe0b9c0bb9dfd4fef9e6c3f6","12"
"route_0b7d7f25429a1ac83be48a40","occ_04a90fc13e8f2dfd7e24be39","2"
"route_0b7d7f25429a1ac83be48a40","occ_d9caf9fda41f64e7cb7ab020","3"
"route_0b7d7f25429a1ac83be48a40","occ_3c8d0219764798c038dc75ec","4"
"route_0b7d7f25429a1ac83be48a40","occ_f7f8838940a3f9c765e7243d","5"
"route_0b7d7f25429a1ac83be48a40","occ_7fd8c2dc51f0a2df7b0884e7","6"
"route_0b7d7f25429a1ac83be48a40","occ_7cc0d5a69359734cd4f03496","7"
"route_0b7d7f25429a1ac83be48a40","occ_899ce9494042f15482ecfe86","8"
"route_0b7d7f25429a1ac83be48a40","occ_514ee35114d51d336a7665cb","9"
"route_0b81f7c54ae20f5d793df263","occ_b77527de5b260f89528617ca","1"
"route_0ba373316a5a9b50ad2a239c","occ_0ea2afd2e3d7ab4bfff089a4","1"
"route_0bb66ebe21407946d1a9cd15","occ_6f358bd526e42cf03026e6b3","1"
"route_0be8a78d18faf3b5a3910e6c","occ_941fb498af3d15c85cf85b0b","1"
"route_0c2a16ea1d3f4f10643a5b0e","occ_6e69d918eb382cd0e2095334","1"
"route_0c39e1f042cc5b9154bd3dd9","occ_1296bc59804b7942196a9dd4","1"
"route_0c440fa95131c6de527675b9","occ_a9e754387123b828d981b969","1"
"route_0c440fa95131c6de527675b9","occ_f70a8adfb9ec739d48961a90","10"
"route_0c440fa95131c6de527675b9","occ_9f845595c3e68cf00b62d43a","11"
"route_0c440fa95131c6de527675b9","occ_47b9831ecb734624298a3b7c","12"
"route_0c440fa95131c6de527675b9","occ_85b0992ebd32a18dd3d7301d","13"
"route_0c440fa95131c6de527675b9","occ_fe6bcc40360d1f149d6b72cb","14"
"route_0c440fa95131c6de527675b9","occ_1a3232ee9c6476e11158e2ad","2"
"route_0c440fa95131c6de527675b9","occ_cce7d6fc651ba2fc126e3f34","3"
"route_0c440fa95131c6de527675b9","occ_be3be7bda5c9d0949eb4beb8","4"
"route_0c440fa95131c6de527675b9","occ_9dd912036794587306fde1ad","5"
"route_0c440fa95131c6de527675b9","occ_78cce2c316acdca3a6d551fe","6"
"route_0c440fa95131c6de527675b9","occ_c04369ea39ff325034a471fc","7"
"route_0c440fa95131c6de527675b9","occ_7ac131f946f2d0cac3544413","8"
"route_0c440fa95131c6de527675b9","occ_ae546080240ff480ed6bd9f7","9"
"route_0c4765c16b8ac44aaa08b86f","occ_e22199ef181ebf8fa846b6c7","1"
"route_0c4b220167054cd123774a16","occ_6ab6a0d443d7d91b7068da3f","1"
"route_0c5672a5a47cc4b344784550","occ_b1c879df53eb796e1a5b2f58","1"
"route_0c713e7dcc3c7f92a3a36631","occ_3150ec630709bc33c8e4625c","1"
"route_0cc17e1a07b25685174a39b7","occ_84255e6f0a9566611eb5c166","1"
"route_0ce59ea493bfaa4683055f98","occ_7ba7204aac3bdefbf7718359","1"
"route_0d19eb2f127c050e155d1d71","occ_020a2b6aa00e1a3fe9315f49","1"
"route_0d19eb2f127c050e155d1d71","occ_151c81feb7160cbf8f6b99cb","2"
"route_0d19eb2f127c050e155d1d71","occ_e25184813e877ee5a09c6208","3"
"route_0d19eb2f127c050e155d1d71","occ_8b8b946c2802cba097ab91d2","4"
"route_0d46217ef1724ec2286b19d3","occ_24f88ce60d14bb33476220d9","1"
"route_0d8798868f2765e2f56188a9","occ_464c42ee3bd8b8ff5d47f623","1"
"route_0d8798868f2765e2f56188a9","occ_8e255706633ac9042bc6e259","2"
"route_0d8798868f2765e2f56188a9","occ_5f40ff7cd66f065ef7d06f63","3"
"route_0d8798868f2765e2f56188a9","occ_a51c42b1956a8861f184fbe9","4"
"route_0d8798868f2765e2f56188a9","occ_53bc85cfc090415e50258d17","5"
"route_0d8798868f2765e2f56188a9","occ_93ca8c89e2e6de26fd4e112a","6"
"route_0d8798868f2765e2f56188a9","occ_8784039a15ee0fd4d04bca6a","7"
"route_0d8798868f2765e2f56188a9","occ_20cc728049ffa37fcaf01ee9","8"
"route_0d8798868f2765e2f56188a9","occ_4c1508242ed61fd094c8595b","9"
"route_0d91abd5c8c9335d03c868d1","occ_e3d854dcd48124c8f5b80967","1"
"route_0dd9ffad113db9d61f8d5b52","occ_7a05e6aee478b9977ef345d8","1"
"route_0dd9ffad113db9d61f8d5b52","occ_538599a2c58ac2c7a9be8e46","10"
"route_0dd9ffad113db9d61f8d5b52","occ_2f04cb2597819bbdc318cea8","11"
"route_0dd9ffad113db9d61f8d5b52","occ_d46a425dd0fd0548a05585e4","2"
"route_0dd9ffad113db9d61f8d5b52","occ_22589de284c2848645fb4894","3"
"route_0dd9ffad113db9d61f8d5b52","occ_3fae9035ad979e9f221d3518","4"
"route_0dd9ffad113db9d61f8d5b52","occ_1855b57b99540c0b4c5c1c9c","5"
"route_0dd9ffad113db9d61f8d5b52","occ_4c1c77cc76f21f17946e5ab7","6"
"route_0dd9ffad113db9d61f8d5b52","occ_8ce3a6ca22022911c184f672","7"
"route_0dd9ffad113db9d61f8d5b52","occ_9aa4a988f1c3e003ed75c685","8"
"route_0dd9ffad113db9d61f8d5b52","occ_86695e6066f2ed54cebbdb5f","9"
"route_0e2e1e195e15a71e2ef0dce8","occ_fc29c9cdf3785d140045aa29","1"
"route_0e2e1e195e15a71e2ef0dce8","occ_e0c4d9ec41f213a32f2255b9","10"
"route_0e2e1e195e15a71e2ef0dce8","occ_1e9eaddd835bdab73d052072","11"
"route_0e2e1e195e15a71e2ef0dce8","occ_d0e9a8dbc4bedfe6846e69ad","12"
"route_0e2e1e195e15a71e2ef0dce8","occ_e8ee90af4fbb0c8c958038c5","13"
"route_0e2e1e195e15a71e2ef0dce8","occ_f6896430a64fd3ae65c4c74a","14"
"route_0e2e1e195e15a71e2ef0dce8","occ_b70047373ee9f0fa7f2af64e","15"
"route_0e2e1e195e15a71e2ef0dce8","occ_59f748e8d01df44fbaa251fe","16"
"route_0e2e1e195e15a71e2ef0dce8","occ_71464e6f8ee4f8c912a23b92","17"
"route_0e2e1e195e15a71e2ef0dce8","occ_4615b77cf790ac45d31a3442","18"
"route_0e2e1e195e15a71e2ef0dce8","occ_205feacad2aee90c78e16eb6","19"
"route_0e2e1e195e15a71e2ef0dce8","occ_2fa23ef44039edbdda8e083a","2"
"route_0e2e1e195e15a71e2ef0dce8","occ_4e669a18722c931d99a4a5e1","20"
"route_0e2e1e195e15a71e2ef0dce8","occ_4349dcc872da3a30dfae13e0","21"
"route_0e2e1e195e15a71e2ef0dce8","occ_ca57d167f1dee7f73cba9cf8","22"
"route_0e2e1e195e15a71e2ef0dce8","occ_a43244ba04f52b38828a6afa","23"
"route_0e2e1e195e15a71e2ef0dce8","occ_26b1232786f054f99de1e140","24"
"route_0e2e1e195e15a71e2ef0dce8","occ_43fbef87f2c959eb1624bfc4","25"
"route_0e2e1e195e15a71e2ef0dce8","occ_fdbd2f156860dbe81284732a","3"
"route_0e2e1e195e15a71e2ef0dce8","occ_41a463ac3d6a210413e18926","4"
"route_0e2e1e195e15a71e2ef0dce8","occ_d4e7c3d4a1d0e93cfde32bb1","5"
"route_0e2e1e195e15a71e2ef0dce8","occ_86a262aa65d0431815206bf7","6"
"route_0e2e1e195e15a71e2ef0dce8","occ_2965490983567e0e997d393e","7"
"route_0e2e1e195e15a71e2ef0dce8","occ_bb412dca09b020393d97bb01","8"
"route_0e2e1e195e15a71e2ef0dce8","occ_d3765348ab3c17a297510f55","9"
"route_0e3392e7538ba046493aae21","occ_d16b680fe527ae23ef4d328b","1"
"route_0e3392e7538ba046493aae21","occ_f8ea9a414c176a456d25c12e","10"
"route_0e3392e7538ba046493aae21","occ_fc4428ce453ee04ca6daeb90","11"
"route_0e3392e7538ba046493aae21","occ_206bf59186ff14a4815f79aa","2"
"route_0e3392e7538ba046493aae21","occ_9a753c7d93a4c7abcfb4a602","3"
"route_0e3392e7538ba046493aae21","occ_9bec5f0de3346b5731ca6c57","4"
"route_0e3392e7538ba046493aae21","occ_6d2dee20b23af7b40e00196d","5"
"route_0e3392e7538ba046493aae21","occ_c30922794d2f0239303e418a","6"
"route_0e3392e7538ba046493aae21","occ_f47b247e8ed5a4f392f24d35","7"
"route_0e3392e7538ba046493aae21","occ_67ae2e7169f0a80043d3d2d4","8"
"route_0e3392e7538ba046493aae21","occ_0a216d645143d958148c73f7","9"
"route_0e380db6f125382c45679a26","occ_83843640de631dea796dba57","1"
"route_0e380db6f125382c45679a26","occ_7c29bf3db78459fd009f93ee","2"
"route_0e380db6f125382c45679a26","occ_74aa622ad56bf5c8d765db25","3"
"route_0e4acab81c90a80f99b633ba","occ_2de38808b814d58cfd604259","1"
"route_0e4acab81c90a80f99b633ba","occ_8c5e43f47c622c3ebdeea710","2"
"route_0e4acab81c90a80f99b633ba","occ_1e1e374a9d4d31d0467c9935","3"
"route_0e4acab81c90a80f99b633ba","occ_7ed2706d1ac515dc3e1098b2","4"
"route_0e4acab81c90a80f99b633ba","occ_5973a9809129197b9e7f68da","5"
"route_0e4acab81c90a80f99b633ba","occ_17463c5b7ee305280ce95d16","6"
"route_0e73d4ad2371613696907d4c","occ_26a68039287ab0ae73c68b0c","1"
"route_0e73d4ad2371613696907d4c","occ_49f1dbf188d2630a5cf0fd1f","10"
"route_0e73d4ad2371613696907d4c","occ_d0b9d5424f56481e80ea811e","11"
"route_0e73d4ad2371613696907d4c","occ_eea4355dcb0baa84df0b2add","12"
"route_0e73d4ad2371613696907d4c","occ_91edbed81f652a93b64566ec","13"
"route_0e73d4ad2371613696907d4c","occ_ac33cb13eb63f03ae1b3c5dc","14"
"route_0e73d4ad2371613696907d4c","occ_215056c0431424f660a7e334","2"
"route_0e73d4ad2371613696907d4c","occ_d5d58301b51d1cf3ad936c4b","3"
"route_0e73d4ad2371613696907d4c","occ_fd34121dfbf7594742622f92","4"
"route_0e73d4ad2371613696907d4c","occ_5a1f7fff31f38e3cf60d464a","5"
"route_0e73d4ad2371613696907d4c","occ_8e755936684e732b46fdf3b5","6"
"route_0e73d4ad2371613696907d4c","occ_3a720dfd1d1eb94b50c60888","7"
"route_0e73d4ad2371613696907d4c","occ_3b510e311cc38c978938ba8c","8"
"route_0e73d4ad2371613696907d4c","occ_d28c58b8e504eb38f7623afd","9"
"route_0e84895f26c884895ebb4d34","occ_ec6dc0dd97ffad5908a540fc","1"
"route_0e84895f26c884895ebb4d34","occ_b6bff79da829faa99aca22a4","10"
"route_0e84895f26c884895ebb4d34","occ_7559e09d972501cf425527cf","11"
"route_0e84895f26c884895ebb4d34","occ_cac9fcfc7c3672604e311354","12"
"route_0e84895f26c884895ebb4d34","occ_41cb328e989f33ad8008d178","13"
"route_0e84895f26c884895ebb4d34","occ_c5e7e8f14dc2fbc9080aac89","14"
"route_0e84895f26c884895ebb4d34","occ_a2864a361417cf8ae1828f98","15"
"route_0e84895f26c884895ebb4d34","occ_6460b5ed753d12ab84c850e3","16"
"route_0e84895f26c884895ebb4d34","occ_c50e256ff27192978090bcb2","17"
"route_0e84895f26c884895ebb4d34","occ_d2a82807e0263c7f7c043ce2","18"
"route_0e84895f26c884895ebb4d34","occ_3d06b97992a419d935fb352a","19"
"route_0e84895f26c884895ebb4d34","occ_b32b723f4a26393b8304308e","2"
"route_0e84895f26c884895ebb4d34","occ_6ae25b89ad1ea7f095ac2184","20"
"route_0e84895f26c884895ebb4d34","occ_e74202692592f36a5efecdd9","21"
"route_0e84895f26c884895ebb4d34","occ_76bd3e93ef1ae18fedc32f56","22"
"route_0e84895f26c884895ebb4d34","occ_ca72a82bb478eba76406b111","3"
"route_0e84895f26c884895ebb4d34","occ_ba6274f62a3a405f5a92793a","4"
"route_0e84895f26c884895ebb4d34","occ_263129426d529ee5b1baa151","5"
"route_0e84895f26c884895ebb4d34","occ_8d72e61fa734c864f2e711d2","6"
"route_0e84895f26c884895ebb4d34","occ_938dce750b6ff21c12165ec9","7"
"route_0e84895f26c884895ebb4d34","occ_32971f441972f400c75308a6","8"
"route_0e84895f26c884895ebb4d34","occ_906e261326004039dc5eec3a","9"
"route_0e8513bb9fa6f881e778baea","occ_4b910fab1db42031c248f6ab","1"
"route_0e8513bb9fa6f881e778baea","occ_8f10af206c70358559a89fc5","2"
"route_0e8513bb9fa6f881e778baea","occ_65ac94091e8907aa7ab81c20","3"
"route_0e8513bb9fa6f881e778baea","occ_d90dea6fb4eeae315aca3d8e","4"
"route_0e8513bb9fa6f881e778baea","occ_9ba4ae0d3d8adf02155d882f","5"
"route_0ea2ca85f863c529b44b4103","occ_c9b5ba552676c3af6925d6b4","1"
"route_0ed68e6f6705b14ed4967287","occ_833a22f487d6f99e4a3e5731","1"
"route_0ed68e6f6705b14ed4967287","occ_0a31515c9a26ab1a4cdf88dc","10"
"route_0ed68e6f6705b14ed4967287","occ_6ddeeabab5cb652b95c24fc6","11"
"route_0ed68e6f6705b14ed4967287","occ_29a11bf684729bde0a7ba89a","12"
"route_0ed68e6f6705b14ed4967287","occ_93453eaa73ef133015967e85","13"
"route_0ed68e6f6705b14ed4967287","occ_5f3e011e655c299ac5899c8a","14"
"route_0ed68e6f6705b14ed4967287","occ_4ed7d3965368d76c8f36d686","15"
"route_0ed68e6f6705b14ed4967287","occ_d68115da37b8da30dbbf8230","16"
"route_0ed68e6f6705b14ed4967287","occ_b01a5351965d35294bc569df","17"
"route_0ed68e6f6705b14ed4967287","occ_752afb5d7718429549b3fe07","18"
"route_0ed68e6f6705b14ed4967287","occ_cdb461397ad09350c2cdea6b","19"
"route_0ed68e6f6705b14ed4967287","occ_9127cf492556755cd8df1024","2"
"route_0ed68e6f6705b14ed4967287","occ_2e4634d00e09a79dc7b10f49","20"
"route_0ed68e6f6705b14ed4967287","occ_b56cbf9de3fca527c7c9e3f1","21"
"route_0ed68e6f6705b14ed4967287","occ_3104b225ab1827ce40c1ec6b","3"
"route_0ed68e6f6705b14ed4967287","occ_633daeeaa3089572dec61061","4"
"route_0ed68e6f6705b14ed4967287","occ_61f84205b2ae4a8e4cfcbc13","5"
"route_0ed68e6f6705b14ed4967287","occ_50ae2972031258ad19958a5e","6"
"route_0ed68e6f6705b14ed4967287","occ_53575b1f06a8980afd36baeb","7"
"route_0ed68e6f6705b14ed4967287","occ_71656e74a581e73eee8aabac","8"
"route_0ed68e6f6705b14ed4967287","occ_0c2b040b69f2453334a0e9ee","9"
"route_0f10340597f9fb3b7e76d8f1","occ_f6aa49603f1db57b0cb31b10","1"
"route_0f1d256c599288a5a8e94e81","occ_8f165e29a0384364d64cd0c8","1"
"route_0f48433aebf1074d4693f12c","occ_941b5c36f670e7ebea70f8f0","1"
"route_0f48433aebf1074d4693f12c","occ_f4b9945717f90da098171fd2","10"
"route_0f48433aebf1074d4693f12c","occ_59d33e8872bbbc793a948331","11"
"route_0f48433aebf1074d4693f12c","occ_827654517749345b43139f3d","2"
"route_0f48433aebf1074d4693f12c","occ_fc6c81d0c7867214fb977ab9","3"
"route_0f48433aebf1074d4693f12c","occ_39c83e8af8e48d7e1af0c477","4"
"route_0f48433aebf1074d4693f12c","occ_64798acdac70b7d5ea617931","5"
"route_0f48433aebf1074d4693f12c","occ_788fc5adc71bb2181fae88d3","6"
"route_0f48433aebf1074d4693f12c","occ_5c8b71ee0aa0daa7aeaa92cb","7"
"route_0f48433aebf1074d4693f12c","occ_843d71618889ccc8beee3cb0","8"
"route_0f48433aebf1074d4693f12c","occ_99054cdeddc06fe948808d19","9"
"route_0f4f46b1982a4ec58f33b696","occ_23313a46b82883ddc3b1c36d","1"
"route_0f4f46b1982a4ec58f33b696","occ_9c8718096695153d4538866d","2"
"route_0f4f46b1982a4ec58f33b696","occ_9162e0df0938fabc844c368a","3"
"route_0f4f46b1982a4ec58f33b696","occ_84573ce4e7ca493a724aab9b","4"
"route_0f4f46b1982a4ec58f33b696","occ_5f74546cc1f71df2e269b4d3","5"
"route_0f4f46b1982a4ec58f33b696","occ_9350000f2674f112d6f3c7dd","6"
"route_0f73083fa93ec59be07e1a66","occ_93c4b78ba2b37ba95a27fbf9","1"
"route_0f73083fa93ec59be07e1a66","occ_1b8b34c571723825cdf66718","2"
"route_0f73083fa93ec59be07e1a66","occ_89a56e535c7fe43dad07e150","3"
"route_0f73083fa93ec59be07e1a66","occ_a7682fac10f72753768cdab5","4"
"route_0f73083fa93ec59be07e1a66","occ_1f17ca32507814c20c9dcd3d","5"
"route_0f73083fa93ec59be07e1a66","occ_ac073a5d6325c9bf34767c93","6"
"route_0f73083fa93ec59be07e1a66","occ_42eea67620d22163b4c2445f","7"
"route_0f73083fa93ec59be07e1a66","occ_be1c79e2003e82b9fb05ade5","8"
"route_0f73083fa93ec59be07e1a66","occ_b5cc6102e390fcd7929d13e8","9"
"route_0f982676b87514f9c151be9c","occ_ea7f075c4c8189227604e39e","1"
"route_0fa957f7f5a456dd48ddee68","occ_2972fc56a2771e5625f37be3","1"
"route_0fa957f7f5a456dd48ddee68","occ_3f11ee36d1d2054d6f93aeae","10"
"route_0fa957f7f5a456dd48ddee68","occ_554ea2b366841131f1a8d8d9","11"
"route_0fa957f7f5a456dd48ddee68","occ_110274dbc136b00c08268b11","2"
"route_0fa957f7f5a456dd48ddee68","occ_3426393b1dd4b91c83ccda7f","3"
"route_0fa957f7f5a456dd48ddee68","occ_a70be2d05fe1a04371dcaf70","4"
"route_0fa957f7f5a456dd48ddee68","occ_b700aa6c08aff942c3cbf4a0","5"
"route_0fa957f7f5a456dd48ddee68","occ_ab6076791b2721834549cdda","6"
"route_0fa957f7f5a456dd48ddee68","occ_f84c6dd5f7dfb7dc6baee9f4","7"
"route_0fa957f7f5a456dd48ddee68","occ_995120a1514f4318940f064d","8"
"route_0fa957f7f5a456dd48ddee68","occ_c024becd3f67c52994c5f443","9"
"route_1004ac7010955f19e049a6be","occ_74c6661e0e404be06edd516d","1"
"route_100650c5ff2c8dac80451495","occ_92e885d5aac099e21dc8f081","1"
"route_101f59549f235ee0223b6d0d","occ_3cc86506776b1c8a9f25554e","1"
"route_10272bff8924e1393eb92269","occ_c091ec0ea8f890a8645d96f9","1"
"route_10302bda3b070fa45c5b274b","occ_e0cc8dfbc7a35cf74e3d87cb","1"
"route_103cf6a3e611f895e4707c22","occ_98bedd626ddd75abbecf8139","1"
"route_104ddcad8ea8a1fe5bb362a9","occ_9d04681c71769999710bd1a7","1"
"route_105a8135cf749ee49802bb0c","occ_8b6f7ccd5662cab2dc2b1ed8","1"
"route_105a8135cf749ee49802bb0c","occ_9852afaabb5655e743897634","2"
"route_105a8135cf749ee49802bb0c","occ_dad4fc5106c98d9da42ed2c0","3"
"route_105a8135cf749ee49802bb0c","occ_96862ffd24651b0167dd0a6f","4"
"route_10624dc08fb5ff2f08c41aed","occ_19bea513213fd1c7c1565a56","1"
"route_10bbf7815356161fc2a2e2ee","occ_d166b13ebca126b4590ad941","1"
"route_10c6d9d85cd8fad3dc9dec65","occ_bfc481e101b36244c293dbb0","1"
"route_112e4ab56a452c36da198d4b","occ_0de5b488f559b85cb25365e1","1"
"route_112e4ab56a452c36da198d4b","occ_cbc063aa15897347f45c7f6a","10"
"route_112e4ab56a452c36da198d4b","occ_60b246685c8c798d332915d8","11"
"route_112e4ab56a452c36da198d4b","occ_0bea9f2a21806754da29a3ba","12"
"route_112e4ab56a452c36da198d4b","occ_99a63d29c2a14b23c09b9486","13"
"route_112e4ab56a452c36da198d4b","occ_685786e108c5c33e28c97107","2"
"route_112e4ab56a452c36da198d4b","occ_5aadc70d5f14a091724a2347","3"
"route_112e4ab56a452c36da198d4b","occ_9606f314a3203969b17e4207","4"
"route_112e4ab56a452c36da198d4b","occ_9d18aac1945bd56c295ad4c9","5"
"route_112e4ab56a452c36da198d4b","occ_27ec91466364f6858e45beb8","6"
"route_112e4ab56a452c36da198d4b","occ_077303d2841b571d7bb88d88","7"
"route_112e4ab56a452c36da198d4b","occ_34d1d03f615fa5cbac5ee345","8"
"route_112e4ab56a452c36da198d4b","occ_22ba066a84d0e46d30e7aed7","9"
"route_117fdd6f0ed7929d82fbbeb1","occ_e4c71fc38b07567c9ff2541a","1"
"route_1218a473b1ba486205f0fa11","occ_b24898185f2ca0c56e144b32","1"
"route_1218c39869af6578f9317443","occ_9ca691f7cf226f33e4423a22","1"
"route_121af2dc830aa399bc3690fc","occ_21ca781979729e8af8c88c10","1"
"route_122e177a0b5e6984196cf337","occ_5f8404ab8cd5c42bb778c18d","1"
"route_12a6a4e1d52d9560388f80ec","occ_f6d8b71a1e466c65eedaa772","1"
"route_12b4acd6b7c45c44a1f7f2ec","occ_a363676792dd1e9bae2f5ad1","1"
"route_12b4acd6b7c45c44a1f7f2ec","occ_18ac9b156946c9c44613a365","2"
"route_12b4acd6b7c45c44a1f7f2ec","occ_70fd62b1f10d82aedc6e164b","3"
"route_12b4acd6b7c45c44a1f7f2ec","occ_70e354590393449aacd809e6","4"
"route_12b4acd6b7c45c44a1f7f2ec","occ_663949b6d262cfb885d4f043","5"
"route_12b4acd6b7c45c44a1f7f2ec","occ_87a0b6e120aa2de61b9e5b32","6"
"route_12b4acd6b7c45c44a1f7f2ec","occ_78e92038c382748934f718d8","7"
"route_12bc7e359a82b6d38ff9418d","occ_276c52c0ea541a59a43089ff","1"
"route_12bd7a409525f840b4ce38a7","occ_5789e8255048fdcc17c62e61","1"
"route_12eb6ffa6b0655a5e581718d","occ_a6305d0ebd3d0f8d5f5203ad","1"
"route_134e31bb93258ec2f9f5e8a4","occ_1c76f1c3acb0c3c6a26df2b0","1"
"route_134e31bb93258ec2f9f5e8a4","occ_daaf882de00b57c49efd1498","2"
"route_134e31bb93258ec2f9f5e8a4","occ_e46e7b6a876cda2fba121830","3"
"route_1386472a3a581ac0f8a22abb","occ_b6c946920f3385089b31f68a","1"
"route_13ab1191d13f185d1c9b517f","occ_5fe8cd698b911914154d8766","1"
"route_13b554c8a2ac4fad8fb7dae9","occ_f5325f45a61a9983fd61be41","1"
"route_13b554c8a2ac4fad8fb7dae9","occ_6397061d76c6a624319b3bea","2"
"route_13b554c8a2ac4fad8fb7dae9","occ_a2d066b2cd11b77c15710f23","3"
"route_13b554c8a2ac4fad8fb7dae9","occ_8677a3aa44bed6a3d2e3f6ee","4"
"route_13b554c8a2ac4fad8fb7dae9","occ_718d082fb328066e6c192a04","5"
"route_13b554c8a2ac4fad8fb7dae9","occ_92479dc3da818f496ab45236","6"
"route_13b554c8a2ac4fad8fb7dae9","occ_e9d74a382c58a1ee4808301c","7"
"route_13b554c8a2ac4fad8fb7dae9","occ_ed8df680e8b9834a103eb569","8"
"route_13baf2cafdbf4a9dc8c02721","occ_9b52092a5b98f7b43f89faa5","1"
"route_13baf2cafdbf4a9dc8c02721","occ_66efa04bd321b3ac9dc51cc8","10"
"route_13baf2cafdbf4a9dc8c02721","occ_c53b5031ce51c83a336ed193","11"
"route_13baf2cafdbf4a9dc8c02721","occ_8db8a814a265069ae9a8c311","12"
"route_13baf2cafdbf4a9dc8c02721","occ_f45cd7e15c03efe2fabe01b0","13"
"route_13baf2cafdbf4a9dc8c02721","occ_9aac524d34bc4e18d21ca8b4","14"
"route_13baf2cafdbf4a9dc8c02721","occ_4647842b12f35de603aec6c7","15"
"route_13baf2cafdbf4a9dc8c02721","occ_fa92c17e49af905f455bd024","16"
"route_13baf2cafdbf4a9dc8c02721","occ_f5400ccc3831fbbc22521957","17"
"route_13baf2cafdbf4a9dc8c02721","occ_d4fa09a02ca83c87f1a87b85","18"
"route_13baf2cafdbf4a9dc8c02721","occ_7c036182ac09c21ce9b27a98","19"
"route_13baf2cafdbf4a9dc8c02721","occ_d79e8bdb7fad9cd6ec73c13b","2"
"route_13baf2cafdbf4a9dc8c02721","occ_41051a52627d520884f36f46","20"
"route_13baf2cafdbf4a9dc8c02721","occ_15bfcfb0b08083fcff1533c0","21"
"route_13baf2cafdbf4a9dc8c02721","occ_a1d9ed221636719997f8571e","22"
"route_13baf2cafdbf4a9dc8c02721","occ_259055277d61124f1e92af28","23"
"route_13baf2cafdbf4a9dc8c02721","occ_d2fe3cde9abc769d19a34cb5","24"
"route_13baf2cafdbf4a9dc8c02721","occ_8b19d26b2caf5fec99a092ec","25"
"route_13baf2cafdbf4a9dc8c02721","occ_2c6136e7ff53b8b5882a6d61","26"
"route_13baf2cafdbf4a9dc8c02721","occ_f95384bc0c753da979f789d8","27"
"route_13baf2cafdbf4a9dc8c02721","occ_acc463d1a3b28c0da715be7c","28"
"route_13baf2cafdbf4a9dc8c02721","occ_094446d08396e0576a917a17","29"
"route_13baf2cafdbf4a9dc8c02721","occ_02313de425d0528173970ad4","3"
"route_13baf2cafdbf4a9dc8c02721","occ_bf669e5b9d5ae7f06fc83708","4"
"route_13baf2cafdbf4a9dc8c02721","occ_720117e2330d4af9581a6080","5"
"route_13baf2cafdbf4a9dc8c02721","occ_0b23fbd3d6935685e8c8267a","6"
"route_13baf2cafdbf4a9dc8c02721","occ_c25a58b84d2c277304d81f7e","7"
"route_13baf2cafdbf4a9dc8c02721","occ_f166f61fcd447c0e34dd1882","8"
"route_13baf2cafdbf4a9dc8c02721","occ_faca1dd74436c368b42fbeff","9"
"route_13d654fd8c97d9a4d60d7ad2","occ_8ca81b198aadde159961cd70","1"
"route_13e43d69394576f79a11f791","occ_3daa956a14845b128c010acd","1"
"route_13e58e1f72b0cc2e0ce86123","occ_3f83f4ecda304e0cd16f4dc4","1"
"route_140b7ebe343bfd3762114b93","occ_04d6a6e12d5c26d3546a3105","1"
"route_1441787ef3a0117182d0b262","occ_37daad740f582e15be6093ff","1"
"route_1441787ef3a0117182d0b262","occ_76185e84023a66b54ca55815","10"
"route_1441787ef3a0117182d0b262","occ_f6ab1c770a33cef82bf96be3","2"
"route_1441787ef3a0117182d0b262","occ_901344f8d02332d57c2a6100","3"
"route_1441787ef3a0117182d0b262","occ_3c8f43fa9cfce95f0ea62038","4"
"route_1441787ef3a0117182d0b262","occ_b280710d609edd4ccee5e80e","5"
"route_1441787ef3a0117182d0b262","occ_e1022852738593c2dd7ec230","6"
"route_1441787ef3a0117182d0b262","occ_f664a5a6779863612e8458c8","7"
"route_1441787ef3a0117182d0b262","occ_7ff4909336519de6802bc94f","8"
"route_1441787ef3a0117182d0b262","occ_4f10f7b918fa3b66be553f0d","9"
"route_144f593bf222f5018182bc79","occ_b3a2bda137d961888cd2e5c5","1"
"route_144f593bf222f5018182bc79","occ_e88941478f4e6bf25595641e","10"
"route_144f593bf222f5018182bc79","occ_5d82b4578898dd3733bb14b0","11"
"route_144f593bf222f5018182bc79","occ_b112a34b0ced7f363e589e8d","12"
"route_144f593bf222f5018182bc79","occ_8950acf59f02c24f7bfb2e4c","13"
"route_144f593bf222f5018182bc79","occ_c147899548c0b3335e98acf7","2"
"route_144f593bf222f5018182bc79","occ_527fb5405e1ffa4c11845e29","3"
"route_144f593bf222f5018182bc79","occ_6fe5c47f9a890e79676f06d5","4"
"route_144f593bf222f5018182bc79","occ_707e51f2cd129fdd146d95d7","5"
"route_144f593bf222f5018182bc79","occ_a114921b5890b4682e19eed2","6"
"route_144f593bf222f5018182bc79","occ_55e35952f745c1777f4b89d2","7"
"route_144f593bf222f5018182bc79","occ_5be1edec205e187ab5b07fc7","8"
"route_144f593bf222f5018182bc79","occ_208d15fd5db4a139251d853f","9"
"route_14535ff93ff197b88b084a22","occ_abd456b23d347614770d34cb","1"
"route_14552d4ae77b6dc507d1f266","occ_9d1f2a79eda9a3062828ad1f","1"
"route_147c88267e5cb88d7352b8e8","occ_0ba5336a9739c06342e590b7","1"
"route_147c88267e5cb88d7352b8e8","occ_e8add30010587b800e3c9c65","2"
"route_147c88267e5cb88d7352b8e8","occ_05fa84cd75a3e91eff6e02ef","3"
"route_147c88267e5cb88d7352b8e8","occ_11658bb5bab8268649759cae","4"
"route_147c88267e5cb88d7352b8e8","occ_32fbe6d5c077511ad25bc9f3","5"
"route_147c88267e5cb88d7352b8e8","occ_fbe40f510e3e8af94296b7d9","6"
"route_14c12ff02b9a533df7d86186","occ_dd10adda1bd71ccd915027c4","1"
"route_14e21e8f041a58b13afbccf1","occ_e19a4cf5be53150ea485a3c3","1"
"route_14e21e8f041a58b13afbccf1","occ_65b576c7ed0cd211354b265c","2"
"route_14e21e8f041a58b13afbccf1","occ_ec51503a6ae5ac5b4940a6a2","3"
"route_14e21e8f041a58b13afbccf1","occ_6c33f03fd2c1515180156081","4"
"route_14e21e8f041a58b13afbccf1","occ_ac6590fb090a10d9f24b2b52","5"
"route_14e21e8f041a58b13afbccf1","occ_86d73e3024128732b068b706","6"
"route_14eb1f52fdb5c4bc95b87cee","occ_b6c2314a4cd9326d41017aa3","1"
"route_15081dbb24a5c21a51f9f896","occ_437670b75b9ec8c746797572","1"
"route_15081dbb24a5c21a51f9f896","occ_beeb8c6bacc011242e17d5a6","2"
"route_15081dbb24a5c21a51f9f896","occ_9d4dcd384da9e6016db40edb","3"
"route_15081dbb24a5c21a51f9f896","occ_86ed384c0d25255b372bc00a","4"
"route_15081dbb24a5c21a51f9f896","occ_ff74b615235f80baee3434d1","5"
"route_15081dbb24a5c21a51f9f896","occ_35f1dab8bd8cc760e73da38f","6"
"route_15081dbb24a5c21a51f9f896","occ_671fcbbb93e42b77f0631a6c","7"
"route_150e0eec86930acc9767d16b","occ_72f36e376f7f36076e29a358","1"
"route_150e0eec86930acc9767d16b","occ_855ff139b15c2d7201a2636a","10"
"route_150e0eec86930acc9767d16b","occ_c2eb5fb7c98ce99438026900","11"
"route_150e0eec86930acc9767d16b","occ_b24f49cfeb8613e450058268","12"
"route_150e0eec86930acc9767d16b","occ_8853b4090b8fba5ad618954b","13"
"route_150e0eec86930acc9767d16b","occ_a2b520a9beeec130680a7a97","14"
"route_150e0eec86930acc9767d16b","occ_563e3b56a88241f8e1c2c0f4","15"
"route_150e0eec86930acc9767d16b","occ_69612682f723ebfea10c2dca","16"
"route_150e0eec86930acc9767d16b","occ_cb83c95d4c128c440e6e1bb2","17"
"route_150e0eec86930acc9767d16b","occ_f18584d64f06d99ecd101e03","18"
"route_150e0eec86930acc9767d16b","occ_8ef645dbf0b0b65c700d16e6","19"
"route_150e0eec86930acc9767d16b","occ_bc2a7f8de6027bd0fc79b419","2"
"route_150e0eec86930acc9767d16b","occ_2279d64c055cd7b6cd775b9a","20"
"route_150e0eec86930acc9767d16b","occ_0786826f5ff42d28d2beef3c","21"
"route_150e0eec86930acc9767d16b","occ_6b69a8cc7510ed84f35c2511","22"
"route_150e0eec86930acc9767d16b","occ_ec8f7be47956c60764fd6c3b","23"
"route_150e0eec86930acc9767d16b","occ_759476abe149cb5ab01a58a0","24"
"route_150e0eec86930acc9767d16b","occ_081a67d03a95619141318a73","25"
"route_150e0eec86930acc9767d16b","occ_55348169c6e61e2a33b3a399","26"
"route_150e0eec86930acc9767d16b","occ_c82fe757a6b636000c8043f3","3"
"route_150e0eec86930acc9767d16b","occ_3d48f6cb2f5149875bb1a8eb","4"
"route_150e0eec86930acc9767d16b","occ_e1a2b2257e6ee59647f225a7","5"
"route_150e0eec86930acc9767d16b","occ_db46477451a29320983205a3","6"
"route_150e0eec86930acc9767d16b","occ_879d9dc06dd34e80098e2e3a","7"
"route_150e0eec86930acc9767d16b","occ_339ce6cbe24a1eb6142cb479","8"
"route_150e0eec86930acc9767d16b","occ_b0b09473804a0d3049a3fda3","9"
"route_151ee238c4b439e57a9916da","occ_09d0ed55b517690d7a8e1d40","1"
"route_152fd70e5a03ac60ff5aba85","occ_9d282bd6ce880390eb1fcf3e","1"
"route_152fd70e5a03ac60ff5aba85","occ_eb82f57702210f5775e17179","10"
"route_152fd70e5a03ac60ff5aba85","occ_dce078c7f0252f5178a644d6","11"
"route_152fd70e5a03ac60ff5aba85","occ_bb50861c2ff7279b5d275db5","12"
"route_152fd70e5a03ac60ff5aba85","occ_5ae3b722aefcb09e660970a1","2"
"route_152fd70e5a03ac60ff5aba85","occ_7d9fbca5178d869eab08e8fb","3"
"route_152fd70e5a03ac60ff5aba85","occ_d936d00194762074c8acbf59","4"
"route_152fd70e5a03ac60ff5aba85","occ_4220c987aa39e34b24b57019","5"
"route_152fd70e5a03ac60ff5aba85","occ_e13eaf80dd6e09f2e5c2f071","6"
"route_152fd70e5a03ac60ff5aba85","occ_3369be5e7bd3ac79dee685bf","7"
"route_152fd70e5a03ac60ff5aba85","occ_da39b3b73e54b1c46d9bb094","8"
"route_152fd70e5a03ac60ff5aba85","occ_2bf54b3669c9603c090be492","9"
"route_1535a6f574ea0cc64df5d931","occ_7f8d788e388c742d6d7cbd78","1"
"route_154419e1ff143f9fec00c560","occ_cf84262e87aaafa41182136e","1"
"route_1552b1af00d67ece1ab5cbf1","occ_3c4beb230fcd3c8b814a01c5","1"
"route_1552b1af00d67ece1ab5cbf1","occ_05038678493e31373dcdcc85","10"
"route_1552b1af00d67ece1ab5cbf1","occ_540b4bb44e70ffc30d61519a","11"
"route_1552b1af00d67ece1ab5cbf1","occ_2b98263c27407a10214eedc0","12"
"route_1552b1af00d67ece1ab5cbf1","occ_ef1b659064f954c0f295a486","13"
"route_1552b1af00d67ece1ab5cbf1","occ_714e3a4059437e34ee998ef5","2"
"route_1552b1af00d67ece1ab5cbf1","occ_51dd6828c3b35e9ab11f06b3","3"
"route_1552b1af00d67ece1ab5cbf1","occ_e8af0b3a983990ea4e7f465e","4"
"route_1552b1af00d67ece1ab5cbf1","occ_e6dbfc472c73c7b858d70e53","5"
"route_1552b1af00d67ece1ab5cbf1","occ_e0254678899c5a5220749507","6"
"route_1552b1af00d67ece1ab5cbf1","occ_d00707dd75e424e5bcc967cd","7"
"route_1552b1af00d67ece1ab5cbf1","occ_61afd0f77b8886386164fc5f","8"
"route_1552b1af00d67ece1ab5cbf1","occ_fb942f692b8cfc003e0d2762","9"
"route_15604786f49cb56b173bb88f","occ_b1aa9d806a9fe011d04d7cb2","1"
"route_156102632d9da2adb765e0f9","occ_90108062a44c11747b109fea","1"
"route_1567a25b19f7403c75c33f7f","occ_1b1954ed737dac0cc71f2c65","1"
"route_157dab8dc2dfc160005ce3c2","occ_0ce5e7dbb2e4a143828a2a7a","1"
"route_157dab8dc2dfc160005ce3c2","occ_fcd6f66f8ea22b8e0ee72ab0","10"
"route_157dab8dc2dfc160005ce3c2","occ_a05725e931c0bec58f2612e6","2"
"route_157dab8dc2dfc160005ce3c2","occ_4ea78bc728c3d4e830bf9724","3"
"route_157dab8dc2dfc160005ce3c2","occ_e680824141163c5240f74364","4"
"route_157dab8dc2dfc160005ce3c2","occ_04ee4ce6b8d8160b5334e26a","5"
"route_157dab8dc2dfc160005ce3c2","occ_894f7c25623ddd179c292e2d","6"
"route_157dab8dc2dfc160005ce3c2","occ_9f105153e7375e93af8f41e9","7"
"route_157dab8dc2dfc160005ce3c2","occ_8476db3a0953a9c1e34be0a3","8"
"route_157dab8dc2dfc160005ce3c2","occ_7931852823f4e274d4540005","9"
"route_16056706ec8b48d887ffe2cf","occ_7ec5b2fb76aa19b3065a4f22","1"
"route_16087633d66d9005724e846c","occ_89af270f4838abd51c712caa","1"
"route_16160b40faba0cde2ff02719","occ_1fd2b192a12db73c05e4034b","1"
"route_167b0941a983054edb7515b2","occ_08394cab7f3529f6cddb3b27","1"
"route_16c98d84fff78b1c28a39ec7","occ_0d6b40ba2347b5b435f75b44","1"
"route_173656b16de5083d1b8fd9b7","occ_b2afbba0e4e1b3ffc98b5f7a","1"
"route_174b98f61ddd7b4f33e46dc7","occ_29e62e5a995e821ceccee546","1"
"route_174b98f61ddd7b4f33e46dc7","occ_06d8849bdd5ef925d374a1fb","2"
"route_174b98f61ddd7b4f33e46dc7","occ_1949b689610f424c779640ed","3"
"route_178dabfdccfc74b1ab219b36","occ_44cf189e1c2e608d49e70453","1"
"route_179ae581eb1c9583277de7cb","occ_55aa600fcb5cf751c2e87dbb","1"
"route_179ae581eb1c9583277de7cb","occ_dc26c5f9a37303d9cbc16cb7","2"
"route_179ae581eb1c9583277de7cb","occ_9f67c847e6e5b6ff1c5b8522","3"
"route_179ae581eb1c9583277de7cb","occ_e939ac3e47c36c640dba1b80","4"
"route_17bee9f3891dcff32ca96d33","occ_6adb2eb06e185aa6f1bc2fad","1"
"route_17bee9f3891dcff32ca96d33","occ_c1fd05b954bc1a62e9b77906","2"
"route_17e34f3a5956da63831bf3b8","occ_8bf46db7c5a94a291eaf9579","1"
"route_17e6f931f298ae9a3ac5e3d7","occ_095b3112ef2903592d74017f","1"
"route_18082acf7f39d1ec57831702","occ_2ffc576dae5bda5e9541027a","1"
"route_181472ec12fd09bec64012b0","occ_b4ab0ffb21f713e070da337f","1"
"route_181472ec12fd09bec64012b0","occ_11e85d3772b17533368bd245","10"
"route_181472ec12fd09bec64012b0","occ_ec36657f1e2a1f0918b1586c","11"
"route_181472ec12fd09bec64012b0","occ_64d6c550139599d9f511f82e","12"
"route_181472ec12fd09bec64012b0","occ_f1c975894c73f3a68513fede","13"
"route_181472ec12fd09bec64012b0","occ_e04e578f70218f7a14a29a21","14"
"route_181472ec12fd09bec64012b0","occ_d50c5b8715e74f76a8cdfe6c","2"
"route_181472ec12fd09bec64012b0","occ_462379bde6b8bd0d9c389682","3"
"route_181472ec12fd09bec64012b0","occ_379a7d652661508ef2d90137","4"
"route_181472ec12fd09bec64012b0","occ_edc8d0fe72cdec3b68f2818b","5"
"route_181472ec12fd09bec64012b0","occ_790f009803e241b4798ce8f3","6"
"route_181472ec12fd09bec64012b0","occ_468bece81b1de51c435e89f1","7"
"route_181472ec12fd09bec64012b0","occ_71c0b3c32cb111470be84ca7","8"
"route_181472ec12fd09bec64012b0","occ_95ec83de3b7c6bc15bda234f","9"
"route_184be85d8d398cc4ef7756ca","occ_788b88fe424675c6e21994ea","1"
"route_18760f6c40d78134ffb4de41","occ_479e355cc1813d676ccadc5a","1"
"route_18a72568539ada55e1414a25","occ_07595cff2f187c26b4e593e5","1"
"route_1904ae9a961eb32eb5497ba4","occ_6e4688ebef09549b8c1781aa","1"
"route_190db170f5faacf88db4285f","occ_f2f469ccb9b731f9eb5f9d84","1"
"route_1941ee36d421f5141759ad34","occ_92ef604c59688e0defb490de","1"
"route_195aa456dd14ca0a606fb58a","occ_06bd2d6fd25414d29035f001","1"
"route_195aa456dd14ca0a606fb58a","occ_e6dd99bf2c42e72b3505f89b","2"
"route_195aa456dd14ca0a606fb58a","occ_b5a08848bf66cbedac9984c3","3"
"route_195aa456dd14ca0a606fb58a","occ_a64a32fd96320db9f644cc61","4"
"route_195aa456dd14ca0a606fb58a","occ_e1eb7ac20d436b85445e12f5","5"
"route_195aa456dd14ca0a606fb58a","occ_e6474721b51b5fb098632171","6"
"route_195aa456dd14ca0a606fb58a","occ_cd5bebf94d6bf53e35ba1d37","7"
"route_196b184f9881814effad38b8","occ_5e1f5e3e587d548c19afd28c","1"
"route_1991fcade364561f9d029233","occ_0bc9fdbf38c3a372f60cd472","1"
"route_199f37fccbfcc62a8de7fa8f","occ_938343f9ccf6f2c4a1f92185","1"
"route_19cadee203f6d1d7f613e520","occ_568285d5fec82f800c7438b6","1"
"route_1a0414430128feebb9ed9faf","occ_633c637ddd8f900cd7f61c8b","1"
"route_1a5180bba761ef95a4750310","occ_a2ba5e7d4ad3f1760c825dfc","1"
"route_1a5180bba761ef95a4750310","occ_d38cdd3724e516b65732a6be","10"
"route_1a5180bba761ef95a4750310","occ_37efc109a62afe7d511890fd","11"
"route_1a5180bba761ef95a4750310","occ_c4bbc15927cac8634e640114","12"
"route_1a5180bba761ef95a4750310","occ_e5a945de197ac68013e2c5c0","13"
"route_1a5180bba761ef95a4750310","occ_a9b79941d470bfb07e24cafd","14"
"route_1a5180bba761ef95a4750310","occ_a3cc58234cdd33e64c106002","15"
"route_1a5180bba761ef95a4750310","occ_368250c3a8ee5d6e540769a7","16"
"route_1a5180bba761ef95a4750310","occ_b34ce5e4c59d6cc8f4814e1f","17"
"route_1a5180bba761ef95a4750310","occ_a4b3925f04cab2a666bd153d","18"
"route_1a5180bba761ef95a4750310","occ_da08caf949f7cd2f88cf8af8","19"
"route_1a5180bba761ef95a4750310","occ_225c751b3d69543a9b576cce","2"
"route_1a5180bba761ef95a4750310","occ_b25fcea8136438d10fa11f5e","3"
"route_1a5180bba761ef95a4750310","occ_1b3068026bf10007d84d3f0a","4"
"route_1a5180bba761ef95a4750310","occ_13e219525402cf32ea388492","5"
"route_1a5180bba761ef95a4750310","occ_01794b4604b59bb3b209fbbd","6"
"route_1a5180bba761ef95a4750310","occ_1dae8d5a291d864c54ec84b0","7"
"route_1a5180bba761ef95a4750310","occ_78d0550070743b3e161f54f3","8"
"route_1a5180bba761ef95a4750310","occ_e0ebc4b0a729edeb647994cb","9"
"route_1a5fd543bec27b52785f6059","occ_c1ebf6e71b5643a3283c4b18","1"
"route_1a5fd543bec27b52785f6059","occ_ff3678a31aa17ae897833f1d","2"
"route_1a5fd543bec27b52785f6059","occ_5bc6203c7a8c46bb1ee8db01","3"
"route_1a5fd543bec27b52785f6059","occ_fe10234a60cd0168c66305e2","4"
"route_1a5fd543bec27b52785f6059","occ_0a5d7ecf45153d0472f78bc7","5"
"route_1a5fd543bec27b52785f6059","occ_c9a6e08ca3156f81be6f7702","6"
"route_1a7b85f083909e8eec4b5a32","occ_101b957fff2b2e060ea43718","1"
"route_1a7b85f083909e8eec4b5a32","occ_16509c9bcf29f9048ccb79cf","10"
"route_1a7b85f083909e8eec4b5a32","occ_9707cd348617c21cec15b546","2"
"route_1a7b85f083909e8eec4b5a32","occ_051c59ec9f721756ee5ee90b","3"
"route_1a7b85f083909e8eec4b5a32","occ_d01d8eb92cf34fa9533748ef","4"
"route_1a7b85f083909e8eec4b5a32","occ_f2f4f23de20f7b30da9536fd","5"
"route_1a7b85f083909e8eec4b5a32","occ_3088ab841920b04483845171","6"
"route_1a7b85f083909e8eec4b5a32","occ_81dc3d424e38d736a5328a6e","7"
"route_1a7b85f083909e8eec4b5a32","occ_8c2c2ba9b9ef96c92a05f41c","8"
"route_1a7b85f083909e8eec4b5a32","occ_e45b06a982c81a261b7f8310","9"
"route_1ab6e0780fd5192fbff08d04","occ_ce358743cad86c4350510db3","1"
"route_1ac84d7d868f48e11eda7263","occ_efc40665d33cbc47bed4fdaa","1"
"route_1ac84d7d868f48e11eda7263","occ_56bc502cda546c7471815019","10"
"route_1ac84d7d868f48e11eda7263","occ_53635dd5049882298193bb4a","11"
"route_1ac84d7d868f48e11eda7263","occ_45b22c89bedb84df2b20411a","12"
"route_1ac84d7d868f48e11eda7263","occ_ce529c618a514772a9bf0074","13"
"route_1ac84d7d868f48e11eda7263","occ_ec045b2291281eb3b6467da7","14"
"route_1ac84d7d868f48e11eda7263","occ_c79e7426296ad715f1941e9a","15"
"route_1ac84d7d868f48e11eda7263","occ_a0ea36290c6267c58b414184","16"
"route_1ac84d7d868f48e11eda7263","occ_2a3c9276cf643373fab06a4c","2"
"route_1ac84d7d868f48e11eda7263","occ_5f6921246814e4a68585e78a","3"
"route_1ac84d7d868f48e11eda7263","occ_fca4892bf60c6f01eb64feb4","4"
"route_1ac84d7d868f48e11eda7263","occ_1859e669840e84dd6887efe9","5"
"route_1ac84d7d868f48e11eda7263","occ_04104a4997a80c225aab0be9","6"
"route_1ac84d7d868f48e11eda7263","occ_e59812f4e3a3ec82eb67467c","7"
"route_1ac84d7d868f48e11eda7263","occ_1c0e7235aecd47f344554ebc","8"
"route_1ac84d7d868f48e11eda7263","occ_dbc0af1db810746ae0be5209","9"
"route_1aed3e877a05772a29360aaf","occ_32289b7167a6064cacddbb66","1"
"route_1b4b0756318c203aa5b4016d","occ_66b0c78423ba2123ba155ad4","1"
"route_1b4b0756318c203aa5b4016d","occ_3985185321b30533131bb01e","10"
"route_1b4b0756318c203aa5b4016d","occ_98ba3d4a402c9988c2aea6b2","11"
"route_1b4b0756318c203aa5b4016d","occ_a96fdb69eceddd600ee390d7","12"
"route_1b4b0756318c203aa5b4016d","occ_8edfbedc7c3a9dbb2cdc55e0","13"
"route_1b4b0756318c203aa5b4016d","occ_95b7fb3b3bf494a7788f96cf","14"
"route_1b4b0756318c203aa5b4016d","occ_eb583a50aec43cb3bb4d2d61","15"
"route_1b4b0756318c203aa5b4016d","occ_1d99d6eea94f6683ac2184d8","16"
"route_1b4b0756318c203aa5b4016d","occ_45edd333ab73c4cc71f43da4","17"
"route_1b4b0756318c203aa5b4016d","occ_bd77c351923c77b1c17250ef","18"
"route_1b4b0756318c203aa5b4016d","occ_b9f952eba9ef833a487504f9","19"
"route_1b4b0756318c203aa5b4016d","occ_e5cddc1574c4d914a407155b","2"
"route_1b4b0756318c203aa5b4016d","occ_0cd543e384ee1f0dbad2540e","20"
"route_1b4b0756318c203aa5b4016d","occ_5eee56e0d4cce961adeb2955","21"
"route_1b4b0756318c203aa5b4016d","occ_ad6429dbcc7c180a8094b5ee","22"
"route_1b4b0756318c203aa5b4016d","occ_3a3c9059f47dbf293068a132","23"
"route_1b4b0756318c203aa5b4016d","occ_08c35768ebec9ab5cdee1886","24"
"route_1b4b0756318c203aa5b4016d","occ_5bd0a654ecdefa4215b0d70f","25"
"route_1b4b0756318c203aa5b4016d","occ_1ab8603d4e5e111a3dce07b0","3"
"route_1b4b0756318c203aa5b4016d","occ_45299f92f6e0df2677c139f5","4"
"route_1b4b0756318c203aa5b4016d","occ_4ec7bda20bd2ef6d3679bc0d","5"
"route_1b4b0756318c203aa5b4016d","occ_5fff5b6b86e7c3ef83a720f7","6"
"route_1b4b0756318c203aa5b4016d","occ_1e2c924ce61a93457deed58b","7"
"route_1b4b0756318c203aa5b4016d","occ_4142fdb21e25aa3b48f7579f","8"
"route_1b4b0756318c203aa5b4016d","occ_855b912266981ca668e97495","9"
"route_1b69bc5b5767019b15890bd0","occ_dec06cb2b0a3dfb4d9ae8e8e","1"
"route_1b6de902805ef1bec84e1566","occ_281dd7e48b077a5048dede14","1"
"route_1bd10ebd713e8fd8a703e36e","occ_dd267fcffa7f1c6e5d969799","1"
"route_1bdd34ed89e953d34e5e33f4","occ_bd4c5e8a20f150dffbe7aef1","1"
"route_1bf548560f112ff08a91c0c3","occ_4ce0cb1b455c8e8917431839","1"
"route_1bf7e32d62c8fe83d7cd4d60","occ_b8e5b33ec73531ce792e9adb","1"
"route_1c07e6c1db58106aa1e0c602","occ_6104d0a4f3eacc08f996be3c","1"
"route_1c07e6c1db58106aa1e0c602","occ_c89c4b007e93bb00b38cb4f1","10"
"route_1c07e6c1db58106aa1e0c602","occ_88bb8bb665a19e9e0a98ca10","11"
"route_1c07e6c1db58106aa1e0c602","occ_467107ba2038a46866cfe366","12"
"route_1c07e6c1db58106aa1e0c602","occ_488f8915234648a16a4a182c","13"
"route_1c07e6c1db58106aa1e0c602","occ_3dc6e6cfe2124207ebb9bbe2","14"
"route_1c07e6c1db58106aa1e0c602","occ_4a439fef5f7d5d0a53284bd2","15"
"route_1c07e6c1db58106aa1e0c602","occ_e5c756c677c9262713cafd6c","16"
"route_1c07e6c1db58106aa1e0c602","occ_6a8a143844f49e7afb54bab5","17"
"route_1c07e6c1db58106aa1e0c602","occ_dda4671450a1d67d202e666f","18"
"route_1c07e6c1db58106aa1e0c602","occ_189a4f73aea2a6abfeefee83","19"
"route_1c07e6c1db58106aa1e0c602","occ_20b5e400b2ac0c4eb537c9ad","2"
"route_1c07e6c1db58106aa1e0c602","occ_1660ac7296c0db3b31f894bf","20"
"route_1c07e6c1db58106aa1e0c602","occ_fe10f3d7cb5d6ecae9ba3084","21"
"route_1c07e6c1db58106aa1e0c602","occ_be43ab87f9f6080ec947c856","22"
"route_1c07e6c1db58106aa1e0c602","occ_fa314df7e239404dad9a2491","23"
"route_1c07e6c1db58106aa1e0c602","occ_c4daf0ffecc42ad565227c74","24"
"route_1c07e6c1db58106aa1e0c602","occ_7a36b0245a7887d51ccbf815","25"
"route_1c07e6c1db58106aa1e0c602","occ_a648f5693e4b991742b51fa6","26"
"route_1c07e6c1db58106aa1e0c602","occ_55a19ccf3e4a0e5762b591c5","27"
"route_1c07e6c1db58106aa1e0c602","occ_405a09670bc31ad3d56d919c","28"
"route_1c07e6c1db58106aa1e0c602","occ_2cf2a033a12ebaa18db2606e","29"
"route_1c07e6c1db58106aa1e0c602","occ_986f6588ec38df502ae3e3b5","3"
"route_1c07e6c1db58106aa1e0c602","occ_95aaba7e27b94643187fbcff","4"
"route_1c07e6c1db58106aa1e0c602","occ_bf38228ea23bda28f2360e68","5"
"route_1c07e6c1db58106aa1e0c602","occ_eb408f5876f34d57af8594fd","6"
"route_1c07e6c1db58106aa1e0c602","occ_59acd242398fa8f71d0d3aac","7"
"route_1c07e6c1db58106aa1e0c602","occ_b4cec8553dd453e2b1873545","8"
"route_1c07e6c1db58106aa1e0c602","occ_5e092fef4679cf434ee78d6e","9"
"route_1c581859100639584de9617f","occ_e3780e5d89c947e573c12aea","1"
"route_1c5d46052bc970789b40e7bf","occ_a455a5b7c28419e489659497","1"
"route_1c7391d289d69409dcce3296","occ_d326a7117443da9a8d3bd652","1"
"route_1c871a5fe96bc9beaafbd10c","occ_413aefe50102d1b5f035b379","1"
"route_1c9f8e440a255f321168c791","occ_a7ca9b1e4b3524a34fcf8e11","1"
"route_1c9f8e440a255f321168c791","occ_0a2bb5d2de98a0c29aa0bb7c","10"
"route_1c9f8e440a255f321168c791","occ_3af69b2e881ad3d41e8a7d8c","11"
"route_1c9f8e440a255f321168c791","occ_247f7f27fb1213bdd433a73c","12"
"route_1c9f8e440a255f321168c791","occ_92b927308b6c9089bcfe572b","2"
"route_1c9f8e440a255f321168c791","occ_4b118fd624a2e45cae9e7b73","3"
"route_1c9f8e440a255f321168c791","occ_814252cdfcdbca8b893197b3","4"
"route_1c9f8e440a255f321168c791","occ_f7cf7bf30ecac3f9eef36d73","5"
"route_1c9f8e440a255f321168c791","occ_f87af00366e2019fbbcee27b","6"
"route_1c9f8e440a255f321168c791","occ_adfe2a25e90f2b3850b80344","7"
"route_1c9f8e440a255f321168c791","occ_6addac31bdcccd3a4a8cc041","8"
"route_1c9f8e440a255f321168c791","occ_2d9dc404abb399d0ed1aef93","9"
"route_1cfaf51a13f3d4df848e3e14","occ_285741e98d609d7cd36101ba","1"
"route_1d0536b587574e1ea5228437","occ_fb13c4029df307f4395cd4b1","1"
"route_1d3a55f505c20c7e9a1c3e7b","occ_d3eba15c3c238bcdb43c6a6d","1"
"route_1d4d1132349152ea2faf6ff4","occ_be2b601539bf7d883c794df4","1"
"route_1d4d1132349152ea2faf6ff4","occ_7b38301a477270599deefb69","10"
"route_1d4d1132349152ea2faf6ff4","occ_376037927d05249ca33565f5","11"
"route_1d4d1132349152ea2faf6ff4","occ_6018a0b3f84072b8fcbf7a2d","12"
"route_1d4d1132349152ea2faf6ff4","occ_e90a1dab84228a9f7f494977","13"
"route_1d4d1132349152ea2faf6ff4","occ_5de9516f84a480e1d0b6d3a1","14"
"route_1d4d1132349152ea2faf6ff4","occ_fff4deea3d8321e3a378fe03","15"
"route_1d4d1132349152ea2faf6ff4","occ_6a7aab56fa44472e862e106f","16"
"route_1d4d1132349152ea2faf6ff4","occ_1aa4a46f90c1a70b9a5877c4","17"
"route_1d4d1132349152ea2faf6ff4","occ_a75ec193638a4cddc85f0b87","18"
"route_1d4d1132349152ea2faf6ff4","occ_a25d5c4f610191f19f896ad6","19"
"route_1d4d1132349152ea2faf6ff4","occ_177e61a4efa1bb98a69d12ef","2"
"route_1d4d1132349152ea2faf6ff4","occ_8e395146c6145ce178e912db","20"
"route_1d4d1132349152ea2faf6ff4","occ_f085f1d1468d0dfba4dc96fa","21"
"route_1d4d1132349152ea2faf6ff4","occ_c7a195a93d7946d72980ff6f","22"
"route_1d4d1132349152ea2faf6ff4","occ_247ebe59c93fe2610ecca0d2","3"
"route_1d4d1132349152ea2faf6ff4","occ_0e600df8e2e0e1a6c2d8d524","4"
"route_1d4d1132349152ea2faf6ff4","occ_9f8900d282fd20db22fcd876","5"
"route_1d4d1132349152ea2faf6ff4","occ_a9dcb2e64cd30976947d0598","6"
"route_1d4d1132349152ea2faf6ff4","occ_7f9089481b01666f5a8de9a9","7"
"route_1d4d1132349152ea2faf6ff4","occ_47539c9403bb327ee3c86c70","8"
"route_1d4d1132349152ea2faf6ff4","occ_498abb4c959f0e23b6b9a02c","9"
"route_1d57a42cd616c07b6a8bf474","occ_e34294a463ab38928da26dcd","1"
"route_1d57a42cd616c07b6a8bf474","occ_c56e05dc1979efb6d4114742","2"
"route_1d57a42cd616c07b6a8bf474","occ_69a88b6b5ab69016d58be66d","3"
"route_1d57a42cd616c07b6a8bf474","occ_77e51dab3f4b296189c5cada","4"
"route_1d57a42cd616c07b6a8bf474","occ_6e6d3deb6ac31aa1f185fa14","5"
"route_1d5ee57d8df7eff631827cc0","occ_70815f7709a7cf8de25b868f","1"
"route_1d8adced4a206428f62ff162","occ_b9f3dcdda4fe1ba986a9f2f7","1"
"route_1dc7e4e71cdc010346036d85","occ_56b7f8858269f4ffc2a5eae8","1"
"route_1dc7e4e71cdc010346036d85","occ_2abd1673ff549f5f6de81f17","2"
"route_1dc814b60cede8659fedf26e","occ_c925656a9eaf151ad9c883f3","1"
"route_1de019b70ef447ed5814a6e0","occ_88e5a0bb2362a2f61a504a40","1"
"route_1de019b70ef447ed5814a6e0","occ_71d35116035bd9ae83ed6ee6","10"
"route_1de019b70ef447ed5814a6e0","occ_32d600b3df28e11a87aa59fb","11"
"route_1de019b70ef447ed5814a6e0","occ_964f5e847fe70f829772bdea","12"
"route_1de019b70ef447ed5814a6e0","occ_45623b899f857cc35c66ad0f","13"
"route_1de019b70ef447ed5814a6e0","occ_0ce2e7fdcb72530fdebdec3a","2"
"route_1de019b70ef447ed5814a6e0","occ_5b57bdc27148e6093225f707","3"
"route_1de019b70ef447ed5814a6e0","occ_afe21cfc3ac78f4f30a3bff7","4"
"route_1de019b70ef447ed5814a6e0","occ_842b23ebbe2aabc4faa17a1f","5"
"route_1de019b70ef447ed5814a6e0","occ_8edaff5276570f14f27e8e01","6"
"route_1de019b70ef447ed5814a6e0","occ_b9959abd0b4270357ed28273","7"
"route_1de019b70ef447ed5814a6e0","occ_6ced99b37ef28eab4d853d96","8"
"route_1de019b70ef447ed5814a6e0","occ_e32ad522db403c29648da6e7","9"
"route_1dfce3082da78f333f7d8df8","occ_d0a58bfd93cf2f5713b917fd","1"
"route_1dfce3082da78f333f7d8df8","occ_53b4dbc42d4a2329a45fee3b","2"
"route_1dfce3082da78f333f7d8df8","occ_2fde2c468cc34839c5e9b7e4","3"
"route_1dfce3082da78f333f7d8df8","occ_b39e48b9df73d4f80283f0e3","4"
"route_1dfce3082da78f333f7d8df8","occ_206d7dd0f64a4265106e55cb","5"
"route_1e045d42fd29fbcaa8756dc5","occ_b43103e16c30944979de28b3","1"
"route_1e05c94e49bce55943c82567","occ_48c903328086f8a3c046c94b","1"
"route_1e1c963f1483c02aafb9e6c6","occ_360d8a4cd30daf1dbd267b73","1"
"route_1e4b512ecc95a3eb830c6456","occ_b65b04f1a6e0871313481ca7","1"
"route_1e77a2a7a568e6ef1954497f","occ_97566709e7bc2836c8872a75","1"
"route_1ea52a890edd4a5c21afd8e0","occ_7dc03f6a518aa586dd295829","1"
"route_1ecbf13767a40989d3b74e0b","occ_0a532bd0bd7aacb392eefd5c","1"
"route_1ed600fa1299c6266d6bc26d","occ_df614ee181da573b7b85cd00","1"
"route_1ef40548c00c405d0263302c","occ_e40906137edaacf37cdc7818","1"
"route_1f2e8f40cb47691dca6fc999","occ_6b55123aa09a8f4b3974c511","1"
"route_1f2e8f40cb47691dca6fc999","occ_a530a53f3016162ae5af7966","10"
"route_1f2e8f40cb47691dca6fc999","occ_92e2279699909ae777297eea","11"
"route_1f2e8f40cb47691dca6fc999","occ_1542c0137baf9829915646b6","12"
"route_1f2e8f40cb47691dca6fc999","occ_8ecee742c2910a4f5c42b1c2","13"
"route_1f2e8f40cb47691dca6fc999","occ_648c181f47cca67e567ab7f1","14"
"route_1f2e8f40cb47691dca6fc999","occ_3f1d4019b3e2fa11e2c7be2f","15"
"route_1f2e8f40cb47691dca6fc999","occ_d5558365b3e965d78306b524","16"
"route_1f2e8f40cb47691dca6fc999","occ_f75fa230a19a946b441197b2","17"
"route_1f2e8f40cb47691dca6fc999","occ_07b8ebe767564bb209319116","18"
"route_1f2e8f40cb47691dca6fc999","occ_aa0b9f9b49e9e9da9141e1c2","19"
"route_1f2e8f40cb47691dca6fc999","occ_cec9c2c47d63a3c6cdba227f","2"
"route_1f2e8f40cb47691dca6fc999","occ_1e30a2dededa785b7d85f760","20"
"route_1f2e8f40cb47691dca6fc999","occ_1d79c9bff165b510b67e64af","21"
"route_1f2e8f40cb47691dca6fc999","occ_64b3e75504db5094dabc0f57","22"
"route_1f2e8f40cb47691dca6fc999","occ_40c426d54549d649f40962ef","23"
"route_1f2e8f40cb47691dca6fc999","occ_360ce12ab77929235085f25f","24"
"route_1f2e8f40cb47691dca6fc999","occ_5782c0d60eed75c1f09fd8e3","25"
"route_1f2e8f40cb47691dca6fc999","occ_0d41db9d3a93c8f9dea25d56","3"
"route_1f2e8f40cb47691dca6fc999","occ_c2bde5789ac90246f34230c5","4"
"route_1f2e8f40cb47691dca6fc999","occ_dfd5bf7caf6bc92a1d42f2fe","5"
"route_1f2e8f40cb47691dca6fc999","occ_b7439b26420828cb5520cfe4","6"
"route_1f2e8f40cb47691dca6fc999","occ_8f662004d0810f2b79b31a3d","7"
"route_1f2e8f40cb47691dca6fc999","occ_ae55dee8417f46c499458057","8"
"route_1f2e8f40cb47691dca6fc999","occ_108120b95b27eb19bf96a837","9"
"route_1fa040600712f19d8ce1c2ea","occ_521efd569ee97b3e85fed457","1"
"route_1fbfb4f7ac53bbfef183d389","occ_567b43387b1a56bef78f0785","1"
"route_20013ab32103eab482dd4b7c","occ_62931d535f97461ef2fe7bc0","1"
"route_201031f8a1f874ca3b305ebf","occ_b0bb0ee7904aac7dad9731d0","1"
"route_20188e1d6857d2c98c776896","occ_29a941be6d07c3783f5cde1a","1"
"route_20254b2e3925e3f654450a07","occ_8cb2d8170de997520d81aa20","1"
"route_203d74fcb94ae7060dab181e","occ_4769c2d162528f059c6dc959","1"
"route_203d74fcb94ae7060dab181e","occ_b0e3d574f1baf2fcf4c6fccd","2"
"route_208dde9009a99f7f306bbb02","occ_eeec0d1f758dfc76a29a2d5d","1"
"route_208dde9009a99f7f306bbb02","occ_b257cc4141adf926e9e28998","10"
"route_208dde9009a99f7f306bbb02","occ_73771526290dcd7d07b4ed4c","11"
"route_208dde9009a99f7f306bbb02","occ_b7bb59517898c6004a9d072f","12"
"route_208dde9009a99f7f306bbb02","occ_b6f4e4a7aa9d840a0a2805f6","13"
"route_208dde9009a99f7f306bbb02","occ_308df3c8c82cad0fc27827e8","14"
"route_208dde9009a99f7f306bbb02","occ_ff8608e3c38b25b85760e89c","15"
"route_208dde9009a99f7f306bbb02","occ_de2faaf04d25211c1fbdadac","16"
"route_208dde9009a99f7f306bbb02","occ_7d303537934fbf4c49ddf798","17"
"route_208dde9009a99f7f306bbb02","occ_d992d55ceebbe00b0f839ae0","18"
"route_208dde9009a99f7f306bbb02","occ_1421c7cf3a9a310c6717b587","19"
"route_208dde9009a99f7f306bbb02","occ_934309f41364da7d9ed1af47","2"
"route_208dde9009a99f7f306bbb02","occ_e61c5c7fefdb7a4ce4cb27f7","20"
"route_208dde9009a99f7f306bbb02","occ_eb1eae85d9e7d2eaa67a5590","21"
"route_208dde9009a99f7f306bbb02","occ_5fc872701d487b41649f23b5","22"
"route_208dde9009a99f7f306bbb02","occ_73a1c7da1d5ce1df5a94d226","23"
"route_208dde9009a99f7f306bbb02","occ_6b255dd4fb9fed364cb62e89","24"
"route_208dde9009a99f7f306bbb02","occ_a52f3dce499bd8e43b36d1c6","3"
"route_208dde9009a99f7f306bbb02","occ_20032f31deddf326819c70a0","4"
"route_208dde9009a99f7f306bbb02","occ_d533c9ee5858ee324de638f2","5"
"route_208dde9009a99f7f306bbb02","occ_ae494b0a6c4a58903c564d1c","6"
"route_208dde9009a99f7f306bbb02","occ_cb5ad964067178812147fae3","7"
"route_208dde9009a99f7f306bbb02","occ_efba779bb0fe717c95547529","8"
"route_208dde9009a99f7f306bbb02","occ_c03a216454bc714845684179","9"
"route_2093ed33b1ae2ebba1c59335","occ_f0733fd396e4a434c638d666","1"
"route_2093ed33b1ae2ebba1c59335","occ_cdd9ee4c123d1f42119e049e","2"
"route_2093ed33b1ae2ebba1c59335","occ_1aeec4d670c81b479849800d","3"
"route_2093ed33b1ae2ebba1c59335","occ_e99b4ed635bae37bb945a85d","4"
"route_2093ed33b1ae2ebba1c59335","occ_526789b63244b946baf80690","5"
"route_2093ed33b1ae2ebba1c59335","occ_376a8d58f9b91cc92e8d30fd","6"
"route_20add507459ca984e6034b1c","occ_09415981593a17b9c594bf15","1"
"route_20db6e3ff6ed9f3a67dabacf","occ_f3f21532adf78e33c3e7f5f3","1"
"route_20db6e3ff6ed9f3a67dabacf","occ_0f9ffb1daaf0ccbbdae53718","10"
"route_20db6e3ff6ed9f3a67dabacf","occ_4bae3d7f85e2fef5dd05f6da","11"
"route_20db6e3ff6ed9f3a67dabacf","occ_9a705b002cce7b612b587c20","2"
"route_20db6e3ff6ed9f3a67dabacf","occ_477e983299160a2f3dbad72a","3"
"route_20db6e3ff6ed9f3a67dabacf","occ_da6af8893373cd250bcb72ea","4"
"route_20db6e3ff6ed9f3a67dabacf","occ_00eac5dcb66e25db3d312393","5"
"route_20db6e3ff6ed9f3a67dabacf","occ_2edfc719416df196e3433b87","6"
"route_20db6e3ff6ed9f3a67dabacf","occ_7f77bed1cb7db57fcc9f3da0","7"
"route_20db6e3ff6ed9f3a67dabacf","occ_3153138e0149920a1bd3ce7d","8"
"route_20db6e3ff6ed9f3a67dabacf","occ_876e7ae6ba7a57668d67c865","9"
"route_21059a1c7d768399667da7a4","occ_3b062294ec5c566b0906084d","1"
"route_21059a1c7d768399667da7a4","occ_edf5c25ec7c8afbfb69fdd36","10"
"route_21059a1c7d768399667da7a4","occ_e1a98c630f99020f8c8ec612","11"
"route_21059a1c7d768399667da7a4","occ_fa8960c413f0343e0da316ee","12"
"route_21059a1c7d768399667da7a4","occ_1156e54bef046725f0caff73","13"
"route_21059a1c7d768399667da7a4","occ_06e1acec5df232bdbf4de7dc","14"
"route_21059a1c7d768399667da7a4","occ_2f57b8ad3244d680e23b4b9f","2"
"route_21059a1c7d768399667da7a4","occ_b61064b741a7a316bd77640f","3"
"route_21059a1c7d768399667da7a4","occ_0e0598fc392a6731a677ba49","4"
"route_21059a1c7d768399667da7a4","occ_f75e67dea954c636df4563c8","5"
"route_21059a1c7d768399667da7a4","occ_32f3379212b061bef97430fb","6"
"route_21059a1c7d768399667da7a4","occ_9943ab505991b90788da7385","7"
"route_21059a1c7d768399667da7a4","occ_a606536f7e3b7032e31d7875","8"
"route_21059a1c7d768399667da7a4","occ_5ccb0f6c337bc87779ee0eb6","9"
"route_2120ac70e37fa1ac91547354","occ_9d7be2b838289070de837d7f","1"
"route_212a64087e0e6baa0733371c","occ_5a157d046975351e86ec6234","1"
"route_212a9815e039f235fdd80ba3","occ_dc50862cbeac2ed83dc78f60","1"
"route_21c4e1e849f43653eb586890","occ_7d80b66f95dcb9778d9de310","1"
"route_2222c3cf431e5b26e91a22c9","occ_816cc14f52ef860f25190eec","1"
"route_2222c3cf431e5b26e91a22c9","occ_242dc193490b7db13485baf1","2"
"route_2222c3cf431e5b26e91a22c9","occ_1931b527fd99cb1f65213111","3"
"route_2222c3cf431e5b26e91a22c9","occ_dd5da63a2f672ea293ed4f97","4"
"route_2235116181a1529e8f9b10a0","occ_8341f5a4dd5ad097e22fea12","1"
"route_224f971551e6c567b4a0dec0","occ_85e07e1ab75db851bd64d436","1"
"route_224f971551e6c567b4a0dec0","occ_e4c3792ab823ba6b9332a433","10"
"route_224f971551e6c567b4a0dec0","occ_f8e16b13198372b32aa85a3c","11"
"route_224f971551e6c567b4a0dec0","occ_ceba058a31a4872fd0795757","12"
"route_224f971551e6c567b4a0dec0","occ_5af11116f58a522e4fcc7a78","13"
"route_224f971551e6c567b4a0dec0","occ_93102de9844748c007c7c20c","2"
"route_224f971551e6c567b4a0dec0","occ_7b19064f8c304f9ff6ed1b33","3"
"route_224f971551e6c567b4a0dec0","occ_734d16996273872212e3f531","4"
"route_224f971551e6c567b4a0dec0","occ_f67672a4a08105fcfa5ab6cb","5"
"route_224f971551e6c567b4a0dec0","occ_6314776a00e2541b703170f5","6"
"route_224f971551e6c567b4a0dec0","occ_8e6efd0ba289cfe573c03144","7"
"route_224f971551e6c567b4a0dec0","occ_22e8dbf44e7e507d41d5de62","8"
"route_224f971551e6c567b4a0dec0","occ_7959eb487e2c2ac1214d45d9","9"
"route_225fa0562df031087ba35e4f","occ_7557c5aec5d925c40ddc8aed","1"
"route_225fa0562df031087ba35e4f","occ_99e809feee13040847247bd2","2"
"route_225fa0562df031087ba35e4f","occ_68aec5d8cbb4d9f933f3dc2f","3"
"route_225fa0562df031087ba35e4f","occ_5d93a9a5cdaab21b9eee16cd","4"
"route_225fa0562df031087ba35e4f","occ_342c9e2fcb4f82db6281723f","5"
"route_226c5461df67699e70ae4250","occ_f0fb4281aa8ab0a11203eb59","1"
"route_226f9975c1444a77a424cb13","occ_1688c15d361b79c17438c1bc","1"
"route_2272fba03b089a5b8b61c5a8","occ_1f872ee9bd1c5f931c30a091","1"
"route_2272fba03b089a5b8b61c5a8","occ_604876ff48bcf67a371055d8","2"
"route_2272fba03b089a5b8b61c5a8","occ_41b4978d87306bc7b62deaa2","3"
"route_2272fba03b089a5b8b61c5a8","occ_4ab8749b0a252db31a77e0d9","4"
"route_2272fba03b089a5b8b61c5a8","occ_3107bfaa724e82abf554343d","5"
"route_22740188e19c22fb6525f768","occ_1c92142530f74ae73a949f19","1"
"route_22740188e19c22fb6525f768","occ_21041d42950bd95038140077","10"
"route_22740188e19c22fb6525f768","occ_448cb8ee62735f1f2eba22f3","11"
"route_22740188e19c22fb6525f768","occ_99da103331ef0efbeff227c0","12"
"route_22740188e19c22fb6525f768","occ_4999551321ca7c6817362f5a","13"
"route_22740188e19c22fb6525f768","occ_33c8c182c3ec162f3900c05c","2"
"route_22740188e19c22fb6525f768","occ_850950941d04b6a03ec92d75","3"
"route_22740188e19c22fb6525f768","occ_3c733159b5a29d0662441cb9","4"
"route_22740188e19c22fb6525f768","occ_25ef8e7e8546c9d0dc520433","5"
"route_22740188e19c22fb6525f768","occ_6a0d0cf7d364c3b3b607702f","6"
"route_22740188e19c22fb6525f768","occ_3be4cd429569ea79074050e1","7"
"route_22740188e19c22fb6525f768","occ_dcc4220b368231baa6b8fc10","8"
"route_22740188e19c22fb6525f768","occ_b1f73ec796cf1a11a3d57c73","9"
"route_2293196fe7656bb0befcd476","occ_de0e36a3f3d3f21a70d7c2d7","1"
"route_2293196fe7656bb0befcd476","occ_5304fadb7fa5fe512c7f7ac3","10"
"route_2293196fe7656bb0befcd476","occ_5fc54177ed51a1d2a18fb6b9","11"
"route_2293196fe7656bb0befcd476","occ_b1c0c41cdbf454af371a8820","12"
"route_2293196fe7656bb0befcd476","occ_563d8449bf5569c507f42475","13"
"route_2293196fe7656bb0befcd476","occ_77009d5ff360103bb75c1403","2"
"route_2293196fe7656bb0befcd476","occ_c8195cbbf09c767ea3bbf9c2","3"
"route_2293196fe7656bb0befcd476","occ_754b1fef100bbf299336ae85","4"
"route_2293196fe7656bb0befcd476","occ_961b5c8b7a3f3914a0eb2f87","5"
"route_2293196fe7656bb0befcd476","occ_5a9613dc61b1d7acf37262d8","6"
"route_2293196fe7656bb0befcd476","occ_e6212d978392f4a12a90275e","7"
"route_2293196fe7656bb0befcd476","occ_ca487d0fc8c3b396e465e7b4","8"
"route_2293196fe7656bb0befcd476","occ_0b915c23d62ba4322b065a0b","9"
"route_22a8cbfa1727b0c02b5fe5ce","occ_b09cbe624aaa361bcad75840","1"
"route_22e0838c90c863cce5ae496e","occ_bb62cb5db5c059126b489035","1"
"route_22e0838c90c863cce5ae496e","occ_6a1bb4c2a3f5c6143261af58","10"
"route_22e0838c90c863cce5ae496e","occ_01eccee52c1fe75821ad5b77","11"
"route_22e0838c90c863cce5ae496e","occ_433989b09e6da2a2a8d3b543","12"
"route_22e0838c90c863cce5ae496e","occ_4bd3feca097b9d60b825a04f","2"
"route_22e0838c90c863cce5ae496e","occ_474561caddfa28e978d8c5c6","3"
"route_22e0838c90c863cce5ae496e","occ_65979d4a99ce914d7d07cac1","4"
"route_22e0838c90c863cce5ae496e","occ_531fbceee86c304b0d3ea78e","5"
"route_22e0838c90c863cce5ae496e","occ_95f3370d8913b42409caa5bf","6"
"route_22e0838c90c863cce5ae496e","occ_4cae1ca1f10a3ca351a1bf56","7"
"route_22e0838c90c863cce5ae496e","occ_4d2d7d7ebb3dbc6e0081382d","8"
"route_22e0838c90c863cce5ae496e","occ_b643806abbda177d63725bc8","9"
"route_22eac8515005142d2b34395a","occ_3075201f04d2fb9b71a1a444","1"
"route_2306b38d4807f6783d186530","occ_d06137b1935ae31b886ec996","1"
"route_23070b72036463185f0e141e","occ_b6dc5b5eb3c34b343d113c7e","1"
"route_230907e1ca95cdc0ad5881d6","occ_c0494454f400143b6ae51e2b","1"
"route_2343b06582295c647ff2385e","occ_3ee04b086dbeab2336c8fb8f","1"
"route_239909fef44d93c825d85a37","occ_bbc24aa435338bfb0fef3f34","1"
"route_239909fef44d93c825d85a37","occ_91c9c9a35ac277a67b611ff4","2"
"route_239909fef44d93c825d85a37","occ_bf8f500f6a52d80e2129c874","3"
"route_239909fef44d93c825d85a37","occ_81f5e61ed1fcf6d239579e00","4"
"route_239909fef44d93c825d85a37","occ_a53a3b22f17fef8f25a87610","5"
"route_23b2b1fbfd727136976feb90","occ_42669101389299e5d6dd8568","1"
"route_23b2b1fbfd727136976feb90","occ_c6e556cb5d84f09d0b13e633","2"
"route_23b52f9d1d94554818e8e01d","occ_1f664120ac23b663e022adf4","1"
"route_23ce7b1d73daca7d89b0904f","occ_ce49211b5f6940cf49536437","1"
"route_23e679b2f6aed0f6aaf5a9ca","occ_e32afa527c6c20d5aa198dc6","1"
"route_23f0ecfc8b5ed07b1e428da6","occ_b4b10da7786ea4fd52dd5cf9","1"
"route_23f0ecfc8b5ed07b1e428da6","occ_5539bc280a3abf1bfe4eb121","10"
"route_23f0ecfc8b5ed07b1e428da6","occ_3ce3bbd20fd7c607b4304c4c","11"
"route_23f0ecfc8b5ed07b1e428da6","occ_34fc53b5321f985c42c5d41c","12"
"route_23f0ecfc8b5ed07b1e428da6","occ_02b92a564c3182e2c3821008","13"
"route_23f0ecfc8b5ed07b1e428da6","occ_f3f1a5e2d68ab6520f5ff2a8","2"
"route_23f0ecfc8b5ed07b1e428da6","occ_c0558e323420cd82b366bcc7","3"
"route_23f0ecfc8b5ed07b1e428da6","occ_3c6e3e146c860a7b42fdfdf5","4"
"route_23f0ecfc8b5ed07b1e428da6","occ_01d193850bf81d0921fbc9dc","5"
"route_23f0ecfc8b5ed07b1e428da6","occ_15c07c4c7b2ef37b986a55f3","6"
"route_23f0ecfc8b5ed07b1e428da6","occ_e5cb2faa290967947adde88e","7"
"route_23f0ecfc8b5ed07b1e428da6","occ_45206d8f7af213e6c8505660","8"
"route_23f0ecfc8b5ed07b1e428da6","occ_b2225c8924fc394408cd0b2b","9"
"route_244acf354afc4d10c995b6e8","occ_d16fb28bfa875cfff8e222d0","1"
"route_2458203e3ed696b91053c082","occ_01e1bae6ac0ef97462ecc5da","1"
"route_2458203e3ed696b91053c082","occ_abad0f10b379dce4463aea76","2"
"route_2458203e3ed696b91053c082","occ_6933a6342d9be025f14de638","3"
"route_2458203e3ed696b91053c082","occ_614b6261fa335730d0c2bc57","4"
"route_2458203e3ed696b91053c082","occ_779ad3b327e9965d9d24ad3e","5"
"route_2458203e3ed696b91053c082","occ_10d624609c7117a68e879c81","6"
"route_2494bf131ff01b0e584a95d9","occ_36334885b1537f17847b80da","1"
"route_2498d20891a2250a8a20994b","occ_e7b354549ced59c88ce7ef7d","1"
"route_249f5511d1f46bd103c07d31","occ_606cafb7ac810665b3657645","1"
"route_24b125657d1e7bfabd7f22fb","occ_c63b5a0a9e7d8da1121be48c","1"
"route_24c0b560aeff399070b436d2","occ_7b6e47b5e992abaef7d17a0b","1"
"route_24d152026b0c39f2c1d63083","occ_b94ed3fdb931d821cdedf413","1"
"route_24db2b49daa7477e49887677","occ_6fa9792bbf85f95fa9521838","1"
"route_24db2b49daa7477e49887677","occ_3b94425d4cb5ae14612b6ff3","2"
"route_24db2b49daa7477e49887677","occ_ae7e33afab6476e2a4630860","3"
"route_24e2f6170d07124094f521e0","occ_ab64b47b7cf061fc31c32c00","1"
"route_24e2f6170d07124094f521e0","occ_982fdb3cb0b2ea3ab59992d7","2"
"route_24e2f6170d07124094f521e0","occ_9b59ea132f48200cf102d99a","3"
"route_24e2f6170d07124094f521e0","occ_4096034e8fd0351420fa6fd5","4"
"route_24e2f6170d07124094f521e0","occ_affb698acf7fd66af156e89a","5"
"route_24fa3f90300963d1a92d2aff","occ_9675920246708d0912f429e0","1"
"route_2590c45b7eb51cc1e143c699","occ_15c31b46d2e75870d917f555","1"
"route_25c27a07b217a626ef2cd252","occ_c2baf2255c29531022c182ec","1"
"route_25f3845802faac310aeb4d00","occ_e1da95de5f1188d407016d9e","1"
"route_260d89881c4a6201e740c42d","occ_65e97d11394016a454a89fb2","1"
"route_260d89881c4a6201e740c42d","occ_8d5875cd5fa91c10577caff4","2"
"route_263a2cf53effd9b1ff61c829","occ_474e0100c3eaf5d61b1810f0","1"
"route_2670067f10b09a1cc34f5cf3","occ_cea24dcfb18943c3bf3e369e","1"
"route_2670067f10b09a1cc34f5cf3","occ_515c8518435558a64d3dced0","10"
"route_2670067f10b09a1cc34f5cf3","occ_c1851d745a2ead2e7401dedc","11"
"route_2670067f10b09a1cc34f5cf3","occ_7fbe2d9e6fe5e72354e2ff18","12"
"route_2670067f10b09a1cc34f5cf3","occ_e439d604b828a85938c9d3a5","13"
"route_2670067f10b09a1cc34f5cf3","occ_69c378e3551db397f16c595e","14"
"route_2670067f10b09a1cc34f5cf3","occ_3474ef55387930e4cf52c178","15"
"route_2670067f10b09a1cc34f5cf3","occ_90e06d2d93e0f269aa9b601b","16"
"route_2670067f10b09a1cc34f5cf3","occ_133540b06cf1b8be4befd53d","17"
"route_2670067f10b09a1cc34f5cf3","occ_25c5e4de0d42743a41510a36","18"
"route_2670067f10b09a1cc34f5cf3","occ_e9baca07d6b7c51f8782ba5b","19"
"route_2670067f10b09a1cc34f5cf3","occ_e01adacbeea915e64f19ef23","2"
"route_2670067f10b09a1cc34f5cf3","occ_126ef06ef9fb75df7962c5b4","20"
"route_2670067f10b09a1cc34f5cf3","occ_60ca05e4cef70a292eb21d9a","21"
"route_2670067f10b09a1cc34f5cf3","occ_e8bbc71872d4cbed67a2c54a","22"
"route_2670067f10b09a1cc34f5cf3","occ_ba29d7d71af3b603cc3687f0","23"
"route_2670067f10b09a1cc34f5cf3","occ_d0100d4fbcb766b19c1da6ed","24"
"route_2670067f10b09a1cc34f5cf3","occ_6d0ebba884545efb4baab7c4","25"
"route_2670067f10b09a1cc34f5cf3","occ_09cfad94ccf412a44d35c399","26"
"route_2670067f10b09a1cc34f5cf3","occ_1904d8697dd0f63ec690fad8","27"
"route_2670067f10b09a1cc34f5cf3","occ_54061f3d8085eaa4b56f7f88","28"
"route_2670067f10b09a1cc34f5cf3","occ_4927ac910afd348d0422441d","29"
"route_2670067f10b09a1cc34f5cf3","occ_83a30a05aa5dff18d88ef15a","3"
"route_2670067f10b09a1cc34f5cf3","occ_3280b8f0224b3bc1384d3052","4"
"route_2670067f10b09a1cc34f5cf3","occ_f30a20bd8466efdade3b3f9a","5"
"route_2670067f10b09a1cc34f5cf3","occ_a383b1a3a979d4a728c35800","6"
"route_2670067f10b09a1cc34f5cf3","occ_9653500d36d3d91be22c65ec","7"
"route_2670067f10b09a1cc34f5cf3","occ_25d12d14e8e5d5006afd8eb0","8"
"route_2670067f10b09a1cc34f5cf3","occ_5f8c5f62d30583ec5f3ef54f","9"
"route_267665205baa484ae882ecf9","occ_59e42a594939627ca306f846","1"
"route_267f68552792d750d9f1e733","occ_18a028d093efc4081995fa05","1"
"route_267f68552792d750d9f1e733","occ_e4ed54e579e7a18c9cbf0511","10"
"route_267f68552792d750d9f1e733","occ_27c0e56171b967dffa8dcf7e","11"
"route_267f68552792d750d9f1e733","occ_9e4516344e5193a4a8f7f1be","12"
"route_267f68552792d750d9f1e733","occ_8fadd85ae708f6ef7c4920fa","13"
"route_267f68552792d750d9f1e733","occ_449f09133bbbc71fbbffc75c","14"
"route_267f68552792d750d9f1e733","occ_e48c4efc6fe9534b721d686f","15"
"route_267f68552792d750d9f1e733","occ_16b0a3db825709dc52414794","16"
"route_267f68552792d750d9f1e733","occ_d77b26735d20e41951edfcb9","17"
"route_267f68552792d750d9f1e733","occ_d63e9ab33a7ecc49577558e2","18"
"route_267f68552792d750d9f1e733","occ_df044d722cba858c856905a8","19"
"route_267f68552792d750d9f1e733","occ_2cb24783616231492e7ce7e4","2"
"route_267f68552792d750d9f1e733","occ_e9048c23f5dd59fd9931e239","20"
"route_267f68552792d750d9f1e733","occ_262943144ca2b9716b6a571f","21"
"route_267f68552792d750d9f1e733","occ_775f6f762be8cb40cf2d2b09","22"
"route_267f68552792d750d9f1e733","occ_8716b351556c2f3006cffe99","23"
"route_267f68552792d750d9f1e733","occ_4d7470efa351a7be0844569b","24"
"route_267f68552792d750d9f1e733","occ_667208c9a726fbca6db3033d","25"
"route_267f68552792d750d9f1e733","occ_f3d7dca59c67c4ad33e16343","26"
"route_267f68552792d750d9f1e733","occ_5e710c178e6df99669095364","3"
"route_267f68552792d750d9f1e733","occ_5a9627f1f2466c58768d6376","4"
"route_267f68552792d750d9f1e733","occ_920430777c879f0432210d96","5"
"route_267f68552792d750d9f1e733","occ_6dcbf224b45bd946e209cd95","6"
"route_267f68552792d750d9f1e733","occ_d3730e7bc71b0cc5796cfd9b","7"
"route_267f68552792d750d9f1e733","occ_d0de30428380755333589551","8"
"route_267f68552792d750d9f1e733","occ_1b1ef8c208806d5663755996","9"
"route_26bf803bbe7f4bd403bb00a5","occ_552550997e11f962ad2acd53","1"
"route_26bf803bbe7f4bd403bb00a5","occ_45957c5ea16ac42f59421eb9","10"
"route_26bf803bbe7f4bd403bb00a5","occ_cca28e5944e0152d4717d95c","11"
"route_26bf803bbe7f4bd403bb00a5","occ_89b3ad11b156aab267d7cdff","12"
"route_26bf803bbe7f4bd403bb00a5","occ_925d3540130acf8d9b39825e","13"
"route_26bf803bbe7f4bd403bb00a5","occ_e92279ddab9b08a98a3c0761","14"
"route_26bf803bbe7f4bd403bb00a5","occ_eb88a6668c342ab2c128414c","15"
"route_26bf803bbe7f4bd403bb00a5","occ_f14436d0e4d903bd7f8248a7","16"
"route_26bf803bbe7f4bd403bb00a5","occ_72fafd6e672e2c684e7da5f5","17"
"route_26bf803bbe7f4bd403bb00a5","occ_b3ef62c9cdd4800db794ef67","18"
"route_26bf803bbe7f4bd403bb00a5","occ_90b5a1510948371fec5d062f","19"
"route_26bf803bbe7f4bd403bb00a5","occ_18e6eb310ed4761eba223f4b","2"
"route_26bf803bbe7f4bd403bb00a5","occ_edf8bb1fbc3acbd89beb31c1","20"
"route_26bf803bbe7f4bd403bb00a5","occ_7b7a6fc9a26d04969eb49480","21"
"route_26bf803bbe7f4bd403bb00a5","occ_03228125b9bf8e0f57087952","22"
"route_26bf803bbe7f4bd403bb00a5","occ_dfc94fbbc6d5a9a4ccf16617","23"
"route_26bf803bbe7f4bd403bb00a5","occ_a93a46eec21663c0d012c4ca","24"
"route_26bf803bbe7f4bd403bb00a5","occ_c6cb3240c7b3764a12d84f89","25"
"route_26bf803bbe7f4bd403bb00a5","occ_e963bd63e217f65f8163cad4","26"
"route_26bf803bbe7f4bd403bb00a5","occ_194812b16b296c3131a71214","27"
"route_26bf803bbe7f4bd403bb00a5","occ_38fa63da4afbb707c01a83f1","28"
"route_26bf803bbe7f4bd403bb00a5","occ_83a4c97cc8a6d18736efc795","29"
"route_26bf803bbe7f4bd403bb00a5","occ_9e032779a7228894ef0b47e6","3"
"route_26bf803bbe7f4bd403bb00a5","occ_732de37d15690827111aab8a","30"
"route_26bf803bbe7f4bd403bb00a5","occ_58f8762753484329434aac2d","31"
"route_26bf803bbe7f4bd403bb00a5","occ_65f6a37959275991432235f2","32"
"route_26bf803bbe7f4bd403bb00a5","occ_6a828f7e740ca5e42145c04d","33"
"route_26bf803bbe7f4bd403bb00a5","occ_8bf43b36b9efaa25ca998254","4"
"route_26bf803bbe7f4bd403bb00a5","occ_89d1106e50fab099c1d5fe59","5"
"route_26bf803bbe7f4bd403bb00a5","occ_745fd9ee8c53c8f04913990e","6"
"route_26bf803bbe7f4bd403bb00a5","occ_48188ebadf9e0917c894b4b5","7"
"route_26bf803bbe7f4bd403bb00a5","occ_710c1e7ad8d9126928167cc3","8"
"route_26bf803bbe7f4bd403bb00a5","occ_a0a7fe410d32993aed30e4bc","9"
"route_27192d51a7bc68fb41d2a3dc","occ_a2e46166933a7433286769a3","1"
"route_271ffa846ed318ac148b35ec","occ_4325524497be1f6b463533a9","1"
"route_271ffa846ed318ac148b35ec","occ_3b68678b0066c30ccd0f7669","2"
"route_271ffa846ed318ac148b35ec","occ_440b2b712cf822381256fd20","3"
"route_278fc842de70e092d0460853","occ_6b5fddf137245c5ed97692e4","1"
"route_27a3f958eecf779bd9e8e87c","occ_eb597f11a6cdadd1210d828b","1"
"route_27a3f958eecf779bd9e8e87c","occ_3f64090cab2463e8a7e33302","10"
"route_27a3f958eecf779bd9e8e87c","occ_26480d3f2c987eb770232936","11"
"route_27a3f958eecf779bd9e8e87c","occ_15a2dcba48517e22c6b43e2d","12"
"route_27a3f958eecf779bd9e8e87c","occ_3d7f148ee2cfceb8ad703186","13"
"route_27a3f958eecf779bd9e8e87c","occ_60855eb7813a32827cc6b9e8","2"
"route_27a3f958eecf779bd9e8e87c","occ_3c8e720f06c86f532f33f1ad","3"
"route_27a3f958eecf779bd9e8e87c","occ_6dbef7163cc859f4dbbe9b37","4"
"route_27a3f958eecf779bd9e8e87c","occ_c7374b123e8d57f9de01096c","5"
"route_27a3f958eecf779bd9e8e87c","occ_0a75f5ab87fc35ce043d8c10","6"
"route_27a3f958eecf779bd9e8e87c","occ_6530ceee5a2fee5584396c86","7"
"route_27a3f958eecf779bd9e8e87c","occ_a7319be8b50adc957edbda07","8"
"route_27a3f958eecf779bd9e8e87c","occ_24945b306fe7013226b2e3d8","9"
"route_27bf479d8593caa5ffa3f675","occ_994aeac760f45e0f101cb966","1"
"route_27c5d87d61345aadf8f2203b","occ_891ca1bec42287d60d89237f","1"
"route_27c6f4c331cd7ad21cfb4ddd","occ_a58c7a99416bd22c100cc16c","1"
"route_27ce3eeae61a00e8d9bc6c42","occ_b75f0ee503c55a7cffc17979","1"
"route_27ce3eeae61a00e8d9bc6c42","occ_da74fce9c3a6bd70630522f4","10"
"route_27ce3eeae61a00e8d9bc6c42","occ_c054cd2ab47fa0be32f27b42","11"
"route_27ce3eeae61a00e8d9bc6c42","occ_31f439d9d7fa1422d3b25312","12"
"route_27ce3eeae61a00e8d9bc6c42","occ_38352de33f06bbac5a6fb121","13"
"route_27ce3eeae61a00e8d9bc6c42","occ_e3a1c79741590a182060874e","14"
"route_27ce3eeae61a00e8d9bc6c42","occ_0bebc97822c2183a130f0723","15"
"route_27ce3eeae61a00e8d9bc6c42","occ_d314c7bccfc4160a97efcfd7","16"
"route_27ce3eeae61a00e8d9bc6c42","occ_d3ea0f9eaeb70db4bb516c0d","17"
"route_27ce3eeae61a00e8d9bc6c42","occ_a6c8482699c45b3dfcbe9df8","18"
"route_27ce3eeae61a00e8d9bc6c42","occ_d27a6de893039ce426220875","19"
"route_27ce3eeae61a00e8d9bc6c42","occ_fd925c6862ab031e1bf2b97e","2"
"route_27ce3eeae61a00e8d9bc6c42","occ_1095b08eddd5f2908401d83a","3"
"route_27ce3eeae61a00e8d9bc6c42","occ_33f0203bba6e68833c114c32","4"
"route_27ce3eeae61a00e8d9bc6c42","occ_011bab51334b06f708e4fd20","5"
"route_27ce3eeae61a00e8d9bc6c42","occ_2897e88b5c524c9c93e990e1","6"
"route_27ce3eeae61a00e8d9bc6c42","occ_73b4aec0a8e0ca3bd1a8f2f9","7"
"route_27ce3eeae61a00e8d9bc6c42","occ_73ba7764e2d8ef1cb47e0b6d","8"
"route_27ce3eeae61a00e8d9bc6c42","occ_4c3dda67d368b4237cc758af","9"
"route_27e01c1e4f7f13d548a3c287","occ_24f8246cebfde2dd8e925ad7","1"
"route_27e4f19b6dae1d1a70e8fad6","occ_cd2952a9dd6f3d5ab48ae3fc","1"
"route_27e4f19b6dae1d1a70e8fad6","occ_6a1b996c7ab64410be2bac7b","2"
"route_27e4f19b6dae1d1a70e8fad6","occ_0b3b934ddf4424253b332611","3"
"route_27fff748d2c790780e8d37f1","occ_9c41904389259961b3fd25de","1"
"route_280962c0a86663d159481a4f","occ_0ba6dbb45e19bbe8e8ad6d15","1"
"route_28159ad343653583cb22c189","occ_feb11beab681a0d2d53dc198","1"
"route_285cd0696c8093a3c12d274d","occ_8ba7dadf877e1278f80669cd","1"
"route_28ab7539832ce2e3eff63d86","occ_ea6e9e5ad5881ca265613f10","1"
"route_28bc527602a6f9e2aff154ce","occ_8da9054ab235c637518f3288","1"
"route_28e62f6f2172ab7bd06ebba3","occ_a81039aceea7e57f0d9234db","1"
"route_28fe0b1f0fed909b62b77506","occ_fa73817596c4ba2f5d67f080","1"
"route_2903f1143a8d3b843477203a","occ_bb65916b0fd4a8419772641f","1"
"route_2903f1143a8d3b843477203a","occ_674a0b2f1c90a994794ba5fd","10"
"route_2903f1143a8d3b843477203a","occ_acb033c8ac493cf2613be98a","11"
"route_2903f1143a8d3b843477203a","occ_1ce72aaeb485266490e8c376","12"
"route_2903f1143a8d3b843477203a","occ_d5f22bc33df5b36568f3b965","13"
"route_2903f1143a8d3b843477203a","occ_2b9d9ec28f4f0694310f3625","14"
"route_2903f1143a8d3b843477203a","occ_299905bce82ce1b8c65dce2b","15"
"route_2903f1143a8d3b843477203a","occ_dd24dc471197a680a28c862e","16"
"route_2903f1143a8d3b843477203a","occ_c4fbd7b04c3367af8ac6b42c","17"
"route_2903f1143a8d3b843477203a","occ_d09d81e4020afc42d75506a6","18"
"route_2903f1143a8d3b843477203a","occ_af182936e62f85db9d6f788f","19"
"route_2903f1143a8d3b843477203a","occ_cb9a39b4de0c47f4d874eb4e","2"
"route_2903f1143a8d3b843477203a","occ_94a94e0a06487c8b8e18ced7","20"
"route_2903f1143a8d3b843477203a","occ_6782898da52470ffbd4adca5","21"
"route_2903f1143a8d3b843477203a","occ_4cc34d38e7ea4067049912da","22"
"route_2903f1143a8d3b843477203a","occ_7d6564b002476437bb6fcbec","23"
"route_2903f1143a8d3b843477203a","occ_9f211cac61ab82068f150f6d","24"
"route_2903f1143a8d3b843477203a","occ_4c1260fca49edd0ea002eeae","25"
"route_2903f1143a8d3b843477203a","occ_15741472178349809003fbcc","26"
"route_2903f1143a8d3b843477203a","occ_bc55f13641069192f8e99e5e","27"
"route_2903f1143a8d3b843477203a","occ_d776f8c1cee3b71bc096a140","28"
"route_2903f1143a8d3b843477203a","occ_ae5864b445d595649a683bb7","29"
"route_2903f1143a8d3b843477203a","occ_c07713922fc1109b85234f06","3"
"route_2903f1143a8d3b843477203a","occ_92d1ac2a6daeb4b3d94801ed","4"
"route_2903f1143a8d3b843477203a","occ_8ad997a2c8eb944d19fdf774","5"
"route_2903f1143a8d3b843477203a","occ_d61577f9ac48951f259ac40c","6"
"route_2903f1143a8d3b843477203a","occ_6094c4c18a76102316549354","7"
"route_2903f1143a8d3b843477203a","occ_0e881d88fc876eabed0bc2c3","8"
"route_2903f1143a8d3b843477203a","occ_d797e681ca0c8bc65a8009ac","9"
"route_291032eb75ee910d73746743","occ_cb0257a756df7c9cc5cd85ff","1"
"route_29129e8dd4e9223c39f5e0e8","occ_d1035a37da78c67190f5848e","1"
"route_2939a4158fb08954a05fccae","occ_969a3dabe97963c8a3c2e5ed","1"
"route_2952570c6572897dcad787b4","occ_8178786665a5e3803e0bc54c","1"
"route_296d2fe4726ae3f7471e5ec3","occ_bfe3e82b972104ca65740c74","1"
"route_2998a71180adf7cbaba284e8","occ_bed112ba9e231c4052710d31","1"
"route_29c625db2da090affc563c73","occ_175f485d3da978cc6769d841","1"
"route_29c9e954462ea9ec81ca9ad3","occ_989d4b80cda9bf74b3325d4a","1"
"route_29f87d343798d84b78bb7ef9","occ_8aa512273202809e2731ada5","1"
"route_29fe437053cf641103570136","occ_dcf331fb28008eafab45a325","1"
"route_2a04975f541a295860d10a80","occ_0babc91ffb6f847f35169cdd","1"
"route_2a58c948540297a444e925cc","occ_85f47fc2171ce180c0b6a2c5","1"
"route_2a6e559424125e26c52d11d2","occ_b379e834b57bff9a643ce9e4","1"
"route_2a6e559424125e26c52d11d2","occ_8d0522ca81cb131373799ee4","10"
"route_2a6e559424125e26c52d11d2","occ_e35160376c983eb8fc19fa90","11"
"route_2a6e559424125e26c52d11d2","occ_4379d362f0b044ab48906ccc","12"
"route_2a6e559424125e26c52d11d2","occ_5393a77c4ab9fad90cf62506","13"
"route_2a6e559424125e26c52d11d2","occ_d99680f6e241ac1af0f2659a","2"
"route_2a6e559424125e26c52d11d2","occ_0edbdf8d6652c86b8a0e48f9","3"
"route_2a6e559424125e26c52d11d2","occ_c03e5e6acd3290b263c3c8f0","4"
"route_2a6e559424125e26c52d11d2","occ_18f0fe45cc7585d2b6dffa2b","5"
"route_2a6e559424125e26c52d11d2","occ_9a9cda06e37ed4f651ec0f24","6"
"route_2a6e559424125e26c52d11d2","occ_be33753f63a197f7715f3aeb","7"
"route_2a6e559424125e26c52d11d2","occ_a416d840d8e0759f67841775","8"
"route_2a6e559424125e26c52d11d2","occ_072d79a1e6ff46c70ae51f4d","9"
"route_2a6ecca9db31bebdcc7df190","occ_788ba7e976b56c9a2665d07d","1"
"route_2a81c4018b68fd0e57f9d087","occ_89b088285e35a11d1ca65e66","1"
"route_2a9b961addb96cee6245f0b3","occ_18770c91f02dbd82f911f461","1"
"route_2af93cb70eeb12d0bf3fd45c","occ_23eef98a4da6fce1b5d9a7e1","1"
"route_2b25acfa42b9a3d3a54e0e91","occ_df66e935260fb1f98886e3a8","1"
"route_2b2eba80b078888c7172e44b","occ_55d696fa8f39fd86bced1641","1"
"route_2b2eba80b078888c7172e44b","occ_a10b3d373cebe47c1ff0fd55","10"
"route_2b2eba80b078888c7172e44b","occ_797dbb41799dd1e5419d938b","11"
"route_2b2eba80b078888c7172e44b","occ_b0a05ce794feb0591353d6e7","2"
"route_2b2eba80b078888c7172e44b","occ_a778329d24719f288d51d929","3"
"route_2b2eba80b078888c7172e44b","occ_fc36e88ffcfd1683d1b071aa","4"
"route_2b2eba80b078888c7172e44b","occ_a1e1993068fdce9e8c00b7fc","5"
"route_2b2eba80b078888c7172e44b","occ_49f7b217208f8019ff467a3a","6"
"route_2b2eba80b078888c7172e44b","occ_19d20fab27bf8309998f7853","7"
"route_2b2eba80b078888c7172e44b","occ_cb4a59df7dbdb1555bf26d78","8"
"route_2b2eba80b078888c7172e44b","occ_f93c9e04fc8f8a9073631e18","9"
"route_2b3a3ec2185579fe83a8a463","occ_6ad9ecc7ea8e4038899259cb","1"
"route_2b42995beeece4c7ccf7701a","occ_1176a453db094009fbd76658","1"
"route_2b42995beeece4c7ccf7701a","occ_8ea3f886b511656c37efb526","10"
"route_2b42995beeece4c7ccf7701a","occ_d1bf718e0f9787314917e73b","11"
"route_2b42995beeece4c7ccf7701a","occ_02946784b7d96540a54467a6","2"
"route_2b42995beeece4c7ccf7701a","occ_de3b262991f20ff03ff6dc30","3"
"route_2b42995beeece4c7ccf7701a","occ_560a2078192e605f22a6335b","4"
"route_2b42995beeece4c7ccf7701a","occ_914f93657fe0081b48062288","5"
"route_2b42995beeece4c7ccf7701a","occ_b287fb952a983454ec5ede89","6"
"route_2b42995beeece4c7ccf7701a","occ_822e2e267a7d5c6d4049f4ff","7"
"route_2b42995beeece4c7ccf7701a","occ_59c063621dca4fe3db0e5996","8"
"route_2b42995beeece4c7ccf7701a","occ_0579238163e3ebec551bcae1","9"
"route_2b47b6b26977ce3205e4e60a","occ_9bf883a5d4208a4a7b0f7a01","1"
"route_2b66f26ad81e1077b7ab4bd7","occ_e561bb564157d433162fbbff","1"
"route_2baf26141b3da3af6680d4be","occ_17c169a7010597f6289f32bc","1"
"route_2baf26141b3da3af6680d4be","occ_c107cce51ce5995f4a9cb1e4","2"
"route_2baf26141b3da3af6680d4be","occ_32b68697125869671e60c40d","3"
"route_2baf26141b3da3af6680d4be","occ_184cea7188bedca3951684e4","4"
"route_2baf26141b3da3af6680d4be","occ_044a164d4e6913f1b8f7a1bb","5"
"route_2baf26141b3da3af6680d4be","occ_11319ab0990b42bc8aaf97d9","6"
"route_2bee9456b10cfdd214336f8e","occ_8d2d9025f5bd859e8e370830","1"
"route_2bee9456b10cfdd214336f8e","occ_1158efc119b456b327130ab2","10"
"route_2bee9456b10cfdd214336f8e","occ_80e2ef1f35cb676dc5a694fe","11"
"route_2bee9456b10cfdd214336f8e","occ_e904b36d3dfbd4a61d113783","12"
"route_2bee9456b10cfdd214336f8e","occ_41c83f004d14172e48475f21","2"
"route_2bee9456b10cfdd214336f8e","occ_abca795f21381bcadfc82dba","3"
"route_2bee9456b10cfdd214336f8e","occ_591d9beb4ea8db54e66348eb","4"
"route_2bee9456b10cfdd214336f8e","occ_66a10a54f73f5b7ab755a3c5","5"
"route_2bee9456b10cfdd214336f8e","occ_ee94048aae9140389a3b166b","6"
"route_2bee9456b10cfdd214336f8e","occ_e2cc99b8217aa5c6fb727644","7"
"route_2bee9456b10cfdd214336f8e","occ_715b22b1e74d200d1f0b260a","8"
"route_2bee9456b10cfdd214336f8e","occ_917a2c5dcb0bf8aad8877e7d","9"
"route_2c0eb3895fc48440f10e313d","occ_a453335a8131f91ef448747b","1"
"route_2c0eb3895fc48440f10e313d","occ_c7a2c486e5f45545cec5d3e4","2"
"route_2c2f92b8b88bac5d80ea2ec5","occ_a28d30d7e8b2fa8dfbc738c0","1"
"route_2c45daee297cdafcd02ed628","occ_010ab818078fac00c29fca29","1"
"route_2c45daee297cdafcd02ed628","occ_3aa97d7ef860bf135bf44f45","2"
"route_2c45daee297cdafcd02ed628","occ_e4f672236b1bd8b52f258ebd","3"
"route_2c45daee297cdafcd02ed628","occ_7d8b2d20beaed73ecfe41ecf","4"
"route_2c45daee297cdafcd02ed628","occ_7addd01464426aaec406a2bd","5"
"route_2c45daee297cdafcd02ed628","occ_e3e39954c89aa0c6b7f5da19","6"
"route_2c47617a7812b34b6dfd20f1","occ_e366532a4ace26bb7fc32603","1"
"route_2c7f0f201ed4adb6ee33b9f7","occ_547dc9311e0fdb534682678e","1"
"route_2c7f0f201ed4adb6ee33b9f7","occ_9ca67fe5db3b255fbd7618e4","10"
"route_2c7f0f201ed4adb6ee33b9f7","occ_43e18f04fbde5312fe3e1d75","11"
"route_2c7f0f201ed4adb6ee33b9f7","occ_eaf60450912d2fbf522c4473","12"
"route_2c7f0f201ed4adb6ee33b9f7","occ_b3108e80cb4c1d0be5c1c756","13"
"route_2c7f0f201ed4adb6ee33b9f7","occ_b7058f9ae912b3463d90f702","14"
"route_2c7f0f201ed4adb6ee33b9f7","occ_657ae1f02dd37253accb8d10","15"
"route_2c7f0f201ed4adb6ee33b9f7","occ_beec5c0948351e3cd89fe310","2"
"route_2c7f0f201ed4adb6ee33b9f7","occ_cfeb87740c640f8aa4c886a2","3"
"route_2c7f0f201ed4adb6ee33b9f7","occ_05a4372f595e192e8c9cda81","4"
"route_2c7f0f201ed4adb6ee33b9f7","occ_81074baa835c1911db0342df","5"
"route_2c7f0f201ed4adb6ee33b9f7","occ_6ffd56114fe1c93a80291ef3","6"
"route_2c7f0f201ed4adb6ee33b9f7","occ_4e59dca2c9c70c8e7f24312d","7"
"route_2c7f0f201ed4adb6ee33b9f7","occ_02b386cef817247af40372fd","8"
"route_2c7f0f201ed4adb6ee33b9f7","occ_e14f3305fe0e5b070644a22a","9"
"route_2c8f9d6a630e36c163e1edd3","occ_c1894ef254b001884ce06db1","1"
"route_2d0968a2b12db3642b834824","occ_e5cd4ab382cfeb5915626461","1"
"route_2d0968a2b12db3642b834824","occ_51afb5e3cc4c722a13e0b901","10"
"route_2d0968a2b12db3642b834824","occ_7ef6230b05be28ad61dcfcff","11"
"route_2d0968a2b12db3642b834824","occ_ac249fe4e2a8399a07dba97b","12"
"route_2d0968a2b12db3642b834824","occ_3ad038fd61fcd72d4b5ce3ff","13"
"route_2d0968a2b12db3642b834824","occ_51d1efc96c957ab68a7a9338","14"
"route_2d0968a2b12db3642b834824","occ_1247c93bb94b72b1f5cf65f5","15"
"route_2d0968a2b12db3642b834824","occ_b27c5de77e4415a62284cf32","16"
"route_2d0968a2b12db3642b834824","occ_863f7b446e04d43e23935e29","17"
"route_2d0968a2b12db3642b834824","occ_e54f849f5351f9acf84b929a","18"
"route_2d0968a2b12db3642b834824","occ_097fbcc0f31c13aa8bdb3d2a","19"
"route_2d0968a2b12db3642b834824","occ_26c9b9c19c75f74bd2544b68","2"
"route_2d0968a2b12db3642b834824","occ_e5809c0e6eb19248ca92ac61","20"
"route_2d0968a2b12db3642b834824","occ_172160684d9caf8c4ca04f26","3"
"route_2d0968a2b12db3642b834824","occ_d576aa908e7414ef17b25c95","4"
"route_2d0968a2b12db3642b834824","occ_20c3362d807d5c8bbde35008","5"
"route_2d0968a2b12db3642b834824","occ_b729a629f1716131f895be59","6"
"route_2d0968a2b12db3642b834824","occ_bc3480d00b60f72eb366b90e","7"
"route_2d0968a2b12db3642b834824","occ_d5cddf353bbb68fcf09d4f24","8"
"route_2d0968a2b12db3642b834824","occ_5376504651b66c5fcff71cc5","9"
"route_2d3d3a30da91b5286de24982","occ_0f90b31c561bb08fb1489c23","1"
"route_2d6cbd5886f91b01aec69204","occ_eee723e6c4052cd7fa257448","1"
"route_2d7d19185decd6e91f343b1b","occ_f98e41493070491aebb950a1","1"
"route_2dacc69151805fbe6eec39d3","occ_4fbcc80066a8eb9707efee50","1"
"route_2dacc69151805fbe6eec39d3","occ_39a6fcf129901b73e7fc0615","2"
"route_2db8a6004267f177b2721a15","occ_705c6bca4bbf133acbff0fd9","1"
"route_2dd6eae335374e230f7e547c","occ_dcbc105647f259e9cc5e985f","1"
"route_2dd8612e83b1adac7aee80ca","occ_63ee0092dae9827d0d3d3a46","1"
"route_2ddf580e433cfd80379490e9","occ_aa599caa99931d8c350913ab","1"
"route_2e2016a4ee4f2a970103cbb7","occ_5cedf7b5d8e6817baa6368ea","1"
"route_2e31c82ef1f62f87fd9eca83","occ_b8315569414983bf523df163","1"
"route_2e31c82ef1f62f87fd9eca83","occ_a18c8b5d83af3e3f2f8ab115","10"
"route_2e31c82ef1f62f87fd9eca83","occ_b100804f951cef5becf5a995","11"
"route_2e31c82ef1f62f87fd9eca83","occ_732d362e4c4f8ab74c570bf3","12"
"route_2e31c82ef1f62f87fd9eca83","occ_d6a3c6955c363fe0e8220f63","13"
"route_2e31c82ef1f62f87fd9eca83","occ_94f4736cae7bb8a15667fc3d","14"
"route_2e31c82ef1f62f87fd9eca83","occ_67946d4112328822a9366ed8","2"
"route_2e31c82ef1f62f87fd9eca83","occ_3ee614963ba6706ff97d2f1e","3"
"route_2e31c82ef1f62f87fd9eca83","occ_6f5705df90bab45bc0f41b40","4"
"route_2e31c82ef1f62f87fd9eca83","occ_e494371413735deef6f72a09","5"
"route_2e31c82ef1f62f87fd9eca83","occ_0477e6a349c4b82bd048fdbd","6"
"route_2e31c82ef1f62f87fd9eca83","occ_26e23e85e615bc8b2bc09de4","7"
"route_2e31c82ef1f62f87fd9eca83","occ_d0cfe478b61468d5bdc3332b","8"
"route_2e31c82ef1f62f87fd9eca83","occ_381812f7230bee7e4f7df8a5","9"
"route_2e3c7f249b9451ec21e23563","occ_84f57a6001cf8a2c6d34340b","1"
"route_2e88428ecc9d9708f04dcdaa","occ_b6dcaa8c9fe85d62aa0f9395","1"
"route_2e88428ecc9d9708f04dcdaa","occ_5b76321a213f15151b856565","10"
"route_2e88428ecc9d9708f04dcdaa","occ_8d0c304175221cf57f52eab0","11"
"route_2e88428ecc9d9708f04dcdaa","occ_d5f1aaac4237541036d86b13","12"
"route_2e88428ecc9d9708f04dcdaa","occ_a342220906826d0087750d0a","13"
"route_2e88428ecc9d9708f04dcdaa","occ_3c2170d146f5be1ee46f905a","2"
"route_2e88428ecc9d9708f04dcdaa","occ_df493e3dafa2aadafb961562","3"
"route_2e88428ecc9d9708f04dcdaa","occ_b0b7b9d58ce3adb964a07f95","4"
"route_2e88428ecc9d9708f04dcdaa","occ_d98e733047b645c42170f123","5"
"route_2e88428ecc9d9708f04dcdaa","occ_3029912840211b84e5dc4242","6"
"route_2e88428ecc9d9708f04dcdaa","occ_bce50d788161c9d930010270","7"
"route_2e88428ecc9d9708f04dcdaa","occ_25ffe91fbaefaac75a6c99de","8"
"route_2e88428ecc9d9708f04dcdaa","occ_622a88aac30947d821ab746e","9"
"route_2f1990d807b446f99a77fad1","occ_ed94feacdf85b421bcdf9f7e","1"
"route_2f649bf2bc9cef0db2e545c3","occ_7d80b66f95dcb9778d9de310","1"
"route_2f8226cceb286495b5b2af24","occ_ca92b7464af2dd40801fc87f","1"
"route_2f8f669d6a303bf1cef4c530","occ_e5d0917bcae00299839621aa","1"
"route_2fbd43e162d2f96ee6d6e0c5","occ_256dd6f8f6b1c70c94ff48da","1"
"route_306bf6936a6c6873d146f480","occ_a4ebc618331a5447a343c7b0","1"
"route_306bf6936a6c6873d146f480","occ_d515d6e28b4205dd462aca7b","2"
"route_306bf6936a6c6873d146f480","occ_efad055055eb07dba9be713b","3"
"route_306bf6936a6c6873d146f480","occ_25bee097c679ffcd19bb0694","4"
"route_306bf6936a6c6873d146f480","occ_7e75dd940f6661324d49d6c0","5"
"route_306c72393780d2d84cd16242","occ_915e9c27fa346331b0e6a8df","1"
"route_306c72393780d2d84cd16242","occ_47b62476c2b13fd7dfef4e36","2"
"route_306c72393780d2d84cd16242","occ_d07befa7ad1210f783344bca","3"
"route_306c72393780d2d84cd16242","occ_bd959ec3a7b8daedb12e76a6","4"
"route_309ceaa65e1d1a24bd40945c","occ_b568df630629ff010f38e9fb","1"
"route_309f93ae3a3c29888e62ecfd","occ_caa457b3ab2fe27aacde59b5","1"
"route_30a0e53d56e0e7672f0b213b","occ_ec18357a3b53b07f445cf543","1"
"route_30ca18ae59bb32c470e7e2e7","occ_667a606ef8f80391cfd85202","1"
"route_30ef929eecaed48465037fa3","occ_35d7d041218c3aa97fc4b221","1"
"route_30ef929eecaed48465037fa3","occ_da2b13dc2d2f59679d274323","10"
"route_30ef929eecaed48465037fa3","occ_9faef84256148d41f8e26945","11"
"route_30ef929eecaed48465037fa3","occ_dcaf8f697a06bd3635f95f38","12"
"route_30ef929eecaed48465037fa3","occ_adf4e377ae31c0cef3812154","13"
"route_30ef929eecaed48465037fa3","occ_43f23e783cb674011ce5907d","14"
"route_30ef929eecaed48465037fa3","occ_51526815a42b96796436e75f","15"
"route_30ef929eecaed48465037fa3","occ_a0881febc464300751f09990","16"
"route_30ef929eecaed48465037fa3","occ_a82f4abf485e8e1ebf81d295","17"
"route_30ef929eecaed48465037fa3","occ_d20becdd97e088528da0f30e","18"
"route_30ef929eecaed48465037fa3","occ_193b6cf7a422b2a8517f013a","19"
"route_30ef929eecaed48465037fa3","occ_8559b824d0a0ab3577afac8b","2"
"route_30ef929eecaed48465037fa3","occ_9cdfe7e9f8efd65a39e0a291","20"
"route_30ef929eecaed48465037fa3","occ_afffcd0495ca00bf779486bf","21"
"route_30ef929eecaed48465037fa3","occ_50dfe707589c1660ad7a9f88","3"
"route_30ef929eecaed48465037fa3","occ_450625e0feb5dca56b8e5df9","4"
"route_30ef929eecaed48465037fa3","occ_f8e39bd963bcbc4d11276cf6","5"
"route_30ef929eecaed48465037fa3","occ_3dca0ad6a36c438264926843","6"
"route_30ef929eecaed48465037fa3","occ_f138ba2f0731028f17b6962b","7"
"route_30ef929eecaed48465037fa3","occ_dea30f66e74a3997c552b26d","8"
"route_30ef929eecaed48465037fa3","occ_5c6cd4095173eaf4f577beed","9"
"route_30fffd0d71a0f844de38785e","occ_f019d7e968b2dd41e9f6e41a","1"
"route_312ad57a6419119d0f7f936d","occ_3377c763582a541b0b15b314","1"
"route_3141b932d8564b3feadbc1d2","occ_ebeed489258c25668b836f6d","1"
"route_31623282a507f46d9a91d189","occ_ad89c409479b3ea1ca166f70","1"
"route_3163fa8a5fb1616f9daa821c","occ_3a6ca75331d882fde8dd3727","1"
"route_319a8bde39f5c9a04d917c26","occ_3a881e084268e3407c3afce1","1"
"route_31a46b03b2d1109abdd97a33","occ_408e58bebb2fab37fb38c25a","1"
"route_31a46b03b2d1109abdd97a33","occ_c3e53fdfafcc15be4da8670d","2"
"route_31a46b03b2d1109abdd97a33","occ_c278e79118de3679a78335e7","3"
"route_31a46b03b2d1109abdd97a33","occ_175c272c57075d7af0e6ffaf","4"
"route_31a46b03b2d1109abdd97a33","occ_14ea129c396d53d8b584e03e","5"
"route_31c022fd38b1617fbfe04d51","occ_a45efa28a05631b163c26941","1"
"route_31d82af23dbe108f6573220f","occ_aeea1184dfb2243213d8ebb6","1"
"route_31fae063b37d43214e31d399","occ_1d5c4def9d2aa2c48294f9f8","1"
"route_32080596386ff36a9de5d2d8","occ_84963619dcfed09c350db249","1"
"route_3238ebab0112290610700596","occ_6f07bdada1ced179fd0d74e6","1"
"route_326682446fdd3408d00e05cf","occ_8e8a8436049aeb7929241a3a","1"
"route_327cbbb6dee49e89b068151a","occ_b65817826fb4cfc4de5f929a","1"
"route_32a68d8eea7c43ad5f41f625","occ_dc2d8635e22223c170ed8a92","1"
"route_32a68d8eea7c43ad5f41f625","occ_18897d16f71cd4374e1ab52c","2"
"route_32a68d8eea7c43ad5f41f625","occ_cfca2139cade6c7d4953a6ba","3"
"route_32a68d8eea7c43ad5f41f625","occ_3f6674f8225476d9232df119","4"
"route_32a68d8eea7c43ad5f41f625","occ_f567aaaacfaa63b4503acb5f","5"
"route_32a68d8eea7c43ad5f41f625","occ_04c44a77a65a6152ad2f947a","6"
"route_32a68d8eea7c43ad5f41f625","occ_d55761f1ec205776f2762fdb","7"
"route_32a68d8eea7c43ad5f41f625","occ_509995104a203c769dd06cdb","8"
"route_32e6f0ea4c16917119b345e5","occ_31bdecc15869396299799a4e","1"
"route_32e6f0ea4c16917119b345e5","occ_9c42a02e77dab4c2a373a748","10"
"route_32e6f0ea4c16917119b345e5","occ_8489f21f994cd9942ed4c057","11"
"route_32e6f0ea4c16917119b345e5","occ_b2e26a58be03a18bf59f2ab0","12"
"route_32e6f0ea4c16917119b345e5","occ_c9e96a32d730318d1a708b89","13"
"route_32e6f0ea4c16917119b345e5","occ_9e79d8d5af8b10f0325c47a8","2"
"route_32e6f0ea4c16917119b345e5","occ_675281ecd312624d7f5e9bb2","3"
"route_32e6f0ea4c16917119b345e5","occ_4f75c1f3b1fdd5fca96ba63e","4"
"route_32e6f0ea4c16917119b345e5","occ_9ecead753b32be5bb3eed115","5"
"route_32e6f0ea4c16917119b345e5","occ_560a4086bfb21d67031eae0f","6"
"route_32e6f0ea4c16917119b345e5","occ_9dfb625bdcb52d4df775f629","7"
"route_32e6f0ea4c16917119b345e5","occ_a5db745afc8dc38639e3331c","8"
"route_32e6f0ea4c16917119b345e5","occ_9fe7ee9e3bd26e4306d25020","9"
"route_32f8b8306232c63195bafc0e","occ_beef3453cbb3023df144b408","1"
"route_332c5a2513528eda54006654","occ_ea1a28cd6fa1539e64f6dd81","1"
"route_332c5a2513528eda54006654","occ_84124319da152b96c1a54b78","2"
"route_332c5a2513528eda54006654","occ_c5bfa90906ae4cbbfb3a3ce4","3"
"route_332c5a2513528eda54006654","occ_c39e14450bb1e23f4f120bcf","4"
"route_332c5a2513528eda54006654","occ_969860f1f29b230092e2c2c4","5"
"route_332c5a2513528eda54006654","occ_fa0992c76b265d1c9e070845","6"
"route_334dce8d686c70cde4582fcd","occ_6c3f4a31ac80083b9d82b656","1"
"route_3354535a0a0214c701b8c073","occ_0c2d0602917677b29dd1eeac","1"
"route_3354535a0a0214c701b8c073","occ_2f58947128189ec8e84cc490","10"
"route_3354535a0a0214c701b8c073","occ_28f0cd1c37cea238ef836ced","11"
"route_3354535a0a0214c701b8c073","occ_e8ea8ca7d602c6b1035b72a8","2"
"route_3354535a0a0214c701b8c073","occ_4a1cd47acd04952b837ec0c0","3"
"route_3354535a0a0214c701b8c073","occ_581dc01aa759e92f4e17c964","4"
"route_3354535a0a0214c701b8c073","occ_6e5060d3ed2d9a55a6ea8bb3","5"
"route_3354535a0a0214c701b8c073","occ_e7d6a244d808c62df5fe6c01","6"
"route_3354535a0a0214c701b8c073","occ_f3e4059ee97c1784002d6b52","7"
"route_3354535a0a0214c701b8c073","occ_d09c697657c2685592fac00e","8"
"route_3354535a0a0214c701b8c073","occ_de4d11f19172a2d3e1b70cd6","9"
"route_33608092d2507f5c3465885c","occ_012d2221ac1b281f141f9c69","1"
"route_3376e47fa42e3374c472931f","occ_f347b950054bf6e5cc876676","1"
"route_337cf62be0bc69418d915b86","occ_aa6df6e2946c9c9f7ba3d41e","1"
"route_33a425f78c272285c4a3303f","occ_65e1a242efb1229f5838d7d2","1"
"route_33c1fdd538614afcf88409c0","occ_f910c76723b06b3dc471407c","1"
"route_33c6df5e60be6e3bbe48750c","occ_9f4f3992cd23e98e33e67629","1"
"route_33c6df5e60be6e3bbe48750c","occ_2f0beb2ba031a6822688a987","10"
"route_33c6df5e60be6e3bbe48750c","occ_48c6e5dfe84a666c782b061b","11"
"route_33c6df5e60be6e3bbe48750c","occ_f85d52b6e3b656a1993f51d8","12"
"route_33c6df5e60be6e3bbe48750c","occ_bfd729a94229f5debac1be22","13"
"route_33c6df5e60be6e3bbe48750c","occ_9613344b6bf7b6a7b0ec66d9","14"
"route_33c6df5e60be6e3bbe48750c","occ_ea06e8dcb4a502f7222f5bdd","15"
"route_33c6df5e60be6e3bbe48750c","occ_3e929ddd523978c60380fcd6","16"
"route_33c6df5e60be6e3bbe48750c","occ_7ba96dac4e4409a87ceb088a","17"
"route_33c6df5e60be6e3bbe48750c","occ_901b70a97a0af2dc83e6eecc","18"
"route_33c6df5e60be6e3bbe48750c","occ_2a253e493c4f44b9eb17e407","19"
"route_33c6df5e60be6e3bbe48750c","occ_2a4e82fecf3ae52b335baebd","2"
"route_33c6df5e60be6e3bbe48750c","occ_0c060f5bfbf2e128e95faba2","3"
"route_33c6df5e60be6e3bbe48750c","occ_98a504cfe9822d51ca10f540","4"
"route_33c6df5e60be6e3bbe48750c","occ_91f5970f0cbd6866b3dc10a6","5"
"route_33c6df5e60be6e3bbe48750c","occ_4c416dcb88de4ec0f3f9232d","6"
"route_33c6df5e60be6e3bbe48750c","occ_b53eb398fd884f0242c84bce","7"
"route_33c6df5e60be6e3bbe48750c","occ_eae6a6ed86a5da0a89863fdd","8"
"route_33c6df5e60be6e3bbe48750c","occ_c23669d8720b5b32f9d7be2f","9"
"route_33caa905d9954ec3dd3414a4","occ_cf57454ec2e28410463edffd","1"
"route_33f0c6a322b37e31f87ac702","occ_92551c6e6e6465bbfa0c1576","1"
"route_33f0c6a322b37e31f87ac702","occ_000864d679bb4833dbedf2f5","2"
"route_33f0c6a322b37e31f87ac702","occ_0cf6e15fa1d874a4796367d0","3"
"route_33f0c6a322b37e31f87ac702","occ_07655c62906e20f6dd8d6d13","4"
"route_33f0c6a322b37e31f87ac702","occ_f1a950f408b70b832be8fb25","5"
"route_3400d15fa714b711a66f93ab","occ_1d46ca0fee1d92916e83807b","1"
"route_3404e838323d27af301c96f0","occ_4e0f6b914d61c41e91146c68","1"
"route_345ace53ad56c074daf0fb1b","occ_095a7b4700bb5602dd38b0e9","1"
"route_345ace53ad56c074daf0fb1b","occ_1bd64730c397b9177bf3a820","10"
"route_345ace53ad56c074daf0fb1b","occ_49088769a29e1a455567b832","11"
"route_345ace53ad56c074daf0fb1b","occ_695e89c467193327e5f1a8cc","12"
"route_345ace53ad56c074daf0fb1b","occ_7122ed80db9eb752e99bebe5","13"
"route_345ace53ad56c074daf0fb1b","occ_4c5bcba0e4ab049a80d08d2f","14"
"route_345ace53ad56c074daf0fb1b","occ_530a5d84cdb6283c5f22481d","2"
"route_345ace53ad56c074daf0fb1b","occ_8073e588ddb37df42c832e31","3"
"route_345ace53ad56c074daf0fb1b","occ_cd795bd5aaac4c97e1aa6596","4"
"route_345ace53ad56c074daf0fb1b","occ_68afc62ad2dcd8e30734a0bd","5"
"route_345ace53ad56c074daf0fb1b","occ_719de4927d3eb19761d21538","6"
"route_345ace53ad56c074daf0fb1b","occ_14f55d45362295c3a5a342f7","7"
"route_345ace53ad56c074daf0fb1b","occ_7b5e33ab95640ad1187d309e","8"
"route_345ace53ad56c074daf0fb1b","occ_4c6bf619e9eefefc7c8f1b00","9"
"route_3460855d4e46656e68814a08","occ_3dbfcbd7946e48241035e808","1"
"route_3460855d4e46656e68814a08","occ_3ab1e79147b59fd8506db8b9","10"
"route_3460855d4e46656e68814a08","occ_f56f87ee5ac2e6b2aa986c4d","11"
"route_3460855d4e46656e68814a08","occ_ca5c742174af64dbe818e6c2","12"
"route_3460855d4e46656e68814a08","occ_7c50723ab178b157d5dc6ef9","13"
"route_3460855d4e46656e68814a08","occ_afbeb2ab3078d4c9ace0948c","2"
"route_3460855d4e46656e68814a08","occ_e392732aab6d4e491102caca","3"
"route_3460855d4e46656e68814a08","occ_f3d07c2270804e9c65d26e9c","4"
"route_3460855d4e46656e68814a08","occ_bb2abe2fd59a4b85ecb8919a","5"
"route_3460855d4e46656e68814a08","occ_b97bc22d881d410fc4b874c5","6"
"route_3460855d4e46656e68814a08","occ_3c191c6e6726e4bce6cab309","7"
"route_3460855d4e46656e68814a08","occ_61370513759ac15d0a54b37f","8"
"route_3460855d4e46656e68814a08","occ_2ad2d96943c59a298fd61b5a","9"
"route_347ee7547e0b451a6765c3d1","occ_5e198d74d3a6f8ea12dc0984","1"
"route_34a639d4a930c9104af7b99d","occ_bb5b5f59e557f75f91487185","1"
"route_34e6444f95e236793aadddbd","occ_89b327af65cb9cd0a9100e0b","1"
"route_34e9c479a39be6a56546873f","occ_40b7c881bc309bc5f3fbde3c","1"
"route_3505e34ad9d1c978b7a69674","occ_3ef22d7fecebdb8d628f4369","1"
"route_3505e34ad9d1c978b7a69674","occ_aabaf64636c170fe0cfa60d3","10"
"route_3505e34ad9d1c978b7a69674","occ_bbfe18db0d710bf5b3458549","11"
"route_3505e34ad9d1c978b7a69674","occ_65e2b027d06abc31c8c0c6ef","12"
"route_3505e34ad9d1c978b7a69674","occ_a55048ba63a86fc68b1d222c","13"
"route_3505e34ad9d1c978b7a69674","occ_4673eccd221d6e9f02ab7ff9","2"
"route_3505e34ad9d1c978b7a69674","occ_62e4d2ba1be0f50666288795","3"
"route_3505e34ad9d1c978b7a69674","occ_78f463bd6349850e78da05fd","4"
"route_3505e34ad9d1c978b7a69674","occ_058920eb1ae09c33b13404ff","5"
"route_3505e34ad9d1c978b7a69674","occ_16394008d90b90fbfbc55710","6"
"route_3505e34ad9d1c978b7a69674","occ_0ef8ee49cd2c31f7c7f978ff","7"
"route_3505e34ad9d1c978b7a69674","occ_4a19e71666ec3b8939f329da","8"
"route_3505e34ad9d1c978b7a69674","occ_fa1db66e22b8b04a31728383","9"
"route_3514ca4a1d4ce5fbf5f0bbb9","occ_5c69d437a8541c724a1bc3e1","1"
"route_35254c33f309ade9b3ebe0d1","occ_31840794d24f01131070a3d4","1"
"route_35254c33f309ade9b3ebe0d1","occ_9df6d120fd4b7c46680c3b25","10"
"route_35254c33f309ade9b3ebe0d1","occ_99563657e81b448ac9d99f8b","11"
"route_35254c33f309ade9b3ebe0d1","occ_006cf8baccebb9e2df2c96e8","12"
"route_35254c33f309ade9b3ebe0d1","occ_74d3f6edf19cb0e2a3b71299","2"
"route_35254c33f309ade9b3ebe0d1","occ_c5ada7c7b1b11ad8c4bc72e8","3"
"route_35254c33f309ade9b3ebe0d1","occ_2d34edf95998391bceb6b146","4"
"route_35254c33f309ade9b3ebe0d1","occ_537aeb63e73dfc4803f953f2","5"
"route_35254c33f309ade9b3ebe0d1","occ_3cb39192c2b0123d9e143d5e","6"
"route_35254c33f309ade9b3ebe0d1","occ_49a207716feb6c9fcb11f619","7"
"route_35254c33f309ade9b3ebe0d1","occ_1101f1a9e717d0c29181d2ff","8"
"route_35254c33f309ade9b3ebe0d1","occ_1d607a12b8d17a7229c85b13","9"
"route_35611c7a564777e92f017d76","occ_689309b6d5ba1e1cd27fcbcf","1"
"route_35611c7a564777e92f017d76","occ_8b680d786d1aba1d4ea7b75b","2"
"route_35611c7a564777e92f017d76","occ_a516f1608d1f244934e2a9bc","3"
"route_35870b1543a6ca9400ecc25d","occ_2508b681d74332c8d7f04b1e","1"
"route_359d241977359aa7df069526","occ_b1fad05357b51f56a959d002","1"
"route_35e073b0bf7e22d48f100701","occ_72aa74b087ed358c220dde72","1"
"route_35fa62dd28b19f4274e14893","occ_ee485990d7c12f16877861a9","1"
"route_360473e66c09edd71c8d9032","occ_ba7d8298b404e53ea21fecf7","1"
"route_360473e66c09edd71c8d9032","occ_600c4fb3cc18c308e7337738","10"
"route_360473e66c09edd71c8d9032","occ_76520e8faf0a1f4691d99ed7","11"
"route_360473e66c09edd71c8d9032","occ_4354d2e72d80bcfad383cf6e","12"
"route_360473e66c09edd71c8d9032","occ_059591ef56cc1a3808247bf9","13"
"route_360473e66c09edd71c8d9032","occ_3ed29f293a92de2f7770d3f4","14"
"route_360473e66c09edd71c8d9032","occ_5f4b48651d5b78f2ba3ae0b4","15"
"route_360473e66c09edd71c8d9032","occ_94c408ba6d3db723ce369b64","16"
"route_360473e66c09edd71c8d9032","occ_550601dd923025401af31867","17"
"route_360473e66c09edd71c8d9032","occ_cfbc454b2eb7f92ef1883cb0","18"
"route_360473e66c09edd71c8d9032","occ_1635d6114a6d34a60a915a90","19"
"route_360473e66c09edd71c8d9032","occ_975aa63405640f9a79c5abcf","2"
"route_360473e66c09edd71c8d9032","occ_d0fbbdd74325a6a9e62afc1e","20"
"route_360473e66c09edd71c8d9032","occ_844ab992d8799c53909e34b8","21"
"route_360473e66c09edd71c8d9032","occ_9d8037b3cf52d62824887ce7","22"
"route_360473e66c09edd71c8d9032","occ_a4e17f63cddf8de65e11366b","23"
"route_360473e66c09edd71c8d9032","occ_be2716cd84691f250b8ed954","24"
"route_360473e66c09edd71c8d9032","occ_d40e629bb5c24d935855af48","3"
"route_360473e66c09edd71c8d9032","occ_ab2e450263520154aa98bec8","4"
"route_360473e66c09edd71c8d9032","occ_8896f71eaa2361d10a916008","5"
"route_360473e66c09edd71c8d9032","occ_874d7a656e0b82e6213c9bd7","6"
"route_360473e66c09edd71c8d9032","occ_a4b6c82c5f39a115f9bf1a3e","7"
"route_360473e66c09edd71c8d9032","occ_0f2863da780e8c24aac507f6","8"
"route_360473e66c09edd71c8d9032","occ_83b95a222ed1fe9b5a4b41e2","9"
"route_3625f5fe88bc7aaaaa79dd2c","occ_3021baaa21263e5c50ef15d8","1"
"route_3625f5fe88bc7aaaaa79dd2c","occ_acdc9e621abbc7433b15ba05","10"
"route_3625f5fe88bc7aaaaa79dd2c","occ_ab863b2b6ee897703ef12223","11"
"route_3625f5fe88bc7aaaaa79dd2c","occ_cd11554342ee287050551038","2"
"route_3625f5fe88bc7aaaaa79dd2c","occ_00989b59b254b9f4c1f044cb","3"
"route_3625f5fe88bc7aaaaa79dd2c","occ_e6372e88d60330fe71f464d4","4"
"route_3625f5fe88bc7aaaaa79dd2c","occ_fa413e34be9dd76dd2f8a005","5"
"route_3625f5fe88bc7aaaaa79dd2c","occ_752fcf8ea134da2a9503d52c","6"
"route_3625f5fe88bc7aaaaa79dd2c","occ_de1dd8a6bf98d7d7e0c900e0","7"
"route_3625f5fe88bc7aaaaa79dd2c","occ_098046ab007e26fa9f24d619","8"
"route_3625f5fe88bc7aaaaa79dd2c","occ_5cfc81f3ef8edfb01232cfaa","9"
"route_3653c0457c562a0f52c1ab6b","occ_724291da9b610c096866b89b","1"
"route_365605bbba4b21cff1b2c806","occ_e28b6dfa353ac9770afc28ab","1"
"route_36568d5c8584079204b97b3a","occ_89dc1f0b3de5c9a965adce0d","1"
"route_36568d5c8584079204b97b3a","occ_554733b0481f2b3128f80a6d","2"
"route_36568d5c8584079204b97b3a","occ_85d1c8d21cbad4e3e86e4877","3"
"route_3666d0db2dde826ba6abe34f","occ_86d6bf64f2c2575dbd4228f0","1"
"route_3666d0db2dde826ba6abe34f","occ_bf0e59676f578d3cb7d05d29","10"
"route_3666d0db2dde826ba6abe34f","occ_638d5bc3867a3d6dcc370393","11"
"route_3666d0db2dde826ba6abe34f","occ_3808cbb012c9b3f5d58219f1","12"
"route_3666d0db2dde826ba6abe34f","occ_289d0929df3157f23b299e0c","13"
"route_3666d0db2dde826ba6abe34f","occ_5ee40f151e48a23f756ad507","14"
"route_3666d0db2dde826ba6abe34f","occ_51a14368b3bc6d30a80d19fe","15"
"route_3666d0db2dde826ba6abe34f","occ_c158a1fe705c3b9f7dcef376","16"
"route_3666d0db2dde826ba6abe34f","occ_dd948a19d60d280e86d8c8f9","2"
"route_3666d0db2dde826ba6abe34f","occ_7f44bdb1e8121c8fac488ae6","3"
"route_3666d0db2dde826ba6abe34f","occ_c715d62f113bbe6d3fc3ae9c","4"
"route_3666d0db2dde826ba6abe34f","occ_4903708e0644b7610ec1b1a8","5"
"route_3666d0db2dde826ba6abe34f","occ_c0b581ade4c6ef98b6106f89","6"
"route_3666d0db2dde826ba6abe34f","occ_db9bef094184d9d915228b28","7"
"route_3666d0db2dde826ba6abe34f","occ_de31afa16eb1ba26fa648094","8"
"route_3666d0db2dde826ba6abe34f","occ_e2ae99562c94e4cf49d587a4","9"
"route_369b2eee628350cc216c0556","occ_83441a47c945ae581ae3bc94","1"
"route_369b2eee628350cc216c0556","occ_05ea14c54765c1383913c7f0","10"
"route_369b2eee628350cc216c0556","occ_fc6b13a938675dec806dc683","11"
"route_369b2eee628350cc216c0556","occ_cd6c61e86f7abae09bee9082","12"
"route_369b2eee628350cc216c0556","occ_3b61332b6be72f9933b55688","13"
"route_369b2eee628350cc216c0556","occ_8e54a3ea3e05dfa167ebe6b7","14"
"route_369b2eee628350cc216c0556","occ_8f5a344f104a07dc3e83fe23","15"
"route_369b2eee628350cc216c0556","occ_c4e55ce079d416ab9f005a58","16"
"route_369b2eee628350cc216c0556","occ_0016755fe2f278436608464c","17"
"route_369b2eee628350cc216c0556","occ_b933f03f514eb2cdf04b0940","18"
"route_369b2eee628350cc216c0556","occ_0ef4bb50cf66f3f83a6bb1e3","19"
"route_369b2eee628350cc216c0556","occ_c4374031b210ab7043b64144","2"
"route_369b2eee628350cc216c0556","occ_f4cbb1a17b0882746d9c95f4","3"
"route_369b2eee628350cc216c0556","occ_22c32a499b9ad259715d8d4f","4"
"route_369b2eee628350cc216c0556","occ_ab02df38fd5e6d21eef26e63","5"
"route_369b2eee628350cc216c0556","occ_cc6dacda20c6587b8aecf8bc","6"
"route_369b2eee628350cc216c0556","occ_8acc85a72b6f300e5239b9f4","7"
"route_369b2eee628350cc216c0556","occ_b9c362f017e3b3109b81f0e8","8"
"route_369b2eee628350cc216c0556","occ_96911be710d7c061940bebf9","9"
"route_36e05d04e6bd2dff00003805","occ_080e9c5679f08dbd82cd284b","1"
"route_36e05d04e6bd2dff00003805","occ_acbec8e01e91fa5bfa16b4bb","2"
"route_36e05d04e6bd2dff00003805","occ_fbe1dfe5bdc27ee822cb70f5","3"
"route_36e05d04e6bd2dff00003805","occ_12be7a9f6729107129713837","4"
"route_36e05d04e6bd2dff00003805","occ_b03b0313403e48683c3496fd","5"
"route_36e05d04e6bd2dff00003805","occ_85188647a5e09951311f992d","6"
"route_36e05d04e6bd2dff00003805","occ_49af75005403617fa70379a4","7"
"route_36e80184fa838cd498b4f5ba","occ_2119438535815bdf54884c99","1"
"route_370327ebbdbde58dac6fed61","occ_7e0a790370288225daae8681","1"
"route_371ec7cb77f65e034fc16f38","occ_cde321b0a96a1a68417fd146","1"
"route_371ec7cb77f65e034fc16f38","occ_b16d8b166fa4204656bdfeb2","10"
"route_371ec7cb77f65e034fc16f38","occ_4edbfe358a734490fa99b214","11"
"route_371ec7cb77f65e034fc16f38","occ_026cf8637399ea851475cef9","12"
"route_371ec7cb77f65e034fc16f38","occ_6fa65f1cc032a831d606e709","2"
"route_371ec7cb77f65e034fc16f38","occ_e25d6f5227c2493746d52a7b","3"
"route_371ec7cb77f65e034fc16f38","occ_6e30d07570185fedb3f74e43","4"
"route_371ec7cb77f65e034fc16f38","occ_4622a09b7cea2867dce64cf9","5"
"route_371ec7cb77f65e034fc16f38","occ_56490634725bc42c6d1dacc5","6"
"route_371ec7cb77f65e034fc16f38","occ_6000b488ed048b7c24bceda4","7"
"route_371ec7cb77f65e034fc16f38","occ_aecc168e1811b053e3ca3222","8"
"route_371ec7cb77f65e034fc16f38","occ_669a7dbbed6be51f991ca812","9"
"route_37248cfaf695efd65edec646","occ_d31641663f0a22f14f8beb4c","1"
"route_37248cfaf695efd65edec646","occ_5f92a85769ff659f479847fb","2"
"route_37248cfaf695efd65edec646","occ_de6a64b9355d95cf1951d17d","3"
"route_37248cfaf695efd65edec646","occ_d286c7773b21cb2b68435f1b","4"
"route_37248cfaf695efd65edec646","occ_c37d9d6c8dc099770779da7b","5"
"route_37248cfaf695efd65edec646","occ_541e7347fe2ba74cf7f1c97d","6"
"route_372efc0135b27959a8c4440a","occ_b58bf435e1eaeacb247c2802","1"
"route_373da5ecb473dd1c8a65be3e","occ_d1d3fec8217a822c015f77f2","1"
"route_373da5ecb473dd1c8a65be3e","occ_a0892a213bfb4f51a6e45aca","10"
"route_373da5ecb473dd1c8a65be3e","occ_89d561ea1d410e2517a22111","11"
"route_373da5ecb473dd1c8a65be3e","occ_d7d759f86b88a573d078931e","12"
"route_373da5ecb473dd1c8a65be3e","occ_2e1e061a543c70b20e358d32","13"
"route_373da5ecb473dd1c8a65be3e","occ_7fed7f0d42d9d68f17141a9e","2"
"route_373da5ecb473dd1c8a65be3e","occ_c65a8bce531e3715f8b65a15","3"
"route_373da5ecb473dd1c8a65be3e","occ_0928c15811a0fb2379d1c2aa","4"
"route_373da5ecb473dd1c8a65be3e","occ_30a65840911c732025045f2d","5"
"route_373da5ecb473dd1c8a65be3e","occ_570187bb1fcce5a88c2bede8","6"
"route_373da5ecb473dd1c8a65be3e","occ_de2a0fc3cc93e63b4db18726","7"
"route_373da5ecb473dd1c8a65be3e","occ_ea3d2b11cd51ccce2905fdd6","8"
"route_373da5ecb473dd1c8a65be3e","occ_206c8debf5ad91f9cc5b41f8","9"
"route_374f11189f6f4f669be0b5a7","occ_a02fc3db8ebde2951160c65a","1"
"route_374f11189f6f4f669be0b5a7","occ_8ef43594f7f31170d1b678b2","2"
"route_374f11189f6f4f669be0b5a7","occ_d84e9d6007f4ad38620041b7","3"
"route_374f11189f6f4f669be0b5a7","occ_0e84ce9625a5c02faf584e71","4"
"route_374f11189f6f4f669be0b5a7","occ_30f0365fddc34755b606f43d","5"
"route_3764b0411559b48bb34aa8f8","occ_ab41014391e22c10cc36031d","1"
"route_3764b0411559b48bb34aa8f8","occ_5c7720af6d736f600e642013","10"
"route_3764b0411559b48bb34aa8f8","occ_e8c12cbb7c74489717fd5421","11"
"route_3764b0411559b48bb34aa8f8","occ_316ef879e1fe7a05fce0443e","12"
"route_3764b0411559b48bb34aa8f8","occ_830beee649594b90eaf42358","13"
"route_3764b0411559b48bb34aa8f8","occ_6904aa6ab1f731b59534ae73","14"
"route_3764b0411559b48bb34aa8f8","occ_fa666f8e99f5f13b0ea872dc","15"
"route_3764b0411559b48bb34aa8f8","occ_ab231f6c42f4138fb4297cf7","16"
"route_3764b0411559b48bb34aa8f8","occ_86ead87cc10dd0bcd1dd054a","17"
"route_3764b0411559b48bb34aa8f8","occ_4b88e1e81691014ef6cbf593","18"
"route_3764b0411559b48bb34aa8f8","occ_cb107a656e905da3a9033267","19"
"route_3764b0411559b48bb34aa8f8","occ_a8b04712e95f9dfce9fd04bb","2"
"route_3764b0411559b48bb34aa8f8","occ_f5acfa959a60fae7033cf60e","20"
"route_3764b0411559b48bb34aa8f8","occ_e4978bbde5ba3972d78e0539","21"
"route_3764b0411559b48bb34aa8f8","occ_3e50fa453bb398a213664092","22"
"route_3764b0411559b48bb34aa8f8","occ_929f6415b70eae7c9e3a649a","23"
"route_3764b0411559b48bb34aa8f8","occ_6c8d3caa24d95f27951b2fac","24"
"route_3764b0411559b48bb34aa8f8","occ_d230b43958f38c5ad6d382f6","25"
"route_3764b0411559b48bb34aa8f8","occ_0abacf05013c64522393d4f5","26"
"route_3764b0411559b48bb34aa8f8","occ_8c9d84ecea90a1625e0feeff","27"
"route_3764b0411559b48bb34aa8f8","occ_5f02b6b583b008dc6f629127","3"
"route_3764b0411559b48bb34aa8f8","occ_5b35c66cd1ba5aaa86a30de4","4"
"route_3764b0411559b48bb34aa8f8","occ_64e8ad1345f52fdd8c846136","5"
"route_3764b0411559b48bb34aa8f8","occ_540508f6faf486fd00a2f387","6"
"route_3764b0411559b48bb34aa8f8","occ_e84519ae0846f7622eea0717","7"
"route_3764b0411559b48bb34aa8f8","occ_7857109e317c75aa024a86df","8"
"route_3764b0411559b48bb34aa8f8","occ_a5d24ff6e83b7965cc3b99a5","9"
"route_377a3bf7ed1f41bc8982a79f","occ_f597cf5924902984969c7f29","1"
"route_377a3bf7ed1f41bc8982a79f","occ_ab8e6be2ba00af0dbe2ad6bc","2"
"route_377a3bf7ed1f41bc8982a79f","occ_1c78472ea8f840bb8c27988e","3"
"route_377a3bf7ed1f41bc8982a79f","occ_bdb8b4735adc4b5dc3068741","4"
"route_377a3bf7ed1f41bc8982a79f","occ_1ce1e00deab45d93788b6186","5"
"route_377a3bf7ed1f41bc8982a79f","occ_1ef64a3dc2c1b09126ca8edf","6"
"route_378624eba4a28581bd8dc37f","occ_030a00d893491b3a98f9313d","1"
"route_37bee285046254f964af68ea","occ_7ef6230b05be28ad61dcfcff","1"
"route_37bee285046254f964af68ea","occ_e5809c0e6eb19248ca92ac61","10"
"route_37bee285046254f964af68ea","occ_ac249fe4e2a8399a07dba97b","2"
"route_37bee285046254f964af68ea","occ_3ad038fd61fcd72d4b5ce3ff","3"
"route_37bee285046254f964af68ea","occ_51d1efc96c957ab68a7a9338","4"
"route_37bee285046254f964af68ea","occ_1247c93bb94b72b1f5cf65f5","5"
"route_37bee285046254f964af68ea","occ_b27c5de77e4415a62284cf32","6"
"route_37bee285046254f964af68ea","occ_863f7b446e04d43e23935e29","7"
"route_37bee285046254f964af68ea","occ_e54f849f5351f9acf84b929a","8"
"route_37bee285046254f964af68ea","occ_097fbcc0f31c13aa8bdb3d2a","9"
"route_3806e2763c27fff02620d895","occ_f80dd066ecb33cc38410374d","1"
"route_381c84d747b75dea414e157b","occ_e3c39cfb6461f46622cec3f5","1"
"route_382a6cb3b23262012ebedfbb","occ_824c6eb9e6c80455a52f699d","1"
"route_385429520b751334df897a2d","occ_6252af9a02b77ebcdac535ec","1"
"route_385429520b751334df897a2d","occ_8340acf5d7bfe0d104c056ea","2"
"route_385429520b751334df897a2d","occ_c61d740ec42ab79858dba64f","3"
"route_385429520b751334df897a2d","occ_8f999e739cc363a926c1fcb1","4"
"route_385429520b751334df897a2d","occ_bc637452657e8275d12467c0","5"
"route_385429520b751334df897a2d","occ_c1ef6fbfea02fe9005fe39d2","6"
"route_3868b0e3804b1ba153527dd0","occ_e5930ed54747ba7b19b7dcf7","1"
"route_389e93451eb0eb584b467c21","occ_adf51488ff1c3fcce722c9ec","1"
"route_38e4cb7a49037bce8adecaab","occ_5bc65e240a3c85cb340e76f8","1"
"route_392f3248f2264ae4f0ee2f81","occ_3daea3079c28c2ae46a7ccb9","1"
"route_3992235931d7baa0b8affe78","occ_9aa86cc7c5dcde4a2d9c33b7","1"
"route_39a5a27a605eb864ef5a859d","occ_c5c6aa5ed4d66810198ae709","1"
"route_39a5a27a605eb864ef5a859d","occ_04a3ba0a1cc82452d370e601","2"
"route_39a5a27a605eb864ef5a859d","occ_ace70ca8e10cb59f1f3238a2","3"
"route_39bd4cd4ca809c19bf3ba4f1","occ_2fedc404d43f07f1120843d0","1"
"route_39caa36660e3dd22a1d70b0e","occ_d8d8e4f3cee8c3dab9da2ecb","1"
"route_39f0b4d72bdc219b84446386","occ_7f574d856bb42279d2fff775","1"
"route_3a16966daff826df82a8d407","occ_44a661a3b163bf67211f0c0d","1"
"route_3a4d52390b29bd499a058ab1","occ_b5d5c10aaf0a73d57762b468","1"
"route_3a4d52390b29bd499a058ab1","occ_277341118f636e1002cf0587","2"
"route_3a7f520766053e00e8530b28","occ_c7f1c4512988acb195e215fd","1"
"route_3a82a272dcdc9ab9eb3b5753","occ_fdfb99203a2acdc337f9f9d8","1"
"route_3a9c94db6a9cf63279432ee6","occ_57f235afbcee58ce14657e44","1"
"route_3acb058c5fa2993c4ff9154f","occ_8e9680612b301b1ad3ec917e","1"
"route_3ad1bd9fbc63f30122cc7703","occ_7ac2ee8dc1ff01f73a079516","1"
"route_3ad1bd9fbc63f30122cc7703","occ_01718fbe8ea2f400cf1854ca","2"
"route_3ad1bd9fbc63f30122cc7703","occ_92f1addda1c4cf27110601a0","3"
"route_3ad1bd9fbc63f30122cc7703","occ_6fa5d91a05694198caa4625f","4"
"route_3ad1bd9fbc63f30122cc7703","occ_08cac2903f8c87e8eecd0394","5"
"route_3ad1bd9fbc63f30122cc7703","occ_28306d49d5211626e4aaa8c9","6"
"route_3ad1bd9fbc63f30122cc7703","occ_eb8610b42beffeb378d999fe","7"
"route_3b42624062200fca185e8a50","occ_723a44163ec0b53832b708d8","1"
"route_3b4c3df91ebff073208c7217","occ_4a16628b94f91ea32331a363","1"
"route_3b93db9f4938cc38f8eb1689","occ_c8f7424e61ce2e196bef9859","1"
"route_3b93db9f4938cc38f8eb1689","occ_967104a269ccc610793cee39","2"
"route_3b93db9f4938cc38f8eb1689","occ_2c6ce398777fa0a310df3e44","3"
"route_3b93db9f4938cc38f8eb1689","occ_76d4b7304f30f2d5434a4977","4"
"route_3b93db9f4938cc38f8eb1689","occ_d9bc2903d80ee6a82ff43f83","5"
"route_3b9decc199398484f80c1594","occ_fe9019f6f301dc07925e1632","1"
"route_3ba616558dad72f931e8eb1a","occ_4b910fab1db42031c248f6ab","1"
"route_3ba616558dad72f931e8eb1a","occ_cd0eb47db5701b9f89bad6b9","10"
"route_3ba616558dad72f931e8eb1a","occ_0a3f7d8fa282d45524359d75","11"
"route_3ba616558dad72f931e8eb1a","occ_9ba4ae0d3d8adf02155d882f","12"
"route_3ba616558dad72f931e8eb1a","occ_8f10af206c70358559a89fc5","2"
"route_3ba616558dad72f931e8eb1a","occ_65ac94091e8907aa7ab81c20","3"
"route_3ba616558dad72f931e8eb1a","occ_d90dea6fb4eeae315aca3d8e","4"
"route_3ba616558dad72f931e8eb1a","occ_11e36e55b00155dbb4a24cf3","5"
"route_3ba616558dad72f931e8eb1a","occ_040c33e22c6f95734236c34a","6"
"route_3ba616558dad72f931e8eb1a","occ_c5c6aa5ed4d66810198ae709","7"
"route_3ba616558dad72f931e8eb1a","occ_04a3ba0a1cc82452d370e601","8"
"route_3ba616558dad72f931e8eb1a","occ_ace70ca8e10cb59f1f3238a2","9"
"route_3bbd0fe7ab6650be0138e803","occ_d7b34ba6be17d49272fdd09b","1"
"route_3bbd0fe7ab6650be0138e803","occ_647b2c89c98266bc0f9a57a5","10"
"route_3bbd0fe7ab6650be0138e803","occ_736895ea2263dc8d5aeed63b","11"
"route_3bbd0fe7ab6650be0138e803","occ_5143a112f2a93ce6780b4c56","12"
"route_3bbd0fe7ab6650be0138e803","occ_496cebe36ad50fef5c1cb557","13"
"route_3bbd0fe7ab6650be0138e803","occ_00e56617fe330793dab9a31f","14"
"route_3bbd0fe7ab6650be0138e803","occ_738338c92031805c5e683faf","15"
"route_3bbd0fe7ab6650be0138e803","occ_9e341e2a306cb6c652d7def3","16"
"route_3bbd0fe7ab6650be0138e803","occ_e8aec64439ed9ab587aa8238","17"
"route_3bbd0fe7ab6650be0138e803","occ_ffabce36b2dbbb55e3ef392c","18"
"route_3bbd0fe7ab6650be0138e803","occ_0811765d44993771067db237","19"
"route_3bbd0fe7ab6650be0138e803","occ_ea0a35e817f4381fee057c1c","2"
"route_3bbd0fe7ab6650be0138e803","occ_08c490e55fdd6d7d43567418","20"
"route_3bbd0fe7ab6650be0138e803","occ_80d4a6e6a76dd7b1783cec2c","21"
"route_3bbd0fe7ab6650be0138e803","occ_967dd7c242a25d25da202c0f","22"
"route_3bbd0fe7ab6650be0138e803","occ_8d917b979a934ea8cc3858ce","23"
"route_3bbd0fe7ab6650be0138e803","occ_41dbb9395bf2bfab7ca7b2f4","24"
"route_3bbd0fe7ab6650be0138e803","occ_a327f96e1795a9fb2dc1d82a","25"
"route_3bbd0fe7ab6650be0138e803","occ_b7e6d3c0de0e4be1a4dcbe81","26"
"route_3bbd0fe7ab6650be0138e803","occ_1f7264645c2fd3e7fa7be3aa","27"
"route_3bbd0fe7ab6650be0138e803","occ_b6ae6758aab44787a0fa8f03","28"
"route_3bbd0fe7ab6650be0138e803","occ_a6ea48188b2908d070189659","29"
"route_3bbd0fe7ab6650be0138e803","occ_08d622d17f701f62763e9828","3"
"route_3bbd0fe7ab6650be0138e803","occ_e205d283771509bb28fe57f5","30"
"route_3bbd0fe7ab6650be0138e803","occ_15d334cf4149ada02bb8a164","4"
"route_3bbd0fe7ab6650be0138e803","occ_c794d5800ebc3c09e4f1458f","5"
"route_3bbd0fe7ab6650be0138e803","occ_c0545e924bf15ce570382f4f","6"
"route_3bbd0fe7ab6650be0138e803","occ_ccae328b5cec5058a6b29e17","7"
"route_3bbd0fe7ab6650be0138e803","occ_9d1a07630a5efd34bbb17307","8"
"route_3bbd0fe7ab6650be0138e803","occ_e64f115a8a4e5d669befdb21","9"
"route_3becc0cad24fe39c1c9a1ff0","occ_755618abb573d1d8db61f9d1","1"
"route_3becc0cad24fe39c1c9a1ff0","occ_9fed85b4991604e3f3e3f07f","2"
"route_3becc0cad24fe39c1c9a1ff0","occ_5d6dc29670760bb65ee1aa41","3"
"route_3becc0cad24fe39c1c9a1ff0","occ_e762bceac3b5429eaf87903e","4"
"route_3becc0cad24fe39c1c9a1ff0","occ_79a23fc1fd2f2b9b3ef7c3c3","5"
"route_3becc0cad24fe39c1c9a1ff0","occ_8eece51b6f4d43cb3ae615c0","6"
"route_3becc0cad24fe39c1c9a1ff0","occ_ec16206bea8b90f4d273e32c","7"
"route_3bf46d9db091bd56b255e02e","occ_57166267e1e6605533e365bc","1"
"route_3c23fca507c6d058ce0fbdf3","occ_7be5d3a5a20932740936685c","1"
"route_3c5d9a4710d2f6a2722831bb","occ_49c8424931e54d05c60cd82d","1"
"route_3c8146a9c617d8958accde3d","occ_4b3739b02d2aa51939c84311","1"
"route_3c96a3fdce58a1fab77896fb","occ_d95cb3f730825671826d8a55","1"
"route_3c96a3fdce58a1fab77896fb","occ_634dda517ecac21736f19cb5","10"
"route_3c96a3fdce58a1fab77896fb","occ_b7d18cfc686793aa6cf6ce97","11"
"route_3c96a3fdce58a1fab77896fb","occ_a9902d6c628321ada316a4c5","12"
"route_3c96a3fdce58a1fab77896fb","occ_6d72789a84ad560194fbdf14","13"
"route_3c96a3fdce58a1fab77896fb","occ_e8d50922c3fa0c7a87fa3575","14"
"route_3c96a3fdce58a1fab77896fb","occ_1654e5f5f5ed527e7c34b388","15"
"route_3c96a3fdce58a1fab77896fb","occ_deeb001bfd38550222c28051","16"
"route_3c96a3fdce58a1fab77896fb","occ_0d2be6f2541b6f5edf37c5e8","17"
"route_3c96a3fdce58a1fab77896fb","occ_b891e7781b0560d132e6d28b","18"
"route_3c96a3fdce58a1fab77896fb","occ_bc95868eacb823e60fa8b183","19"
"route_3c96a3fdce58a1fab77896fb","occ_69308a8e1f08d6252f00b758","2"
"route_3c96a3fdce58a1fab77896fb","occ_ec5d6ea04ffe3471c50a3b1c","20"
"route_3c96a3fdce58a1fab77896fb","occ_f5752b24eb43b6f805b50787","21"
"route_3c96a3fdce58a1fab77896fb","occ_7be6e0bbab380bae56eb11d8","22"
"route_3c96a3fdce58a1fab77896fb","occ_b8627964557cd173467d407d","23"
"route_3c96a3fdce58a1fab77896fb","occ_5d70d51f2a89eab344e8cbfe","24"
"route_3c96a3fdce58a1fab77896fb","occ_d90434a304ed7f42f98a888e","25"
"route_3c96a3fdce58a1fab77896fb","occ_4df3bba4c6203a027e1c213c","26"
"route_3c96a3fdce58a1fab77896fb","occ_0da61fad9631b5e633122306","27"
"route_3c96a3fdce58a1fab77896fb","occ_64795a7fefb296992ce3b7b2","28"
"route_3c96a3fdce58a1fab77896fb","occ_89779a9d943ae19cccdce9ce","3"
"route_3c96a3fdce58a1fab77896fb","occ_35f3044eb36a11f29608aa16","4"
"route_3c96a3fdce58a1fab77896fb","occ_dea79002ba2f8fef1c592fa7","5"
"route_3c96a3fdce58a1fab77896fb","occ_1cb987d1fd6e1b111c82f9c6","6"
"route_3c96a3fdce58a1fab77896fb","occ_77faeca9412b7d5a82d17cf9","7"
"route_3c96a3fdce58a1fab77896fb","occ_bbc44e603d312335ce1c55bf","8"
"route_3c96a3fdce58a1fab77896fb","occ_63712824b67f1b71acc9c894","9"
"route_3c97b2fcfe50eccbeb5a49c8","occ_2ede2429a99783ca63d4e08a","1"
"route_3cb318a94c10c61d044e1606","occ_08f719e2f78f354f67411ddb","1"
"route_3cbb92567070752a21c3256f","occ_401bfb129023ab5f34fe9144","1"
"route_3cdda0086fc03ab973051df0","occ_bd18b1d9be01f53884b82bdb","1"
"route_3ced129f890621ccd550b199","occ_d99f6f9a4681fcc82582a327","1"
"route_3cf80845e6f040fe453f42f6","occ_96446c94994e2e1e298f35d6","1"
"route_3cf80845e6f040fe453f42f6","occ_ffb21e8a9263af3e02e29e50","10"
"route_3cf80845e6f040fe453f42f6","occ_826ca48c86b78ab30ceaab30","11"
"route_3cf80845e6f040fe453f42f6","occ_5c295081e3d2538ccdd3dff5","12"
"route_3cf80845e6f040fe453f42f6","occ_24b7b8dc9f475cde125960b0","13"
"route_3cf80845e6f040fe453f42f6","occ_217ccb33ccca5ee7bd2c6e37","2"
"route_3cf80845e6f040fe453f42f6","occ_652d0e5bf7144e9d5a7e2ca8","3"
"route_3cf80845e6f040fe453f42f6","occ_bb0ea1717805c4d51fb78c2e","4"
"route_3cf80845e6f040fe453f42f6","occ_b9c0de969a71f9f4736ca9ff","5"
"route_3cf80845e6f040fe453f42f6","occ_05337aa331647d5cf7aff9c6","6"
"route_3cf80845e6f040fe453f42f6","occ_72c890cbf4772cb154250ad6","7"
"route_3cf80845e6f040fe453f42f6","occ_346af53eccaa3e2ad08dd61a","8"
"route_3cf80845e6f040fe453f42f6","occ_ed2d0987c05894acfe560933","9"
"route_3cf8c6d1673c2e22ea25e848","occ_0dbb54e54adac81abbc4ab7d","1"
"route_3d0078837129a2d79007a4ff","occ_92412122ddf995450c8a0a71","1"
"route_3d12d5861b543a7a2a84bedf","occ_9b7c442da327cbb9d70964f8","1"
"route_3d41e5e81e24e21e38f2aada","occ_d8a9f6a38f0b214623db153c","1"
"route_3d41e5e81e24e21e38f2aada","occ_58d43661abac79bf7235ceef","10"
"route_3d41e5e81e24e21e38f2aada","occ_ed3284bc59e1e0b608448773","11"
"route_3d41e5e81e24e21e38f2aada","occ_9a63c767f6168d41fa599b82","12"
"route_3d41e5e81e24e21e38f2aada","occ_5462ae1eef6a99c312f55b8d","13"
"route_3d41e5e81e24e21e38f2aada","occ_f9046ae1b8b60da4fa20ed2d","2"
"route_3d41e5e81e24e21e38f2aada","occ_dda84c049ec9b233eb238dd9","3"
"route_3d41e5e81e24e21e38f2aada","occ_42c6d94b2ca61921abe84e7a","4"
"route_3d41e5e81e24e21e38f2aada","occ_3290d7c629e3906d112d93e3","5"
"route_3d41e5e81e24e21e38f2aada","occ_1215f03f0a1789e62d83d6b9","6"
"route_3d41e5e81e24e21e38f2aada","occ_dd8f8542cdfa1b116dbd2c3b","7"
"route_3d41e5e81e24e21e38f2aada","occ_ffd9f18d77e0dfcfdb026172","8"
"route_3d41e5e81e24e21e38f2aada","occ_6e4a1418ab548f53a1c28259","9"
"route_3d45f104fab3ce9a9bc41d1a","occ_56f92dbe17d4c34d0afbfe77","1"
"route_3d59eb89bf3988842e0c41e2","occ_71f0a3b7b2e1f3915c4e5bc5","1"
"route_3d59eb89bf3988842e0c41e2","occ_f52ee4c6c70a006fddcf4a67","2"
"route_3d59eb89bf3988842e0c41e2","occ_3c9c4a19cdc261ddfbda04f7","3"
"route_3d59eb89bf3988842e0c41e2","occ_66dba9947b7f77a4d5645f67","4"
"route_3d59eb89bf3988842e0c41e2","occ_a3ee916bcd7e1f0f12acd329","5"
"route_3d59eb89bf3988842e0c41e2","occ_6a072040319fa268076a6185","6"
"route_3d6cda080f9c5a928ffb2279","occ_57884c63524c6305484b039c","1"
"route_3d6cda080f9c5a928ffb2279","occ_63536ca696a7bc196606262a","10"
"route_3d6cda080f9c5a928ffb2279","occ_6b09559dbba55456fc2a486a","11"
"route_3d6cda080f9c5a928ffb2279","occ_0bfb3f2b219c520580e1efbc","12"
"route_3d6cda080f9c5a928ffb2279","occ_9a6b388a3299f871d8e66344","2"
"route_3d6cda080f9c5a928ffb2279","occ_87da599201ba47c9e38526e2","3"
"route_3d6cda080f9c5a928ffb2279","occ_c6a0c646702929416a5b04b7","4"
"route_3d6cda080f9c5a928ffb2279","occ_dc31630678c983bfd9775e4b","5"
"route_3d6cda080f9c5a928ffb2279","occ_b15cdedb9d2e3c632dd9b291","6"
"route_3d6cda080f9c5a928ffb2279","occ_bddac003ac33629c71237314","7"
"route_3d6cda080f9c5a928ffb2279","occ_a2145151334b1128b54fddc6","8"
"route_3d6cda080f9c5a928ffb2279","occ_f2b351a5d6e5f58cbaf4e13f","9"
"route_3d9ea96f4c6a403ae1e457e1","occ_dc2039558d1cffdb3b0f45d8","1"
"route_3d9ea96f4c6a403ae1e457e1","occ_ae724091ebc101ce6591f5d8","10"
"route_3d9ea96f4c6a403ae1e457e1","occ_f186f5dfbd1f83a4180ad4d6","11"
"route_3d9ea96f4c6a403ae1e457e1","occ_654a3acb32dd5d8ebf579e7f","12"
"route_3d9ea96f4c6a403ae1e457e1","occ_0b9f42e297a6ea66ca2941a8","13"
"route_3d9ea96f4c6a403ae1e457e1","occ_85005ae3c5eb520d378ce4cd","14"
"route_3d9ea96f4c6a403ae1e457e1","occ_400d37414e73cff9f7a1e491","15"
"route_3d9ea96f4c6a403ae1e457e1","occ_0c6b6a3bb70a538bceb8243e","16"
"route_3d9ea96f4c6a403ae1e457e1","occ_a0c25463b7008cdbe2eaafb8","17"
"route_3d9ea96f4c6a403ae1e457e1","occ_4276591ca016e1b0b04fd7ad","18"
"route_3d9ea96f4c6a403ae1e457e1","occ_421c35171119c0cf3ce61c55","19"
"route_3d9ea96f4c6a403ae1e457e1","occ_dade00e36c5264e2fce465f1","2"
"route_3d9ea96f4c6a403ae1e457e1","occ_2b761842abfa48fd76674fe7","20"
"route_3d9ea96f4c6a403ae1e457e1","occ_a755e0452a78ae4c4d6edb0e","21"
"route_3d9ea96f4c6a403ae1e457e1","occ_cd683dd7c830867c4ea30648","22"
"route_3d9ea96f4c6a403ae1e457e1","occ_a247c60fa5406c32bd959e63","23"
"route_3d9ea96f4c6a403ae1e457e1","occ_f44fee4fdc119e0a2af2478d","24"
"route_3d9ea96f4c6a403ae1e457e1","occ_3544a86c7f84ae0158244dd6","25"
"route_3d9ea96f4c6a403ae1e457e1","occ_e8708fc4deefc0f5134926e1","26"
"route_3d9ea96f4c6a403ae1e457e1","occ_3f4b3e80effa485889270c4e","27"
"route_3d9ea96f4c6a403ae1e457e1","occ_2b8284470b64cba67ac7ec64","28"
"route_3d9ea96f4c6a403ae1e457e1","occ_98251130a8157427500eb77c","3"
"route_3d9ea96f4c6a403ae1e457e1","occ_bfa72b750b300beec23dc676","4"
"route_3d9ea96f4c6a403ae1e457e1","occ_325be59e3bd1ff9ecea18456","5"
"route_3d9ea96f4c6a403ae1e457e1","occ_c5942418daacacd0269b5b2b","6"
"route_3d9ea96f4c6a403ae1e457e1","occ_411d16954c476a614d275c9b","7"
"route_3d9ea96f4c6a403ae1e457e1","occ_00f90c6a0ca559fbd573191d","8"
"route_3d9ea96f4c6a403ae1e457e1","occ_a8ee28e071ab48bb9c60a4b0","9"
"route_3db55a1579d2ed93eaaf87f4","occ_e532bff1c2cb92475761e555","1"
"route_3db55a1579d2ed93eaaf87f4","occ_ad818364714cb6368cc57bd1","2"
"route_3db55a1579d2ed93eaaf87f4","occ_69adfeb4b92ec588b57219e6","3"
"route_3db55a1579d2ed93eaaf87f4","occ_8fe7a1037af84f3f9f97efb1","4"
"route_3db55a1579d2ed93eaaf87f4","occ_b801d98680832c159a79625b","5"
"route_3dd27e79f51303807068c810","occ_580c7bd6ae1336094afcb7b9","1"
"route_3dd27e79f51303807068c810","occ_116fe22d677001fd81fb0c98","2"
"route_3dd27e79f51303807068c810","occ_38f8944fc1623c62e3d91d1d","3"
"route_3dd27e79f51303807068c810","occ_86cdb165dd4bf671bf822eaa","4"
"route_3dd27e79f51303807068c810","occ_68003e6e31c5186a76b1933c","5"
"route_3dd27e79f51303807068c810","occ_9fa910ffa6b54901bd5d8391","6"
"route_3e24bfebaedd8dbb7ea48e7f","occ_6afb8c0cdb268e17c111569d","1"
"route_3e397b67e9d4250749a3235f","occ_777426b2f757eec4ed3a5d62","1"
"route_3e397b67e9d4250749a3235f","occ_c233c572699dd8b46cc4db29","10"
"route_3e397b67e9d4250749a3235f","occ_fcefd73efaa0eb03e8a84f44","11"
"route_3e397b67e9d4250749a3235f","occ_3cc1f9bc4938bdd9d4cf87f3","12"
"route_3e397b67e9d4250749a3235f","occ_938148e705261d1376be8c13","2"
"route_3e397b67e9d4250749a3235f","occ_fd15fa84dea4bbc0ae2cc741","3"
"route_3e397b67e9d4250749a3235f","occ_b2e7a50b57437f416ded493d","4"
"route_3e397b67e9d4250749a3235f","occ_223097b203f63f0d19b81dfa","5"
"route_3e397b67e9d4250749a3235f","occ_f760fdaa71b79a3dd1d6aae8","6"
"route_3e397b67e9d4250749a3235f","occ_8f4cc885e9cb079e78759162","7"
"route_3e397b67e9d4250749a3235f","occ_7bc3da263fa11dcdb4fb62a2","8"
"route_3e397b67e9d4250749a3235f","occ_556c0b0dd080f0b579f3261d","9"
"route_3e43604f765bc6c3a8ba11e5","occ_2d00dc80685b940749173836","1"
"route_3e7c10d1ac83597136335e48","occ_2caad4dcb97965c2f68a86e5","1"
"route_3e9143cf8a87df9063a09d25","occ_ad5136b8455caf44954f37db","1"
"route_3edfc63949b1676bb65caf45","occ_790f47b9ce5ca7646ee2c080","1"
"route_3f0091d42e8371f15b444643","occ_b4a1c89af2c6e878130de3e3","1"
"route_3f19cf856c170dfc022bda7f","occ_de0bad55d3c06d1918a8b11c","1"
"route_3f248271b4ddadf798b6f162","occ_56c04cf8049557235a594f74","1"
"route_3f4e76c8177a860bd0332707","occ_d015598e584b4d45294f8dcc","1"
"route_3fa55bf370db498b46137a77","occ_d4c2ba3c1f6b6fc756a69986","1"
"route_3fa55bf370db498b46137a77","occ_12cc5eaf35fb1727c9abdbfc","10"
"route_3fa55bf370db498b46137a77","occ_2e15883584cc0523d0fd11c7","11"
"route_3fa55bf370db498b46137a77","occ_76983445fbf5fab939901f33","12"
"route_3fa55bf370db498b46137a77","occ_3fbf29f0debe7bf221c2ab21","2"
"route_3fa55bf370db498b46137a77","occ_9ed61c47abe7a6782a9e4f83","3"
"route_3fa55bf370db498b46137a77","occ_c4a6ce07b568d937c9582b71","4"
"route_3fa55bf370db498b46137a77","occ_38c354ba1f34c50ba93d1167","5"
"route_3fa55bf370db498b46137a77","occ_cc4e2a911f5f26b95bc50f58","6"
"route_3fa55bf370db498b46137a77","occ_5e3686ac857b38117093b11e","7"
"route_3fa55bf370db498b46137a77","occ_07327b9e1dfe92b2e777d71f","8"
"route_3fa55bf370db498b46137a77","occ_ee2848fc7fe23dce4ae8521e","9"
"route_3fbe40e19dd18967be0875f0","occ_f5aa2254ae22b4ee46b8b1c3","1"
"route_401d3075711f455b916e437e","occ_40d2f34504a9c3dd61203bec","1"
"route_401d89e76b640d1b5f04813a","occ_5183d536d2aace34f8ce6e08","1"
"route_401d89e76b640d1b5f04813a","occ_a323ef5afa6749745e72146a","10"
"route_401d89e76b640d1b5f04813a","occ_a58f7acf84c528cf7546ebf0","11"
"route_401d89e76b640d1b5f04813a","occ_318d94ee37bfa4c899039658","12"
"route_401d89e76b640d1b5f04813a","occ_19b7705f9d71ffbed03a854f","13"
"route_401d89e76b640d1b5f04813a","occ_fdf9d669744304f4ff8173df","14"
"route_401d89e76b640d1b5f04813a","occ_93c41fbd2dd2b22394974aa8","15"
"route_401d89e76b640d1b5f04813a","occ_d1c0f657085328d6ee5a68ea","2"
"route_401d89e76b640d1b5f04813a","occ_14fba9b54ccbf19995cd1b32","3"
"route_401d89e76b640d1b5f04813a","occ_a6e4bb16ef6c9481757a0f57","4"
"route_401d89e76b640d1b5f04813a","occ_a687cc90b58aaf81cabbc1b5","5"
"route_401d89e76b640d1b5f04813a","occ_69ea5ac5fab10124b1d23d60","6"
"route_401d89e76b640d1b5f04813a","occ_6f4ca54b2bb3fea96334e198","7"
"route_401d89e76b640d1b5f04813a","occ_b7908cfefe5f1e15a488db8d","8"
"route_401d89e76b640d1b5f04813a","occ_fc4b3915e25d887e628e160b","9"
"route_403d8c1c0ec8877db8079776","occ_aad78e9f9e4d5cde3ca7af58","1"
"route_404b05ed0e7f0db051991796","occ_3d0cd625b0e1dc0125641b82","1"
"route_404b7d9d8eb038cda0c9343c","occ_c74ea7d31b4fa18a4cb7c3fb","1"
"route_404b7d9d8eb038cda0c9343c","occ_0a59fe4cabab70348bef3c8e","10"
"route_404b7d9d8eb038cda0c9343c","occ_4206e3e29ee1a4e7a2a3ba3d","11"
"route_404b7d9d8eb038cda0c9343c","occ_8ab07e69fc1821d550ff0214","12"
"route_404b7d9d8eb038cda0c9343c","occ_c277d9c4ff67e7e1351462b6","13"
"route_404b7d9d8eb038cda0c9343c","occ_b931fe301bc7dd2da01cceb2","14"
"route_404b7d9d8eb038cda0c9343c","occ_d1ca70b240c1520be46bbfc3","15"
"route_404b7d9d8eb038cda0c9343c","occ_cc9fdc30b48eed12994c868c","16"
"route_404b7d9d8eb038cda0c9343c","occ_8174d27b3bf4b663ee78785b","17"
"route_404b7d9d8eb038cda0c9343c","occ_ca46488edecddf20db87e5c9","18"
"route_404b7d9d8eb038cda0c9343c","occ_74f49292f047d9aedab71aad","19"
"route_404b7d9d8eb038cda0c9343c","occ_0ad0b48c4f7789bb9d5ccf8e","2"
"route_404b7d9d8eb038cda0c9343c","occ_0be66b3d6f9ef191fbe3f08c","20"
"route_404b7d9d8eb038cda0c9343c","occ_2a6c2167abfb691d8c977f02","21"
"route_404b7d9d8eb038cda0c9343c","occ_84dbb666449364d88c9e9632","22"
"route_404b7d9d8eb038cda0c9343c","occ_c13be393f1e764adf33027d4","23"
"route_404b7d9d8eb038cda0c9343c","occ_e09da2901499638b0c6561a9","24"
"route_404b7d9d8eb038cda0c9343c","occ_20fb364d2fb33cd795f4686b","3"
"route_404b7d9d8eb038cda0c9343c","occ_cf0a2fdb5112a50016e575e7","4"
"route_404b7d9d8eb038cda0c9343c","occ_61506acfebc783b54473c37b","5"
"route_404b7d9d8eb038cda0c9343c","occ_a985d42dd0c124fc7f533ea7","6"
"route_404b7d9d8eb038cda0c9343c","occ_cd5e075076ce7bf69ced2270","7"
"route_404b7d9d8eb038cda0c9343c","occ_843132c9123a7a1c72a1597c","8"
"route_404b7d9d8eb038cda0c9343c","occ_99a93455c126752fdb631795","9"
"route_40686f2857533ed36abc7d09","occ_fa68c68e23f16b2a90cee708","1"
"route_40686f2857533ed36abc7d09","occ_8cb9f8ef86ab360ef9b321fb","10"
"route_40686f2857533ed36abc7d09","occ_4d16d2b0bb9cf2a74616282e","11"
"route_40686f2857533ed36abc7d09","occ_517350a901cce759367898da","12"
"route_40686f2857533ed36abc7d09","occ_5af66b3e342e077aaf385c0c","2"
"route_40686f2857533ed36abc7d09","occ_73d433ac030ca9c8216cd7d6","3"
"route_40686f2857533ed36abc7d09","occ_99dbfe3d35765be8368273eb","4"
"route_40686f2857533ed36abc7d09","occ_382eb6d59adfbdcd80bc5490","5"
"route_40686f2857533ed36abc7d09","occ_ba1c1f29c961f726ea56ba5f","6"
"route_40686f2857533ed36abc7d09","occ_1b7ab9faf39382e325a42c86","7"
"route_40686f2857533ed36abc7d09","occ_f9b71f7f28bd8f882278336a","8"
"route_40686f2857533ed36abc7d09","occ_635b030116c5632bd3121496","9"
"route_408b447289037daccbdeea8d","occ_e28db890f25fc67b481d6efc","1"
"route_40a8380de74ba4e6a8b4fdbc","occ_866aa8b07727db512aa288c2","1"
"route_40a8380de74ba4e6a8b4fdbc","occ_ce812165b9f4fe23037c5c67","2"
"route_40aab94b942165b7d6842a7e","occ_3c1cb4d7c98b687483af9cbb","1"
"route_40d6cf0c09f6a6b658af7795","occ_4c9a84c69f27bdd40c456cf2","1"
"route_40d6cf0c09f6a6b658af7795","occ_56e42d2bbc31f0e9ef68e413","10"
"route_40d6cf0c09f6a6b658af7795","occ_dc93528fc6ae5a4b7b272f4d","11"
"route_40d6cf0c09f6a6b658af7795","occ_8b886cab22b8cf778d5d7834","12"
"route_40d6cf0c09f6a6b658af7795","occ_0320219efc616a032bfaddf5","13"
"route_40d6cf0c09f6a6b658af7795","occ_fe587426205561a5195a3bf6","14"
"route_40d6cf0c09f6a6b658af7795","occ_d16b445c0fd99f82e226d513","15"
"route_40d6cf0c09f6a6b658af7795","occ_7bb6775e558424638838a748","16"
"route_40d6cf0c09f6a6b658af7795","occ_8ad480a1afba51a9660c38bd","17"
"route_40d6cf0c09f6a6b658af7795","occ_f3135ec4b4519997eaebc91f","18"
"route_40d6cf0c09f6a6b658af7795","occ_900159599a68f5b37db56912","19"
"route_40d6cf0c09f6a6b658af7795","occ_e46ce0392ad8fd0f23aceba4","2"
"route_40d6cf0c09f6a6b658af7795","occ_9f6e312ab8ef3297c996d2fa","3"
"route_40d6cf0c09f6a6b658af7795","occ_6f974b2bf1ca079bda6b4e78","4"
"route_40d6cf0c09f6a6b658af7795","occ_17afe779452d11cc8dbb4588","5"
"route_40d6cf0c09f6a6b658af7795","occ_0af2d0932e79e74e698a2d63","6"
"route_40d6cf0c09f6a6b658af7795","occ_43955b308601814a17c1b86b","7"
"route_40d6cf0c09f6a6b658af7795","occ_82a934ad03072583c08e301a","8"
"route_40d6cf0c09f6a6b658af7795","occ_37d5a64ec9a35af5678d28ee","9"
"route_40f21ba510fa6cb63acbb7f6","occ_4a8a2d01ba7008f850a774ea","1"
"route_410fdfaa99ca092f3521c922","occ_9544fc0f46f2821ccf97d210","1"
"route_41291e18018d6d76377aad5e","occ_c66283626a253476c398ef10","1"
"route_4162780e792a59a0769160eb","occ_2b8b0a82fefb33a86ae7e484","1"
"route_419e8615755141870689e0ac","occ_041a8aa425c96a4d40fad321","1"
"route_419e8615755141870689e0ac","occ_0038e3b89ac6e1a05c9eec4a","10"
"route_419e8615755141870689e0ac","occ_145d8b581131ee4ba5f46fc3","11"
"route_419e8615755141870689e0ac","occ_71c75bf27cdf5da785a8d2f0","12"
"route_419e8615755141870689e0ac","occ_107400356ea7a5b957e93c89","13"
"route_419e8615755141870689e0ac","occ_24df06c39bedba2f7d668598","14"
"route_419e8615755141870689e0ac","occ_a1e1d42fd618baf28657db80","15"
"route_419e8615755141870689e0ac","occ_036635c9a8552ff0fc468bf8","16"
"route_419e8615755141870689e0ac","occ_cdb3a2a4300ca8a26d7f4b35","17"
"route_419e8615755141870689e0ac","occ_a3526a50d87592407dcccf07","18"
"route_419e8615755141870689e0ac","occ_9af09814fbadd2fdc6c42c29","19"
"route_419e8615755141870689e0ac","occ_09a1a930efe8bbcd3a090ae6","2"
"route_419e8615755141870689e0ac","occ_87ef96bae9fda9da53f68a45","20"
"route_419e8615755141870689e0ac","occ_3528a13aa7d0bd852c4aec13","21"
"route_419e8615755141870689e0ac","occ_c3ba87ca50e778c044946738","22"
"route_419e8615755141870689e0ac","occ_87b6ea7edaf5b003cada16d7","23"
"route_419e8615755141870689e0ac","occ_4f3db7873c89ca2f06e27949","24"
"route_419e8615755141870689e0ac","occ_d504b160913d8f0d3d701b49","25"
"route_419e8615755141870689e0ac","occ_ec86c7e906612932f8218b62","3"
"route_419e8615755141870689e0ac","occ_1970f742de4e586d40b0ee3d","4"
"route_419e8615755141870689e0ac","occ_4d11fec2b8fb335fc4693171","5"
"route_419e8615755141870689e0ac","occ_79ab2b8d1c19adcc80c4ac73","6"
"route_419e8615755141870689e0ac","occ_1209ee03f604086afabb4c75","7"
"route_419e8615755141870689e0ac","occ_39eac4026e20b6fa9a977fb9","8"
"route_419e8615755141870689e0ac","occ_8cbf1b964cd64c12a445af35","9"
"route_41ba804cb1d8e335ba84f0b4","occ_5e7766244b206bf921dbb7ef","1"
"route_41cec277232b1eb49de8ce5c","occ_b94ba75dfe3d200001384633","1"
"route_41f331d3247b46508dd0870f","occ_de5de6085f65a7770857c070","1"
"route_41f331d3247b46508dd0870f","occ_e9d6f66bd7d121bb10dc01db","2"
"route_41f331d3247b46508dd0870f","occ_b21bf209d0de756f02b23593","3"
"route_41f632875610fa3098bbdfa5","occ_95f70ddc081f845be4de962f","1"
"route_422397addf6565909d663aaa","occ_64792e41d689083b4fb0e876","1"
"route_42695924014c5666b701afb5","occ_7b0a8eb680752176daf73e57","1"
"route_42695924014c5666b701afb5","occ_fe02af356c238e5123393ddc","10"
"route_42695924014c5666b701afb5","occ_8fc28619b49191ff2232d726","11"
"route_42695924014c5666b701afb5","occ_e9fe570656958e89772c7e71","12"
"route_42695924014c5666b701afb5","occ_47a7f7a0cf2197d561412ebe","13"
"route_42695924014c5666b701afb5","occ_b796dafe34dfda81dae7b498","2"
"route_42695924014c5666b701afb5","occ_2f8e1ec7b720c1c398fce3f8","3"
"route_42695924014c5666b701afb5","occ_cbb3ee123c9b28ca0368c603","4"
"route_42695924014c5666b701afb5","occ_9ec8530c537ccd94727942b8","5"
"route_42695924014c5666b701afb5","occ_ed2a3d731eaf283fc57c5753","6"
"route_42695924014c5666b701afb5","occ_2b37f93b9ff36665120acaa5","7"
"route_42695924014c5666b701afb5","occ_eef8946bf27841f783767f25","8"
"route_42695924014c5666b701afb5","occ_03ef82c9ac1ba23bc4a598a0","9"
"route_426ff067b40f20822f32d663","occ_097feb801516d5ce6c93307e","1"
"route_42be114a9e598361a1c6382d","occ_a2c0169570eb00a06074fe7d","1"
"route_42be114a9e598361a1c6382d","occ_77241eecc30b9ddaf5ab49be","10"
"route_42be114a9e598361a1c6382d","occ_2dd3ff00f901191263ad113c","11"
"route_42be114a9e598361a1c6382d","occ_188b55c88620caec9a3d2d76","2"
"route_42be114a9e598361a1c6382d","occ_b8cf80aa15c100a0563f9d4e","3"
"route_42be114a9e598361a1c6382d","occ_514a6747107aabfcf10d0f37","4"
"route_42be114a9e598361a1c6382d","occ_759e8b0b8695a1d8f3307d4a","5"
"route_42be114a9e598361a1c6382d","occ_951656727c2b1bf9acf46773","6"
"route_42be114a9e598361a1c6382d","occ_2427fbdc7bab7e589ed4482e","7"
"route_42be114a9e598361a1c6382d","occ_b2ce8dbe18a550f37be0fb4d","8"
"route_42be114a9e598361a1c6382d","occ_1a9541dcc776501dd232d9db","9"
"route_42ce70b6b7ccc6c3849a0e0d","occ_55dfd2bdbc7da561e8d41132","1"
"route_42ce70b6b7ccc6c3849a0e0d","occ_88e93d104e3e25aba039a070","10"
"route_42ce70b6b7ccc6c3849a0e0d","occ_f8719b12d63cd1e5017e9c0f","11"
"route_42ce70b6b7ccc6c3849a0e0d","occ_5f97595a9852d6c3da177282","12"
"route_42ce70b6b7ccc6c3849a0e0d","occ_c129d51c06a6603a55d5b4e2","2"
"route_42ce70b6b7ccc6c3849a0e0d","occ_333ac7d20f97a08847da3979","3"
"route_42ce70b6b7ccc6c3849a0e0d","occ_5cb3990f2e60bb0f7b9eac63","4"
"route_42ce70b6b7ccc6c3849a0e0d","occ_b38c8011e642bf544c292856","5"
"route_42ce70b6b7ccc6c3849a0e0d","occ_f1b8c3ed5f0d63f37695bc39","6"
"route_42ce70b6b7ccc6c3849a0e0d","occ_bfb11965927964686f4034c4","7"
"route_42ce70b6b7ccc6c3849a0e0d","occ_b7f71be046cd3e5194bc53bd","8"
"route_42ce70b6b7ccc6c3849a0e0d","occ_65fcb3c4be00adc025c1dd6d","9"
"route_42d3e2a9304236023211d660","occ_6e868c331bbb49c27776c835","1"
"route_431615cd7ffae255ddfc0979","occ_25618c0fb3740cc978a0f81b","1"
"route_431807c74d71aa40eac8e263","occ_85651bcb1574356c1f3449ae","1"
"route_43262f84347693d8d8aa9a25","occ_8015fbb8180251387e78948c","1"
"route_43262f84347693d8d8aa9a25","occ_e6054055c722df80ef5d0fe2","10"
"route_43262f84347693d8d8aa9a25","occ_7bf50da6c6b4818c8d16bb9c","11"
"route_43262f84347693d8d8aa9a25","occ_e202c78cbde19da9e978a56c","12"
"route_43262f84347693d8d8aa9a25","occ_adacd10ccef1b8466b5e64b4","13"
"route_43262f84347693d8d8aa9a25","occ_3d776f67176d5359742e16a6","14"
"route_43262f84347693d8d8aa9a25","occ_0d39cd84a96f3eb4bed4aeea","2"
"route_43262f84347693d8d8aa9a25","occ_e6e6056dcea1878adeb4e5af","3"
"route_43262f84347693d8d8aa9a25","occ_f392f59e5a4abf4896bb7fd9","4"
"route_43262f84347693d8d8aa9a25","occ_a0eb77b0be65d4c5467e054a","5"
"route_43262f84347693d8d8aa9a25","occ_e19be756bd4a2fa338bdc2ec","6"
"route_43262f84347693d8d8aa9a25","occ_6ef04d5a8f26c399b20bdf5a","7"
"route_43262f84347693d8d8aa9a25","occ_4a083417c96d98ad98a9c9df","8"
"route_43262f84347693d8d8aa9a25","occ_31433f8f344c4fe269c1a63f","9"
"route_43472ca23a85c7cb1f54642f","occ_012b6563bba2fc586a737fe3","1"
"route_435fe2100856e35d5b3276ab","occ_59b434c3c5147dbac91274f0","1"
"route_43682d59e943be6d7a47da28","occ_d97e91e6b5ca6f345323f24f","1"
"route_43682d59e943be6d7a47da28","occ_79e5ccb632fb6c2dd81bc065","2"
"route_43766bf8f4f14a17e2444e3f","occ_d07b11778cb8af272029a4c7","1"
"route_43766bf8f4f14a17e2444e3f","occ_350368912c736f44a61733d6","2"
"route_43766bf8f4f14a17e2444e3f","occ_5efbefc2d581734b2f4664a1","3"
"route_43766bf8f4f14a17e2444e3f","occ_b6019b82e3030b446c789fa2","4"
"route_437758ef0d6eeb072f68ad1a","occ_f7676c57bbbfe605805aeeda","1"
"route_43a5286d19be9f1f8b73c71d","occ_fb1c9b6b91330d411f2f35ab","1"
"route_43ab48e8e12c42388586e901","occ_34585ad53c4ee7b1ef012f45","1"
"route_43ab48e8e12c42388586e901","occ_c155213b3a062cbc1c7d021a","10"
"route_43ab48e8e12c42388586e901","occ_800a372208891b54f3416228","11"
"route_43ab48e8e12c42388586e901","occ_f60bf747892acd6b3bf0c053","2"
"route_43ab48e8e12c42388586e901","occ_c651a2dea77978dcd1f6f346","3"
"route_43ab48e8e12c42388586e901","occ_f016a66ab66e2bfc0c80c153","4"
"route_43ab48e8e12c42388586e901","occ_7909950a3924f3f7a299f67d","5"
"route_43ab48e8e12c42388586e901","occ_181fefe066e68f1644792845","6"
"route_43ab48e8e12c42388586e901","occ_9e76ad0da0684ec478d92c30","7"
"route_43ab48e8e12c42388586e901","occ_fa4e26c5314ef2134295fa30","8"
"route_43ab48e8e12c42388586e901","occ_3f5579ad6859660260ff39ba","9"
"route_44062d713eaad1e5ab17b2a9","occ_db9d0dd77c24d7b8dd41d763","1"
"route_440f5f07d6414e36e9222cde","occ_a7dac36df35da8cd82d970d3","1"
"route_441c224d9c9bbf515dcfdf1e","occ_0f42570c96155120ceedbd2a","1"
"route_442c9ee3907907596ec6cd88","occ_c9607d57235266e9bb5cbcf2","1"
"route_44618966362404e367b2641d","occ_78bec09f39ba5560f37ea8de","1"
"route_4478419a67fc0f81c432abbd","occ_7181d2d567af958227e91b36","1"
"route_448dd5440963737e8aa5f246","occ_d4c888eda37b6399d6f09279","1"
"route_44b64fe4c79e46259d548d28","occ_f6659abbfc144f530a6eb49b","1"
"route_44b75a09e7f9f8f7e019ca85","occ_ee3caf3027d297feb671bb3a","1"
"route_44bd2410cd9d4d735d0be4c5","occ_148572366a978659adc4ce41","1"
"route_44bd2410cd9d4d735d0be4c5","occ_fb893bf377de3dae630a8894","10"
"route_44bd2410cd9d4d735d0be4c5","occ_9ed161849e8d8a6b61c142e1","11"
"route_44bd2410cd9d4d735d0be4c5","occ_ca35336a3d682799320c498e","2"
"route_44bd2410cd9d4d735d0be4c5","occ_86e680f364be73556c710e7e","3"
"route_44bd2410cd9d4d735d0be4c5","occ_4d2e8532e1e77c781145486d","4"
"route_44bd2410cd9d4d735d0be4c5","occ_8bab310adf6ca41558d8e361","5"
"route_44bd2410cd9d4d735d0be4c5","occ_22833f80540dd1421a4255fb","6"
"route_44bd2410cd9d4d735d0be4c5","occ_3fc5d11d5cba08a2685c7302","7"
"route_44bd2410cd9d4d735d0be4c5","occ_70ed5475b6c27855a78d4812","8"
"route_44bd2410cd9d4d735d0be4c5","occ_813dc5970d7c124d9804055c","9"
"route_44f1db6711a2d80242864d98","occ_652e7791a8cec3cbacb26bf5","1"
"route_44f1db6711a2d80242864d98","occ_676cce93e926e07baa08155b","10"
"route_44f1db6711a2d80242864d98","occ_c372079f11e43b2c24d42e60","11"
"route_44f1db6711a2d80242864d98","occ_90a29f9aebbb54ddb4a3e50b","12"
"route_44f1db6711a2d80242864d98","occ_fa2d20f8ea93fe16964ed19d","2"
"route_44f1db6711a2d80242864d98","occ_36c02c30b130ce4cf05c3c06","3"
"route_44f1db6711a2d80242864d98","occ_271d75541d06b71fa1300b2a","4"
"route_44f1db6711a2d80242864d98","occ_cbb976b115bb1eafaf457ef6","5"
"route_44f1db6711a2d80242864d98","occ_a209ea360768ef26e7fd209a","6"
"route_44f1db6711a2d80242864d98","occ_d9609603aff06c89696d78bb","7"
"route_44f1db6711a2d80242864d98","occ_8d42bb7702d853665dabe34d","8"
"route_44f1db6711a2d80242864d98","occ_4c13d8d0cc4e4637c6409778","9"
"route_44fab18b9f4b45d4b0be737b","occ_f3f92317e9a246581736f250","1"
"route_4541bb552520705e2f1ada20","occ_5389a1139aae5259e7d4c839","1"
"route_4541bb552520705e2f1ada20","occ_b7bb20f17bc2c2b093d0f70d","2"
"route_457e31a6f65552c2cd465c8b","occ_63b0cb7f43cac5d59d3a33b2","1"
"route_457e31a6f65552c2cd465c8b","occ_6c1fe6a01878ee486e5fb6e5","10"
"route_457e31a6f65552c2cd465c8b","occ_0ec9ceae68111997c3360bab","11"
"route_457e31a6f65552c2cd465c8b","occ_8e92b0315942497812513b1c","12"
"route_457e31a6f65552c2cd465c8b","occ_b4bd7b68753d0e00ac84bfa0","2"
"route_457e31a6f65552c2cd465c8b","occ_b6a81ce0f937e7bbfaf885e9","3"
"route_457e31a6f65552c2cd465c8b","occ_9668b8ea3a254f2a1751b934","4"
"route_457e31a6f65552c2cd465c8b","occ_0ea6765b262ab98cd62bfb39","5"
"route_457e31a6f65552c2cd465c8b","occ_4e0229d0d861703edf890b2a","6"
"route_457e31a6f65552c2cd465c8b","occ_8abec809014876220a9fb0d0","7"
"route_457e31a6f65552c2cd465c8b","occ_9b652224178ae7e72f0fff6b","8"
"route_457e31a6f65552c2cd465c8b","occ_508d01dc3c42912ed874eaef","9"
"route_45dbb2110725f334dfe93080","occ_b060ab08d91a631d3971f97d","1"
"route_45dfc226687fe35535c5880d","occ_c234902d958ed4c74a83352a","1"
"route_461b959821bd4b9ae2557993","occ_866b14809e8e180cc0cc5ee4","1"
"route_463ab61962c42445ef0c09f4","occ_16f5452b1b08b089f863d6b6","1"
"route_46939c325b924070df9295cb","occ_5506a68d15b71a40c2206a1a","1"
"route_46952c6f1287bf39937940bb","occ_74e509262eab41cd14b569de","1"
"route_46aca8650d28c6ed575cef1e","occ_e43e32744a93b9c18abf1da4","1"
"route_46c5ae4c25fd53b4a2e9d650","occ_d3a70758e53e996d85a747ff","1"
"route_4723a3569da41a6d8813e150","occ_a14c22260188bda229747d18","1"
"route_4728dde6405a36afe00b6885","occ_4ec305f251eee3f55c7515d1","1"
"route_47318944abfa370e099d2e53","occ_111d7b67d8c909e28f63cd2d","1"
"route_4748f47352efafdf0b22d223","occ_26881f80748a6d79fdac4264","1"
"route_4767a126c69e5228d7ee2f15","occ_47896d55a823608d2ba65d0f","1"
"route_4787313256fb9d89d325561e","occ_19f6ce248e6ebe91add98be6","1"
"route_47a7fe450fd234e0f7cf6a9c","occ_7e151fb23abbc5419dd39dd0","1"
"route_47a7fe450fd234e0f7cf6a9c","occ_25975d2b82232afcc3681abd","2"
"route_47a7fe450fd234e0f7cf6a9c","occ_44175d50f6fbe66b70aee393","3"
"route_47a7fe450fd234e0f7cf6a9c","occ_577e8bbda54501f3a9ad3421","4"
"route_47a7fe450fd234e0f7cf6a9c","occ_218b6df12e8aded0c1db4dc0","5"
"route_47ab264bf86411bec6f4cce4","occ_dbb17792fd4c2288d5e8efae","1"
"route_47b4a1132cfb5bb5bf666767","occ_79a62d6b353231d413cd9097","1"
"route_47e627c905735fe0ad16dde6","occ_26e04a9db0539322cb61779d","1"
"route_47f263c7162252330e2aae19","occ_966fc8f409626dd87f32ff3f","1"
"route_47f263c7162252330e2aae19","occ_1a8392ef604f42314c254dd2","2"
"route_47f263c7162252330e2aae19","occ_2948f1cbb4feaca74638fc60","3"
"route_47f263c7162252330e2aae19","occ_f3cca913d63a9dc5f7da05f7","4"
"route_47f263c7162252330e2aae19","occ_9481ea1474751301cec8996b","5"
"route_48779c7fcbf3d37a4d298281","occ_eb05e3b6e4e31c8f5d79085d","1"
"route_48779c7fcbf3d37a4d298281","occ_6505e1362b1b6394ef615cc0","2"
"route_48c78206496b5323e0afaae7","occ_989439a2fbcb1151440e3acd","1"
"route_48c78206496b5323e0afaae7","occ_5f29bc096554265bed22cdf0","10"
"route_48c78206496b5323e0afaae7","occ_3c547deaa293b50d586329bf","11"
"route_48c78206496b5323e0afaae7","occ_9e2af4a350e70870e8353abe","12"
"route_48c78206496b5323e0afaae7","occ_bf51a714c13422a5b5ab577e","2"
"route_48c78206496b5323e0afaae7","occ_01b07d0b0cc8d236519ae745","3"
"route_48c78206496b5323e0afaae7","occ_f6f6cd0f999b6d28e230e719","4"
"route_48c78206496b5323e0afaae7","occ_2d7ac1fa8481334eb29cf0e5","5"
"route_48c78206496b5323e0afaae7","occ_9bf50d80675270ce23b3da75","6"
"route_48c78206496b5323e0afaae7","occ_cf38e67f2cce0a0bf7801749","7"
"route_48c78206496b5323e0afaae7","occ_887ab12e67b672954f9b455f","8"
"route_48c78206496b5323e0afaae7","occ_9308bd638011e2d535a9ed0e","9"
"route_48fdaf1a805ee9c31c39c1f3","occ_2a8da6ea7d1ac751ea25bcbe","1"
"route_4900b15c8a6fed2b309f3efe","occ_716c3726db531d199e6821c6","1"
"route_4900b15c8a6fed2b309f3efe","occ_0cc4b02f89cbffab04076899","2"
"route_4900b15c8a6fed2b309f3efe","occ_48c8dd77e8d1fb1347f3fc19","3"
"route_4900b15c8a6fed2b309f3efe","occ_a9722df5362a344c58a70402","4"
"route_4902a9a573c2f0035a06f4a2","occ_744d68d173a633906300907e","1"
"route_4902a9a573c2f0035a06f4a2","occ_3ca93e0ab05bc4082812e73a","10"
"route_4902a9a573c2f0035a06f4a2","occ_47855bd0985112aecc55c9b0","2"
"route_4902a9a573c2f0035a06f4a2","occ_cbd23617e27aad2f621ff25a","3"
"route_4902a9a573c2f0035a06f4a2","occ_c1c15251aa6557bed351701e","4"
"route_4902a9a573c2f0035a06f4a2","occ_c73cfff56be9be3ee33c0b04","5"
"route_4902a9a573c2f0035a06f4a2","occ_deb7d7e4edce32467423abdb","6"
"route_4902a9a573c2f0035a06f4a2","occ_9744ee6bc2ce4fc243f30825","7"
"route_4902a9a573c2f0035a06f4a2","occ_8a8a078b9b0789659bca7beb","8"
"route_4902a9a573c2f0035a06f4a2","occ_a0fc6d62ef06c9bad459b758","9"
"route_4931ed4e3caa4f624e7a4ec3","occ_22ebc6afb2217b86e0710078","1"
"route_4932d374cf7a327be70928ec","occ_0191f7035493e485e35617e8","1"
"route_4932d374cf7a327be70928ec","occ_dd51631eda2b45a76719a84b","2"
"route_4932d374cf7a327be70928ec","occ_f79c720bd67df31b416ba8d2","3"
"route_4932d374cf7a327be70928ec","occ_973ee0606c0ae1f60a5dec43","4"
"route_4932d374cf7a327be70928ec","occ_0c23fe16afb71c2184601d1b","5"
"route_4946f10639ab116ed5fb33f6","occ_39117a7d679ab1b36e109859","1"
"route_4967e2aff1da5cfebab5d930","occ_eccf0a8f301d7a698c8b3ae0","1"
"route_4979326814650e05dad0764d","occ_160e83b871797419ee08dfb9","1"
"route_498c62be2e013aad295464ec","occ_4adafb9504d62149b4089b4e","1"
"route_49e8f7359a16532bbd166efa","occ_aa6df6e2946c9c9f7ba3d41e","1"
"route_49eaefac51866769dec7dca7","occ_d6ff9ed908049afe8ac54be8","1"
"route_4a02e3c7975106719d292654","occ_024e4803eadb5b4eafad1383","1"
"route_4aea5407fee55961fd6df907","occ_162e871d3296467c87673f7a","1"
"route_4aea5407fee55961fd6df907","occ_22dcbed90358dd49bd9bf4c6","2"
"route_4aea5407fee55961fd6df907","occ_6241be22228a4652c2cadbba","3"
"route_4aea5407fee55961fd6df907","occ_9cd6e36d1863a2f5a583fa65","4"
"route_4aea5407fee55961fd6df907","occ_6a088be245a20bc8212392c3","5"
"route_4aea5407fee55961fd6df907","occ_b86af985bde46891a2def5d6","6"
"route_4b08f38f7f5ce678fab40ad6","occ_fbc21de4fca9ab3687dc3e92","1"
"route_4b08f38f7f5ce678fab40ad6","occ_a0ac4cfe46015e8ee837b9b4","2"
"route_4b08f38f7f5ce678fab40ad6","occ_5902e437ed5b5dd82aae604c","3"
"route_4b08f38f7f5ce678fab40ad6","occ_bfebb0fdb2e8d6720996f8b3","4"
"route_4b08f38f7f5ce678fab40ad6","occ_c5af62e30f3452e36ce29505","5"
"route_4b08f38f7f5ce678fab40ad6","occ_dc8e37b331e3ff50042a232c","6"
"route_4b475ebe92e7938914e338df","occ_7f99934f0644cc2f53fe105f","1"
"route_4b475ebe92e7938914e338df","occ_c6cace588020835e3e1a589d","10"
"route_4b475ebe92e7938914e338df","occ_baf9439a4fd426e4ef417713","11"
"route_4b475ebe92e7938914e338df","occ_2dc65bb6592d8296cb4a2bc3","12"
"route_4b475ebe92e7938914e338df","occ_eca1a61672e1d619de1c50d0","13"
"route_4b475ebe92e7938914e338df","occ_1be7be25b981b765b030c200","2"
"route_4b475ebe92e7938914e338df","occ_833e1fe770bb734cec6950a9","3"
"route_4b475ebe92e7938914e338df","occ_b6f6fd73fe05ebf9ddb4f98f","4"
"route_4b475ebe92e7938914e338df","occ_0972c78d790acae02f17814c","5"
"route_4b475ebe92e7938914e338df","occ_e8afb12d6c1fcdceb4220800","6"
"route_4b475ebe92e7938914e338df","occ_4c9d18df787461306f47c01a","7"
"route_4b475ebe92e7938914e338df","occ_485a68195fe9d7d9ce135d28","8"
"route_4b475ebe92e7938914e338df","occ_5b1ffed48785354fe6c8ad83","9"
"route_4b4915301fc1ac85fd2a7e60","occ_41d23ed061186ad4e19b3846","1"
"route_4b6e2d4e15dd23dbe8284af6","occ_1a59da947ff25e2d0c2cadfa","1"
"route_4b6e2d4e15dd23dbe8284af6","occ_f6254a01d7674b6fa320ecc0","10"
"route_4b6e2d4e15dd23dbe8284af6","occ_6a461e25f6dabf670c252eb5","11"
"route_4b6e2d4e15dd23dbe8284af6","occ_74f8192774f46d146d4a3145","12"
"route_4b6e2d4e15dd23dbe8284af6","occ_89ccae1e82446d3a73014592","13"
"route_4b6e2d4e15dd23dbe8284af6","occ_1ce87884b1ad5c207a6392e7","14"
"route_4b6e2d4e15dd23dbe8284af6","occ_01cf5764ad5b75359e1a40c1","15"
"route_4b6e2d4e15dd23dbe8284af6","occ_017310026fff523174d34fc6","16"
"route_4b6e2d4e15dd23dbe8284af6","occ_01451c80e065389c67750a90","17"
"route_4b6e2d4e15dd23dbe8284af6","occ_f00b1452c94527d90f6cd3ed","18"
"route_4b6e2d4e15dd23dbe8284af6","occ_8aeff39bf7cddc657644e5d9","19"
"route_4b6e2d4e15dd23dbe8284af6","occ_ecdcfcbb08ec8601bed34e5b","2"
"route_4b6e2d4e15dd23dbe8284af6","occ_39af515e1da7c9578f36519a","20"
"route_4b6e2d4e15dd23dbe8284af6","occ_8a413a9a115857e7984610fd","21"
"route_4b6e2d4e15dd23dbe8284af6","occ_ae31a3d3cbb90903770d0b6d","22"
"route_4b6e2d4e15dd23dbe8284af6","occ_cdd488aa0de54b7a75e6a85a","23"
"route_4b6e2d4e15dd23dbe8284af6","occ_3e433e771571f0478dda41c7","24"
"route_4b6e2d4e15dd23dbe8284af6","occ_c18a4eb10d1f34d55d077668","25"
"route_4b6e2d4e15dd23dbe8284af6","occ_e1d8b77f9bf7f7a19f87eaf1","26"
"route_4b6e2d4e15dd23dbe8284af6","occ_ca2d8a355ae5918426a0f435","27"
"route_4b6e2d4e15dd23dbe8284af6","occ_69f6ad854340388264620a28","3"
"route_4b6e2d4e15dd23dbe8284af6","occ_9e352cc870c25373269255bd","4"
"route_4b6e2d4e15dd23dbe8284af6","occ_efaf60f29f1969b6e9a571ba","5"
"route_4b6e2d4e15dd23dbe8284af6","occ_3dab1965a4417243d52acfbb","6"
"route_4b6e2d4e15dd23dbe8284af6","occ_ea22826b92983dc0b2eedd64","7"
"route_4b6e2d4e15dd23dbe8284af6","occ_0ca8b739cba153267cf68297","8"
"route_4b6e2d4e15dd23dbe8284af6","occ_2db51bed979e8b1ae21c42b9","9"
"route_4b7153f429e50d911a13bb7a","occ_09b89ae19b99e9024ddb3ec8","1"
"route_4beb89d1f7d0cf0807518975","occ_ffdf5c9a1b1518c2c610bc0f","1"
"route_4c014017cf43db0a8e5af51e","occ_b7ae727fe14779d4961fd099","1"
"route_4c014017cf43db0a8e5af51e","occ_0a2b747c1246aa076570746f","2"
"route_4c014017cf43db0a8e5af51e","occ_a07d68ccd5f6decea578c562","3"
"route_4c014017cf43db0a8e5af51e","occ_cce5fae3c05825cb93f938d3","4"
"route_4c014017cf43db0a8e5af51e","occ_e5d87831450c31f001ffa02b","5"
"route_4c014017cf43db0a8e5af51e","occ_725b30c491858fb960e9f88f","6"
"route_4c25ddb5c50296cf45c9819a","occ_fb7556cca6b15d0d69e6c0f8","1"
"route_4c28d633052967cb9b327224","occ_b25a153b78b74747eff7a4a5","1"
"route_4c4d8623c161aa1bb2e16b84","occ_ab972b2eea3dd01919c6efa5","1"
"route_4c57f198a48f95b39281b8f6","occ_43685ea8378d68edd18051dc","1"
"route_4c57f198a48f95b39281b8f6","occ_7161e617c6b23a271581b4de","2"
"route_4c57f198a48f95b39281b8f6","occ_138bf978eb40828bb2ce06eb","3"
"route_4c57f198a48f95b39281b8f6","occ_1a07126fe51dce04f284340c","4"
"route_4ca2591fc2caf9d61b7c7ceb","occ_f4b889bca545cee9ed4fb0c2","1"
"route_4ca2591fc2caf9d61b7c7ceb","occ_58083d8ee8316a7e4801b133","2"
"route_4ca2591fc2caf9d61b7c7ceb","occ_87b435a0e5e7ddceefa0e3ea","3"
"route_4cb2d16f8655f6ac6891d073","occ_6e5a258eb7007f83e083dc30","1"
"route_4cd0a1c8f83c352b86ccef2b","occ_2216f6515ea24ce2690f3ffc","1"
"route_4cebc4acb2fa21d0934a00cb","occ_23abc3231f44a854e6d04d47","1"
"route_4cebc4acb2fa21d0934a00cb","occ_53ca0761c05812650aebc924","10"
"route_4cebc4acb2fa21d0934a00cb","occ_f9c581153487946366b49c22","11"
"route_4cebc4acb2fa21d0934a00cb","occ_aa13a0b51c69b7067d172b8a","12"
"route_4cebc4acb2fa21d0934a00cb","occ_5fda6572ab7376116a811da9","13"
"route_4cebc4acb2fa21d0934a00cb","occ_9174d416653fdb7bf98bbcef","2"
"route_4cebc4acb2fa21d0934a00cb","occ_763e66e742c8ad513a889922","3"
"route_4cebc4acb2fa21d0934a00cb","occ_41cae74954d71b8826361791","4"
"route_4cebc4acb2fa21d0934a00cb","occ_855d878d6792b5e521a899bc","5"
"route_4cebc4acb2fa21d0934a00cb","occ_9b71e80e71bdd8dc9b85ccae","6"
"route_4cebc4acb2fa21d0934a00cb","occ_5bc1abac33cda894007e0349","7"
"route_4cebc4acb2fa21d0934a00cb","occ_891e4edc73e12ec8483d5e98","8"
"route_4cebc4acb2fa21d0934a00cb","occ_3981ec9d1986090334772a47","9"
"route_4d0945094bf9060d5a1823a6","occ_b6bf7ea7a76cf90f4b21bdcd","1"
"route_4d0945094bf9060d5a1823a6","occ_75806a4c05c61db21f255bd9","2"
"route_4d0945094bf9060d5a1823a6","occ_833b2deabdbe8beb2b36702f","3"
"route_4d15b424f59c88e4d61c51d4","occ_a350d129ce6e34431534cddb","1"
"route_4d1e1d34ff9e9b1d391cd432","occ_3f5648bef3fd18a579b6b736","1"
"route_4d4d45f4ca76e1e3a4b03c15","occ_0d1dba20cee2835febeca5ae","1"
"route_4d4d45f4ca76e1e3a4b03c15","occ_699487055a8e20fa55cb7e87","2"
"route_4d4d45f4ca76e1e3a4b03c15","occ_5a214c4081108483d7105029","3"
"route_4d4d45f4ca76e1e3a4b03c15","occ_cf550fedd1a12abc7a998d45","4"
"route_4d4d45f4ca76e1e3a4b03c15","occ_d0ee15b7770b9df4e472d1bc","5"
"route_4d65ef01919180077ebed533","occ_6e97eb2fbe9bb5c9f3110c8f","1"
"route_4d6f0134c2ea6bd543308d2a","occ_95140f2fad4298757c4fbdf1","1"
"route_4d6f0134c2ea6bd543308d2a","occ_518368387dd5e8d3a313bf2a","10"
"route_4d6f0134c2ea6bd543308d2a","occ_1bf0602930f18f8b5138d34d","11"
"route_4d6f0134c2ea6bd543308d2a","occ_d70c7c636fe15ec22471fe69","12"
"route_4d6f0134c2ea6bd543308d2a","occ_faf457bd191473dc44a34873","13"
"route_4d6f0134c2ea6bd543308d2a","occ_659a1ed386a9ccd4d6e948e9","2"
"route_4d6f0134c2ea6bd543308d2a","occ_dcd82db27e1614f2e6e36bf8","3"
"route_4d6f0134c2ea6bd543308d2a","occ_1e8957f82a08867a19bb07b7","4"
"route_4d6f0134c2ea6bd543308d2a","occ_86c733c2aff236bfd61e1c9e","5"
"route_4d6f0134c2ea6bd543308d2a","occ_4f9e5d9976e62e997044baa7","6"
"route_4d6f0134c2ea6bd543308d2a","occ_fbacfd9238c969b8762f3e96","7"
"route_4d6f0134c2ea6bd543308d2a","occ_36b03ce33f70a7515f6ce049","8"
"route_4d6f0134c2ea6bd543308d2a","occ_a557941c578f0a219d59b77d","9"
"route_4d772f7f094be83ecd4ee8a9","occ_57081f9852298f675a11bc1d","1"
"route_4d772f7f094be83ecd4ee8a9","occ_b496046364ff6b4231cb8296","10"
"route_4d772f7f094be83ecd4ee8a9","occ_7ddf3681a94779a981d90fa8","11"
"route_4d772f7f094be83ecd4ee8a9","occ_8c02bd6651a4e76e73766bb2","12"
"route_4d772f7f094be83ecd4ee8a9","occ_1224fa48397214d7c972531b","2"
"route_4d772f7f094be83ecd4ee8a9","occ_7413f5aa10d73c7de511e0f8","3"
"route_4d772f7f094be83ecd4ee8a9","occ_79d68a07a30ae318015bf864","4"
"route_4d772f7f094be83ecd4ee8a9","occ_3fa2f5b8d2b50463e761fe14","5"
"route_4d772f7f094be83ecd4ee8a9","occ_e529bf333bd230f0323c6e94","6"
"route_4d772f7f094be83ecd4ee8a9","occ_14f491ea7a881281f870d3d2","7"
"route_4d772f7f094be83ecd4ee8a9","occ_54db5a3d1e5e915f9146104b","8"
"route_4d772f7f094be83ecd4ee8a9","occ_2b73cc0783df67055289888f","9"
"route_4d864e02e8efaadbac018c21","occ_a2bde59ff3adebf867023686","1"
"route_4d9a9deb011f084d89d66d4d","occ_c125ddf499b4f0f4db5e8b61","1"
"route_4d9a9deb011f084d89d66d4d","occ_32b8b49248803939f9344806","10"
"route_4d9a9deb011f084d89d66d4d","occ_a2eb64843a834e9a52ad4fe7","2"
"route_4d9a9deb011f084d89d66d4d","occ_5b8ed5662cbc2b150c1a7dd6","3"
"route_4d9a9deb011f084d89d66d4d","occ_f6e3c5b2d9d92b3f56bca90a","4"
"route_4d9a9deb011f084d89d66d4d","occ_9e3417b529aeb6e713445ebf","5"
"route_4d9a9deb011f084d89d66d4d","occ_c27602c220790f70ea078bda","6"
"route_4d9a9deb011f084d89d66d4d","occ_0c2ef698e845512228eca462","7"
"route_4d9a9deb011f084d89d66d4d","occ_0b2ca28ca53cd69c89a6e885","8"
"route_4d9a9deb011f084d89d66d4d","occ_303c0367e5c9a1d7f18b59e9","9"
"route_4daeefd6e0a54525c21f1b27","occ_c80a58d59c6103e331ef1c2c","1"
"route_4dd43ba01d297fc61cd88374","occ_6e01a00a5690b6541661847c","1"
"route_4dd471124b681c55a1df1f6c","occ_1367605609487bd138b48ed6","1"
"route_4e05db51195a444b154fcb76","occ_d349436f1f5a963d5bba1c29","1"
"route_4e08f1db269f1b413ee784d9","occ_08b00dd3f8403591ae9e53bd","1"
"route_4e1988aee559f649c1f2949a","occ_0c0b15d341579b5fc0671a0d","1"
"route_4e462ea5e9c6ab59c8dfbb66","occ_507c2eda04651e81a0b55f38","1"
"route_4e481eb342c3a701d6fbb3e9","occ_39e8225e6858fa3875716dac","1"
"route_4e516d14003f1a8336a21059","occ_61d64e5a431374ae1f35d449","1"
"route_4e8fdb48384b4ff6a789b004","occ_5febfd1a95fa93826c4b293e","1"
"route_4ef6fbd97b0d20e02419e4fd","occ_b454a7804dd805dc90d81c55","1"
"route_4f0a78bdd94c5224804461a8","occ_751b7c8853e0885b69289c67","1"
"route_4f0a78bdd94c5224804461a8","occ_e45f1aaba5b9f640fc096f44","2"
"route_4f0a78bdd94c5224804461a8","occ_d8bba96e021e59251658bc63","3"
"route_4f0a78bdd94c5224804461a8","occ_856a2b2e7da3a2be3ab70c9d","4"
"route_4f16cd7eddbd116b5bc200ff","occ_8c803c92da3dcd730edfb3f4","1"
"route_4f16cd7eddbd116b5bc200ff","occ_6709446b31b5392d54a1c140","10"
"route_4f16cd7eddbd116b5bc200ff","occ_5eec8be4c72305ed2dd100c3","11"
"route_4f16cd7eddbd116b5bc200ff","occ_cf0e82b121c9228249e28b77","12"
"route_4f16cd7eddbd116b5bc200ff","occ_c6d50ea4ec3999b4a0da339b","13"
"route_4f16cd7eddbd116b5bc200ff","occ_c92c03edb5aa4c0a3735f18b","14"
"route_4f16cd7eddbd116b5bc200ff","occ_5382182132edc1670e1fc48a","15"
"route_4f16cd7eddbd116b5bc200ff","occ_374a66e4ad7f8c1bc932f480","2"
"route_4f16cd7eddbd116b5bc200ff","occ_ce453c472e58c711a4476dd5","3"
"route_4f16cd7eddbd116b5bc200ff","occ_5b378a88326967a492a8cbbf","4"
"route_4f16cd7eddbd116b5bc200ff","occ_1bca56d7f175036361e1c95f","5"
"route_4f16cd7eddbd116b5bc200ff","occ_1a649cef26b94f4c3b36ecf8","6"
"route_4f16cd7eddbd116b5bc200ff","occ_421c1d085d5540f8dae80ac0","7"
"route_4f16cd7eddbd116b5bc200ff","occ_e58d9d6490e1a9491cc1ab22","8"
"route_4f16cd7eddbd116b5bc200ff","occ_219dec525c082c37dc95180e","9"
"route_4f1d4db07d823fda08c62be3","occ_c88d3185fdb246467360d5ed","1"
"route_4fad91dbf6832879930cdeaf","occ_814670cb5e7671412ce0b6b2","1"
"route_4fcca7a5a57553cb220a4e2a","occ_1d1fa587fdb4a03676531497","1"
"route_4ff70cf2499dd1d3bbbc983a","occ_0c0b15d341579b5fc0671a0d","1"
"route_50136b781b523961081c987a","occ_92fddedb48a7d277d7618420","1"
"route_5017b519b889de8aa2b582dd","occ_fc30d01432b128553c09688b","1"
"route_501e5c0879d2044e37f7d643","occ_1b221004180d49bfe88a7a65","1"
"route_5039b2d7ef4e78dd11e42822","occ_c2339792c435a78ee5354adc","1"
"route_5039b2d7ef4e78dd11e42822","occ_2073c5a6f66d1b665ffc1f1e","10"
"route_5039b2d7ef4e78dd11e42822","occ_ceda7b206c99b92e5968be87","11"
"route_5039b2d7ef4e78dd11e42822","occ_49ddb6ab5b0454287d2ea444","12"
"route_5039b2d7ef4e78dd11e42822","occ_be5c47c224e03620d618ea57","2"
"route_5039b2d7ef4e78dd11e42822","occ_d4367241b0e8d8fff7d63b22","3"
"route_5039b2d7ef4e78dd11e42822","occ_c2cb56ef36637a5db7a1bad0","4"
"route_5039b2d7ef4e78dd11e42822","occ_1ea566cfb4b0090b624b5e94","5"
"route_5039b2d7ef4e78dd11e42822","occ_94396090cc33e5c5946f701b","6"
"route_5039b2d7ef4e78dd11e42822","occ_bf8f579162c92854bfa2d80f","7"
"route_5039b2d7ef4e78dd11e42822","occ_60f58edcec38e29eb21e9c82","8"
"route_5039b2d7ef4e78dd11e42822","occ_6097a064a182b9e7dc05b263","9"
"route_503e8fefc04c6fb7f21b4ae1","occ_047f43bac160e4e3f9c525af","1"
"route_505874043a040429b0421f1d","occ_fbaf7a785f03abbb7632ada4","1"
"route_506a6a10c954123484cb55e0","occ_6bbcf4723c20e9018cf8a9b7","1"
"route_5075ba7f8b24aa636e82875c","occ_2d1cf460c04564d42f8c02f7","1"
"route_50b45fea2416f6eb405cb84d","occ_bc1534d91431924d181f1172","1"
"route_50ce1c0111e6ca0fc4e6dd9f","occ_4c22d97ec5dd17159395b46a","1"
"route_5109c2e96514d3577fdb26ad","occ_55a5fde6c3c6de0be87e85c2","1"
"route_5109c2e96514d3577fdb26ad","occ_0edf8ce76ce8f4cc49dc5100","10"
"route_5109c2e96514d3577fdb26ad","occ_38a7455b628c56c1fe6b11b4","11"
"route_5109c2e96514d3577fdb26ad","occ_2d77450116bc0c230d3d3fc4","12"
"route_5109c2e96514d3577fdb26ad","occ_4d4d469a1efd918879f62b92","13"
"route_5109c2e96514d3577fdb26ad","occ_7a2a4b3aad7d483e65557d07","14"
"route_5109c2e96514d3577fdb26ad","occ_d49ed5721cfad628853b953e","15"
"route_5109c2e96514d3577fdb26ad","occ_db198314dba21ca9f905d255","16"
"route_5109c2e96514d3577fdb26ad","occ_270b4ecdc675f728adee7ea7","17"
"route_5109c2e96514d3577fdb26ad","occ_b75bf0c0a1459e903bb14862","2"
"route_5109c2e96514d3577fdb26ad","occ_492345f58725c15268ca0f5d","3"
"route_5109c2e96514d3577fdb26ad","occ_2f2c5453d48a69a28ab4ef9d","4"
"route_5109c2e96514d3577fdb26ad","occ_3815d57dc97be749ced2d82d","5"
"route_5109c2e96514d3577fdb26ad","occ_9111c1867565a47e169fde7b","6"
"route_5109c2e96514d3577fdb26ad","occ_5a999f3db9aa34ab4acf19e4","7"
"route_5109c2e96514d3577fdb26ad","occ_60c2bb4753c1651abe142cbb","8"
"route_5109c2e96514d3577fdb26ad","occ_f818f6c6d89e5fbda20a5fa0","9"
"route_512bba2c9a8c5d18e4803bf8","occ_1727e162b96bdacda62c1f1f","1"
"route_512bba2c9a8c5d18e4803bf8","occ_5b1b666b114f336d47929253","2"
"route_512bba2c9a8c5d18e4803bf8","occ_7617beed170d986a7f457c52","3"
"route_512bba2c9a8c5d18e4803bf8","occ_f1563a57dcc23cabd733e296","4"
"route_512bba2c9a8c5d18e4803bf8","occ_821f391ea57ec0778b03c4bf","5"
"route_512bba2c9a8c5d18e4803bf8","occ_1e693bb8cb182537f8db889d","6"
"route_519d7874a99f52bb803e9474","occ_53a7f37720017cc439934a3f","1"
"route_51cc3c23f23fd4338e0516be","occ_ea39b53771496177a5b1d154","1"
"route_51d338dd0bf58dfd3f930186","occ_c8a6a3b340390ea6f2472140","1"
"route_51d338dd0bf58dfd3f930186","occ_6d5e4fc3799d3285bd0668e4","2"
"route_51d338dd0bf58dfd3f930186","occ_e378cf7e3a915654af0f1e7a","3"
"route_51d338dd0bf58dfd3f930186","occ_8cf09a2fb62c5dcee729e924","4"
"route_51d338dd0bf58dfd3f930186","occ_f82c354fc8f50830cd35de32","5"
"route_51d338dd0bf58dfd3f930186","occ_329b704b63d13e0f053b56ac","6"
"route_51f0348627367adc2c3242ea","occ_938343f9ccf6f2c4a1f92185","1"
"route_51f7f0b4e534afe70cf2b434","occ_32a0b5eef87202cf282f24c1","1"
"route_51fe90657fd7ab5c63b3d8eb","occ_4509610b0151c61f2f45d777","1"
"route_52223c71904b120b6fd1a74c","occ_fd551076d70f053238e59778","1"
"route_52223c71904b120b6fd1a74c","occ_36c82116f2ab8380665a5008","2"
"route_52223c71904b120b6fd1a74c","occ_7e3ad96b1c27c9cbd680541b","3"
"route_52223c71904b120b6fd1a74c","occ_c277af0d1fbea459a2589e61","4"
"route_52223c71904b120b6fd1a74c","occ_1c33923de3b1fd636a39c436","5"
"route_52223c71904b120b6fd1a74c","occ_80ec2aa86ec2ae9a923b08f7","6"
"route_522ead286ca1eb07ba026667","occ_ed0ea6c7f0795320877c67c5","1"
"route_522ead286ca1eb07ba026667","occ_d8243493e96f9ba124fa9bb2","10"
"route_522ead286ca1eb07ba026667","occ_6db8a1a85581821b73bafa83","11"
"route_522ead286ca1eb07ba026667","occ_40e51f208434d70795270726","12"
"route_522ead286ca1eb07ba026667","occ_f0f95768044a208e0e3cab59","13"
"route_522ead286ca1eb07ba026667","occ_734f2468517434b54f0700f8","14"
"route_522ead286ca1eb07ba026667","occ_5d180a302079f7e3867a8bcf","15"
"route_522ead286ca1eb07ba026667","occ_e7a4a97296313c38d1193fd5","2"
"route_522ead286ca1eb07ba026667","occ_93903bddbc227bb77662080d","3"
"route_522ead286ca1eb07ba026667","occ_7a1dd591ab65acea4210b429","4"
"route_522ead286ca1eb07ba026667","occ_4bd1952aa677727c40616efe","5"
"route_522ead286ca1eb07ba026667","occ_1ee531339288faf70adec0ea","6"
"route_522ead286ca1eb07ba026667","occ_a756cbe688ff7581e16913d1","7"
"route_522ead286ca1eb07ba026667","occ_24e86ae708b34c235990e683","8"
"route_522ead286ca1eb07ba026667","occ_a1520a38e7947860be73cbcb","9"
"route_523ea08bda9ab135580d0e17","occ_dd4d964d9a3d74e7df4e3043","1"
"route_52cf9f73f34bbf5540a358bb","occ_63a838b142ab67cec528e6dd","1"
"route_5305b0d3cd0fe2f2a6957727","occ_559949bc81c3d3fd1672d599","1"
"route_531d70d510803f2008823cac","occ_c5061ea122ad721af2fca901","1"
"route_534c8c2735b64ec40ecc91ed","occ_b1783fa946ecbb7b25ab78ef","1"
"route_53dfa63df3f859f8ac182adc","occ_6a09cab413d5079b6b8f5e0e","1"
"route_53dfa63df3f859f8ac182adc","occ_aaf9ecc220acbcd2508f83a9","2"
"route_53dfa63df3f859f8ac182adc","occ_be14197bbca25c1e5309bf25","3"
"route_53dfa63df3f859f8ac182adc","occ_6d3db7134cf808b1eef79a6b","4"
"route_53dfa63df3f859f8ac182adc","occ_bbc533579b7ad3a426aeeeab","5"
"route_53e21ecb2d5ac462b16507cc","occ_cd6d27beda9450f443f13ea1","1"
"route_53f9e70fbf192e12c7c24b7b","occ_a455a5b7c28419e489659497","1"
"route_5427364bc09e598c1ea07d0a","occ_10c5eee03053ebe5c8838589","1"
"route_5427364bc09e598c1ea07d0a","occ_d11dec1650dbfd2ab50d0de9","2"
"route_5427364bc09e598c1ea07d0a","occ_11dccc772f36171d8ef726ac","3"
"route_5427364bc09e598c1ea07d0a","occ_0419d69e3b712ece8d269cd6","4"
"route_5427364bc09e598c1ea07d0a","occ_4763ad5d47b185e3aca4c1ff","5"
"route_543b0aed4cd29895a8ad15be","occ_ffd01fc0b4a793b38eddc150","1"
"route_543b0aed4cd29895a8ad15be","occ_0fe2f8f64b9cc41db1cf5f5a","2"
"route_543b0aed4cd29895a8ad15be","occ_494f52f7a278f77d47f46e58","3"
"route_543b0aed4cd29895a8ad15be","occ_71c2bb87e2a53f4f10b9f7e4","4"
"route_543b0aed4cd29895a8ad15be","occ_c2eec01b7a18569d73a09ba9","5"
"route_5459801adc960e87d3c0295a","occ_ff64d244043f1f57643f25a0","1"
"route_54782e9be5d661c24b1f223f","occ_8dd80e522940e8d3187b58bd","1"
"route_54782e9be5d661c24b1f223f","occ_48c589cf243d9a71b28f5e0f","10"
"route_54782e9be5d661c24b1f223f","occ_9b76b6981165366dd5f852f7","11"
"route_54782e9be5d661c24b1f223f","occ_0b981dd43f18173f5b41b563","12"
"route_54782e9be5d661c24b1f223f","occ_96940808020898946072afda","13"
"route_54782e9be5d661c24b1f223f","occ_c41e8c634e5a328517d1d181","14"
"route_54782e9be5d661c24b1f223f","occ_873a0afe5474038ea91ef1e5","15"
"route_54782e9be5d661c24b1f223f","occ_670a58499a3002fc0f52a28f","16"
"route_54782e9be5d661c24b1f223f","occ_000c5b5a4cbc5cb2d742080d","17"
"route_54782e9be5d661c24b1f223f","occ_e507f977d852e15e32d9f7dd","18"
"route_54782e9be5d661c24b1f223f","occ_7cbf5de9c83b810e5d8f17e7","19"
"route_54782e9be5d661c24b1f223f","occ_ab230c3658735319b7e57138","2"
"route_54782e9be5d661c24b1f223f","occ_4e1713c8f307a7c2522820fc","20"
"route_54782e9be5d661c24b1f223f","occ_434ad7ddbe5b4b0f2c562419","21"
"route_54782e9be5d661c24b1f223f","occ_8f8e00dafe82cef4f2747fa7","22"
"route_54782e9be5d661c24b1f223f","occ_cfed6d60e37acd18f1ecdc7d","23"
"route_54782e9be5d661c24b1f223f","occ_17d91c7f6e40b3fc3c865025","24"
"route_54782e9be5d661c24b1f223f","occ_ae97c7f069b8e4f09294ac9c","3"
"route_54782e9be5d661c24b1f223f","occ_e820c027462a28cd3a139728","4"
"route_54782e9be5d661c24b1f223f","occ_47bc4953d9e5f5d5b13dd25d","5"
"route_54782e9be5d661c24b1f223f","occ_27e22c8b62f8df1f0800d652","6"
"route_54782e9be5d661c24b1f223f","occ_d7b098bb2d6ac8b474e9b93a","7"
"route_54782e9be5d661c24b1f223f","occ_45cbaa4007aca5829093009c","8"
"route_54782e9be5d661c24b1f223f","occ_f997532113a020eadc9fec06","9"
"route_547ec452710cfa20c2a043a4","occ_0f7d14e39abbad15739dbcba","1"
"route_54906c29f1117350f8ae73ff","occ_98501b9998d4221690d01e4b","1"
"route_54982b7bb6bc0912197011fa","occ_f37bfd2cb9261cd4ed4ac0ea","1"
"route_54a7bf96a5df1332c39d626e","occ_ca19663371bd89786f464c59","1"
"route_54b59f5aaf34ecad90c0c8da","occ_030641a34dd48aa062fec16d","1"
"route_54b59f5aaf34ecad90c0c8da","occ_e989285edb995fa619f66e68","2"
"route_54b59f5aaf34ecad90c0c8da","occ_be45936d7c7979728e3710e2","3"
"route_54bbe3edbd5791fdc2b0797a","occ_541186132c118e1697346c53","1"
"route_54bbe3edbd5791fdc2b0797a","occ_8f73c332262fc358b0f064b9","10"
"route_54bbe3edbd5791fdc2b0797a","occ_e1ba83bfb985d9c58d4d653e","11"
"route_54bbe3edbd5791fdc2b0797a","occ_92bee4f54097a9857e03e7d4","12"
"route_54bbe3edbd5791fdc2b0797a","occ_04eedff742199b904268688c","13"
"route_54bbe3edbd5791fdc2b0797a","occ_22e90f9b2f728b730567a335","14"
"route_54bbe3edbd5791fdc2b0797a","occ_114fe7e62403c3a80dcd6a55","2"
"route_54bbe3edbd5791fdc2b0797a","occ_79fced16c5419a81b5a688c4","3"
"route_54bbe3edbd5791fdc2b0797a","occ_33df98d32204961264f99fb9","4"
"route_54bbe3edbd5791fdc2b0797a","occ_8bcc4c686a182604469c2008","5"
"route_54bbe3edbd5791fdc2b0797a","occ_599aadc1aa5b8af23031675a","6"
"route_54bbe3edbd5791fdc2b0797a","occ_9167be888d0c68c465ad869c","7"
"route_54bbe3edbd5791fdc2b0797a","occ_40c369d5be3a784613d65f98","8"
"route_54bbe3edbd5791fdc2b0797a","occ_64ed7a66253a6eff39c58f95","9"
"route_54f6c5611b6bffd88a864143","occ_7b369ea774fbb119ab098351","1"
"route_54f6c5611b6bffd88a864143","occ_607dded1887703e3d01b687d","2"
"route_54fac4aa5a665d7879738771","occ_a9b7665dff530b8c47b9608f","1"
"route_553c6b1359731426fac29007","occ_c1f77c6b7ae9d39d741f7411","1"
"route_555402e6d9c9ea17bdf71db1","occ_2205a49d3a7f3c72435842fb","1"
"route_555402e6d9c9ea17bdf71db1","occ_668a2ac474416d7fc0c837e4","10"
"route_555402e6d9c9ea17bdf71db1","occ_dc7214cec28178cc04a9077e","11"
"route_555402e6d9c9ea17bdf71db1","occ_3d9e071e8dfdb1c0baf5da34","2"
"route_555402e6d9c9ea17bdf71db1","occ_ab85cdcbaaf557c9491e6237","3"
"route_555402e6d9c9ea17bdf71db1","occ_03ccdab8fb67f1ec00338a2d","4"
"route_555402e6d9c9ea17bdf71db1","occ_f2fe9646017fe513cf9d176e","5"
"route_555402e6d9c9ea17bdf71db1","occ_e819e1d80231b998c78e2e9d","6"
"route_555402e6d9c9ea17bdf71db1","occ_497f2f3d4de840d819a75d8c","7"
"route_555402e6d9c9ea17bdf71db1","occ_8228aa137e108eb1179f23b9","8"
"route_555402e6d9c9ea17bdf71db1","occ_91b9b0ee07ff8410c24d298a","9"
"route_55800ca669f64d199ef9a20e","occ_9f2ca3aad61d55f65ccb8af8","1"
"route_55800ca669f64d199ef9a20e","occ_fefc667c9be39b912938e358","2"
"route_55800ca669f64d199ef9a20e","occ_b660a14d22b3c6f52fcada16","3"
"route_55b26331fdf328b2bace4bfb","occ_41455970168424acf53ee89c","1"
"route_55b26331fdf328b2bace4bfb","occ_1c8d111a97d5934e41cad04b","2"
"route_55b26331fdf328b2bace4bfb","occ_72610e9a355da9e558ea9020","3"
"route_55b26331fdf328b2bace4bfb","occ_aac0285bbe4a9f18cb610bfa","4"
"route_55b26331fdf328b2bace4bfb","occ_6ed07a79192426061ec7f78c","5"
"route_55da711e168e1bfc81993898","occ_fc7560ae27383a57a81e2a44","1"
"route_55da711e168e1bfc81993898","occ_838d636c280381d62fbef31f","10"
"route_55da711e168e1bfc81993898","occ_07f261a5c2b5e973f03a0abc","11"
"route_55da711e168e1bfc81993898","occ_68b90953c088113eb3d3b954","2"
"route_55da711e168e1bfc81993898","occ_c203fb8324b5e2ca61a79792","3"
"route_55da711e168e1bfc81993898","occ_684c1de1dcff970847de11fa","4"
"route_55da711e168e1bfc81993898","occ_162c3fd50aa7b4becc30ac26","5"
"route_55da711e168e1bfc81993898","occ_e3f26cdb525bd941d8810e84","6"
"route_55da711e168e1bfc81993898","occ_620b2592dbaddb487c5e6ead","7"
"route_55da711e168e1bfc81993898","occ_c33a0614a171d2d19d5e6a29","8"
"route_55da711e168e1bfc81993898","occ_88e6b090da68b1ae0e6d0f1e","9"
"route_5609aede5b2324de946566bd","occ_9d1ea8d2ffe2c65cc9e8ca8d","1"
"route_562090c5e84c27e61225b1bb","occ_b767a16c50d01995c2425d50","1"
"route_5637a35e882554f0d62268f3","occ_ab1afbf165ddcff6710700d1","1"
"route_5683c2aad1ca81d1be766148","occ_e6861ea2b3c7e7d7d0108d80","1"
"route_5683c2aad1ca81d1be766148","occ_0a7fd719e35a5fa6986e0b47","2"
"route_5688270332baff3a0b5df2bc","occ_bc4156db6e7e4f63a56f498f","1"
"route_569422c9920b861842733be1","occ_4092eacdb26315653c1cfb4f","1"
"route_56e7fc495193ddab9c06150f","occ_9d0555b2b9fb2af02fce7fc4","1"
"route_56f6143d55f28a282f2816c7","occ_751e7eb97dcef3725e60f3bd","1"
"route_572f3872ee7358d4acffeece","occ_8bef5c90d72f2215f8357ccd","1"
"route_573959a3c2fd5d81f23896ed","occ_3acddde9ef981e11b8776ebf","1"
"route_573959a3c2fd5d81f23896ed","occ_c68c842227440cfefb579486","10"
"route_573959a3c2fd5d81f23896ed","occ_63f446f1fe26d0d09fea144b","11"
"route_573959a3c2fd5d81f23896ed","occ_630054c1ed0ab6e9713e1d70","12"
"route_573959a3c2fd5d81f23896ed","occ_d2b339cb55aa237a0163bbc6","13"
"route_573959a3c2fd5d81f23896ed","occ_04410386628d35163ab324e0","14"
"route_573959a3c2fd5d81f23896ed","occ_b111103cdd8352cb664fb576","2"
"route_573959a3c2fd5d81f23896ed","occ_1f62f847473a9102b72a6139","3"
"route_573959a3c2fd5d81f23896ed","occ_b6eb8adb354591c2d38985ff","4"
"route_573959a3c2fd5d81f23896ed","occ_d1ae7652853fc7bfcdffaf98","5"
"route_573959a3c2fd5d81f23896ed","occ_9d9c4d8eba26da2be3cab3a2","6"
"route_573959a3c2fd5d81f23896ed","occ_12588d509e57d771a317380e","7"
"route_573959a3c2fd5d81f23896ed","occ_778907449e6f8a6abaa9d0ba","8"
"route_573959a3c2fd5d81f23896ed","occ_f6412fc5fb36c79e3f272103","9"
"route_573c3d650a89f26e3fd27c1a","occ_1a51cffe718bc4278c5cd54c","1"
"route_5771d0ad674d0c49f9ea27c9","occ_07ff05d4bf5bc7415ff42547","1"
"route_5771d0ad674d0c49f9ea27c9","occ_11f8a3e94be9c3d5900a5c1e","2"
"route_5771d0ad674d0c49f9ea27c9","occ_f42359cdea3e100c2732d89b","3"
"route_5771d0ad674d0c49f9ea27c9","occ_9c6726b5909987feda4d6ba2","4"
"route_5771d0ad674d0c49f9ea27c9","occ_71f0ce6fd9bb3c642c4810ae","5"
"route_577397c3f7e5ade667fd95d0","occ_3a910e2503ac0bf9567958f0","1"
"route_5797f0fe28148904742730c8","occ_bba760140a5c9a89e6e16a53","1"
"route_5797f0fe28148904742730c8","occ_c2e84ed478bd1c58e9ead4d0","2"
"route_57c98c5dba4f8f85d5fd2756","occ_fa73817596c4ba2f5d67f080","1"
"route_57cc47b48a029331a8614f6e","occ_25bd53a36e35f5f66f065886","1"
"route_57fcfd149619424f69a51eb4","occ_69154c2b121f3765a87ec544","1"
"route_57fcfd149619424f69a51eb4","occ_ea196b94a18cb5041f2fd201","10"
"route_57fcfd149619424f69a51eb4","occ_7e94de29a4ec2117334534f8","2"
"route_57fcfd149619424f69a51eb4","occ_3dc5afb32d72b79cefc9d7a9","3"
"route_57fcfd149619424f69a51eb4","occ_84deebb8b0292f8d6f5fa8f2","4"
"route_57fcfd149619424f69a51eb4","occ_19ca8dc2be6c135212f08b4c","5"
"route_57fcfd149619424f69a51eb4","occ_3fbad728a94f7ebad7c8f652","6"
"route_57fcfd149619424f69a51eb4","occ_5089f422e84217f817fc1e5f","7"
"route_57fcfd149619424f69a51eb4","occ_6383bf05c899267d25aa2367","8"
"route_57fcfd149619424f69a51eb4","occ_fb5573b694f631352ab5ab4d","9"
"route_5828a47c78d16a5532a40a7b","occ_fbfc27703a29adbcaceb58f5","1"
"route_5828a47c78d16a5532a40a7b","occ_2b390a4cd58a33ef52880b05","2"
"route_5828a47c78d16a5532a40a7b","occ_801dcf88c4c200a6852e8646","3"
"route_5828a47c78d16a5532a40a7b","occ_456a83bbf7a494d45b90f38a","4"
"route_5828a47c78d16a5532a40a7b","occ_ab100bd4f461cbc73a32a7eb","5"
"route_5828a47c78d16a5532a40a7b","occ_f06b5366ffca0a7e9e78b45d","6"
"route_58917011fa8086fb52f48442","occ_296339623fd2d807ea5f8e00","1"
"route_589ea6c29d3d9651ff271d62","occ_7df1d488554af174c8874fec","1"
"route_589ea6c29d3d9651ff271d62","occ_c3df88423369d60810fef960","2"
"route_589ea6c29d3d9651ff271d62","occ_8aecad904c0a39d6a8434cc1","3"
"route_589ea6c29d3d9651ff271d62","occ_351153cbfd96d85bb88f50a0","4"
"route_589ea6c29d3d9651ff271d62","occ_0f991b756d0a10757a2e0d07","5"
"route_58b831e7476e011b3a140c65","occ_c2601eb1b9fc2b82f9a4477b","1"
"route_58d2dbbc5c87b48569bda8b2","occ_fb24f6018d45f16686b01d59","1"
"route_58d2dbbc5c87b48569bda8b2","occ_4832bd30912812732f49181d","10"
"route_58d2dbbc5c87b48569bda8b2","occ_9535e945f7356e41c2449a37","11"
"route_58d2dbbc5c87b48569bda8b2","occ_ff5cf935b971a47a1af6a20a","12"
"route_58d2dbbc5c87b48569bda8b2","occ_f690c346899b90068d2d58dd","2"
"route_58d2dbbc5c87b48569bda8b2","occ_986ac678aff49a5b80ae4648","3"
"route_58d2dbbc5c87b48569bda8b2","occ_dcaf94c02af121fa8747742e","4"
"route_58d2dbbc5c87b48569bda8b2","occ_61d382be8c5cb7ef5ec8208d","5"
"route_58d2dbbc5c87b48569bda8b2","occ_4775cfe0292952cf5b9926b6","6"
"route_58d2dbbc5c87b48569bda8b2","occ_bd93eeae6b7f6625788b4796","7"
"route_58d2dbbc5c87b48569bda8b2","occ_927579ef73b5b8a2da15d6c0","8"
"route_58d2dbbc5c87b48569bda8b2","occ_a170ca8d98ff56cc1854f28b","9"
"route_58f6f2350756aa11e5b4e395","occ_809a395ac327fd17c1db62fa","1"
"route_58f6f2350756aa11e5b4e395","occ_b65a4b2fe48275233b9bbec1","10"
"route_58f6f2350756aa11e5b4e395","occ_7de7dc007ed241397920fcba","11"
"route_58f6f2350756aa11e5b4e395","occ_467771ac32cbdd8d791d49cc","12"
"route_58f6f2350756aa11e5b4e395","occ_108f2882b58ace87452cdd5c","13"
"route_58f6f2350756aa11e5b4e395","occ_c353ad74cd56a7934d2ea8cf","14"
"route_58f6f2350756aa11e5b4e395","occ_8d60400ba42c068b04361e04","2"
"route_58f6f2350756aa11e5b4e395","occ_ca03c778c00f4b11bb502d75","3"
"route_58f6f2350756aa11e5b4e395","occ_781d4cb5f6f845042bfc3cd3","4"
"route_58f6f2350756aa11e5b4e395","occ_e1f9d88158af282314a649f5","5"
"route_58f6f2350756aa11e5b4e395","occ_2747f2dea7ff5dceed64159f","6"
"route_58f6f2350756aa11e5b4e395","occ_64470f3ec6620e6cd4a4c785","7"
"route_58f6f2350756aa11e5b4e395","occ_16903693c876c9d6f4b2606a","8"
"route_58f6f2350756aa11e5b4e395","occ_7833c7261263e695c493c8c7","9"
"route_594054a35b841c6a2a09a479","occ_e9c18a7ae09108c7329f055c","1"
"route_59518dd8ff360a15b4205679","occ_26d24f44f582483ca4fbeb70","1"
"route_595656cc2daebc695c23dc01","occ_f8ea4df1130a9d689d55b837","1"
"route_595656cc2daebc695c23dc01","occ_d6fbea74631ce69c0e6ce559","10"
"route_595656cc2daebc695c23dc01","occ_473016a63a5e7ef84faf2b59","11"
"route_595656cc2daebc695c23dc01","occ_548b7753f920d8148f8e5a5f","12"
"route_595656cc2daebc695c23dc01","occ_140a092c304f82d40dfe2195","13"
"route_595656cc2daebc695c23dc01","occ_d5f32f719d457ea97ee7c476","14"
"route_595656cc2daebc695c23dc01","occ_61d89835b531ef3a0238fa91","15"
"route_595656cc2daebc695c23dc01","occ_987200f254973a1ef155409a","16"
"route_595656cc2daebc695c23dc01","occ_59e0026bdb5ae7d37766a4fb","17"
"route_595656cc2daebc695c23dc01","occ_6f86a30884bad50a182e1a98","18"
"route_595656cc2daebc695c23dc01","occ_207d0a9155923575565f25d5","19"
"route_595656cc2daebc695c23dc01","occ_f11dc04d3d27ee287d19a1fb","2"
"route_595656cc2daebc695c23dc01","occ_e292e797ffac5b2e1a5b6ded","20"
"route_595656cc2daebc695c23dc01","occ_91ca0bf0c0c5420f5081cb3a","21"
"route_595656cc2daebc695c23dc01","occ_6c2b1a777c1d882153683271","22"
"route_595656cc2daebc695c23dc01","occ_e7e420f9d4c7ea1b5b4ac8d4","23"
"route_595656cc2daebc695c23dc01","occ_6f14c2d203bc19fb3ffb1153","24"
"route_595656cc2daebc695c23dc01","occ_a2caa4a2ab6e0bd215cf3502","25"
"route_595656cc2daebc695c23dc01","occ_09cd4eab28c93fd9602331eb","26"
"route_595656cc2daebc695c23dc01","occ_686fa746c609fe70f1e7f002","27"
"route_595656cc2daebc695c23dc01","occ_c151364594317dc824f9ee67","28"
"route_595656cc2daebc695c23dc01","occ_f40417aeb0df093b7a4f253c","29"
"route_595656cc2daebc695c23dc01","occ_457f7877fd94666179814a7b","3"
"route_595656cc2daebc695c23dc01","occ_496de33892791d60b630aa36","30"
"route_595656cc2daebc695c23dc01","occ_0cd861bba0d139b4b5133a47","31"
"route_595656cc2daebc695c23dc01","occ_2e5ae35ddcf90672f61c62f4","4"
"route_595656cc2daebc695c23dc01","occ_a9df1b7606baeca845c9be08","5"
"route_595656cc2daebc695c23dc01","occ_7bdcd1b4ea99cda21b1d1be7","6"
"route_595656cc2daebc695c23dc01","occ_9c37965613bfffd8ca5b4ff6","7"
"route_595656cc2daebc695c23dc01","occ_6a0ee35af83aa2519afe0e0a","8"
"route_595656cc2daebc695c23dc01","occ_c6b33b5c5cb3e883abe1c93b","9"
"route_5972090959021d412feac18c","occ_0a7971fe624d673659d370cb","1"
"route_5972090959021d412feac18c","occ_4de5a38b514ce3d18758cc36","10"
"route_5972090959021d412feac18c","occ_6ac59ad69c1db11846c908cc","2"
"route_5972090959021d412feac18c","occ_c98d90ad95dbc55913066fb8","3"
"route_5972090959021d412feac18c","occ_ee707a00d69ce5b8a97dfac9","4"
"route_5972090959021d412feac18c","occ_70d32e97802e3f633ef04250","5"
"route_5972090959021d412feac18c","occ_1c5b31f5a3880a48e3bd8f60","6"
"route_5972090959021d412feac18c","occ_fb26961f1b5004cba5c3369e","7"
"route_5972090959021d412feac18c","occ_8ddfc90d21e9f59d6db6b101","8"
"route_5972090959021d412feac18c","occ_3011b17e189f5faed647981d","9"
"route_597a8f57f7605382bb7db4c3","occ_38c71ea412d5ce2103a5d51c","1"
"route_597df730f6ab66ebe2dbfaa5","occ_a64d7123111dc5a42e501b44","1"
"route_597df730f6ab66ebe2dbfaa5","occ_fbb26f50e4d0b5cbfb2bc41e","2"
"route_597df730f6ab66ebe2dbfaa5","occ_48134f28096c75a27943d23c","3"
"route_597df730f6ab66ebe2dbfaa5","occ_94f3009249b9e72d719d2492","4"
"route_597df730f6ab66ebe2dbfaa5","occ_cc74076c30a845c5e9679fe8","5"
"route_5988b1139d046560e3cf96ed","occ_358fd92c37c77121843a1a1f","1"
"route_59a1b73c8a7c6b3d781c1271","occ_38ebdb4938a3396634c8eafc","1"
"route_59e25697bf3377d72a6ae9ab","occ_3a592702159d40121c5b20f8","1"
"route_59e2c230c6247d2db9d99c02","occ_461ffdfb2a920421c40cfc29","1"
"route_5a13c9a83bc93bef0168274d","occ_fe9ac7d229af27fcfb451c9e","1"
"route_5a2ffc78ba5dfd2cf4d73868","occ_bc3d8b8ea413e8fe15f1c906","1"
"route_5a2ffc78ba5dfd2cf4d73868","occ_e4af2a6619ffcf9646b6bad3","2"
"route_5a2ffc78ba5dfd2cf4d73868","occ_1c90dae2d699d21543210146","3"
"route_5a2ffc78ba5dfd2cf4d73868","occ_6fb38fb10705597cb2f48425","4"
"route_5a2ffc78ba5dfd2cf4d73868","occ_cf151af7e0dee1940c28b057","5"
"route_5a2ffc78ba5dfd2cf4d73868","occ_1b8ef605cc20bf9e33123c0a","6"
"route_5a3039fbb79fc7087785a412","occ_d5e878c8106f98a1ef935740","1"
"route_5a6864df6df729b103e90bd4","occ_99b5842648f364b948c53641","1"
"route_5a7f74201322352ca38748ea","occ_1b9b9bb209b4f8a8e81d49e7","1"
"route_5a7f74201322352ca38748ea","occ_1a1c98c37a6a92b49c47f7d8","2"
"route_5a7f74201322352ca38748ea","occ_ccab4025548bf7f7d7d97a08","3"
"route_5a7f74201322352ca38748ea","occ_40d346fc3a86cadabcbe1be6","4"
"route_5a8816df415b1660dc08e372","occ_49c9b0f464c329d42b028d3c","1"
"route_5a97ea8a87d92c3208fc0a12","occ_37f1adb3417971a503a48ad5","1"
"route_5a97ea8a87d92c3208fc0a12","occ_fb76c8a6821d9aeadbdec2d1","10"
"route_5a97ea8a87d92c3208fc0a12","occ_d874dcf97d9c4692ec650c82","11"
"route_5a97ea8a87d92c3208fc0a12","occ_07c2ec539975f7c98210d56c","2"
"route_5a97ea8a87d92c3208fc0a12","occ_bfc82a2f8d586afcdef95a81","3"
"route_5a97ea8a87d92c3208fc0a12","occ_c9f3a1e4894fb3846c8ee421","4"
"route_5a97ea8a87d92c3208fc0a12","occ_e0969f83315f4582bc6c9c1d","5"
"route_5a97ea8a87d92c3208fc0a12","occ_4864be096bfe4bb8681237e9","6"
"route_5a97ea8a87d92c3208fc0a12","occ_37e951a676e11552444cebc3","7"
"route_5a97ea8a87d92c3208fc0a12","occ_180213a0e2a3a839295aa340","8"
"route_5a97ea8a87d92c3208fc0a12","occ_0ec56efb8195a4fe75f6b09b","9"
"route_5aa30860d11ec5c6c12b44e2","occ_c7490c3b567056e2e12235d7","1"
"route_5aa30860d11ec5c6c12b44e2","occ_2ebf7dfb23c389696daeb9ce","10"
"route_5aa30860d11ec5c6c12b44e2","occ_7352f70b2737c81a89b907ed","11"
"route_5aa30860d11ec5c6c12b44e2","occ_169cd589e62f4cd2a0b79e6c","12"
"route_5aa30860d11ec5c6c12b44e2","occ_9ee650383f1e4eda9af15062","13"
"route_5aa30860d11ec5c6c12b44e2","occ_eeb867fa01f2e0ac116ed71b","14"
"route_5aa30860d11ec5c6c12b44e2","occ_af809553260947513e06b480","15"
"route_5aa30860d11ec5c6c12b44e2","occ_af437cd56edeadb1a8a64eae","16"
"route_5aa30860d11ec5c6c12b44e2","occ_ddafd8cbe72fcf138ad5e063","17"
"route_5aa30860d11ec5c6c12b44e2","occ_c66a81c20e1b04040288a8ea","18"
"route_5aa30860d11ec5c6c12b44e2","occ_69555168aa11bb2fa809af66","19"
"route_5aa30860d11ec5c6c12b44e2","occ_a54804d4fda2ac6e43bf2820","2"
"route_5aa30860d11ec5c6c12b44e2","occ_e771f83b68bc3a5064c9267b","20"
"route_5aa30860d11ec5c6c12b44e2","occ_dfdf6a40cbf361672ea9b530","21"
"route_5aa30860d11ec5c6c12b44e2","occ_b79c46b27ffbf213377ff148","3"
"route_5aa30860d11ec5c6c12b44e2","occ_3ff0174502c93c6cf6fd662c","4"
"route_5aa30860d11ec5c6c12b44e2","occ_d5de556832429eb6db3a7912","5"
"route_5aa30860d11ec5c6c12b44e2","occ_634b40341646b11f52a7e1f6","6"
"route_5aa30860d11ec5c6c12b44e2","occ_e56f8b4c004fe3c43a93f971","7"
"route_5aa30860d11ec5c6c12b44e2","occ_6aab6c89002f626accd633e0","8"
"route_5aa30860d11ec5c6c12b44e2","occ_062480f7c13059e56a4ce6dd","9"
"route_5ad54122aad02232780e85cb","occ_3c1d82bb2669e001c786f125","1"
"route_5ad54122aad02232780e85cb","occ_ea2ac050defac3873f762e49","10"
"route_5ad54122aad02232780e85cb","occ_372524c133d04ce44e017b4b","11"
"route_5ad54122aad02232780e85cb","occ_4797f8c42897dafef3b10cae","12"
"route_5ad54122aad02232780e85cb","occ_6ade710fd316bf40bd11f0e3","2"
"route_5ad54122aad02232780e85cb","occ_76d5405c654ee71ebafe0959","3"
"route_5ad54122aad02232780e85cb","occ_069aaf934bac90d5124253a6","4"
"route_5ad54122aad02232780e85cb","occ_24462e602336508a93c5d5f3","5"
"route_5ad54122aad02232780e85cb","occ_a545c5b043023e3e0a871ba3","6"
"route_5ad54122aad02232780e85cb","occ_91fe207d83ee09cd190f5f42","7"
"route_5ad54122aad02232780e85cb","occ_785e0eba4701e05fef928c36","8"
"route_5ad54122aad02232780e85cb","occ_1553605e1efb0162340a56d0","9"
"route_5b98c7e2f9b60af1fed23738","occ_7959329afb56546c85204f23","1"
"route_5b98c7e2f9b60af1fed23738","occ_dd733650a4a44e9c53197bf2","2"
"route_5b98c7e2f9b60af1fed23738","occ_99b6a4f56b6bbd4d2fcc072f","3"
"route_5b98c7e2f9b60af1fed23738","occ_74390e1963207c2d1a1b8fea","4"
"route_5b98c7e2f9b60af1fed23738","occ_c4379758d1b383a491e30ce2","5"
"route_5bef3c089e20725e438cfcf5","occ_ded1a7297d93c0c4781173e1","1"
"route_5bef3c089e20725e438cfcf5","occ_b71046e09eeb0c893cd96101","2"
"route_5bef3c089e20725e438cfcf5","occ_7c663143b4971000a1bfeecc","3"
"route_5bf17a009817f58fa72477ae","occ_947d5c22383de794dda3c550","1"
"route_5c1ff51f09b1b4946c64b634","occ_b02e0485920a67cc7541cfef","1"
"route_5c22cae8ef7745bfeb9e401a","occ_d83e1ac976d1288f74a2a419","1"
"route_5c6720451d0fae9849ef9493","occ_03d53eccadd0f0c32c630834","1"
"route_5c87da055a7390d23bc12278","occ_6de7522a8ea0da853db900e8","1"
"route_5c965993aaa8196052b85aee","occ_5bf1f6ad37e6ea0586c7af37","1"
"route_5ca04513de3e84610f056495","occ_66769f2d88510d3459fcd3c5","1"
"route_5ca04513de3e84610f056495","occ_10bd4165e564be9ccbc5c8c2","10"
"route_5ca04513de3e84610f056495","occ_666ff46433c0d0e390514523","11"
"route_5ca04513de3e84610f056495","occ_7a973dc44b2d68c6809f6495","12"
"route_5ca04513de3e84610f056495","occ_5c8d6b6be4c7df2014ed2d5c","13"
"route_5ca04513de3e84610f056495","occ_c521da996734090de4efad9e","2"
"route_5ca04513de3e84610f056495","occ_54d2f2742beb82175eeae34a","3"
"route_5ca04513de3e84610f056495","occ_d5761fc56ff4442854b5fb17","4"
"route_5ca04513de3e84610f056495","occ_309594ffc15974a501587fcd","5"
"route_5ca04513de3e84610f056495","occ_62f86930b027d065aca23296","6"
"route_5ca04513de3e84610f056495","occ_1abdc18c344a157d0e81207b","7"
"route_5ca04513de3e84610f056495","occ_c9ec1fd47a92a27fb9decf36","8"
"route_5ca04513de3e84610f056495","occ_014c15a772133f01b99e1230","9"
"route_5cad3affabb74bb3360ad393","occ_b40d56eb88803a3394587cb1","1"
"route_5cb149175102c6c16a17f836","occ_aa3e6b063e948990359cba75","1"
"route_5cd56ab39398878f142d1236","occ_e71b8cadc340617e0bbe416b","1"
"route_5cd56ab39398878f142d1236","occ_f49a0194f45ae643e21c2f29","10"
"route_5cd56ab39398878f142d1236","occ_7ea22143a465c3187bb8acf6","11"
"route_5cd56ab39398878f142d1236","occ_0e980726c38a81a264ada49c","12"
"route_5cd56ab39398878f142d1236","occ_f474d39447ead6797efbe129","13"
"route_5cd56ab39398878f142d1236","occ_0b4213531dc39c077be8bfca","14"
"route_5cd56ab39398878f142d1236","occ_2ad29e661072b3ddd54c125b","15"
"route_5cd56ab39398878f142d1236","occ_29bd5b8b908faf7f197a9bf4","16"
"route_5cd56ab39398878f142d1236","occ_541fc6e3fd685c416c0ecc12","17"
"route_5cd56ab39398878f142d1236","occ_c143e1b701016b352d9b631e","18"
"route_5cd56ab39398878f142d1236","occ_f391dd084b61ac29af2f5550","2"
"route_5cd56ab39398878f142d1236","occ_095a78f2365f3434133d9ee5","3"
"route_5cd56ab39398878f142d1236","occ_091dde1958171bd04cbf0614","4"
"route_5cd56ab39398878f142d1236","occ_9a3db12c84655364b20764a9","5"
"route_5cd56ab39398878f142d1236","occ_f68a16e174a41e36461bd374","6"
"route_5cd56ab39398878f142d1236","occ_1aff92dd5786aaae5b8eb8e6","7"
"route_5cd56ab39398878f142d1236","occ_8fa233be4669746e43a21457","8"
"route_5cd56ab39398878f142d1236","occ_2d6d80fd84f02a46bcefd704","9"
"route_5cefceb0adcb50b61bc08140","occ_95acb4accfe4d6519018e489","1"
"route_5d09d71272328840bd71182c","occ_1626cc0d10a6d1da111dc97a","1"
"route_5d0e7826e6f9b20d49058e3b","occ_142d9bd53d5c1ba949453871","1"
"route_5d23aeaad609624b309d10f8","occ_8a382aba1ffbb99c3cd839a8","1"
"route_5d23aeaad609624b309d10f8","occ_36414ecbfb2f59ac2a016ca5","10"
"route_5d23aeaad609624b309d10f8","occ_8312b0a3793a2695a02dc239","11"
"route_5d23aeaad609624b309d10f8","occ_ea69aa94b48fd79d9b21b945","2"
"route_5d23aeaad609624b309d10f8","occ_84b09bf81949c95a2fe11ca5","3"
"route_5d23aeaad609624b309d10f8","occ_c680042a7c63c1de6fdcefa0","4"
"route_5d23aeaad609624b309d10f8","occ_5b38a970fa2b6fb40fa03631","5"
"route_5d23aeaad609624b309d10f8","occ_3b9d2091349e20c76fa4ee0c","6"
"route_5d23aeaad609624b309d10f8","occ_c9ba892715e6419a0f18db77","7"
"route_5d23aeaad609624b309d10f8","occ_b82919f97a1380f0c9675704","8"
"route_5d23aeaad609624b309d10f8","occ_13d7f83431e7a2db4d627bc1","9"
"route_5d3563a8eccd015d3886daff","occ_2757ef47f6bad0b600a5f32b","1"
"route_5d7a1fb6f1764aef76804bb7","occ_7fc67bdd72103cb0c7ebf72f","1"
"route_5d7a1fb6f1764aef76804bb7","occ_31c1154090af34991f03c60c","2"
"route_5d7a1fb6f1764aef76804bb7","occ_962075dd0fcebdf9e4e008ce","3"
"route_5d99d96502f2d4d7dbc241dd","occ_0f5da8c152890c4f63a3d0eb","1"
"route_5d99d96502f2d4d7dbc241dd","occ_39e7203500b25f15a10921e1","10"
"route_5d99d96502f2d4d7dbc241dd","occ_aa39e7b394274424df220689","11"
"route_5d99d96502f2d4d7dbc241dd","occ_06d3705459096ed3cb401eaf","12"
"route_5d99d96502f2d4d7dbc241dd","occ_fbcd22350347cf0ac21b55ea","13"
"route_5d99d96502f2d4d7dbc241dd","occ_3fc0eafb7fd94e002b01e172","14"
"route_5d99d96502f2d4d7dbc241dd","occ_31fb1c623b315764257bca23","15"
"route_5d99d96502f2d4d7dbc241dd","occ_71a8a8ae3617e6cdb106ee7f","16"
"route_5d99d96502f2d4d7dbc241dd","occ_5cf9d4a7ea85c793c5d350c8","17"
"route_5d99d96502f2d4d7dbc241dd","occ_fb821f76bbfef5c287395872","18"
"route_5d99d96502f2d4d7dbc241dd","occ_ad52a13f2b0e59d4c3736a33","19"
"route_5d99d96502f2d4d7dbc241dd","occ_c5abc8adc23d556244edbff8","2"
"route_5d99d96502f2d4d7dbc241dd","occ_8ef0de56119a5ffc44daf10e","20"
"route_5d99d96502f2d4d7dbc241dd","occ_5ab78a37e1f36c2017a9f04f","21"
"route_5d99d96502f2d4d7dbc241dd","occ_ed5176556986acd6ee2c8a67","3"
"route_5d99d96502f2d4d7dbc241dd","occ_6a7ac4be68d068fd505b7872","4"
"route_5d99d96502f2d4d7dbc241dd","occ_e3118246d9f84cebd13ec219","5"
"route_5d99d96502f2d4d7dbc241dd","occ_37d4919cff15c2fda9bbd38c","6"
"route_5d99d96502f2d4d7dbc241dd","occ_b3e8c0c3d0822db92b920d5f","7"
"route_5d99d96502f2d4d7dbc241dd","occ_5f02c1f3dc14220fe78a3feb","8"
"route_5d99d96502f2d4d7dbc241dd","occ_985dbf416a11b2e1bf01c8b0","9"
"route_5d9ba684867838eb7e59ca97","occ_0963e945e1e961adb5ab9927","1"
"route_5dc663b37abf7965dca1eb38","occ_5c1a94498bbdbe9c14436dbb","1"
"route_5dff605965219e27a94a6860","occ_e3c63f43aed7c15ddc76ef84","1"
"route_5dff605965219e27a94a6860","occ_8c614b06d4816619ff987e2a","10"
"route_5dff605965219e27a94a6860","occ_7cc16d01a7f6443293b433db","11"
"route_5dff605965219e27a94a6860","occ_64f1719dbcd97ea3f14e477d","12"
"route_5dff605965219e27a94a6860","occ_0f8df521c376d317967a24ca","13"
"route_5dff605965219e27a94a6860","occ_b7f7c7505e5803831814b231","14"
"route_5dff605965219e27a94a6860","occ_5298a87f57e4328ade9e46bf","15"
"route_5dff605965219e27a94a6860","occ_21b54b3122834e7114e44583","16"
"route_5dff605965219e27a94a6860","occ_abbd740a09666b06d094ff97","17"
"route_5dff605965219e27a94a6860","occ_a82a794961d7c01c064e9f4a","18"
"route_5dff605965219e27a94a6860","occ_a3bb842be5edb021122ce4db","19"
"route_5dff605965219e27a94a6860","occ_4e9dfc4a1fc8ce91205d5efe","2"
"route_5dff605965219e27a94a6860","occ_ca693f95d7d89a0360b262d6","20"
"route_5dff605965219e27a94a6860","occ_07417defd36f35a8f106baeb","21"
"route_5dff605965219e27a94a6860","occ_817fe16facd469006c467fb1","22"
"route_5dff605965219e27a94a6860","occ_1a20552d7fd6d07e8d347c46","23"
"route_5dff605965219e27a94a6860","occ_d2a8841e86fabc846254345d","24"
"route_5dff605965219e27a94a6860","occ_6861dc8c5b6ec94349180f9b","3"
"route_5dff605965219e27a94a6860","occ_d371b911dbc8e2460f728b76","4"
"route_5dff605965219e27a94a6860","occ_862ea5eb8c986739bc11fa99","5"
"route_5dff605965219e27a94a6860","occ_b31ca0c6de551a8f4b641a40","6"
"route_5dff605965219e27a94a6860","occ_552025e857dada2a8dd012d2","7"
"route_5dff605965219e27a94a6860","occ_95c721317c4f966c57566380","8"
"route_5dff605965219e27a94a6860","occ_13bf7addcbb14096b9bf03ec","9"
"route_5eb0a6c4d8033dc1f61d85b3","occ_9b6adb6d496ad90274c1288d","1"
"route_5eb465c7b2fa5900b7d2ae94","occ_18f39a4556a166e80ab7a9b5","1"
"route_5f3b580a3805d6aa32e1d771","occ_00a969e15d9b95415aa2955b","1"
"route_5f3b580a3805d6aa32e1d771","occ_77b5fbacf09c5303f6ab1168","10"
"route_5f3b580a3805d6aa32e1d771","occ_c56f8c8e14235b1ecf5eed77","11"
"route_5f3b580a3805d6aa32e1d771","occ_df588af88afbed3ac69d0750","12"
"route_5f3b580a3805d6aa32e1d771","occ_291eadccd62c13f0e32549ed","13"
"route_5f3b580a3805d6aa32e1d771","occ_c0461cb326d8d2a71096511e","14"
"route_5f3b580a3805d6aa32e1d771","occ_f2019aad30b6ecf61b9b8c3e","15"
"route_5f3b580a3805d6aa32e1d771","occ_03417884f76b78de3350f3d8","16"
"route_5f3b580a3805d6aa32e1d771","occ_184d1a1268b7e6c46e8a4e59","17"
"route_5f3b580a3805d6aa32e1d771","occ_aef795e6158492eea2fb8ed7","18"
"route_5f3b580a3805d6aa32e1d771","occ_dfd8ab4b788396090b581320","19"
"route_5f3b580a3805d6aa32e1d771","occ_1130ff0595eb295a3efd0bff","2"
"route_5f3b580a3805d6aa32e1d771","occ_d4526993901505d739ecee45","20"
"route_5f3b580a3805d6aa32e1d771","occ_d7b01172df4c484578114256","21"
"route_5f3b580a3805d6aa32e1d771","occ_31945570f710b165697b4b48","22"
"route_5f3b580a3805d6aa32e1d771","occ_aeaf27b2653ac77f35551cb0","23"
"route_5f3b580a3805d6aa32e1d771","occ_88b6acb83b3c783738b978ce","24"
"route_5f3b580a3805d6aa32e1d771","occ_887535b41e6c2bb66bb93ae6","25"
"route_5f3b580a3805d6aa32e1d771","occ_47b920bd064271240ba0fe7c","26"
"route_5f3b580a3805d6aa32e1d771","occ_cfed45dcd1e84062c89335a7","27"
"route_5f3b580a3805d6aa32e1d771","occ_6a3dd3f2231473eadc929b99","28"
"route_5f3b580a3805d6aa32e1d771","occ_75c4a44a30f934ec2f36ae7d","29"
"route_5f3b580a3805d6aa32e1d771","occ_eeff15ffd1fb0dc9ea79c31a","3"
"route_5f3b580a3805d6aa32e1d771","occ_789061008a5322bf501f00b6","4"
"route_5f3b580a3805d6aa32e1d771","occ_7c4c982e75a3c517507a392d","5"
"route_5f3b580a3805d6aa32e1d771","occ_94ec819efc7d90e061c2935c","6"
"route_5f3b580a3805d6aa32e1d771","occ_d9568b71846ffe8d71a53edc","7"
"route_5f3b580a3805d6aa32e1d771","occ_7af74dc0dfd0aaf564353db5","8"
"route_5f3b580a3805d6aa32e1d771","occ_402f08fbd8fe470ccb48c2ef","9"
"route_5f46753da294a2fd1aae4820","occ_60b29634f3b40fd9d45e83eb","1"
"route_5fa5f7f5a90d17332d731814","occ_cccccddf21a3a3a452573431","1"
"route_5fa5f7f5a90d17332d731814","occ_0649f6a11d610df7292afa86","10"
"route_5fa5f7f5a90d17332d731814","occ_0021e3ca74098696fd33c6bc","11"
"route_5fa5f7f5a90d17332d731814","occ_1c317b65e6472675a5ddfd07","12"
"route_5fa5f7f5a90d17332d731814","occ_d416cd007c3ff9e314043a30","13"
"route_5fa5f7f5a90d17332d731814","occ_dbeec7890f3ea8aa65646f78","14"
"route_5fa5f7f5a90d17332d731814","occ_2da515dbf8eeea38a07ba12d","2"
"route_5fa5f7f5a90d17332d731814","occ_b47b8b93de091fbf5660c548","3"
"route_5fa5f7f5a90d17332d731814","occ_5ffdb2374369eea7abcbf370","4"
"route_5fa5f7f5a90d17332d731814","occ_51a8c8467249f2ae5d297cec","5"
"route_5fa5f7f5a90d17332d731814","occ_88731d6cc000a7bb1fe2617a","6"
"route_5fa5f7f5a90d17332d731814","occ_c9f9be460986153b14ddf12d","7"
"route_5fa5f7f5a90d17332d731814","occ_e3e556fb0e57c266ed7f93de","8"
"route_5fa5f7f5a90d17332d731814","occ_0c607ca249ce89675c17c041","9"
"route_5fb07d2c1458e680d68b8bea","occ_ad2fd606ffa6125297532b32","1"
"route_5fb07d2c1458e680d68b8bea","occ_2ed803c51d863e8b032f1d72","2"
"route_5fb07d2c1458e680d68b8bea","occ_073fc79b13bd5ab5afaf612d","3"
"route_5fb07d2c1458e680d68b8bea","occ_fb9ee8cd146401f108982805","4"
"route_5fb07d2c1458e680d68b8bea","occ_72427d064539d7b66a2e65c6","5"
"route_5fb313eda3e6d9836fc4fd10","occ_773d05f60924084bcdb401ba","1"
"route_5fb313eda3e6d9836fc4fd10","occ_7e67bccf464d6f433372c3a7","10"
"route_5fb313eda3e6d9836fc4fd10","occ_32705df5ca4d11550fc26575","11"
"route_5fb313eda3e6d9836fc4fd10","occ_9d31bd3b16e4cffcd7027f3e","12"
"route_5fb313eda3e6d9836fc4fd10","occ_f0da29df3a6a204e1e1a8b5e","13"
"route_5fb313eda3e6d9836fc4fd10","occ_4d1e7d97d475a09f1066a823","14"
"route_5fb313eda3e6d9836fc4fd10","occ_66d25c34112a8d7c6a84a9b3","15"
"route_5fb313eda3e6d9836fc4fd10","occ_16df5bd74ab1eaaabd68675e","16"
"route_5fb313eda3e6d9836fc4fd10","occ_09e388cef918e2b52e379c1f","2"
"route_5fb313eda3e6d9836fc4fd10","occ_5d07adf669ede3b81ba76dee","3"
"route_5fb313eda3e6d9836fc4fd10","occ_ea3d718ee0bbc4fc5d4c9e71","4"
"route_5fb313eda3e6d9836fc4fd10","occ_4c662306764af062086737d9","5"
"route_5fb313eda3e6d9836fc4fd10","occ_f06c712ffd8b69acc274fb04","6"
"route_5fb313eda3e6d9836fc4fd10","occ_3d9387f36613e0325e3b690b","7"
"route_5fb313eda3e6d9836fc4fd10","occ_23bc45e3a486a92094729971","8"
"route_5fb313eda3e6d9836fc4fd10","occ_c1cf0421e5d70a6b83954ac5","9"
"route_5fc32a404f1bc6b997dc1be0","occ_447bf71ca0e988002111c853","1"
"route_5fc32a404f1bc6b997dc1be0","occ_a7cc95d52d8b94f4cbd9583e","2"
"route_5fc32a404f1bc6b997dc1be0","occ_ae02030057f0ae8972708496","3"
"route_5fc7c4543a75746fc16d2359","occ_fa219e7615c91e4fe425f73a","1"
"route_5fc8135366598c70782d63e1","occ_87d05bab38acc010294dd3e6","1"
"route_5fc8135366598c70782d63e1","occ_e5b234b2b38ecede5a54ae9e","10"
"route_5fc8135366598c70782d63e1","occ_17425113080ecc0440e1e529","11"
"route_5fc8135366598c70782d63e1","occ_1f1bc77d5fc093293283fa8f","12"
"route_5fc8135366598c70782d63e1","occ_4814b7346eb4adc45f36878b","2"
"route_5fc8135366598c70782d63e1","occ_7305b82a4abfc0573f3c19e9","3"
"route_5fc8135366598c70782d63e1","occ_0b3293563418665468753c7d","4"
"route_5fc8135366598c70782d63e1","occ_c8de137652e60c3fbdbd2da6","5"
"route_5fc8135366598c70782d63e1","occ_9499276aeb5e4557c2104ad4","6"
"route_5fc8135366598c70782d63e1","occ_0746528d8480381b261054bc","7"
"route_5fc8135366598c70782d63e1","occ_9d6aa536354bfce0c63e59e0","8"
"route_5fc8135366598c70782d63e1","occ_924687abf998c4ff0fc61177","9"
"route_5ffb64949a24742c78faf9e9","occ_185c9bb1f5cd75dabac2f173","1"
"route_5fff4e947c77f6885138d8a1","occ_0ad5a6120a2129f13fd48a9b","1"
"route_5fff4e947c77f6885138d8a1","occ_537cad103c244920b8e5b853","10"
"route_5fff4e947c77f6885138d8a1","occ_a49c6c89acaf84d7b8632923","11"
"route_5fff4e947c77f6885138d8a1","occ_1d1132b03530cebcca14d29b","12"
"route_5fff4e947c77f6885138d8a1","occ_cc40efa4ee1d3f8dc9c4ab9c","13"
"route_5fff4e947c77f6885138d8a1","occ_5ac12f8802ec8b4b95aa7f48","14"
"route_5fff4e947c77f6885138d8a1","occ_2f2d1e3aabced20fb0df8196","15"
"route_5fff4e947c77f6885138d8a1","occ_b90ec224e235c383fe1a6a64","16"
"route_5fff4e947c77f6885138d8a1","occ_be9b5f9e63f43251e6dfbfba","17"
"route_5fff4e947c77f6885138d8a1","occ_8015bbbebe018b2ba694fe27","18"
"route_5fff4e947c77f6885138d8a1","occ_7aa742e25ad151afcec3cd77","19"
"route_5fff4e947c77f6885138d8a1","occ_50f25d09aec44ac03cc1cacb","2"
"route_5fff4e947c77f6885138d8a1","occ_386e9a502d3f097d4250ec72","20"
"route_5fff4e947c77f6885138d8a1","occ_8205670ad874c8727d3f3dfe","3"
"route_5fff4e947c77f6885138d8a1","occ_65d278738745ed82a2d21e93","4"
"route_5fff4e947c77f6885138d8a1","occ_6bba3019e3c22b4e2c43f2a4","5"
"route_5fff4e947c77f6885138d8a1","occ_41ab90a94639bbd65457b00f","6"
"route_5fff4e947c77f6885138d8a1","occ_1e42c7cee6627984c8ec11ab","7"
"route_5fff4e947c77f6885138d8a1","occ_d88193081195977a01f1ee25","8"
"route_5fff4e947c77f6885138d8a1","occ_b5061730782d8b652e3f9e8e","9"
"route_6004f40121ca6c88d3ed1a36","occ_ec9d91b500b6ed9fb3484de2","1"
"route_6004f40121ca6c88d3ed1a36","occ_3a9535b794b5aa443b66b36b","2"
"route_6004f40121ca6c88d3ed1a36","occ_82951af3f3936801bcecf404","3"
"route_6004f40121ca6c88d3ed1a36","occ_ba05fa7d858f94e126086e5e","4"
"route_6004f40121ca6c88d3ed1a36","occ_705580e8c8d0238637935d64","5"
"route_6004f40121ca6c88d3ed1a36","occ_9789dca0403c8a66827a20e6","6"
"route_6004f40121ca6c88d3ed1a36","occ_dde2709997ecd699644bcec8","7"
"route_6026ec44b779bf32a646e455","occ_6eb4afb20d341357230586a4","1"
"route_6026ec44b779bf32a646e455","occ_69d4af876090f2ab749b2796","10"
"route_6026ec44b779bf32a646e455","occ_df17a60a6e5c9894700386f3","11"
"route_6026ec44b779bf32a646e455","occ_4a844e759bb49dff52ab2b50","12"
"route_6026ec44b779bf32a646e455","occ_cd2df58aa49d8eca8afc2b52","13"
"route_6026ec44b779bf32a646e455","occ_a763d882a8c0a8b2ab3ea547","2"
"route_6026ec44b779bf32a646e455","occ_f9c14c5079ab57cdbb86aede","3"
"route_6026ec44b779bf32a646e455","occ_4f0d22165c7494885ecb3e0c","4"
"route_6026ec44b779bf32a646e455","occ_6ff62b9dc52f578b1e897db6","5"
"route_6026ec44b779bf32a646e455","occ_4b3240bd7ea740d0a6032685","6"
"route_6026ec44b779bf32a646e455","occ_9f9789542e138dc8730ec291","7"
"route_6026ec44b779bf32a646e455","occ_3a7dbb7f8390d7e293a427bb","8"
"route_6026ec44b779bf32a646e455","occ_1e7c7a0e1d2cd4ff2fd30257","9"
"route_6031f1a3e799be50f07d8aab","occ_66d32a28db1a5d75cb603f16","1"
"route_603956a5f2ea6e1b01ec18bc","occ_ac0460e665e354ff2ec61d23","1"
"route_603b9d01bac1c9b9979966ee","occ_a7df3c49a82a19abaceb1b30","1"
"route_606074c43c56491399659674","occ_bb58ade6969b9bf857883264","1"
"route_609e184818b82b0ba496759d","occ_a9d18b9bd8e0bd302145b941","1"
"route_60acd32daee5483ce7f366a0","occ_d1a12cc831cf42a0b5caa6f8","1"
"route_60ae07bc305487e468182115","occ_1c7a2c9a1aed6aea7cc1f051","1"
"route_611bf83a31c1bf085f4d8c40","occ_a07cd639c22d376306667ffe","1"
"route_616ff7a058a40d3da6b48ff2","occ_fe7600d2a8c8d4ad16feed1f","1"
"route_6192cb1104ba451fe4f3b8e4","occ_c21840c5b8e470a8b8239f95","1"
"route_61cf97a727ce7a60cd9ef661","occ_33e28bad89b15eeedf216a4c","1"
"route_61dc864b70acae106a10c57a","occ_cf7e38dae827f83428890ea5","1"
"route_61dc864b70acae106a10c57a","occ_da631c8ae0959ff39d7e7a51","2"
"route_61dc864b70acae106a10c57a","occ_7fd62d3123088b538a480ba5","3"
"route_61dc864b70acae106a10c57a","occ_fd635f1743260ff8e0e62b11","4"
"route_620f9994aff86a765dc14738","occ_29034b9fc2edb85911471c9d","1"
"route_6233968b6257f302fa19930f","occ_4608cb087541d499e61e488c","1"
"route_62695897c992143241074119","occ_a60270c21de800724b0dee00","1"
"route_62be08df062fd034ed3e88e4","occ_4b9f34b9cf3206861eea4b40","1"
"route_62be08df062fd034ed3e88e4","occ_b7d2e194cd3db7fd18a0a3c7","10"
"route_62be08df062fd034ed3e88e4","occ_dcf6ce2e214b12e72c535c08","11"
"route_62be08df062fd034ed3e88e4","occ_d33b897b1add883167f39d95","12"
"route_62be08df062fd034ed3e88e4","occ_a3d5b9afaf73eb497f3be433","2"
"route_62be08df062fd034ed3e88e4","occ_2ab3690a6d81bd1ebf602029","3"
"route_62be08df062fd034ed3e88e4","occ_f30b8443b8b25e9024c96be9","4"
"route_62be08df062fd034ed3e88e4","occ_44f31edd5b8f1d120426cf50","5"
"route_62be08df062fd034ed3e88e4","occ_d3899883c2291e24f7f32257","6"
"route_62be08df062fd034ed3e88e4","occ_2481263e70ebce0ff9a6fdc2","7"
"route_62be08df062fd034ed3e88e4","occ_a45993568d02a66ea6b4e719","8"
"route_62be08df062fd034ed3e88e4","occ_4a7c33777a8d9db300eafd90","9"
"route_62c24496707d00698de7e0dd","occ_2325b6aca43eb6bc7c9cb736","1"
"route_62c3e9faa1981a0351cbf105","occ_7733845840be46eb589289fd","1"
"route_63962dd8537747fe88a29d51","occ_04b8d8ab196583e67eb6e242","1"
"route_63aac90eac0d2db4a813948a","occ_ad8c17ef083e783d27eff814","1"
"route_63b156547d7aae44854ffc38","occ_75e363c0168d1a9f8b1fdb55","1"
"route_63b156547d7aae44854ffc38","occ_70ce2a3b3c62ab4810681956","10"
"route_63b156547d7aae44854ffc38","occ_4a044dcf635cace92f822f51","11"
"route_63b156547d7aae44854ffc38","occ_1abccbe97602b03863c34577","12"
"route_63b156547d7aae44854ffc38","occ_73b836c618ef816644304865","2"
"route_63b156547d7aae44854ffc38","occ_cd9e89484ed8defb4f8072ab","3"
"route_63b156547d7aae44854ffc38","occ_0620fdc4c246d572ee4e618b","4"
"route_63b156547d7aae44854ffc38","occ_a4b51552a59faaa5499fa234","5"
"route_63b156547d7aae44854ffc38","occ_ae3a6344528d1ede1a1b28b0","6"
"route_63b156547d7aae44854ffc38","occ_f35837190ad3018c546010fc","7"
"route_63b156547d7aae44854ffc38","occ_47260f900a9b01099334c77d","8"
"route_63b156547d7aae44854ffc38","occ_1edfad87d8f867dd1ff92934","9"
"route_63e6dacab52d3d36c83cbe3e","occ_7a9a5d219d9466542ef02f51","1"
"route_63e6dacab52d3d36c83cbe3e","occ_b29ba4bf103c5fd6bea8b3f8","10"
"route_63e6dacab52d3d36c83cbe3e","occ_571516f5e4de6fa166753fa7","11"
"route_63e6dacab52d3d36c83cbe3e","occ_e748736281f3f6e6750622c8","12"
"route_63e6dacab52d3d36c83cbe3e","occ_27829eb20b7b5e44134161b9","13"
"route_63e6dacab52d3d36c83cbe3e","occ_940f7057c87132785014c139","2"
"route_63e6dacab52d3d36c83cbe3e","occ_50cd352e7ec3ecccb357c4c0","3"
"route_63e6dacab52d3d36c83cbe3e","occ_f67fe58f9be429e647150d8d","4"
"route_63e6dacab52d3d36c83cbe3e","occ_d8d07bf1ba008959fde9cd25","5"
"route_63e6dacab52d3d36c83cbe3e","occ_689fe66de4efc068beb1f535","6"
"route_63e6dacab52d3d36c83cbe3e","occ_00aeec8df61b1f3312922661","7"
"route_63e6dacab52d3d36c83cbe3e","occ_c618ce53afce4b57bc2854fa","8"
"route_63e6dacab52d3d36c83cbe3e","occ_2fc9ee55e97ab0cdd5ca3053","9"
"route_641a2d6e504bea502bc9605d","occ_bbdc9bdc4f12af575dcb21f4","1"
"route_644dba69ef1d21de09c9a392","occ_85ccfb8e444606772443fac3","1"
"route_645d7ac3960520835f0a093a","occ_463860c72d721ebe32a901a7","1"
"route_6463641a7612640c52b046eb","occ_5634a1592c9b68ddeff552cb","1"
"route_647351f113dca5757879c890","occ_dbc63413a52b205d482a8eb4","1"
"route_647351f113dca5757879c890","occ_e13f14b082b62dc5fd7febee","2"
"route_647351f113dca5757879c890","occ_b599cc83746505c89951ef8c","3"
"route_647351f113dca5757879c890","occ_f9f8d55c1251b5176eca0a84","4"
"route_647351f113dca5757879c890","occ_9b2d605898a90c161d1ee8a7","5"
"route_64780bddbcbace7596c6deca","occ_b876fce828a5fcc175d734d0","1"
"route_6492b6038e473c40bee9e71c","occ_cf886583bf491cf0004c6c3c","1"
"route_6493d22ce84b692a18d1f61e","occ_7ba994e1540ff890b9216e30","1"
"route_64dcef6c4f51f0814a96816c","occ_2a37317821f340cae3940e66","1"
"route_64dcef6c4f51f0814a96816c","occ_77718d2c95b0207675a089c0","2"
"route_64dcef6c4f51f0814a96816c","occ_51529117010fadfcf095f5e7","3"
"route_64dcef6c4f51f0814a96816c","occ_8b909cd6db7c12cac31ff2c2","4"
"route_64dcef6c4f51f0814a96816c","occ_779f6fbe3ab830248239a824","5"
"route_64fba27d11487d20a432a09f","occ_888baa2ea8021801ed54f588","1"
"route_650f569b272d3b8ec01d36d0","occ_3ddaf064f93d9c9dc704f661","1"
"route_650f569b272d3b8ec01d36d0","occ_3bdd6a900be774673c6feedf","2"
"route_650f569b272d3b8ec01d36d0","occ_b05854bad86d6437346bcfa7","3"
"route_650f569b272d3b8ec01d36d0","occ_5ff0cc82a655f52826221dc2","4"
"route_650f569b272d3b8ec01d36d0","occ_dfd9c312e666a9eec97328e9","5"
"route_6513b9d0ef1700a46fc62126","occ_018c969cee532065fc50f27e","1"
"route_654caf716fe10de5bd178e62","occ_50d86bd6cdac744b99f9c593","1"
"route_654caf716fe10de5bd178e62","occ_430546bc45b13f050bf4b0f6","2"
"route_654caf716fe10de5bd178e62","occ_dc9477961571caedede7f4de","3"
"route_654caf716fe10de5bd178e62","occ_ee447b76ac919deb93fc734c","4"
"route_654caf716fe10de5bd178e62","occ_4a8730ba039f5c747a1a044b","5"
"route_65564afe2bf76bead3a47534","occ_a9df2731f23bc7dd68c1be7e","1"
"route_6572ce4c676ca91b4f9eff45","occ_f6806f07c73f4ee3b13d3859","1"
"route_6572ce4c676ca91b4f9eff45","occ_97f111a84944f692e3186e63","10"
"route_6572ce4c676ca91b4f9eff45","occ_05eea97243024d4e75452417","11"
"route_6572ce4c676ca91b4f9eff45","occ_bbaf9efa3da1034e8d853a42","12"
"route_6572ce4c676ca91b4f9eff45","occ_e4d2dfb0927d214df84a821a","13"
"route_6572ce4c676ca91b4f9eff45","occ_37eb90e672cef2203ef60c0c","14"
"route_6572ce4c676ca91b4f9eff45","occ_e7c2b624e1dfcfdf89bc562d","15"
"route_6572ce4c676ca91b4f9eff45","occ_f2f7ca4771a871c158c0b9d0","2"
"route_6572ce4c676ca91b4f9eff45","occ_dc075c8c3cc848b8dc918b16","3"
"route_6572ce4c676ca91b4f9eff45","occ_2eccd2bbb2ddd6366ff62a68","4"
"route_6572ce4c676ca91b4f9eff45","occ_9f8dab5391f17ce1c68fd42e","5"
"route_6572ce4c676ca91b4f9eff45","occ_7d22e97323a1b6bebd966e11","6"
"route_6572ce4c676ca91b4f9eff45","occ_1265b40feae055e5e3903b28","7"
"route_6572ce4c676ca91b4f9eff45","occ_6956a03c63228932310571a0","8"
"route_6572ce4c676ca91b4f9eff45","occ_7b93fdfc1f2e1cbbf953896e","9"
"route_6588aeae65be76bce47b8706","occ_f701d7ff1736f4fa43eb1720","1"
"route_65cf22a2bd9b37c92ab030f2","occ_01a2db7e8ceaf785c52d47c3","1"
"route_65d8e26bdb6b0977363e45bd","occ_ce0572f94bfb2f08a490aa4b","1"
"route_66051eae5478c775c02b0d96","occ_f0b60c902e8bd6bea6a46ef0","1"
"route_664aa44add4932e9ac13bd32","occ_f702045f312e82af1e670456","1"
"route_66500666ea7438b3881739b9","occ_b4a1a6ea903b8cca11a76d8b","1"
"route_66500666ea7438b3881739b9","occ_c82a3ef8f8c0f2b8c534a157","10"
"route_66500666ea7438b3881739b9","occ_b396fe66f629d92809b7f5c1","11"
"route_66500666ea7438b3881739b9","occ_5d4c278b4883c597184bed81","2"
"route_66500666ea7438b3881739b9","occ_b45e269ed7dea3eb41e67eaa","3"
"route_66500666ea7438b3881739b9","occ_34d715ffc2c5bd151c7cf7c7","4"
"route_66500666ea7438b3881739b9","occ_02a482a9979aa5ac555ed7c6","5"
"route_66500666ea7438b3881739b9","occ_386cb946fe75cd36712d090c","6"
"route_66500666ea7438b3881739b9","occ_a7566b935d85add8f36bcd95","7"
"route_66500666ea7438b3881739b9","occ_6196b6c07bce1e3180018037","8"
"route_66500666ea7438b3881739b9","occ_0255eafe38255ef6dcd6fad5","9"
"route_6683f0876f5d676ed21cdc21","occ_7ac37a71ddd14643a4a0ed2b","1"
"route_66875d7e71fac8d8da735614","occ_06e958d567351b90ae4e390c","1"
"route_669c709a59e8a66f1400f459","occ_f44295c6525b0c9ce0072a47","1"
"route_66a3c4939c46883a5822e2f0","occ_c8b861261f0da4ecc7d3d107","1"
"route_66b8df095401b9a74d959374","occ_573cb3196842ab9393653f99","1"
"route_66b9b0b144392ed1446bb233","occ_2e3c6f360022307ac8e803fe","1"
"route_66b9b0b144392ed1446bb233","occ_c69ac4d7144540c35e08aac2","2"
"route_66b9b0b144392ed1446bb233","occ_6eec6b50a6044557f41840f8","3"
"route_66b9b0b144392ed1446bb233","occ_7377710225fb74f97fc9910b","4"
"route_66b9b0b144392ed1446bb233","occ_6f2556ed6c7dfa865390ecca","5"
"route_66b9b0b144392ed1446bb233","occ_74f35851e98886713f0dbe1f","6"
"route_66b9b0b144392ed1446bb233","occ_aa4383febe369a58af1e8c40","7"
"route_66c95bda51a600b128827716","occ_1125d557cb592279d4f1256d","1"
"route_66d0669f55419e3dd21f3710","occ_70eb0ca307e245a7872196f8","1"
"route_67184817d2ad0272f3dacab2","occ_02fe1f2d2c71c45dc70bb32b","1"
"route_67184817d2ad0272f3dacab2","occ_d695466a7e462b58e75a2fd9","10"
"route_67184817d2ad0272f3dacab2","occ_ded98823e2e76b5dc32a2281","11"
"route_67184817d2ad0272f3dacab2","occ_579fb54fa2a303fe45f6a00e","2"
"route_67184817d2ad0272f3dacab2","occ_28f529767688b9872a2c8e6e","3"
"route_67184817d2ad0272f3dacab2","occ_a9b4dc9d09aced88e66e32e6","4"
"route_67184817d2ad0272f3dacab2","occ_662a87965d7775cb6e926c14","5"
"route_67184817d2ad0272f3dacab2","occ_09371abe9d44638988ec9ebb","6"
"route_67184817d2ad0272f3dacab2","occ_47386e05ab1c8910517273f6","7"
"route_67184817d2ad0272f3dacab2","occ_461e8cff25593333857ac4d3","8"
"route_67184817d2ad0272f3dacab2","occ_c54b2120ea4db472dafa6d30","9"
"route_67224a8df6449312d5e295ca","occ_672e8a0d3f566cd4bc240467","1"
"route_673c9693d8f9a5369885e363","occ_c29a2f2e03f1410969ad5622","1"
"route_6746008c14b18bd44b616edb","occ_6bf726bd9f8091339d4fac4a","1"
"route_67467b5370b9c469b742e677","occ_e687fc532bca8f1efd9ceb63","1"
"route_67467b5370b9c469b742e677","occ_a243c6dd70adf328b04986f6","10"
"route_67467b5370b9c469b742e677","occ_b10fa306355387e95a55b82f","11"
"route_67467b5370b9c469b742e677","occ_b3e4cbd2cde1284be68c38b4","12"
"route_67467b5370b9c469b742e677","occ_f10b5efd53ed93de92a0b9f9","13"
"route_67467b5370b9c469b742e677","occ_76cfcc784b66fe6f4f176788","2"
"route_67467b5370b9c469b742e677","occ_0d096feb4559abdede415f76","3"
"route_67467b5370b9c469b742e677","occ_04294de4d8849e6687a5642c","4"
"route_67467b5370b9c469b742e677","occ_14ac94a92ac0b85db98bc5a9","5"
"route_67467b5370b9c469b742e677","occ_3ef3ab9a4102edf85406ad4f","6"
"route_67467b5370b9c469b742e677","occ_01bad21ab9762bf3f72266ef","7"
"route_67467b5370b9c469b742e677","occ_be3d0771ee861f8350cb5848","8"
"route_67467b5370b9c469b742e677","occ_515a4a1b34be21d0dbac044d","9"
"route_681717612677db70064cbcf8","occ_27b169de9b1e541677590679","1"
"route_681717612677db70064cbcf8","occ_79fe7f40328014c67709d411","10"
"route_681717612677db70064cbcf8","occ_aaaf56086da456a8cd8b6d73","11"
"route_681717612677db70064cbcf8","occ_4af193daaa4683174b7f3f51","12"
"route_681717612677db70064cbcf8","occ_c06ad8855c5f8f4026f8c3f3","13"
"route_681717612677db70064cbcf8","occ_e439049d6ae4fe62751f6179","2"
"route_681717612677db70064cbcf8","occ_1435a3c24b42cb79a846c805","3"
"route_681717612677db70064cbcf8","occ_e8557436b7fe1a39a7b0b5f9","4"
"route_681717612677db70064cbcf8","occ_e3fcc54d05520804eb666c0c","5"
"route_681717612677db70064cbcf8","occ_2a4cc45906582d517c8df3d7","6"
"route_681717612677db70064cbcf8","occ_46a7c1dfe323fe253316e4fb","7"
"route_681717612677db70064cbcf8","occ_55e24a097e075e11eb47ae7e","8"
"route_681717612677db70064cbcf8","occ_32d4b28f271d166159bcb984","9"
"route_6819ee33a446d422fcdd6a25","occ_fc1c7a6eec6ba99a031ce664","1"
"route_6820734e7633ae174cb56e01","occ_2ebbf8924ec910f3b4855b66","1"
"route_6828fbaeb1f168fada036ab4","occ_4e1d44c5f6e28e8a8ddb2581","1"
"route_684e08406685ae22f479b792","occ_ff97c85c35d6f68bd8982221","1"
"route_68dd045e611c3d1f438c3b8f","occ_0bd4cc032ce7fc6f11d831a9","1"
"route_68de764e461c138e627831b6","occ_089777f17c82ed4b897501a2","1"
"route_690901435f4292868157dcbf","occ_37ce316528a17a16f326b3ed","1"
"route_690901435f4292868157dcbf","occ_69f11e35d1d28f870b8f64bb","10"
"route_690901435f4292868157dcbf","occ_44476902cf773ae7204e428f","11"
"route_690901435f4292868157dcbf","occ_daf9eb0c7315d845c5386c8a","12"
"route_690901435f4292868157dcbf","occ_8f2f5760192b2fd4c6377635","13"
"route_690901435f4292868157dcbf","occ_24516cfc55ce0c081df1cd49","14"
"route_690901435f4292868157dcbf","occ_36ec95a40e9284e43aa3c13c","15"
"route_690901435f4292868157dcbf","occ_3b967538875af6903ac80bdc","16"
"route_690901435f4292868157dcbf","occ_b22808cee599a1228e857474","17"
"route_690901435f4292868157dcbf","occ_dd15f13c8283e87362f8abcd","18"
"route_690901435f4292868157dcbf","occ_7c3e06e68025d209ab189167","19"
"route_690901435f4292868157dcbf","occ_4e306c81209f732100ea10f4","2"
"route_690901435f4292868157dcbf","occ_b6b27d6b0c954335ede95630","20"
"route_690901435f4292868157dcbf","occ_d465c67273a8d30f8ba9b39c","21"
"route_690901435f4292868157dcbf","occ_e940bab19512f77f4465a98b","22"
"route_690901435f4292868157dcbf","occ_2a6e3ccb8d7e8f043ba57faf","23"
"route_690901435f4292868157dcbf","occ_168f95ca79b8914fae874176","24"
"route_690901435f4292868157dcbf","occ_bee3639daf922a80c1e1a647","3"
"route_690901435f4292868157dcbf","occ_1c62e0a4904ea2f0d5e19407","4"
"route_690901435f4292868157dcbf","occ_2cacd27cd8649c07ebdd1818","5"
"route_690901435f4292868157dcbf","occ_95cb9cb70454307092a6f49f","6"
"route_690901435f4292868157dcbf","occ_b7facb523cc7864a8d5d84aa","7"
"route_690901435f4292868157dcbf","occ_afdd5000a3bd7a14bdd311fb","8"
"route_690901435f4292868157dcbf","occ_f0e68f5a34aeb667427bb265","9"
"route_692389e687eb58b1a2e93d9f","occ_4f370a072a9c0c4013fcaf77","1"
"route_6928b408a6eff4dc00a88f00","occ_5c55940876c35517f1a51457","1"
"route_6928b408a6eff4dc00a88f00","occ_2b334a5f7157e157b0b47997","10"
"route_6928b408a6eff4dc00a88f00","occ_fd14ed89addc00633a4aaf8c","11"
"route_6928b408a6eff4dc00a88f00","occ_95804f17ad6227e656b54241","12"
"route_6928b408a6eff4dc00a88f00","occ_35a8e3ad9e267ad2fadc2439","13"
"route_6928b408a6eff4dc00a88f00","occ_033055fd6ba5a83e2886f03d","14"
"route_6928b408a6eff4dc00a88f00","occ_041fa66028b3d832596afdd9","2"
"route_6928b408a6eff4dc00a88f00","occ_c249a3d1f9e77124adb3f4b5","3"
"route_6928b408a6eff4dc00a88f00","occ_e52a4ef677b63558ef3560d5","4"
"route_6928b408a6eff4dc00a88f00","occ_b01857abe3debb92d87ef220","5"
"route_6928b408a6eff4dc00a88f00","occ_b392fa4949357035d1d6f315","6"
"route_6928b408a6eff4dc00a88f00","occ_7cbdc7ce45c8168ae07d206b","7"
"route_6928b408a6eff4dc00a88f00","occ_9bca3167d4fe8740940c3bea","8"
"route_6928b408a6eff4dc00a88f00","occ_de9b7d188aac34d850ab394f","9"
"route_692deff5887e1ab83ac8c734","occ_12f2756033cc3ea7774607fa","1"
"route_692deff5887e1ab83ac8c734","occ_e499ec68f0fb5741c16101a9","2"
"route_692deff5887e1ab83ac8c734","occ_0651977cce44a21943cb4c3c","3"
"route_692deff5887e1ab83ac8c734","occ_868eb72e041c763f458ce542","4"
"route_692deff5887e1ab83ac8c734","occ_c771bcf2bfeb06c8434984c7","5"
"route_69856ee728babbb83e3d9032","occ_1598ad2336f782962e3041b2","1"
"route_69dad25696d9f9af34fdce0d","occ_9b718b42196c481162074f9b","1"
"route_6a18c45bd681d44a5851b66f","occ_e826e2ebd9b3eafaae0e9ff2","1"
"route_6a4472528442570b9bd5d8b7","occ_a15fecb1ae7c48c75a0a247d","1"
"route_6a4645c76ee124081824ee75","occ_2b52bc28e21cec07121edd44","1"
"route_6a495b5ed0d736f8a9893e98","occ_6568212de4d89a61ec56c130","1"
"route_6a537f096e033856bc5bcb0c","occ_beb5104c29abae42527105ee","1"
"route_6a537f096e033856bc5bcb0c","occ_887fddf869f4469b281bb778","10"
"route_6a537f096e033856bc5bcb0c","occ_e4b505077af85ea4068b174e","11"
"route_6a537f096e033856bc5bcb0c","occ_c88690ed51446f4e1cdd8dcf","12"
"route_6a537f096e033856bc5bcb0c","occ_efc334052f4a6f80d9b6e305","2"
"route_6a537f096e033856bc5bcb0c","occ_ed18972baf0203f534308256","3"
"route_6a537f096e033856bc5bcb0c","occ_cc3b8787a6bbe5e1e8517688","4"
"route_6a537f096e033856bc5bcb0c","occ_b8c79b9c6fc76903bf65c2b2","5"
"route_6a537f096e033856bc5bcb0c","occ_86016d7cf233bfc6dc9c46ea","6"
"route_6a537f096e033856bc5bcb0c","occ_8b2457e58fb1d84a838c0e57","7"
"route_6a537f096e033856bc5bcb0c","occ_25b9618fd3926f6b53643658","8"
"route_6a537f096e033856bc5bcb0c","occ_d1742f088824de25b4f56724","9"
"route_6a66719097859db3913513c3","occ_cbd9a09bd1c080eee06b53e8","1"
"route_6a717c398dd4ae4b69960839","occ_54063f81687b583c2bdb3cdc","1"
"route_6a7fd072ae1521826a37581b","occ_5c5a4fe0111df6e996e6c4cb","1"
"route_6aa112c2691b9f72e158b816","occ_183e0abcec2afbc32ebb3bd2","1"
"route_6aa112c2691b9f72e158b816","occ_154063fa2e427ea262836a9c","2"
"route_6aa112c2691b9f72e158b816","occ_4dbf016536445cffc92eb638","3"
"route_6aa112c2691b9f72e158b816","occ_9d9db03984b30b404415c2f1","4"
"route_6aa112c2691b9f72e158b816","occ_cb8cf4ca4700a6a652c919e7","5"
"route_6aa112c2691b9f72e158b816","occ_18436a48518b4ef35f1ccc3a","6"
"route_6aad05f423b2856d48bfd09c","occ_4c7f248b9b54750f24bd461e","1"
"route_6aad05f423b2856d48bfd09c","occ_525a06cfdbd0b469e8574bd2","10"
"route_6aad05f423b2856d48bfd09c","occ_1899469d400f7e1ea0a3d4b3","11"
"route_6aad05f423b2856d48bfd09c","occ_45996ceb5683891da52ddcda","2"
"route_6aad05f423b2856d48bfd09c","occ_ab637d9aed5d550eaafeaba5","3"
"route_6aad05f423b2856d48bfd09c","occ_cc5f0f915be26c95155d1f57","4"
"route_6aad05f423b2856d48bfd09c","occ_3dfa74ba1f7808ad7b55b62b","5"
"route_6aad05f423b2856d48bfd09c","occ_1a490f6f7be26d70a40cef15","6"
"route_6aad05f423b2856d48bfd09c","occ_d0d30c9e8006bdb1659bbe9c","7"
"route_6aad05f423b2856d48bfd09c","occ_2f2452a4fe8b90d37de36d5b","8"
"route_6aad05f423b2856d48bfd09c","occ_232682eadbb6598d8bc925fb","9"
"route_6ab206ea47c231ed024f7bb2","occ_be66532ad8680d1b1646e90f","1"
"route_6ab206ea47c231ed024f7bb2","occ_a4aadd87eed5bea36c2dc3da","10"
"route_6ab206ea47c231ed024f7bb2","occ_84a58b52873fd28e067dd058","11"
"route_6ab206ea47c231ed024f7bb2","occ_ae4b705d8a74384294716ca5","12"
"route_6ab206ea47c231ed024f7bb2","occ_b7427e2e17d082d57463f2b5","13"
"route_6ab206ea47c231ed024f7bb2","occ_2eb80c7f33827adffbc215e8","14"
"route_6ab206ea47c231ed024f7bb2","occ_01bb9ade64f7f0f8a5c4374c","2"
"route_6ab206ea47c231ed024f7bb2","occ_6e2b44a631836de8b1191938","3"
"route_6ab206ea47c231ed024f7bb2","occ_7d85e8206185204feaf8a924","4"
"route_6ab206ea47c231ed024f7bb2","occ_7ee5c124db22a1b049cabd39","5"
"route_6ab206ea47c231ed024f7bb2","occ_9e32ae9d126f905b8a92a4fe","6"
"route_6ab206ea47c231ed024f7bb2","occ_5e37c8388407b2b342832876","7"
"route_6ab206ea47c231ed024f7bb2","occ_60992fcbc10944e520c561e0","8"
"route_6ab206ea47c231ed024f7bb2","occ_7e1a5e83b69ec1d2556b2721","9"
"route_6ad96a0ac72aaf84f5a45fc4","occ_4aa8c39e7e5064abfa3af2f4","1"
"route_6aee7846aeca740cbfc47f39","occ_24c0d59716d46dc50c593ed1","1"
"route_6b0967db85afae0a4a68d816","occ_802d8375c596455a6fba6655","1"
"route_6b191490313eb41ad64348d6","occ_f463d2442d6afbd7029e8e8a","1"
"route_6b377206714c785ab64f53af","occ_7a13dc8a9368241a5bd804cb","1"
"route_6b4fd401ceebb50931ec9828","occ_5db8d694b6cb2be93234f403","1"
"route_6b4fd401ceebb50931ec9828","occ_30f9d2caa81f014a1843835b","10"
"route_6b4fd401ceebb50931ec9828","occ_5041171faa81ba78a3d47652","11"
"route_6b4fd401ceebb50931ec9828","occ_224c112b24425d8a962503ec","12"
"route_6b4fd401ceebb50931ec9828","occ_d9220e94128062da2578b23b","13"
"route_6b4fd401ceebb50931ec9828","occ_db706495e4a2d22564a86dbf","14"
"route_6b4fd401ceebb50931ec9828","occ_d4fabb619a74f84cc89b29d6","2"
"route_6b4fd401ceebb50931ec9828","occ_8601fd1b1c1fa03d18a9e0e1","3"
"route_6b4fd401ceebb50931ec9828","occ_5a56da22c0bb933dbce2d35f","4"
"route_6b4fd401ceebb50931ec9828","occ_f0c6f43c9f0578e798a336c9","5"
"route_6b4fd401ceebb50931ec9828","occ_1ba0f8b4e6d717f8b6b56c70","6"
"route_6b4fd401ceebb50931ec9828","occ_6b24f33a942229465037cd79","7"
"route_6b4fd401ceebb50931ec9828","occ_ad7f51c38682103aaefd957e","8"
"route_6b4fd401ceebb50931ec9828","occ_15ec8fdf8de5b672b98cdb7c","9"
"route_6b7d17eb9b4301a5c58f40dd","occ_2fd11c405923040984ba11ed","1"
"route_6b7d17eb9b4301a5c58f40dd","occ_60733c7c481ad94b528083de","10"
"route_6b7d17eb9b4301a5c58f40dd","occ_331c428bea858e23bfd3755e","11"
"route_6b7d17eb9b4301a5c58f40dd","occ_8cfd4acd52b52bea6082651c","12"
"route_6b7d17eb9b4301a5c58f40dd","occ_65b47efe42ef0be098b241c1","2"
"route_6b7d17eb9b4301a5c58f40dd","occ_dc906c72c79c90bf4eb4350d","3"
"route_6b7d17eb9b4301a5c58f40dd","occ_b45df184e0560a1325ab4099","4"
"route_6b7d17eb9b4301a5c58f40dd","occ_51641e3b3f6d911d191f4f43","5"
"route_6b7d17eb9b4301a5c58f40dd","occ_5e31fe2e4fec5ab9fb63bc8e","6"
"route_6b7d17eb9b4301a5c58f40dd","occ_611ca4de572c10f765ee7ee9","7"
"route_6b7d17eb9b4301a5c58f40dd","occ_2df2e4aea788c49b8ec65c9e","8"
"route_6b7d17eb9b4301a5c58f40dd","occ_5b24bf426dd596e6bcfbd6a3","9"
"route_6b8e8109a8beef6595c90fb2","occ_b3abb18c32c63f1cf3b6e09d","1"
"route_6b8e8109a8beef6595c90fb2","occ_7988d55f05431e3757e43d5f","2"
"route_6b95aab106dc35e51e93affc","occ_8054a2b3acb3e4b4523a2661","1"
"route_6b98a68ce2a6e6dda86da733","occ_5242f4b3f457fe0607a8a8e7","1"
"route_6b98a68ce2a6e6dda86da733","occ_de49e9e843d83fe1d31a4c45","2"
"route_6bc7aac2431afd721e3a039d","occ_08a78399248a6e474cf8cb8d","1"
"route_6bcae296d97d29fe01af90b2","occ_f3bcb633320630e907e7a375","1"
"route_6bd327f42e052065f28959a4","occ_24b24d9363fa91d6a847b659","1"
"route_6c03b98a537dc5681ddd8f2c","occ_ff91f19ed02d3f48fab17a85","1"
"route_6c260e9e8c04dbf45df965f8","occ_fe66f105f778e91d0883c8c4","1"
"route_6c3292dd82650f42acc2c851","occ_837b24b9b8f357d884e124c2","1"
"route_6c3292dd82650f42acc2c851","occ_220f45694aa4e52964614a5f","2"
"route_6c3292dd82650f42acc2c851","occ_8c593c54d2fa7a27456d677f","3"
"route_6c3292dd82650f42acc2c851","occ_7b7f7797f9ee211e29ecb02a","4"
"route_6c3292dd82650f42acc2c851","occ_c0050095d5dd5f714d9010c8","5"
"route_6c3292dd82650f42acc2c851","occ_6bf69b4bd64f7cd9f45764d4","6"
"route_6c3eecdaa2bf43a0c6b71e97","occ_63640d23a2e91f7dd28afe34","1"
"route_6c5a2b65eade7b34ea7a8300","occ_d202077f809689a84be12072","1"
"route_6c5a2b65eade7b34ea7a8300","occ_72ffdf1c8c621931097ca6ca","10"
"route_6c5a2b65eade7b34ea7a8300","occ_ba0794031b11820c75f573da","11"
"route_6c5a2b65eade7b34ea7a8300","occ_1b7cbcfe82ee8d29a07493f7","12"
"route_6c5a2b65eade7b34ea7a8300","occ_a61cfef0f2cdaa6cf2284ac6","13"
"route_6c5a2b65eade7b34ea7a8300","occ_b2028968a50c9005f33a8454","2"
"route_6c5a2b65eade7b34ea7a8300","occ_f1f5c2ea300b9eba51c41872","3"
"route_6c5a2b65eade7b34ea7a8300","occ_b4025c454e73b9db9d339d43","4"
"route_6c5a2b65eade7b34ea7a8300","occ_00dc0cd708ab2479c4687011","5"
"route_6c5a2b65eade7b34ea7a8300","occ_f36caa655e312d1b61ffb518","6"
"route_6c5a2b65eade7b34ea7a8300","occ_5d45eafcb59a6531bccf84b2","7"
"route_6c5a2b65eade7b34ea7a8300","occ_2aa387e4e83f77c3735fe0c4","8"
"route_6c5a2b65eade7b34ea7a8300","occ_5d33e581917f741dd349acae","9"
"route_6cdea06398d0f9be41574163","occ_fc8feb1d4b9d6a913fa3d2db","1"
"route_6d5259f41b20e174ee012fd7","occ_7ad5b302ba35f91227041038","1"
"route_6d5259f41b20e174ee012fd7","occ_c21ed8e29d9d038d11163a6e","2"
"route_6d7b1fafce43d60f4e7b5130","occ_a2b639b51eb165cbba24afb5","1"
"route_6d828bde7a735b7c1f6ac6e4","occ_a4453c4ea7b07e7f2a33e876","1"
"route_6da0f68979495f64d7b7f029","occ_bec1b8e0cdd3a1ac8409ec35","1"
"route_6dd054701eb63f8ecd5c11a5","occ_17ae143596ec7036f0a1e52a","1"
"route_6dd054701eb63f8ecd5c11a5","occ_3b94425d4cb5ae14612b6ff3","10"
"route_6dd054701eb63f8ecd5c11a5","occ_ae7e33afab6476e2a4630860","11"
"route_6dd054701eb63f8ecd5c11a5","occ_38145c9ed4f8ad5b4eca5836","12"
"route_6dd054701eb63f8ecd5c11a5","occ_36399f7a62a420689d235ce0","2"
"route_6dd054701eb63f8ecd5c11a5","occ_22bfd307ace076440bee6dfd","3"
"route_6dd054701eb63f8ecd5c11a5","occ_a1493956122eeae12e30b9b5","4"
"route_6dd054701eb63f8ecd5c11a5","occ_d2e8ae9efe8705cb93d3455f","5"
"route_6dd054701eb63f8ecd5c11a5","occ_8e35872bd622a722d68804d5","6"
"route_6dd054701eb63f8ecd5c11a5","occ_3e840498c4f3b109c10640f3","7"
"route_6dd054701eb63f8ecd5c11a5","occ_332916aed5890a47add94b30","8"
"route_6dd054701eb63f8ecd5c11a5","occ_6fa9792bbf85f95fa9521838","9"
"route_6e0d41012bdea4ed516feb84","occ_b38623c9b05dced31e2f7fd7","1"
"route_6e14d0bd93ed5a920cf9da77","occ_be6c2301819390c2345c847b","1"
"route_6e1e11c997c7e67f8ac7bd57","occ_53d7df200ea540e182f47ba1","1"
"route_6e1fea3fae3a05c731164288","occ_83b0939359ea1b8c83a5250c","1"
"route_6e1fea3fae3a05c731164288","occ_e190eae358e1eb2f30521700","2"
"route_6e1fea3fae3a05c731164288","occ_23ab1d3b74eecc991808a911","3"
"route_6e69491a2e158aa2cafb0963","occ_ffacb57454ccd2d371cff90a","1"
"route_6e69491a2e158aa2cafb0963","occ_31c7cadd4ab6afdb264b467a","10"
"route_6e69491a2e158aa2cafb0963","occ_6db8e056044bfdff8afac29d","11"
"route_6e69491a2e158aa2cafb0963","occ_7bf22670d567d45e85a26e87","12"
"route_6e69491a2e158aa2cafb0963","occ_d494442304b8b271a4cd3f2f","13"
"route_6e69491a2e158aa2cafb0963","occ_26033a5a628823586aa71995","14"
"route_6e69491a2e158aa2cafb0963","occ_cacea8f1698ac6f9e798f8e5","15"
"route_6e69491a2e158aa2cafb0963","occ_f4bf5420971b5867d640a7c5","16"
"route_6e69491a2e158aa2cafb0963","occ_f7bfb6a9ea7d29061dee8cb0","17"
"route_6e69491a2e158aa2cafb0963","occ_8c87aa6029340f525908e756","18"
"route_6e69491a2e158aa2cafb0963","occ_a274588e14b1bb1e51f8380f","19"
"route_6e69491a2e158aa2cafb0963","occ_44512389d7ae8fdccf4fa95a","2"
"route_6e69491a2e158aa2cafb0963","occ_686acd2757d67ec51e0ab21f","20"
"route_6e69491a2e158aa2cafb0963","occ_7cbe95309a14856c3d643ce3","21"
"route_6e69491a2e158aa2cafb0963","occ_a6644b7f058be2b2856a2cef","22"
"route_6e69491a2e158aa2cafb0963","occ_12ee605ed3ce4d7f06ec8a56","23"
"route_6e69491a2e158aa2cafb0963","occ_10d62e5a7acfadfd1232b538","24"
"route_6e69491a2e158aa2cafb0963","occ_501d851e4e2b5e3e1fe82ecf","25"
"route_6e69491a2e158aa2cafb0963","occ_0f2e977cc85a4c1c379c5182","3"
"route_6e69491a2e158aa2cafb0963","occ_2185f815a84377f455820b68","4"
"route_6e69491a2e158aa2cafb0963","occ_f206a89105db107ed0b2efe4","5"
"route_6e69491a2e158aa2cafb0963","occ_1a1ab016c61f8cd452d69a6c","6"
"route_6e69491a2e158aa2cafb0963","occ_8b04949477518d3c31705c81","7"
"route_6e69491a2e158aa2cafb0963","occ_91815ab2e807394dbd5f984a","8"
"route_6e69491a2e158aa2cafb0963","occ_db3add97e45926f0f0b02df2","9"
"route_6e87fa40819c799fbcea8573","occ_00dc5a13fec327a0cfe4c326","1"
"route_6e87fa40819c799fbcea8573","occ_229a0c5fb7af75d3d26f71b3","2"
"route_6e87fa40819c799fbcea8573","occ_f730fdb33530b6ebcbd8e437","3"
"route_6e87fa40819c799fbcea8573","occ_9e4dc0db52215daaf47374ff","4"
"route_6e87fa40819c799fbcea8573","occ_d26eeddb0f83d5f67b30470f","5"
"route_6ef2c4eee149e515fc487036","occ_db42c392c7f9ca46a7122a25","1"
"route_6efabe25ebf4cd099a47cc05","occ_5c30bbdf55496682211523fd","1"
"route_6efabe25ebf4cd099a47cc05","occ_40f418494338bcc505b39bb2","2"
"route_6efabe25ebf4cd099a47cc05","occ_eec8fa9eebe7cda8484bfe05","3"
"route_6efabe25ebf4cd099a47cc05","occ_87dc96186b01c32cbc8977d0","4"
"route_6f0b916b7a6782b8718ddfcb","occ_605d4bcd8682299c4dbf35b7","1"
"route_6f76e51eaa30665206cf9264","occ_b26831156490483d35ccefa9","1"
"route_6f76e51eaa30665206cf9264","occ_9c6bb2f0344ef12ba5701337","10"
"route_6f76e51eaa30665206cf9264","occ_48c8835062712d7f16cadbfd","11"
"route_6f76e51eaa30665206cf9264","occ_4f08f94676b20449acd4977a","12"
"route_6f76e51eaa30665206cf9264","occ_79c0ae98cb4d768a846cfd3f","13"
"route_6f76e51eaa30665206cf9264","occ_078ca5c107d38899850c0f3f","14"
"route_6f76e51eaa30665206cf9264","occ_08bfa4919da65849fab15e8f","15"
"route_6f76e51eaa30665206cf9264","occ_f87c01047db2ad3b956addd9","16"
"route_6f76e51eaa30665206cf9264","occ_59ce95fb94ef6ad2f41d0a7e","17"
"route_6f76e51eaa30665206cf9264","occ_ca4cb76c9f7d20e01f088ee0","18"
"route_6f76e51eaa30665206cf9264","occ_d6ee9ba00d6f20894e94c657","19"
"route_6f76e51eaa30665206cf9264","occ_5e6aea0f3138f271ebd60c11","2"
"route_6f76e51eaa30665206cf9264","occ_d011514497677b6a34363b9e","20"
"route_6f76e51eaa30665206cf9264","occ_99c530bd530f4cd6f3ee8cb3","21"
"route_6f76e51eaa30665206cf9264","occ_93978e415d7d28f02338d24f","22"
"route_6f76e51eaa30665206cf9264","occ_c12bdd65b7754f1424eccd81","23"
"route_6f76e51eaa30665206cf9264","occ_b5ea8499d762b5dee5dfecf0","24"
"route_6f76e51eaa30665206cf9264","occ_7ab5575d10f00e380d4a99b9","25"
"route_6f76e51eaa30665206cf9264","occ_8f02bc1dcf6e81ed5c3f9073","3"
"route_6f76e51eaa30665206cf9264","occ_5b228363854bfa2125748a55","4"
"route_6f76e51eaa30665206cf9264","occ_5b61458581ac846740e231a1","5"
"route_6f76e51eaa30665206cf9264","occ_c5e2f8f2200cc4a3e88e609f","6"
"route_6f76e51eaa30665206cf9264","occ_32d3dc63c53a978a717178e7","7"
"route_6f76e51eaa30665206cf9264","occ_0b82beb1ae1959908cd2f6bc","8"
"route_6f76e51eaa30665206cf9264","occ_63bb196831ab462986d109ce","9"
"route_6f80d51d62091c82e0dd4c5d","occ_8f38be10f4d97d17b03a1dbe","1"
"route_6f8f9579bdfb5cf626d384b3","occ_794afd50650737a58728b7ac","1"
"route_6faf35854927c9579e730426","occ_8aabbd5fa86c9a2e6166c025","1"
"route_6faf35854927c9579e730426","occ_cc5049ecfea3f24c97025ee6","10"
"route_6faf35854927c9579e730426","occ_40f5ad08ff4a73aa6222ce64","11"
"route_6faf35854927c9579e730426","occ_29135ba992a5ffd1061df55b","12"
"route_6faf35854927c9579e730426","occ_a84414171dbbd482126f6e2f","13"
"route_6faf35854927c9579e730426","occ_edb599212d9856a73826396f","14"
"route_6faf35854927c9579e730426","occ_11bc2d0c8ebd91692dc835e3","15"
"route_6faf35854927c9579e730426","occ_bfcebe076cb7e54693e0d865","16"
"route_6faf35854927c9579e730426","occ_a285da0a5867644a77694089","17"
"route_6faf35854927c9579e730426","occ_881f2cfc8be0ce491c766103","18"
"route_6faf35854927c9579e730426","occ_ad811e66efcfbfc58c5d2b91","19"
"route_6faf35854927c9579e730426","occ_0ec7248f0a80babf9e41d212","2"
"route_6faf35854927c9579e730426","occ_cc8fb65706bfe89d63ad3046","20"
"route_6faf35854927c9579e730426","occ_16f85fe1d900b4b370a6edd7","21"
"route_6faf35854927c9579e730426","occ_39849ef09f4289cd0b4c6a11","22"
"route_6faf35854927c9579e730426","occ_c12e145c46e8523ce0264f5b","23"
"route_6faf35854927c9579e730426","occ_f751bf3fb32852954437c4bc","24"
"route_6faf35854927c9579e730426","occ_5219265ab4341c9f05229f8f","25"
"route_6faf35854927c9579e730426","occ_1a5334cb0634a5b9eb734052","26"
"route_6faf35854927c9579e730426","occ_c6d7e1d3d4c708438c0300dc","27"
"route_6faf35854927c9579e730426","occ_20437327ee68d6fcdf17fa9b","3"
"route_6faf35854927c9579e730426","occ_1470f95202cb6d908990e88a","4"
"route_6faf35854927c9579e730426","occ_73896778e1f6a619cefb4169","5"
"route_6faf35854927c9579e730426","occ_8d4f012416d51607e11de9c0","6"
"route_6faf35854927c9579e730426","occ_e3804deb972b5bc930f040fe","7"
"route_6faf35854927c9579e730426","occ_fa55a8522d3f00baf0f341d7","8"
"route_6faf35854927c9579e730426","occ_2de733a61b37d87105eb7663","9"
"route_6fc112a8746e8a9f4381eb0e","occ_d6172454952b626ebd4cffdc","1"
"route_6fe11948fa3ff7ad89caf5c6","occ_a532752912d460dd14117a69","1"
"route_6fffb99015b3f225da58e9cd","occ_83e7a971a43d87a6eddcb883","1"
"route_6fffb99015b3f225da58e9cd","occ_d38ecfc97a239cc23b9f6b64","10"
"route_6fffb99015b3f225da58e9cd","occ_3568035bde01ee8bad723432","11"
"route_6fffb99015b3f225da58e9cd","occ_078482a6a8b53d4cc17a19fe","12"
"route_6fffb99015b3f225da58e9cd","occ_595a0a9ad3f7d82259d9a58a","13"
"route_6fffb99015b3f225da58e9cd","occ_3ffecda931317d49f0bdea20","14"
"route_6fffb99015b3f225da58e9cd","occ_bfd998e0946d29ea48256e0d","15"
"route_6fffb99015b3f225da58e9cd","occ_dfbc1a0fc5f2fb676d1824e8","16"
"route_6fffb99015b3f225da58e9cd","occ_c0507dd9461590ec246e61f2","17"
"route_6fffb99015b3f225da58e9cd","occ_04f833b3dee0fb4fb4505c18","18"
"route_6fffb99015b3f225da58e9cd","occ_6a7ca1d840e5ddf0c73e8258","19"
"route_6fffb99015b3f225da58e9cd","occ_1f0d18eeb9271da087656fd3","2"
"route_6fffb99015b3f225da58e9cd","occ_25b666f98496d6fee52cff3a","20"
"route_6fffb99015b3f225da58e9cd","occ_31641a80869c599766bbcc4a","21"
"route_6fffb99015b3f225da58e9cd","occ_7303aca45cbfc907ba2ba57a","22"
"route_6fffb99015b3f225da58e9cd","occ_70695ad8e794e519c8190c59","23"
"route_6fffb99015b3f225da58e9cd","occ_7f01ba066e21da1907edf0af","24"
"route_6fffb99015b3f225da58e9cd","occ_796a156022165bd10e7a7683","25"
"route_6fffb99015b3f225da58e9cd","occ_2104537e360e5c6445e0ecbd","26"
"route_6fffb99015b3f225da58e9cd","occ_a4373feccc15722b0d1a4272","27"
"route_6fffb99015b3f225da58e9cd","occ_36ddc9981ae43bd8ce4b63f0","28"
"route_6fffb99015b3f225da58e9cd","occ_da644adbdc51b5961b54d2c6","3"
"route_6fffb99015b3f225da58e9cd","occ_df944249df7b079c6a1475a5","4"
"route_6fffb99015b3f225da58e9cd","occ_f6d48e46155ff8c8004eb2bd","5"
"route_6fffb99015b3f225da58e9cd","occ_2a366f56b5bc29556cc18060","6"
"route_6fffb99015b3f225da58e9cd","occ_b2019009fbf9e70eb357dd16","7"
"route_6fffb99015b3f225da58e9cd","occ_cb866bbddbccbe2981878e11","8"
"route_6fffb99015b3f225da58e9cd","occ_154d97c3cb405cb85cfdd633","9"
"route_702efc1beb050c4b9b01e251","occ_7ad967ec3ffe0360853e5bf6","1"
"route_7043a57ed90d893ff48c4cf9","occ_87199d93c89bf5c41602f109","1"
"route_7044e59c7cb9edb3fe88ed40","occ_936624084f8b38e238742691","1"
"route_7044e59c7cb9edb3fe88ed40","occ_6ed7c7bfcbaf6999b91e233a","2"
"route_7044e59c7cb9edb3fe88ed40","occ_002d83bc9454418256f1df6a","3"
"route_7044e59c7cb9edb3fe88ed40","occ_1e9d76b3a25d37b51c1c3894","4"
"route_7044e59c7cb9edb3fe88ed40","occ_9003ffa53770e3d8ff5081dc","5"
"route_7044e59c7cb9edb3fe88ed40","occ_b7068b7ec158c81d716ad0bb","6"
"route_708ced3b7c91d26bbff93282","occ_941989fbf2f654e48eee25f5","1"
"route_708ced3b7c91d26bbff93282","occ_b9ddb6a5db55153d76d756eb","10"
"route_708ced3b7c91d26bbff93282","occ_1b61aa0edd8f2199353624a1","11"
"route_708ced3b7c91d26bbff93282","occ_713227dad25b053a9279257d","12"
"route_708ced3b7c91d26bbff93282","occ_67e74fdd4ad8afb87274977d","13"
"route_708ced3b7c91d26bbff93282","occ_f1badd973701acb77cc204f2","14"
"route_708ced3b7c91d26bbff93282","occ_418cc05996a249366a15d277","15"
"route_708ced3b7c91d26bbff93282","occ_e7c1a29c53af3069d46d9a44","16"
"route_708ced3b7c91d26bbff93282","occ_31082f8b9a65ff881071e232","17"
"route_708ced3b7c91d26bbff93282","occ_dd0a01e7bf4f9704ac505dec","18"
"route_708ced3b7c91d26bbff93282","occ_4e20b931469e2489cf64190e","19"
"route_708ced3b7c91d26bbff93282","occ_9eba343061691d027b28cf12","2"
"route_708ced3b7c91d26bbff93282","occ_5c58d7198ec1408358ba2f0e","20"
"route_708ced3b7c91d26bbff93282","occ_44ca602cdfa37d5f40d621a9","21"
"route_708ced3b7c91d26bbff93282","occ_96d6ef596b4e1efc2b11aa49","22"
"route_708ced3b7c91d26bbff93282","occ_25a347b126b25840232b8406","23"
"route_708ced3b7c91d26bbff93282","occ_1fcc7046e0cee10ceff3f2e0","24"
"route_708ced3b7c91d26bbff93282","occ_37dde95674a97e05bb2c1d8d","25"
"route_708ced3b7c91d26bbff93282","occ_c6b493660307767750d777c6","26"
"route_708ced3b7c91d26bbff93282","occ_b603d2851fe589fec5234656","27"
"route_708ced3b7c91d26bbff93282","occ_994f4b4f5afc9ba45fe0ad2a","28"
"route_708ced3b7c91d26bbff93282","occ_e1624545f69709468b04ad15","29"
"route_708ced3b7c91d26bbff93282","occ_127cbd764c8d1946b3227027","3"
"route_708ced3b7c91d26bbff93282","occ_b689a5a60d89623622e1c84b","4"
"route_708ced3b7c91d26bbff93282","occ_a76803202d35f22859243ba3","5"
"route_708ced3b7c91d26bbff93282","occ_0e6050b11d0987c20413d4d8","6"
"route_708ced3b7c91d26bbff93282","occ_2296ab07f223aacef19f9006","7"
"route_708ced3b7c91d26bbff93282","occ_2fbdec8779b750f9b3928b94","8"
"route_708ced3b7c91d26bbff93282","occ_68d6110910e9ba4631693e2e","9"
"route_70b9689f0b14fc625f0a597c","occ_d7338fe6cc936bc13eeb4448","1"
"route_70b9689f0b14fc625f0a597c","occ_90ab7debc687e086a8e268a7","2"
"route_70b9689f0b14fc625f0a597c","occ_1811fb007096e3fc1c13c9f7","3"
"route_70b9689f0b14fc625f0a597c","occ_dac6ec6e0c69b53bfd895701","4"
"route_70db78cfa53bada670c1da3a","occ_d95622f190d2adeeb4ea3ef1","1"
"route_70e3b14ea77fc68c971f8ffc","occ_6f503a67e767c75f81847a00","1"
"route_7101f45380b6b4f2ac8e217a","occ_35f9896276e5adbe98221831","1"
"route_7101f45380b6b4f2ac8e217a","occ_991674427b3a03d94c4d475b","2"
"route_714d588d80cae95c86af68fd","occ_58f7011b91530b95e5a11274","1"
"route_714d588d80cae95c86af68fd","occ_15690504059cc981de5fc52d","2"
"route_714d588d80cae95c86af68fd","occ_75a689a6c1c67bc922b6c4db","3"
"route_716be601243ccbcd4b9b7162","occ_ef1d221aa9e4312003c14468","1"
"route_719ea1dd28f4d922cbfcb587","occ_5d1524fdaee185e971ebdd69","1"
"route_71f00d736c6baeba5c4c4778","occ_179df7114dbac6ef72ae0cb8","1"
"route_71fffe2d6d5e20f2faad7762","occ_73200ba38f7d030391b85bcf","1"
"route_722ee393d2db056688b18a7c","occ_c492272db0104faed3927488","1"
"route_72300dea971e290b0f0d9316","occ_c19baea3d5557316d94454c3","1"
"route_72300dea971e290b0f0d9316","occ_3f7bef46475f12313f9b6695","2"
"route_72300dea971e290b0f0d9316","occ_919388b652a8fa19c4ec5bca","3"
"route_72300dea971e290b0f0d9316","occ_37afcd67909ea0c09dbbcee7","4"
"route_72300dea971e290b0f0d9316","occ_e22661092655d9a440d0f934","5"
"route_726804631f324fc6833969bd","occ_60d64da20847c0e247fac836","1"
"route_728df739da130f2a87cbc347","occ_4a98dbd3065bd5418e6dfd73","1"
"route_728df739da130f2a87cbc347","occ_91c504d1712454fa6dae588d","10"
"route_728df739da130f2a87cbc347","occ_ebf59307eee4c099043203a9","11"
"route_728df739da130f2a87cbc347","occ_b3644d33d07ada6424f02a84","2"
"route_728df739da130f2a87cbc347","occ_1045f535e26c62a5e5c2b513","3"
"route_728df739da130f2a87cbc347","occ_007c93dd16165151af2208fa","4"
"route_728df739da130f2a87cbc347","occ_d76ecd00c2919b5689d8d344","5"
"route_728df739da130f2a87cbc347","occ_c60ad1020ba36edee7e5c919","6"
"route_728df739da130f2a87cbc347","occ_60ff53fa351cfaa723a98085","7"
"route_728df739da130f2a87cbc347","occ_980358eec9621264990a2ee3","8"
"route_728df739da130f2a87cbc347","occ_57f489fa5b926784b0cda572","9"
"route_72fa5bece3c0866ae5735c5a","occ_52e2c4f439a94c1b73f79a71","1"
"route_72fa5bece3c0866ae5735c5a","occ_fb8eb906064bcc61caf75875","10"
"route_72fa5bece3c0866ae5735c5a","occ_c3be00872a5af52cccc38013","11"
"route_72fa5bece3c0866ae5735c5a","occ_37f1adb3417971a503a48ad5","12"
"route_72fa5bece3c0866ae5735c5a","occ_07c2ec539975f7c98210d56c","13"
"route_72fa5bece3c0866ae5735c5a","occ_bfc82a2f8d586afcdef95a81","14"
"route_72fa5bece3c0866ae5735c5a","occ_c9f3a1e4894fb3846c8ee421","15"
"route_72fa5bece3c0866ae5735c5a","occ_e0969f83315f4582bc6c9c1d","16"
"route_72fa5bece3c0866ae5735c5a","occ_4864be096bfe4bb8681237e9","17"
"route_72fa5bece3c0866ae5735c5a","occ_37e951a676e11552444cebc3","18"
"route_72fa5bece3c0866ae5735c5a","occ_180213a0e2a3a839295aa340","19"
"route_72fa5bece3c0866ae5735c5a","occ_249e1e80e93799db05884dd0","2"
"route_72fa5bece3c0866ae5735c5a","occ_0ec56efb8195a4fe75f6b09b","20"
"route_72fa5bece3c0866ae5735c5a","occ_fb76c8a6821d9aeadbdec2d1","21"
"route_72fa5bece3c0866ae5735c5a","occ_d874dcf97d9c4692ec650c82","22"
"route_72fa5bece3c0866ae5735c5a","occ_4563cf22a44a4e616604baa6","3"
"route_72fa5bece3c0866ae5735c5a","occ_f9e315cc2db36346c1dcc798","4"
"route_72fa5bece3c0866ae5735c5a","occ_33444bcaaedece39c9ca7614","5"
"route_72fa5bece3c0866ae5735c5a","occ_56181cfcdb263a990410fe7d","6"
"route_72fa5bece3c0866ae5735c5a","occ_b8f469b786465a1150ea7dc6","7"
"route_72fa5bece3c0866ae5735c5a","occ_81adb96210d2e28c6ac1ea3a","8"
"route_72fa5bece3c0866ae5735c5a","occ_c7151c83b1e05733bbbad7c3","9"
"route_730a93f414160104b83d3b95","occ_cda457bc97d8f89aaec8f0fe","1"
"route_7347fa61c522ccbc12b4efad","occ_92b31ac5a8844788332fd3e8","1"
"route_73735bed6b8380e451497054","occ_c065d8a7cb236e383359be4c","1"
"route_73abe525dba31369711afe95","occ_8f6d8f21bb979029979d096a","1"
"route_73abe525dba31369711afe95","occ_ad3a33da2cc9edd6688557da","10"
"route_73abe525dba31369711afe95","occ_29233581e19499cd1fe93a4f","11"
"route_73abe525dba31369711afe95","occ_bd7dede32390f33b05a65f70","2"
"route_73abe525dba31369711afe95","occ_1f588e61cc58ed6b0ff5b010","3"
"route_73abe525dba31369711afe95","occ_34163a8c03cd4eebb906e620","4"
"route_73abe525dba31369711afe95","occ_db84bb2767a4b64051670454","5"
"route_73abe525dba31369711afe95","occ_9f0be20a7c74804e56aa6661","6"
"route_73abe525dba31369711afe95","occ_b2bf86e0f61311d32afdf6c4","7"
"route_73abe525dba31369711afe95","occ_4ca82f54f406b40bb7a201fb","8"
"route_73abe525dba31369711afe95","occ_61d106d0136818a4f31d3e04","9"
"route_73d949c966b19648244a5012","occ_1ad0abd441c9e6396307b5e5","1"
"route_743a309a4931b0405ddf2e1a","occ_33d26c293447593668f3b932","1"
"route_744603347e714c196427ec87","occ_1548d124c93745049a2f5838","1"
"route_747ed93ab87349e46a1016fd","occ_fb1ad8b67b34091436acbec4","1"
"route_747ed93ab87349e46a1016fd","occ_70fa6612856d29d0a00ee1be","10"
"route_747ed93ab87349e46a1016fd","occ_bf8999f1254ec47b160cc0c4","11"
"route_747ed93ab87349e46a1016fd","occ_0b5183f9710a6419d6285809","2"
"route_747ed93ab87349e46a1016fd","occ_335c8bd00188a48113171628","3"
"route_747ed93ab87349e46a1016fd","occ_da1c88b8af15499104679951","4"
"route_747ed93ab87349e46a1016fd","occ_bfb38c031626f44fc89736f0","5"
"route_747ed93ab87349e46a1016fd","occ_599095628fe96f3dacd01363","6"
"route_747ed93ab87349e46a1016fd","occ_358572bf7b9a75c28a516cac","7"
"route_747ed93ab87349e46a1016fd","occ_db82e4e65b0fe83cf09529c2","8"
"route_747ed93ab87349e46a1016fd","occ_ca539558595b731be29cfd05","9"
"route_749a5b25a512f2f51b6cea94","occ_3a235276e7227e27c0bf49f3","1"
"route_749aefa16b4de75c5451b155","occ_541f63fbfbaaa8ea60707119","1"
"route_74a7f0f45b56ffa3e7eb8a55","occ_cba17934060a0d0b91667944","1"
"route_74c12c0960533e27318e9ae4","occ_60716360410db851b3b88cbe","1"
"route_74cb9bc2b1d79b182c48f964","occ_d5c70382a2475b9db6fddf1d","1"
"route_74f077738e4d9fd7186f452b","occ_601235331ebfe2df98c80ec1","1"
"route_7598175acb27900abf266f66","occ_e316c7a97d11d9537642063e","1"
"route_7598175acb27900abf266f66","occ_3afafe0ec7a6ce7cf884e11d","10"
"route_7598175acb27900abf266f66","occ_da6c7e7bc045da0176e36468","11"
"route_7598175acb27900abf266f66","occ_d16b680fe527ae23ef4d328b","12"
"route_7598175acb27900abf266f66","occ_206bf59186ff14a4815f79aa","13"
"route_7598175acb27900abf266f66","occ_9a753c7d93a4c7abcfb4a602","14"
"route_7598175acb27900abf266f66","occ_9bec5f0de3346b5731ca6c57","15"
"route_7598175acb27900abf266f66","occ_6d2dee20b23af7b40e00196d","16"
"route_7598175acb27900abf266f66","occ_c30922794d2f0239303e418a","17"
"route_7598175acb27900abf266f66","occ_f47b247e8ed5a4f392f24d35","18"
"route_7598175acb27900abf266f66","occ_67ae2e7169f0a80043d3d2d4","19"
"route_7598175acb27900abf266f66","occ_55ef1b5a3153f5bc45e3e981","2"
"route_7598175acb27900abf266f66","occ_0a216d645143d958148c73f7","20"
"route_7598175acb27900abf266f66","occ_f8ea9a414c176a456d25c12e","21"
"route_7598175acb27900abf266f66","occ_fc4428ce453ee04ca6daeb90","22"
"route_7598175acb27900abf266f66","occ_26936a705dee0e1be6815872","3"
"route_7598175acb27900abf266f66","occ_fb5d0860aa864f4a6a913181","4"
"route_7598175acb27900abf266f66","occ_b03ad0f0f61c4fb3057b3c01","5"
"route_7598175acb27900abf266f66","occ_ba1f5f325a3ed23861e3a382","6"
"route_7598175acb27900abf266f66","occ_00bb4cf91ab926aab8f5b043","7"
"route_7598175acb27900abf266f66","occ_c59c62d971ddec5ffe7d43c6","8"
"route_7598175acb27900abf266f66","occ_1e2d4ab456b80e5532dcbdef","9"
"route_75a6697fb26c1fce1b658173","occ_ad8ed40361f42ac69b0f8d6a","1"
"route_75b39e792b026a2afae30f83","occ_bb5964a9a3e25910e1cdc899","1"
"route_75d2409ba93f31cba3415b07","occ_f83a535afa65e8450d30a186","1"
"route_75d2409ba93f31cba3415b07","occ_f3fbed8e3608c9a59526894a","2"
"route_75d2409ba93f31cba3415b07","occ_663080e21b4a7cb3cc3e9bdc","3"
"route_75d2409ba93f31cba3415b07","occ_bd8fd9ce07c94990391efa9f","4"
"route_75d2409ba93f31cba3415b07","occ_0d38c48642d998d28998c0c6","5"
"route_75d7fea086c0e31440fb57b9","occ_73f42f53e5740ce9905246bc","1"
"route_75ed581185967f7f702eaccf","occ_21b5ff7296d7d8bb02a04481","1"
"route_760e1b8b9e7151d0914c7ba1","occ_82986e08e9c3006b30d1cfb7","1"
"route_764750fe47a70fb0ac475bc4","occ_c9a03613d1e4471fa9d27d53","1"
"route_7669e5aa2ed7ea2c10f8bb61","occ_7491b9f44cfa65a256519353","1"
"route_7669e5aa2ed7ea2c10f8bb61","occ_209d7f5869d1f936aa213eb0","2"
"route_7669e5aa2ed7ea2c10f8bb61","occ_a91e181075e6096fc2b161d2","3"
"route_7669e5aa2ed7ea2c10f8bb61","occ_50e86d11ea8a9be07331a9ce","4"
"route_7669e5aa2ed7ea2c10f8bb61","occ_9da1879e0b53fb0bb1c8d517","5"
"route_7678af31ddd731debd5dcac1","occ_dce32da144aa9865bdc2088d","1"
"route_767aa738131b7360789640ca","occ_ef62f04e2558817aece6fce3","1"
"route_7687240bdfa9c81c1cb96fec","occ_053a8cd26f926cdda06d1769","1"
"route_7687240bdfa9c81c1cb96fec","occ_4da3b44517d7d745df985b97","10"
"route_7687240bdfa9c81c1cb96fec","occ_205db32b11dd50d769ea4101","11"
"route_7687240bdfa9c81c1cb96fec","occ_a43bc5d3057a1f02dae83f6d","12"
"route_7687240bdfa9c81c1cb96fec","occ_a89866a3e83ea3cf71d17d8d","13"
"route_7687240bdfa9c81c1cb96fec","occ_78db0b2dc67ec6b188d65a4e","14"
"route_7687240bdfa9c81c1cb96fec","occ_6a43d2ab064643c10261f5d2","2"
"route_7687240bdfa9c81c1cb96fec","occ_9cdd539c61d5b54da064f6f5","3"
"route_7687240bdfa9c81c1cb96fec","occ_6512b75b82f13692b8222008","4"
"route_7687240bdfa9c81c1cb96fec","occ_78ece3ea04ef3abdbcd89046","5"
"route_7687240bdfa9c81c1cb96fec","occ_6a12cd328ec229c6ff12abc3","6"
"route_7687240bdfa9c81c1cb96fec","occ_2304e4fdc9daa75654d9699a","7"
"route_7687240bdfa9c81c1cb96fec","occ_4f0395d39f5445b6f14c2915","8"
"route_7687240bdfa9c81c1cb96fec","occ_07a2cac19024fd3ec6a47e14","9"
"route_7691bc5f6a907df8fb748c1f","occ_14aeadabdde4597420abdc2d","1"
"route_769451dd5e0419d300db55fd","occ_f2057dbfe7d7b3999ac6360a","1"
"route_7698911534d461949b261eda","occ_177f6e03c17efd46f0a6e27b","1"
"route_76a3d0a01cc297613a391411","occ_33c88fe9cfe809fbe8fce442","1"
"route_76a3d0a01cc297613a391411","occ_cc7022538a812e8ff9aa38cb","10"
"route_76a3d0a01cc297613a391411","occ_760c9efb47044f5cf7600cb6","11"
"route_76a3d0a01cc297613a391411","occ_d32b915e73a3d954c7db13c1","12"
"route_76a3d0a01cc297613a391411","occ_bf286aff8a70afce4308a62d","13"
"route_76a3d0a01cc297613a391411","occ_bd6d0851deb39264e0291cf7","14"
"route_76a3d0a01cc297613a391411","occ_eaeb4e03694976195da3ac48","15"
"route_76a3d0a01cc297613a391411","occ_960313cbae43f09714a92be9","2"
"route_76a3d0a01cc297613a391411","occ_643f8c4286ff529fc81e5a1e","3"
"route_76a3d0a01cc297613a391411","occ_4a40e69a397a43c48e5ab44b","4"
"route_76a3d0a01cc297613a391411","occ_246dd85adcfe7895b85a4811","5"
"route_76a3d0a01cc297613a391411","occ_debf74355495b13aea441dca","6"
"route_76a3d0a01cc297613a391411","occ_508a976df7379509ed86059c","7"
"route_76a3d0a01cc297613a391411","occ_8c7293635b850713e3c43a2a","8"
"route_76a3d0a01cc297613a391411","occ_0fcf15ff2cae37682cef66ef","9"
"route_76a6c60a744d82b7b8da992c","occ_e7cf3f4cae8eef85c580ad97","1"
"route_76c08d2894a9ce942c52b26f","occ_ed45d0fab0668c3951f052aa","1"
"route_76c08d2894a9ce942c52b26f","occ_7c829af5c094ec8be19fc0c5","10"
"route_76c08d2894a9ce942c52b26f","occ_b207bf091c73d3b0dc4d896b","11"
"route_76c08d2894a9ce942c52b26f","occ_986ee5ea2c71b55fb08aac43","12"
"route_76c08d2894a9ce942c52b26f","occ_9d736d48deca7d8bd79a96ac","2"
"route_76c08d2894a9ce942c52b26f","occ_c926f06a9c4c781c171638ee","3"
"route_76c08d2894a9ce942c52b26f","occ_73d5f162c7202ad48657c771","4"
"route_76c08d2894a9ce942c52b26f","occ_020e755b659ebadb6701e47d","5"
"route_76c08d2894a9ce942c52b26f","occ_c702f9a89c735784344f8e3c","6"
"route_76c08d2894a9ce942c52b26f","occ_ddcf183e2e05b302a71faa85","7"
"route_76c08d2894a9ce942c52b26f","occ_a5c6e3e9b4b3646c687f63e9","8"
"route_76c08d2894a9ce942c52b26f","occ_b7c2fa9f635fbc51a6fd9514","9"
"route_76d7e862093342dae705a794","occ_ac4389d41fd540b72c4401e2","1"
"route_76dd59c78906ca652fa8e2f4","occ_d81207dc21085343f8194a48","1"
"route_76e005ac31018b6d9e68daa9","occ_0d92b32fce910c72b8717ad6","1"
"route_76f240c5e667be382db50747","occ_84fc598100050164074f8b24","1"
"route_76f240c5e667be382db50747","occ_da3e9160c3915378dd1b01c7","10"
"route_76f240c5e667be382db50747","occ_248fde4afe01857795ae535f","11"
"route_76f240c5e667be382db50747","occ_761e1bdcc25e1f02e6405455","12"
"route_76f240c5e667be382db50747","occ_51143a1384a3262928279015","13"
"route_76f240c5e667be382db50747","occ_e6ae5171c003827099b699ef","14"
"route_76f240c5e667be382db50747","occ_72b82a38c3a73ed929dafc89","2"
"route_76f240c5e667be382db50747","occ_ef786eba7ad09526bd14da53","3"
"route_76f240c5e667be382db50747","occ_d6dfb0177f75d738ff8899a0","4"
"route_76f240c5e667be382db50747","occ_8b004d287acc888a83222938","5"
"route_76f240c5e667be382db50747","occ_f905ff175f53415643d3cb7b","6"
"route_76f240c5e667be382db50747","occ_2b35142729be920551f72e4d","7"
"route_76f240c5e667be382db50747","occ_8fe0cb49c3caca4cac04eaae","8"
"route_76f240c5e667be382db50747","occ_d8ace2f3d7f94b453e3105fd","9"
"route_7720f5798b286c5bb7ace025","occ_1d6a4f78d0126f1cf4f04339","1"
"route_776ef3e43bdb29aac3420721","occ_b825f8747de53c8ff56981d5","1"
"route_777a0996fef92394f517b0bc","occ_61973427f40eac477ead4a19","1"
"route_77aaaacb4491bcbba8b85d01","occ_cbfa901f3a6e72890372b8d6","1"
"route_77ee731c8ad3a8445a58fbcf","occ_cb82557c6e4183113501d343","1"
"route_77ee731c8ad3a8445a58fbcf","occ_e09a220badc70e8693bfff3f","2"
"route_77ee731c8ad3a8445a58fbcf","occ_51772615f57728391a6e73ab","3"
"route_7823d4da8d1d33a247f2c6a3","occ_6101af1b0a01b44d5b10aafd","1"
"route_7825ccfecd5068f43dcdefa2","occ_958a37c30dc7fe021969cea9","1"
"route_784479e774569c9b2963c620","occ_e55a4e30136590fba0a350f7","1"
"route_785f4fd194361f9b2e54000d","occ_5905173501ea82a87ea632aa","1"
"route_7874c4a1c7d283562a1f9f26","occ_46a9c8c294764bdf3fb1dccf","1"
"route_788112c244a34e71b8853994","occ_fa0f85fdc53efeb9db757607","1"
"route_788112c244a34e71b8853994","occ_39da3349de726c4d22e03f03","10"
"route_788112c244a34e71b8853994","occ_83178546064949fd5b8b3a17","2"
"route_788112c244a34e71b8853994","occ_edba790fb823c858cad6409e","3"
"route_788112c244a34e71b8853994","occ_7ad5e1ae08e14b9bce39edf5","4"
"route_788112c244a34e71b8853994","occ_e691ca04fe5a25ae09950d05","5"
"route_788112c244a34e71b8853994","occ_abfa6bf18d62ba6559149302","6"
"route_788112c244a34e71b8853994","occ_f47439715c57ff3b89abb6d1","7"
"route_788112c244a34e71b8853994","occ_7733d79228771b7bb1798072","8"
"route_788112c244a34e71b8853994","occ_e6c8d473778f12580d0ed8da","9"
"route_78898ffffdad792cdfc73d8e","occ_84eed9ed44389634ac767007","1"
"route_78898ffffdad792cdfc73d8e","occ_085779de0c020471b8f3b622","10"
"route_78898ffffdad792cdfc73d8e","occ_ed387070b13ea4b0904b91b4","11"
"route_78898ffffdad792cdfc73d8e","occ_94b284d706735d7c0b0e7ddc","12"
"route_78898ffffdad792cdfc73d8e","occ_05710e8e43ba4933753ce670","13"
"route_78898ffffdad792cdfc73d8e","occ_d4a2e1d60125794003bb5fec","2"
"route_78898ffffdad792cdfc73d8e","occ_72b982a40fea7ad59936d889","3"
"route_78898ffffdad792cdfc73d8e","occ_d5b2f1a6b1ba87ddc29aafb1","4"
"route_78898ffffdad792cdfc73d8e","occ_295e8fb151b4be154e6a8439","5"
"route_78898ffffdad792cdfc73d8e","occ_ed49c18dceb39ae37b710c8e","6"
"route_78898ffffdad792cdfc73d8e","occ_15835aebf74e64645771e001","7"
"route_78898ffffdad792cdfc73d8e","occ_34c692f3ebaad5cd5c6b1c5f","8"
"route_78898ffffdad792cdfc73d8e","occ_1cf021b88a6bf24cadfa2b5e","9"
"route_78a93350f2c7d8bf5d13dd3a","occ_63cfffb9c3e41f0aaca82446","1"
"route_78a93350f2c7d8bf5d13dd3a","occ_6ac22f35470ab90e526c113b","2"
"route_78a93350f2c7d8bf5d13dd3a","occ_7fc7ab4905d2b174f081a841","3"
"route_78a93350f2c7d8bf5d13dd3a","occ_28e17dc5c45191632d996fcc","4"
"route_78a93350f2c7d8bf5d13dd3a","occ_cf09994be43991cc8285b14e","5"
"route_78a93350f2c7d8bf5d13dd3a","occ_a4e9f101176b776274e10122","6"
"route_78a93350f2c7d8bf5d13dd3a","occ_e97427d8342ecf5506a928ae","7"
"route_78d006fd8c0b7bc08a7fc8cf","occ_486ad53506e08ae3bec89708","1"
"route_78d006fd8c0b7bc08a7fc8cf","occ_047bf4e171e249af82c5c672","10"
"route_78d006fd8c0b7bc08a7fc8cf","occ_ac763d93d3374ac6c465b7d8","11"
"route_78d006fd8c0b7bc08a7fc8cf","occ_81e23f25edfc8c39a42ec4df","12"
"route_78d006fd8c0b7bc08a7fc8cf","occ_7491a47dba36648e5bc8cdbf","13"
"route_78d006fd8c0b7bc08a7fc8cf","occ_56d75574927ae38c09739222","14"
"route_78d006fd8c0b7bc08a7fc8cf","occ_99d99e7478c8972584c1fddf","15"
"route_78d006fd8c0b7bc08a7fc8cf","occ_0cf7b907d9554bb81e8696dd","16"
"route_78d006fd8c0b7bc08a7fc8cf","occ_5e798d4cf334fbc96dba72ac","17"
"route_78d006fd8c0b7bc08a7fc8cf","occ_01a54f6084bb5e923c6c69d0","18"
"route_78d006fd8c0b7bc08a7fc8cf","occ_93e28e01a8519aa34457cb72","19"
"route_78d006fd8c0b7bc08a7fc8cf","occ_e1531a542b14f9396ef24445","2"
"route_78d006fd8c0b7bc08a7fc8cf","occ_e54dd7a36feb053f147817cc","3"
"route_78d006fd8c0b7bc08a7fc8cf","occ_569fa15913275d24141c4365","4"
"route_78d006fd8c0b7bc08a7fc8cf","occ_4dc5076e940317aff58e824f","5"
"route_78d006fd8c0b7bc08a7fc8cf","occ_06c640a7fbb19b63bb4a6575","6"
"route_78d006fd8c0b7bc08a7fc8cf","occ_a11288df56747440efc4743a","7"
"route_78d006fd8c0b7bc08a7fc8cf","occ_4f7054a28f63210c8bab7479","8"
"route_78d006fd8c0b7bc08a7fc8cf","occ_7d5cb43a446bd9b58666c809","9"
"route_791e72285d974136ad93e398","occ_1310323b04a772c4c210efbf","1"
"route_792e22518ce74bed07159620","occ_1e29f665ac000d8e98be572a","1"
"route_7943885ef73079a8e731b9cf","occ_cf0511dbd75ecdd0b26cd2a0","1"
"route_7943885ef73079a8e731b9cf","occ_b25e60b829e38c3d6637bcc7","10"
"route_7943885ef73079a8e731b9cf","occ_686cba619589013c560b3f8c","11"
"route_7943885ef73079a8e731b9cf","occ_a2376df60a710f9425bcc908","12"
"route_7943885ef73079a8e731b9cf","occ_4ec27037867f36d082334f29","13"
"route_7943885ef73079a8e731b9cf","occ_62c692a17f4f973277e55ace","14"
"route_7943885ef73079a8e731b9cf","occ_773b99fd2afa3ee76aac48ce","15"
"route_7943885ef73079a8e731b9cf","occ_6d20725ea9f559e8bd7b6ae3","2"
"route_7943885ef73079a8e731b9cf","occ_6fa634ecb65002d0381a684d","3"
"route_7943885ef73079a8e731b9cf","occ_9aefaee308b153eaf404813b","4"
"route_7943885ef73079a8e731b9cf","occ_65c09815d2d43ee7853d3a10","5"
"route_7943885ef73079a8e731b9cf","occ_65367c0e13536cc378c08034","6"
"route_7943885ef73079a8e731b9cf","occ_a00b4429527ee54dc402f086","7"
"route_7943885ef73079a8e731b9cf","occ_b7a9313db459c4e65b0bb877","8"
"route_7943885ef73079a8e731b9cf","occ_9559fea3c9e5aeda43dd4a04","9"
"route_794cff6f03d36a80d88b6e86","occ_b1f911253a0678f733bf59a8","1"
"route_794cff6f03d36a80d88b6e86","occ_7ff941a97d72ce43ae0a1a3d","10"
"route_794cff6f03d36a80d88b6e86","occ_87a00ab75399d13f95c49c1f","11"
"route_794cff6f03d36a80d88b6e86","occ_8f6d8f21bb979029979d096a","12"
"route_794cff6f03d36a80d88b6e86","occ_bd7dede32390f33b05a65f70","13"
"route_794cff6f03d36a80d88b6e86","occ_1f588e61cc58ed6b0ff5b010","14"
"route_794cff6f03d36a80d88b6e86","occ_34163a8c03cd4eebb906e620","15"
"route_794cff6f03d36a80d88b6e86","occ_db84bb2767a4b64051670454","16"
"route_794cff6f03d36a80d88b6e86","occ_9f0be20a7c74804e56aa6661","17"
"route_794cff6f03d36a80d88b6e86","occ_b2bf86e0f61311d32afdf6c4","18"
"route_794cff6f03d36a80d88b6e86","occ_4ca82f54f406b40bb7a201fb","19"
"route_794cff6f03d36a80d88b6e86","occ_d8e51d39ae0761019da6dc40","2"
"route_794cff6f03d36a80d88b6e86","occ_61d106d0136818a4f31d3e04","20"
"route_794cff6f03d36a80d88b6e86","occ_ad3a33da2cc9edd6688557da","21"
"route_794cff6f03d36a80d88b6e86","occ_29233581e19499cd1fe93a4f","22"
"route_794cff6f03d36a80d88b6e86","occ_a2141aabe124cda00f7a19a2","3"
"route_794cff6f03d36a80d88b6e86","occ_e8dc60b69076b99a040672c2","4"
"route_794cff6f03d36a80d88b6e86","occ_979e68448e08e21a7091d842","5"
"route_794cff6f03d36a80d88b6e86","occ_b370dfedc018be43660d0b85","6"
"route_794cff6f03d36a80d88b6e86","occ_34fef5d7ff6ef14bf0d4c1ee","7"
"route_794cff6f03d36a80d88b6e86","occ_908eeffbff181ef4a522b801","8"
"route_794cff6f03d36a80d88b6e86","occ_3a830a050d58712ae362aeb4","9"
"route_7988a6e5063111d555bbefa1","occ_50d90ca9c95d460073936b8a","1"
"route_7988a6e5063111d555bbefa1","occ_491aaa178410d07d4377158f","2"
"route_7988a6e5063111d555bbefa1","occ_68d75a99239d5e8bcdeb3578","3"
"route_798d88c6ddcf0ef3c5f77fd6","occ_5841e4b06967345445d3a740","1"
"route_798d88c6ddcf0ef3c5f77fd6","occ_f28a0f4f87a5eab220785889","2"
"route_798d88c6ddcf0ef3c5f77fd6","occ_9d783f37b1d43e10d2ec5893","3"
"route_798d88c6ddcf0ef3c5f77fd6","occ_2790700ac9d70e3018585f5f","4"
"route_798d88c6ddcf0ef3c5f77fd6","occ_ddbea6295b171d5826bc762e","5"
"route_79a8afdd8779271d4b4381ef","occ_a560d47ee940c98b0eba075f","1"
"route_79a8afdd8779271d4b4381ef","occ_35e53049fa42ed35c67d23b1","2"
"route_79a8afdd8779271d4b4381ef","occ_5850201a29303cc7cd1b9143","3"
"route_79a8afdd8779271d4b4381ef","occ_b0c24dd25a4f664834edd3f6","4"
"route_79a8afdd8779271d4b4381ef","occ_e8e36829cbfb8277df8f8df6","5"
"route_79a8afdd8779271d4b4381ef","occ_6d71bb67d4f0e6c3eb524f16","6"
"route_79a8afdd8779271d4b4381ef","occ_5e30a21899c55d8edf65067c","7"
"route_79f3001f4745429ebcd8762a","occ_3fe648cb7befbe1b6c7e198d","1"
"route_79f3001f4745429ebcd8762a","occ_1a2f1d8a8084e60567c69e0a","10"
"route_79f3001f4745429ebcd8762a","occ_361692214f47bcb6945da3d1","11"
"route_79f3001f4745429ebcd8762a","occ_48237f3e26000653bba83a7f","12"
"route_79f3001f4745429ebcd8762a","occ_0e0daa0517fb84b3992b4609","13"
"route_79f3001f4745429ebcd8762a","occ_a80c08bb14884fc3e1078e24","14"
"route_79f3001f4745429ebcd8762a","occ_75932b1e28f535738e1d81d6","15"
"route_79f3001f4745429ebcd8762a","occ_6737552e76d68a112c3d6aa3","16"
"route_79f3001f4745429ebcd8762a","occ_a4912030966151481ef8ea18","17"
"route_79f3001f4745429ebcd8762a","occ_8399c72b857913e6d6858f83","18"
"route_79f3001f4745429ebcd8762a","occ_92d7b4d5100dd547cc2fd5fa","19"
"route_79f3001f4745429ebcd8762a","occ_7acec4478bd29a319fbe4250","2"
"route_79f3001f4745429ebcd8762a","occ_c1c3631bc16f3b3bc4ccda8b","20"
"route_79f3001f4745429ebcd8762a","occ_0cd59a92ebb6e56ee0b9c37f","21"
"route_79f3001f4745429ebcd8762a","occ_d9c64e426e75417245a1349b","22"
"route_79f3001f4745429ebcd8762a","occ_4dbe7d23789cc68729a097c4","23"
"route_79f3001f4745429ebcd8762a","occ_fd74579992ca680280b77660","24"
"route_79f3001f4745429ebcd8762a","occ_7eab0c676d2dcf02dc8b6b76","25"
"route_79f3001f4745429ebcd8762a","occ_af63b0fad3d53c8fd9bb1968","26"
"route_79f3001f4745429ebcd8762a","occ_ff41eb7d24cce1f27102854e","27"
"route_79f3001f4745429ebcd8762a","occ_585a8f587b847a59baf83e7a","28"
"route_79f3001f4745429ebcd8762a","occ_ef5f850bcced395199e8229b","3"
"route_79f3001f4745429ebcd8762a","occ_20d569323b4d2b3010e38cb1","4"
"route_79f3001f4745429ebcd8762a","occ_27e4c96172eaec47ef2137e5","5"
"route_79f3001f4745429ebcd8762a","occ_b68b76b9b80a23321ff58d05","6"
"route_79f3001f4745429ebcd8762a","occ_7b124ff3ceb1c350bd1ee42f","7"
"route_79f3001f4745429ebcd8762a","occ_b3bb5be23a24ebcfdf10a56a","8"
"route_79f3001f4745429ebcd8762a","occ_c286af16caa7175596c9fb32","9"
"route_7a32190c21a008ddd42985fa","occ_60ad7fcc9377eec9c3f46e02","1"
"route_7a416259c8b530924b8a2746","occ_08bb0c4f6af18850b9df58f2","1"
"route_7a416259c8b530924b8a2746","occ_bf93e2890a1fe29705d28eb1","10"
"route_7a416259c8b530924b8a2746","occ_4ce5ff4013fc243f82b1d5ab","11"
"route_7a416259c8b530924b8a2746","occ_eab1a6784eddca57f1aac8b3","12"
"route_7a416259c8b530924b8a2746","occ_513694075fa7eab19b77c5f8","13"
"route_7a416259c8b530924b8a2746","occ_37221b9d130fd37d5d0607ca","14"
"route_7a416259c8b530924b8a2746","occ_d5fea8ee5a2a79f5a15bdf91","15"
"route_7a416259c8b530924b8a2746","occ_a4f64d4481b83e0bd8a8e027","16"
"route_7a416259c8b530924b8a2746","occ_d6b236e5a923d2b13e5e8fb0","17"
"route_7a416259c8b530924b8a2746","occ_9332bdf9f2d2d4dd6e2fb7e7","18"
"route_7a416259c8b530924b8a2746","occ_87ec1c1562c0ec4777b9c9c0","19"
"route_7a416259c8b530924b8a2746","occ_050c6248f3684b9b0b17cc7a","2"
"route_7a416259c8b530924b8a2746","occ_2332a048ad9c7f7eb1c516f7","20"
"route_7a416259c8b530924b8a2746","occ_e31d75a6fb166950bb5bd419","21"
"route_7a416259c8b530924b8a2746","occ_a12444da0ccbb66046d71653","22"
"route_7a416259c8b530924b8a2746","occ_037a7d9bea50fb369d882394","3"
"route_7a416259c8b530924b8a2746","occ_a15162b8f4a36de45ff6bc80","4"
"route_7a416259c8b530924b8a2746","occ_c16e8d808e51226e9538bd5d","5"
"route_7a416259c8b530924b8a2746","occ_1b08f1f2ff911dd94113b7df","6"
"route_7a416259c8b530924b8a2746","occ_87718e31ded37c94a3257c83","7"
"route_7a416259c8b530924b8a2746","occ_c5deb98dc0e8df1026ffa25f","8"
"route_7a416259c8b530924b8a2746","occ_e31ff5228de9dd6f377e3ab6","9"
"route_7a87d6826a57a398f43b87f8","occ_1a375f3bffb83bb5e1f895d3","1"
"route_7a87d6826a57a398f43b87f8","occ_161c430e6627d74832c636c5","2"
"route_7a87d6826a57a398f43b87f8","occ_e36a8fa9d0fa8065a5b5d28f","3"
"route_7a87d6826a57a398f43b87f8","occ_0fdacdc84ad395e8aa1ff81b","4"
"route_7a87d6826a57a398f43b87f8","occ_01d7cca7721661b337ab357b","5"
"route_7a87d6826a57a398f43b87f8","occ_4b7204e14ef5c19c3669c6b6","6"
"route_7a87d6826a57a398f43b87f8","occ_02bc79888e09b8c798de4914","7"
"route_7a87d6826a57a398f43b87f8","occ_45d4b228f32900671478406c","8"
"route_7a92d186d359285ab13a3b1c","occ_7462247868c2e17527e4f83c","1"
"route_7aa22741aca2460489a8b51a","occ_e6eef8fe4eba125c6fc01351","1"
"route_7ae1aea959457c6aec8e3009","occ_3f69b554999b4b711074c70e","1"
"route_7affec464162b5b0b8ca8849","occ_cb6e57d6da426af828536079","1"
"route_7b49fd6b7c0fad68cc5a619a","occ_6e4896a7c7596eeae1047523","1"
"route_7b7372d6f2d357ee5cd7af53","occ_8c48901600ad58ecfd98bd4a","1"
"route_7b7372d6f2d357ee5cd7af53","occ_e44cdace5f89f00c44d29785","2"
"route_7b7372d6f2d357ee5cd7af53","occ_7b2cb5890bbcc22469f6609e","3"
"route_7b7372d6f2d357ee5cd7af53","occ_9e19e0ce735183217f3a332d","4"
"route_7b7372d6f2d357ee5cd7af53","occ_38bda6017045d2e1cb16b488","5"
"route_7b75495b2516a5d2851c5a2d","occ_a57413f2191a3065e18232eb","1"
"route_7b75495b2516a5d2851c5a2d","occ_8a6ac1d6da11e08e976a6ef4","2"
"route_7b75495b2516a5d2851c5a2d","occ_f8ef0690c93da4f74286a442","3"
"route_7b75495b2516a5d2851c5a2d","occ_d9813ddcbbd92e0f160c18b2","4"
"route_7b75495b2516a5d2851c5a2d","occ_a3d67689bea2110cb24e9c5c","5"
"route_7b88d58d2d785c68d399b484","occ_4ab0c60cdeb59978bfdb3acf","1"
"route_7b88d58d2d785c68d399b484","occ_9c969ee4569c158e21674146","10"
"route_7b88d58d2d785c68d399b484","occ_0e000ade7613a2062a19f2be","11"
"route_7b88d58d2d785c68d399b484","occ_4026cf1505ab6b9d7e85fa21","12"
"route_7b88d58d2d785c68d399b484","occ_6c6754b9911eacc305e5d81b","13"
"route_7b88d58d2d785c68d399b484","occ_46944cdd2568736660a990f9","14"
"route_7b88d58d2d785c68d399b484","occ_b1a6a15ab8a7dae001ecc34a","15"
"route_7b88d58d2d785c68d399b484","occ_93bbd76e087a1f471107901f","16"
"route_7b88d58d2d785c68d399b484","occ_bad5e854244d33ae190d7b10","17"
"route_7b88d58d2d785c68d399b484","occ_a221a04c19f7eaf75993b462","18"
"route_7b88d58d2d785c68d399b484","occ_bc20868dd3646c21127e19ae","2"
"route_7b88d58d2d785c68d399b484","occ_74e8cb827b220b0f9d5f3fa6","3"
"route_7b88d58d2d785c68d399b484","occ_f8aade0ef8f3bc1ee66a70a6","4"
"route_7b88d58d2d785c68d399b484","occ_bcc0e0c76193e936d6805ad4","5"
"route_7b88d58d2d785c68d399b484","occ_9b0f53612112e643a08c7781","6"
"route_7b88d58d2d785c68d399b484","occ_715ac5f1308900799220e43d","7"
"route_7b88d58d2d785c68d399b484","occ_a2dbcc24bbba2da0492eb441","8"
"route_7b88d58d2d785c68d399b484","occ_888ee281a567873920fd68da","9"
"route_7b91c5948fcf6dc71e1e4c0d","occ_6ee7845e699963f6df34d9d1","1"
"route_7bac7bb8b84835413c8e36d0","occ_c3480f1b75da057f5fc34d20","1"
"route_7bcfaea94eefa2fa2d7c66c8","occ_6fcac2eb19c41e9f93706e87","1"
"route_7bcfaea94eefa2fa2d7c66c8","occ_21300f2fbb0c9b804f4b974d","10"
"route_7bcfaea94eefa2fa2d7c66c8","occ_c90a57fa01a7f71a8a56ab78","11"
"route_7bcfaea94eefa2fa2d7c66c8","occ_bade088273f3f7338b90478a","12"
"route_7bcfaea94eefa2fa2d7c66c8","occ_0120e8d74184eee5bceb5456","13"
"route_7bcfaea94eefa2fa2d7c66c8","occ_20262ea5484c8f4e283e70b8","14"
"route_7bcfaea94eefa2fa2d7c66c8","occ_c7be7f3363e5f5a7d14428b0","2"
"route_7bcfaea94eefa2fa2d7c66c8","occ_4dc936602887d883a10de325","3"
"route_7bcfaea94eefa2fa2d7c66c8","occ_82eca818dd0b60c065dc4f5a","4"
"route_7bcfaea94eefa2fa2d7c66c8","occ_bc82d5d6f4debce983529df0","5"
"route_7bcfaea94eefa2fa2d7c66c8","occ_720f7a4616da2db19625a996","6"
"route_7bcfaea94eefa2fa2d7c66c8","occ_70ed476f9a3b58a2201f6959","7"
"route_7bcfaea94eefa2fa2d7c66c8","occ_04136607127320b8dbc036af","8"
"route_7bcfaea94eefa2fa2d7c66c8","occ_e9a5fe118daa925a45854593","9"
"route_7be62551551e94cce2e78e57","occ_b724526f0188e42865395b18","1"
"route_7c30a7e57cbcc93394f819d2","occ_c360bdc29d50853e26164f9f","1"
"route_7c36f3052fdff8adde84f06d","occ_9fa09e06ea88f8d752f2f8ba","1"
"route_7c3db5056189979ad2c6640c","occ_cf1ac62d2016e4f3eeae3b40","1"
"route_7c554927f893dde4e878fbfb","occ_9e5afb1feb3549f76ab4e86f","1"
"route_7c6d5051760c1d936c66898b","occ_29921683187e4cdf0cf4373d","1"
"route_7c6d5051760c1d936c66898b","occ_c6e02e960e20712022cb9b9e","2"
"route_7c6e701e4a5ff254df7759ee","occ_fe156537736fb48c61229e77","1"
"route_7cc2bb54dd3a0dfddc8cf041","occ_08b69f1d7c023e8034a6d466","1"
"route_7cf92cab40fd63540c87351a","occ_c0f6ebacb42eb1de75446e7d","1"
"route_7d235b2903999e548a6daf2a","occ_cb7459fa18680445402c63b1","1"
"route_7d4e3e443f0b1b1156645b87","occ_0195e8642a73103ce167b033","1"
"route_7d4fe79d8094cdc1c1f02f65","occ_d251ee11621d1672eb90deeb","1"
"route_7daa7f0fb65d73f6156e04a0","occ_4fa269da88c18af22bc71722","1"
"route_7dbc68e87be256104924c42e","occ_967bf483591f4d8b94d0de5b","1"
"route_7dc3ee70ee81978618634570","occ_11fd4f348ca15f1804725679","1"
"route_7dc3ee70ee81978618634570","occ_6a15d57fd938d262ef81bf89","2"
"route_7dc3ee70ee81978618634570","occ_72f4fdf32937a9f01d164e22","3"
"route_7dc3ee70ee81978618634570","occ_ba0258bebe046616934ff85e","4"
"route_7dc3ee70ee81978618634570","occ_9fdaa8a2ddc0180d87faea2b","5"
"route_7dc3ee70ee81978618634570","occ_082eef224b47ceeecd5f7ef2","6"
"route_7ddc8ecd1a15c71262a587b8","occ_4d0086afc5e56e8734ab4c55","1"
"route_7de80c4661c41b73fbddb6eb","occ_df54ce4ef1b09d8ac04e711b","1"
"route_7e11b71f9775f20279ddac78","occ_d4425a964aec99b1a24e95a2","1"
"route_7e11b71f9775f20279ddac78","occ_3c26bfea7345dbb8b60b7b17","10"
"route_7e11b71f9775f20279ddac78","occ_5b5465fdfe7d42db5a2074c4","11"
"route_7e11b71f9775f20279ddac78","occ_d2eda041ec641090fb50c486","2"
"route_7e11b71f9775f20279ddac78","occ_0a20066332db9d67841fdc39","3"
"route_7e11b71f9775f20279ddac78","occ_231a5505d5e43d07cdd10a42","4"
"route_7e11b71f9775f20279ddac78","occ_6bd4325956c78e4835535104","5"
"route_7e11b71f9775f20279ddac78","occ_530defa9dae97e417ddcb7cd","6"
"route_7e11b71f9775f20279ddac78","occ_47a110566911fe54367c3162","7"
"route_7e11b71f9775f20279ddac78","occ_afba9089df35664b1904a6c6","8"
"route_7e11b71f9775f20279ddac78","occ_a4a3295db7940a729af1daf7","9"
"route_7e289f187a16397a49870be6","occ_d35a8306d8fec7a4529b3663","1"
"route_7e4358591d157630cc38ecfd","occ_c4e0db75c6e7a3022be27663","1"
"route_7e4358591d157630cc38ecfd","occ_e89a724a239fafffe97c993c","10"
"route_7e4358591d157630cc38ecfd","occ_ec77d85468ae12778cc2ef0c","11"
"route_7e4358591d157630cc38ecfd","occ_db2eea9fecf3f703fc51d04e","12"
"route_7e4358591d157630cc38ecfd","occ_cb44fe72a31954d91f4848c5","2"
"route_7e4358591d157630cc38ecfd","occ_be9ac9ffc7fbd1014ba8d25d","3"
"route_7e4358591d157630cc38ecfd","occ_759227df772579a430f68c0d","4"
"route_7e4358591d157630cc38ecfd","occ_44ede248f51882835830bb17","5"
"route_7e4358591d157630cc38ecfd","occ_2b6aeb566790d3cd67ecd26e","6"
"route_7e4358591d157630cc38ecfd","occ_32a62d8d3684eae78b7d41f9","7"
"route_7e4358591d157630cc38ecfd","occ_b43c27613fc620917e95345e","8"
"route_7e4358591d157630cc38ecfd","occ_a722fefda2df15951e4d10e2","9"
"route_7e53330b1724811630baa87e","occ_4f1a6f6f095457a957eeb7bd","1"
"route_7e554daca486e7bed08c74dc","occ_2e8732c531675e5fa4155b16","1"
"route_7e6ef06d035939a4b89fccee","occ_313768cdb79ed18c3e4c295e","1"
"route_7e6ef06d035939a4b89fccee","occ_72fe5fc5dc0f8a68910af5c5","10"
"route_7e6ef06d035939a4b89fccee","occ_8bd5d6e2b3658f0eaa368dea","11"
"route_7e6ef06d035939a4b89fccee","occ_a7c146fcd6e7e8394ae3909d","12"
"route_7e6ef06d035939a4b89fccee","occ_5bbc9d3695f33f02a7eb0113","13"
"route_7e6ef06d035939a4b89fccee","occ_38c511744727d2b2110b38b8","2"
"route_7e6ef06d035939a4b89fccee","occ_14ebaa83c16528bf9c12a516","3"
"route_7e6ef06d035939a4b89fccee","occ_3eeb5db79499f9fcda8e91c9","4"
"route_7e6ef06d035939a4b89fccee","occ_77fa7fa1ce2b90e0203e177b","5"
"route_7e6ef06d035939a4b89fccee","occ_e82502c6b7082f1f2dc21841","6"
"route_7e6ef06d035939a4b89fccee","occ_907e533420814c5a57305286","7"
"route_7e6ef06d035939a4b89fccee","occ_655e0ff60da0b845e86add53","8"
"route_7e6ef06d035939a4b89fccee","occ_76439ee139929aa58002f928","9"
"route_7e9ccc82c7078a13145d153a","occ_b73c06ceb0c8f6b5fd6c9b66","1"
"route_7ece25034918514163f63318","occ_a6563d2dce91c3d0b081c4a3","1"
"route_7edafbe4422f5b158e5a4fa5","occ_191c95759957275e3e3a7a3e","1"
"route_7edafbe4422f5b158e5a4fa5","occ_f4a748a84a2602557c6685b5","10"
"route_7edafbe4422f5b158e5a4fa5","occ_8f5768722e88b00126d832cf","11"
"route_7edafbe4422f5b158e5a4fa5","occ_2573d4a7cf2c2fce51ab82ef","12"
"route_7edafbe4422f5b158e5a4fa5","occ_208ca4718ce1787e20cc0fb1","13"
"route_7edafbe4422f5b158e5a4fa5","occ_4919d9250c9dcb4f0c6c28bf","14"
"route_7edafbe4422f5b158e5a4fa5","occ_afcc9b375f98e0837a9111f0","15"
"route_7edafbe4422f5b158e5a4fa5","occ_417e50f2c050ff5e1d5d68b0","16"
"route_7edafbe4422f5b158e5a4fa5","occ_8bb66d5229ce466476227e1a","17"
"route_7edafbe4422f5b158e5a4fa5","occ_b7994e1720bb85c5c0d94ffd","18"
"route_7edafbe4422f5b158e5a4fa5","occ_e532eebb740fe0f2919f3add","19"
"route_7edafbe4422f5b158e5a4fa5","occ_2c76da060b8e88128bf69193","2"
"route_7edafbe4422f5b158e5a4fa5","occ_2d4ea53085516a094132ddff","20"
"route_7edafbe4422f5b158e5a4fa5","occ_b411e849c2565113c77c12b0","21"
"route_7edafbe4422f5b158e5a4fa5","occ_40a15a99706a003a5a5c5a23","22"
"route_7edafbe4422f5b158e5a4fa5","occ_a19545f9bf4ad9946fe16010","23"
"route_7edafbe4422f5b158e5a4fa5","occ_867faf0b9922622237d743e0","24"
"route_7edafbe4422f5b158e5a4fa5","occ_6a0c9f3b217694e3c9427b59","25"
"route_7edafbe4422f5b158e5a4fa5","occ_762308bd87f44a4f23d6485e","26"
"route_7edafbe4422f5b158e5a4fa5","occ_37b031d13a267fd0c5e665cd","27"
"route_7edafbe4422f5b158e5a4fa5","occ_a9f2c2031ded200e5e9196d7","28"
"route_7edafbe4422f5b158e5a4fa5","occ_f49b124e79fbd4f8aeee903a","29"
"route_7edafbe4422f5b158e5a4fa5","occ_b7bde752bc0ca85cf67714c6","3"
"route_7edafbe4422f5b158e5a4fa5","occ_4756db827fd88c1b2920d6d5","30"
"route_7edafbe4422f5b158e5a4fa5","occ_593c9358b1050c3a3ea9f23f","31"
"route_7edafbe4422f5b158e5a4fa5","occ_fd5966eb6dfb10f5b600f822","32"
"route_7edafbe4422f5b158e5a4fa5","occ_2db0afaecbba3824095ce044","33"
"route_7edafbe4422f5b158e5a4fa5","occ_c2faadaa4331ec30c1a58e36","34"
"route_7edafbe4422f5b158e5a4fa5","occ_b9308efd524af6f6373da4ed","35"
"route_7edafbe4422f5b158e5a4fa5","occ_ea2c0e5439b7470e5e9aebba","36"
"route_7edafbe4422f5b158e5a4fa5","occ_1db13d4ec4a6a13499af3b3e","37"
"route_7edafbe4422f5b158e5a4fa5","occ_f6285a50b1e05e7d305e8885","38"
"route_7edafbe4422f5b158e5a4fa5","occ_cccd666408bdf2389b965554","39"
"route_7edafbe4422f5b158e5a4fa5","occ_33b032037f0a800f86439ec4","4"
"route_7edafbe4422f5b158e5a4fa5","occ_0c5cc0fb482d1e531dc740c6","40"
"route_7edafbe4422f5b158e5a4fa5","occ_83b014d5c6d2e61be57153b4","41"
"route_7edafbe4422f5b158e5a4fa5","occ_6f20c73ec68d74517b5fb426","42"
"route_7edafbe4422f5b158e5a4fa5","occ_beb700e79d1fc0275357d8b0","5"
"route_7edafbe4422f5b158e5a4fa5","occ_429e598e2da7f001a5f1c4f4","6"
"route_7edafbe4422f5b158e5a4fa5","occ_77eeedb70a1ea33d829b165e","7"
"route_7edafbe4422f5b158e5a4fa5","occ_91badd95e8b6ac2607a68bcd","8"
"route_7edafbe4422f5b158e5a4fa5","occ_ca697ed04fdb56ea8b1f508c","9"
"route_7ef2c4f76635e45afff48d64","occ_82809f5d44f943224ecef317","1"
"route_7f3a3fc252dbeb933c3a00a0","occ_8869aa909bd679ba5a47c846","1"
"route_7f3a3fc252dbeb933c3a00a0","occ_e343872aa3de4f5216828ee0","10"
"route_7f3a3fc252dbeb933c3a00a0","occ_bf481efdbdcd4bbe943adf66","11"
"route_7f3a3fc252dbeb933c3a00a0","occ_c7c3366a816be49401db513c","12"
"route_7f3a3fc252dbeb933c3a00a0","occ_486cb04f738b056efb01c2b2","13"
"route_7f3a3fc252dbeb933c3a00a0","occ_d47597055bb47782bb96dce3","14"
"route_7f3a3fc252dbeb933c3a00a0","occ_755971a31f515f1a02cfd993","2"
"route_7f3a3fc252dbeb933c3a00a0","occ_6c89222fe13176199c6d67ce","3"
"route_7f3a3fc252dbeb933c3a00a0","occ_f0ad1ebb6f854e5197c9e51e","4"
"route_7f3a3fc252dbeb933c3a00a0","occ_89670ee97a7d6ebf90f9c6db","5"
"route_7f3a3fc252dbeb933c3a00a0","occ_8ed4a3dfa9f7dcf91e558838","6"
"route_7f3a3fc252dbeb933c3a00a0","occ_aa0a52fe986ec767cc41ba95","7"
"route_7f3a3fc252dbeb933c3a00a0","occ_78248707be5cc638ec93f171","8"
"route_7f3a3fc252dbeb933c3a00a0","occ_a25d24496a49c501d503c5d4","9"
"route_7f9c112ba3a5dcfa1c15f30c","occ_be52fdba876037779a317dd7","1"
"route_7fae000f5ca53c1b754ddaf5","occ_60c76575d9ac5749796c1702","1"
"route_7fae000f5ca53c1b754ddaf5","occ_c204a43ba6ff3e89411cb2f1","10"
"route_7fae000f5ca53c1b754ddaf5","occ_c6069ccf08092ee871894b0c","11"
"route_7fae000f5ca53c1b754ddaf5","occ_b3d5cc335ea37763f9831022","12"
"route_7fae000f5ca53c1b754ddaf5","occ_e98bb880704512fb2e2ce9f6","13"
"route_7fae000f5ca53c1b754ddaf5","occ_ec6d9de4180ac7330590cd43","14"
"route_7fae000f5ca53c1b754ddaf5","occ_82848bff1e82f37bbe6d1d82","15"
"route_7fae000f5ca53c1b754ddaf5","occ_11745333dfff7a623cb2850f","16"
"route_7fae000f5ca53c1b754ddaf5","occ_de43cc7821ec631a81968927","17"
"route_7fae000f5ca53c1b754ddaf5","occ_97c73394b984ea7d23c526c2","18"
"route_7fae000f5ca53c1b754ddaf5","occ_a0822b47a8d3ec8af72a9ef0","19"
"route_7fae000f5ca53c1b754ddaf5","occ_2c5e3a0e07d9f4203b201337","2"
"route_7fae000f5ca53c1b754ddaf5","occ_d696ae2b04c10704a559ed71","20"
"route_7fae000f5ca53c1b754ddaf5","occ_ad47a184eae0a0fa20a72793","21"
"route_7fae000f5ca53c1b754ddaf5","occ_a77c4bd2b34b55c6aeae38ee","22"
"route_7fae000f5ca53c1b754ddaf5","occ_71117eb28c37c645867bc6a2","23"
"route_7fae000f5ca53c1b754ddaf5","occ_3c26e5f8dcfa5211ecaacbcd","24"
"route_7fae000f5ca53c1b754ddaf5","occ_ac0a178a2559cfc392d890bf","25"
"route_7fae000f5ca53c1b754ddaf5","occ_dca62b5a7fe7694ceaadddfb","3"
"route_7fae000f5ca53c1b754ddaf5","occ_34d222f9ee99f2ba3d44a28a","4"
"route_7fae000f5ca53c1b754ddaf5","occ_50692abce4f7012be3d26c8a","5"
"route_7fae000f5ca53c1b754ddaf5","occ_d2b28cb56526a70e30cc38e3","6"
"route_7fae000f5ca53c1b754ddaf5","occ_af0e9c2444783ee46523b5af","7"
"route_7fae000f5ca53c1b754ddaf5","occ_d7b710cd37998017b78a2de0","8"
"route_7fae000f5ca53c1b754ddaf5","occ_c20b4395eee8b9eb1afad0c4","9"
"route_7ff39f05aaaace84d6a8a896","occ_b7eadeba0ed40104e9a63251","1"
"route_805d879b36ed247c7b933a41","occ_ae4ecc530b47cb6f677668a9","1"
"route_807ce1dda47936517e85fa1c","occ_5f64c2d9f9ab600cb051d392","1"
"route_807fcc2318d413bedd2fdff7","occ_4726dfcc0a2853800cf96947","1"
"route_80958b85ba9014013e365b3a","occ_7aefc4b5039a2087b183ddb8","1"
"route_80c6eb251229440257cb4e7c","occ_e481bf4009e55ec9a1b6912e","1"
"route_80c6eb251229440257cb4e7c","occ_9eac5dc2c96022382c1588c9","10"
"route_80c6eb251229440257cb4e7c","occ_7876cbc35e033f1c9f20b2c8","11"
"route_80c6eb251229440257cb4e7c","occ_34f55482e5898a832ad51754","12"
"route_80c6eb251229440257cb4e7c","occ_4b1ae64e1a208c872ca48831","13"
"route_80c6eb251229440257cb4e7c","occ_944e2ad872063c825f6aeffd","2"
"route_80c6eb251229440257cb4e7c","occ_4991fc514fb939f5b19ba4fb","3"
"route_80c6eb251229440257cb4e7c","occ_3441d3c0cd00380ab07bb0e4","4"
"route_80c6eb251229440257cb4e7c","occ_15e9e9eaab71848e1c1a9d71","5"
"route_80c6eb251229440257cb4e7c","occ_6ccc172b527865169dcad12c","6"
"route_80c6eb251229440257cb4e7c","occ_72e90d76fcd36c4ee70f509e","7"
"route_80c6eb251229440257cb4e7c","occ_2d7af3597d9ab24b988d8c21","8"
"route_80c6eb251229440257cb4e7c","occ_a73e63893ccf195c36da8175","9"
"route_80cfcc1f5dea5c243bbf112a","occ_537431c3e786a89518f863c3","1"
"route_80cfcc1f5dea5c243bbf112a","occ_e220557398ba519d425c7003","10"
"route_80cfcc1f5dea5c243bbf112a","occ_2abb79670254a7f6eb4d1188","11"
"route_80cfcc1f5dea5c243bbf112a","occ_82cca29272a5fe565f0498b3","2"
"route_80cfcc1f5dea5c243bbf112a","occ_dfbd1a930b440227b5733983","3"
"route_80cfcc1f5dea5c243bbf112a","occ_c9f4a1c6d15d9f60bd56b8d3","4"
"route_80cfcc1f5dea5c243bbf112a","occ_b88b48d2875e5b2674c1a2f7","5"
"route_80cfcc1f5dea5c243bbf112a","occ_1131ce1790a2f744135cf58e","6"
"route_80cfcc1f5dea5c243bbf112a","occ_b9aebdac20781ee080a3294b","7"
"route_80cfcc1f5dea5c243bbf112a","occ_e49713b9e2b364f0ae0506d4","8"
"route_80cfcc1f5dea5c243bbf112a","occ_d6278b40eb348fa3651e3af2","9"
"route_80e847482fccc15846baef15","occ_4007b9bcd90bf5c40a4a8aaf","1"
"route_80ee3edfc69a682915a58bfa","occ_92a7e436412caf34ff90daca","1"
"route_811c0cc913d6d80b6b811807","occ_fcce199c62b5f8f1b6de52e6","1"
"route_81298091c213bed412ea3002","occ_84b27a7235ed0fa3825c031a","1"
"route_81298091c213bed412ea3002","occ_d474fb87f691fd7ed6086289","10"
"route_81298091c213bed412ea3002","occ_61b1aab99aa47989701b697d","11"
"route_81298091c213bed412ea3002","occ_ef142ca8b21e8b39c93ca64a","2"
"route_81298091c213bed412ea3002","occ_66934ba9b4e3c4f4cae38d2e","3"
"route_81298091c213bed412ea3002","occ_eb615608d58eafd87367c6b1","4"
"route_81298091c213bed412ea3002","occ_3e5556ea0c2805858fd82e02","5"
"route_81298091c213bed412ea3002","occ_27342717e5d6f63718abbc5f","6"
"route_81298091c213bed412ea3002","occ_354a010d9c06c081dc066e0c","7"
"route_81298091c213bed412ea3002","occ_8a0801e08d9abf033a84c3d1","8"
"route_81298091c213bed412ea3002","occ_c0e0615b0c462701a85103ab","9"
"route_8138a69055745922f75296ee","occ_b69857ac9194a132e1bf458d","1"
"route_82139d7218fc6716843e388b","occ_29dc74e744f80e7e75c12031","1"
"route_821f8f975be4bfe986e9c88b","occ_bd6f5370b72a6f28b10fa86d","1"
"route_822653e803289661c0a33954","occ_f4d1715a3307b326d0f59dc2","1"
"route_822653e803289661c0a33954","occ_9416a7377781d575086a99d8","2"
"route_822653e803289661c0a33954","occ_c4e93d9cf1dbb58c357e5f02","3"
"route_822653e803289661c0a33954","occ_037fce167df0555f63175178","4"
"route_822653e803289661c0a33954","occ_bd1b7b2619d076f006159707","5"
"route_822653e803289661c0a33954","occ_872786e2d6d3097c77ad8a1b","6"
"route_822653e803289661c0a33954","occ_59c6fcbdf691419fb1e15b34","7"
"route_826781db8dd310a79c10df54","occ_e392d2c3f0409195d56255ed","1"
"route_82a6f1c6a832fbcd9f6322b6","occ_8e206a574f5bbdc31c487fe8","1"
"route_82f0065a7623fb7ba862cfa3","occ_0cbd3293438d6b180f0b0d15","1"
"route_83005366fbde0d6e637bfb00","occ_99a4c3a2ac142eba6a4efb77","1"
"route_83005366fbde0d6e637bfb00","occ_7fdef5f1caf7474f86d8d77b","2"
"route_830ebce56108308e5600d0d7","occ_39087c2b6a484d86b3d830f6","1"
"route_8310c8bebaaab30f6cb13909","occ_f159cf079b41d5d50d8d0b34","1"
"route_8314631fa231309d551a64d3","occ_1fbcbbfb47b55b5a2601c522","1"
"route_8314631fa231309d551a64d3","occ_8b853329126678743696d121","10"
"route_8314631fa231309d551a64d3","occ_0c60fb6f86983bfc571fff9b","11"
"route_8314631fa231309d551a64d3","occ_f2921052eb10545053504b33","2"
"route_8314631fa231309d551a64d3","occ_0c6e05f552fccb900a0e9d08","3"
"route_8314631fa231309d551a64d3","occ_f0c6bbeefd5e37ea0aa1c1b9","4"
"route_8314631fa231309d551a64d3","occ_768fb9b0fe91c34eb445f4c6","5"
"route_8314631fa231309d551a64d3","occ_ea9315bb50de765d271646ca","6"
"route_8314631fa231309d551a64d3","occ_a48358a89e32460c2c873ce0","7"
"route_8314631fa231309d551a64d3","occ_7da89a0b9e72f7a9ab7a7667","8"
"route_8314631fa231309d551a64d3","occ_d8a7340c6025a710ed4f64ed","9"
"route_835627b3f240305374e685f0","occ_063a51f18f0c008404822150","1"
"route_835627b3f240305374e685f0","occ_88bd8a8feac2a1caec444b76","2"
"route_838869410177d6e9191cec20","occ_abaf36f19729d90bc1350421","1"
"route_838869410177d6e9191cec20","occ_c846e98edb0ecd5e19b41f52","2"
"route_838869410177d6e9191cec20","occ_5aabfc1b9ab63045acdb9899","3"
"route_838869410177d6e9191cec20","occ_05eb942525e7615d4fb976b5","4"
"route_838869410177d6e9191cec20","occ_5e99b9aaecb98285111f57b7","5"
"route_83a67f0e679550765d1b8df9","occ_3eaa30cbe0dd8b3332c97dc5","1"
"route_83a67f0e679550765d1b8df9","occ_692995e1f70bd6d973c96ac2","2"
"route_83a67f0e679550765d1b8df9","occ_c52e36a68a73aecb0f7755fe","3"
"route_83a67f0e679550765d1b8df9","occ_c28f3b7a52482226232d2475","4"
"route_83a73f14a36a9127f8db71b6","occ_e7a18ab44dd651b6a4a1cefc","1"
"route_83a73f14a36a9127f8db71b6","occ_685b03c05c535e0fcaf80167","2"
"route_8417bffe1681e9fed72472ae","occ_4d154ad45e9e9774af06b7d2","1"
"route_84811519dea89eca37c0af04","occ_d5bbfb088c2c30b92dd7d55a","1"
"route_84811519dea89eca37c0af04","occ_aac77a76feb2560db6aa58d7","10"
"route_84811519dea89eca37c0af04","occ_6a0ca4e63eb4a4b807ec28b8","11"
"route_84811519dea89eca37c0af04","occ_334d8fe72a12e4b8be055d46","12"
"route_84811519dea89eca37c0af04","occ_f982a291d982fa076b411c93","13"
"route_84811519dea89eca37c0af04","occ_021429d5bec74d08c637ccf6","14"
"route_84811519dea89eca37c0af04","occ_8b3bbcfa2f3d1ede3c6bf2df","15"
"route_84811519dea89eca37c0af04","occ_5f731d2a16f3af583656d973","16"
"route_84811519dea89eca37c0af04","occ_97afe7b0fb091da4afb1a95c","17"
"route_84811519dea89eca37c0af04","occ_5eee2e3d5df4309229d62ca1","18"
"route_84811519dea89eca37c0af04","occ_550fba89c7a9b7d922831baf","19"
"route_84811519dea89eca37c0af04","occ_31c6b1b59344d88b847cf0f4","2"
"route_84811519dea89eca37c0af04","occ_85b44615b67ecafc34d9ab5b","20"
"route_84811519dea89eca37c0af04","occ_1e4e6d9dc74c44df8e55b58e","21"
"route_84811519dea89eca37c0af04","occ_754dad2968b8df82f78806e1","22"
"route_84811519dea89eca37c0af04","occ_63c9acf3f822dedc03a31e41","23"
"route_84811519dea89eca37c0af04","occ_2d57627e2979991495ee63db","24"
"route_84811519dea89eca37c0af04","occ_5990463914c4a3526d36bae5","3"
"route_84811519dea89eca37c0af04","occ_d7476847332f185a7538f260","4"
"route_84811519dea89eca37c0af04","occ_71a9a70641bfa1dd742bbd21","5"
"route_84811519dea89eca37c0af04","occ_51764d058ab2bc457392bddd","6"
"route_84811519dea89eca37c0af04","occ_cf5f7fdc97e3cf98540c9ecb","7"
"route_84811519dea89eca37c0af04","occ_2d0fb89c5c8b84c10d3e1b2f","8"
"route_84811519dea89eca37c0af04","occ_f5f6cedbcd84e96f0141fa41","9"
"route_84a9f7ce385d713dc8feae9f","occ_8e9c835a4b94a19fadbae351","1"
"route_84b546d0eda9d7219c1fbc45","occ_d30d16e40a72cfe516a81b5c","1"
"route_84c6fb9971337eec09e04e09","occ_be264a1cfc4fd9370c50e1dc","1"
"route_84c6fb9971337eec09e04e09","occ_d2a221e3f9ad914aea2469e9","10"
"route_84c6fb9971337eec09e04e09","occ_265c5d91344c4037631b0867","11"
"route_84c6fb9971337eec09e04e09","occ_faf55c2ceee75ccc9f7d84de","2"
"route_84c6fb9971337eec09e04e09","occ_f207904c773abe9e16474e04","3"
"route_84c6fb9971337eec09e04e09","occ_d43b0661ff82f93ac2c6e2b3","4"
"route_84c6fb9971337eec09e04e09","occ_da666e96a7379a3a10195f79","5"
"route_84c6fb9971337eec09e04e09","occ_42f93ae5fe0abc41ba90c9cb","6"
"route_84c6fb9971337eec09e04e09","occ_4cafc7584317c998e4bf5be9","7"
"route_84c6fb9971337eec09e04e09","occ_96efe95df74cd1b26b8337c9","8"
"route_84c6fb9971337eec09e04e09","occ_a994acf840e748a363def4b8","9"
"route_84df51744f38f0b27aa4a525","occ_d9f73581d3f35d808d094ac9","1"
"route_84df51744f38f0b27aa4a525","occ_5cafd419181ee0cac7756c8e","10"
"route_84df51744f38f0b27aa4a525","occ_9eef2cfbaccdde9226333f47","11"
"route_84df51744f38f0b27aa4a525","occ_6b20afbaf1f5ec75ddf73b72","12"
"route_84df51744f38f0b27aa4a525","occ_99a9e855a7032202ad551d5a","13"
"route_84df51744f38f0b27aa4a525","occ_6ecd76c0f96a569787df8622","14"
"route_84df51744f38f0b27aa4a525","occ_5ddee52848e6b36efec0a58e","2"
"route_84df51744f38f0b27aa4a525","occ_aa1d7e4b2981786ff6c9794e","3"
"route_84df51744f38f0b27aa4a525","occ_78d6f25c8034d5dbd52ad33c","4"
"route_84df51744f38f0b27aa4a525","occ_7f8854c94533d6344fc96959","5"
"route_84df51744f38f0b27aa4a525","occ_06c21a0d0aa5fc86b0035614","6"
"route_84df51744f38f0b27aa4a525","occ_75992da4cacd150e997761b9","7"
"route_84df51744f38f0b27aa4a525","occ_a78ff362ef05d740590bc211","8"
"route_84df51744f38f0b27aa4a525","occ_4b81dfc7a21db0e9896ae4d8","9"
"route_8503f07b6f1977e63e61f705","occ_ca4b492e1ce7523848002de6","1"
"route_852d62a203fab208b60e30dc","occ_d89dfb14fc24a3cf4a82ad7b","1"
"route_8546e1c1ce68888af8512dbe","occ_ecf10420352018096b474ae8","1"
"route_8546e1c1ce68888af8512dbe","occ_4951dcb388b19810725df890","10"
"route_8546e1c1ce68888af8512dbe","occ_d3f31a8ac26409768de41896","11"
"route_8546e1c1ce68888af8512dbe","occ_04a1418459cc7ba745a987b5","12"
"route_8546e1c1ce68888af8512dbe","occ_d8f5d495dc2a3f9939f3a96c","13"
"route_8546e1c1ce68888af8512dbe","occ_3ec14ed6a418fbd36a60b3b4","14"
"route_8546e1c1ce68888af8512dbe","occ_8e513739dc7a02c2633c6c5e","15"
"route_8546e1c1ce68888af8512dbe","occ_6df77fc6656aaa5b8d46e03c","16"
"route_8546e1c1ce68888af8512dbe","occ_58c6cedae125bc306bc70cfd","17"
"route_8546e1c1ce68888af8512dbe","occ_11503b4bb30c194aa7d48ebc","18"
"route_8546e1c1ce68888af8512dbe","occ_6825cf26075eb7e31d2659ac","2"
"route_8546e1c1ce68888af8512dbe","occ_51a49f165aa323c3983e9779","3"
"route_8546e1c1ce68888af8512dbe","occ_ef30bb9df2a4620a1c5fddf6","4"
"route_8546e1c1ce68888af8512dbe","occ_f4c55616b1cbee33b92150d0","5"
"route_8546e1c1ce68888af8512dbe","occ_5945f36d8ea86d9e7a2217b2","6"
"route_8546e1c1ce68888af8512dbe","occ_8aaefa42dfd169c5b4ad8dac","7"
"route_8546e1c1ce68888af8512dbe","occ_1532997e7845500aa7fd4d7e","8"
"route_8546e1c1ce68888af8512dbe","occ_f197621bffb61fdc70425853","9"
"route_854bdf912ae46fd00dc056aa","occ_be56cfb941881ff7c2da0899","1"
"route_85b94e25602b6592ada87874","occ_e6b13897f98a8bf9e1ba970d","1"
"route_85b94e25602b6592ada87874","occ_c3f0b093113f33d4da7df1b7","10"
"route_85b94e25602b6592ada87874","occ_3cade53e252769279fa913a4","11"
"route_85b94e25602b6592ada87874","occ_cecf354cb27ebc6b0a4e97c2","12"
"route_85b94e25602b6592ada87874","occ_cbffcecafb0888835fc14966","13"
"route_85b94e25602b6592ada87874","occ_e290624319b21c0fdd8958e3","14"
"route_85b94e25602b6592ada87874","occ_1c210bdf945f0ac91e298dfa","15"
"route_85b94e25602b6592ada87874","occ_5e82128cedde8628bf512c97","2"
"route_85b94e25602b6592ada87874","occ_3009b14540a7286243235499","3"
"route_85b94e25602b6592ada87874","occ_d0d89a18d08687319b32ebde","4"
"route_85b94e25602b6592ada87874","occ_c2fb95c01d41ce6eb8d74f71","5"
"route_85b94e25602b6592ada87874","occ_c2c96fa46e269b006a81b62a","6"
"route_85b94e25602b6592ada87874","occ_15787d6acf983f00a1bb03f6","7"
"route_85b94e25602b6592ada87874","occ_47b7281a9fdf2fe75542a01e","8"
"route_85b94e25602b6592ada87874","occ_f7e8beef52a6cd6e9c82a1c2","9"
"route_85c7c51011e9e9a1758e95ce","occ_c056ccf8c8d1c87305441390","1"
"route_85e7cb1784a742d40e7effad","occ_2894a01cb5d6b2cad6e9ef35","1"
"route_85e7cb1784a742d40e7effad","occ_fac5ef00741551cfe534c0e1","2"
"route_86449f5d2249df11fb5e0396","occ_5321ce06c583b8ef43d962eb","1"
"route_867e7663da55d2abf790e7fa","occ_d2363d57bae4e4b28f16cdc4","1"
"route_868f198d744150c82a4a8440","occ_6e449ea5f759ed9c4ea260a1","1"
"route_868f198d744150c82a4a8440","occ_ebad69844a4e1e2528cce4ee","2"
"route_868f198d744150c82a4a8440","occ_faf56052cf396a6cd325fc06","3"
"route_868f95fc2fb08be807f1c4aa","occ_3055655f2c445fc08f224599","1"
"route_868f95fc2fb08be807f1c4aa","occ_bc5814063f82e0235f7deae9","10"
"route_868f95fc2fb08be807f1c4aa","occ_f1c55bd34a91c9932950fc87","11"
"route_868f95fc2fb08be807f1c4aa","occ_76c369f9615a86fe8fb8acc1","12"
"route_868f95fc2fb08be807f1c4aa","occ_5b56bab7edd81da2dc4bdfed","2"
"route_868f95fc2fb08be807f1c4aa","occ_3ccca6ff44431747776a83c1","3"
"route_868f95fc2fb08be807f1c4aa","occ_38633eb815ec118e878cf2cc","4"
"route_868f95fc2fb08be807f1c4aa","occ_4c4205297a7f03924e4d9c31","5"
"route_868f95fc2fb08be807f1c4aa","occ_8539b7c3b9d89447c202df7c","6"
"route_868f95fc2fb08be807f1c4aa","occ_53df07f9487faf2be06d66a2","7"
"route_868f95fc2fb08be807f1c4aa","occ_e7b5cb3d5f0197c64fafe7ba","8"
"route_868f95fc2fb08be807f1c4aa","occ_53a6beac117a73ecc36fc1b8","9"
"route_86e913dafe998cbe1af8ac6f","occ_8a52ad037a759b1400598e8a","1"
"route_873622fc963c2a3b97dfedfa","occ_576ed4897e73f4ec37b00c79","1"
"route_873622fc963c2a3b97dfedfa","occ_cafb0cadec41cc4fbb91ede8","10"
"route_873622fc963c2a3b97dfedfa","occ_765bba67f2a502bc2ee88752","11"
"route_873622fc963c2a3b97dfedfa","occ_d53c58e64574ab393737e520","2"
"route_873622fc963c2a3b97dfedfa","occ_ab0dd2ef2fbd4231a94c84d4","3"
"route_873622fc963c2a3b97dfedfa","occ_bc03a9e7504edafb4a3ca12c","4"
"route_873622fc963c2a3b97dfedfa","occ_b9774dd6423465c5bbf75135","5"
"route_873622fc963c2a3b97dfedfa","occ_05d728d8cf2f49be6e2978b7","6"
"route_873622fc963c2a3b97dfedfa","occ_f1493fca69e4b3af7fcc73f0","7"
"route_873622fc963c2a3b97dfedfa","occ_2c1e2d7b20063623e4e5904f","8"
"route_873622fc963c2a3b97dfedfa","occ_056a2e80b5b62f581d4849d2","9"
"route_87d1f822a14192b338a1cc23","occ_0139895543a4cd71bcd94599","1"
"route_881d08a72df94725b2fde022","occ_1827e1eda4cf171df8f0d238","1"
"route_8821279e24fe19149bd6eec9","occ_233629b3a4a0fa4286264486","1"
"route_882ccb9408c54fb78b0861fb","occ_db032da5907068c54262d0ab","1"
"route_885316076606565b4b65671e","occ_f2a773d7aee54c88eaece02c","1"
"route_885316076606565b4b65671e","occ_811ad3da9edc478c7f160f51","10"
"route_885316076606565b4b65671e","occ_3d3b488d542bacda6537475e","2"
"route_885316076606565b4b65671e","occ_cfffa557ee9a57e01e1ce9f5","3"
"route_885316076606565b4b65671e","occ_5f65e296d097cdf4bf2017c3","4"
"route_885316076606565b4b65671e","occ_7df3419bacb54fb1ba7dcef0","5"
"route_885316076606565b4b65671e","occ_c7a5cd95586ab276ba70d7ce","6"
"route_885316076606565b4b65671e","occ_a98388a7b83ca99882c5727b","7"
"route_885316076606565b4b65671e","occ_9a16fe976aa54837840eb1bd","8"
"route_885316076606565b4b65671e","occ_a378b271a788d1993359ea58","9"
"route_885b3d8532017604ed0a7052","occ_64793377870581826b483f99","1"
"route_885b3d8532017604ed0a7052","occ_cc71af73e9fc8e0e5d62479b","10"
"route_885b3d8532017604ed0a7052","occ_91270bb32be9cc0097500a54","11"
"route_885b3d8532017604ed0a7052","occ_c81b60b83f6fe1c4209ecb6e","12"
"route_885b3d8532017604ed0a7052","occ_e2b4f0b8ce20af677631e4f2","13"
"route_885b3d8532017604ed0a7052","occ_bfd50f8099b72843ea23685c","14"
"route_885b3d8532017604ed0a7052","occ_ea0f054b050b8521d359a23c","15"
"route_885b3d8532017604ed0a7052","occ_d73814bb77bcfe2317621343","16"
"route_885b3d8532017604ed0a7052","occ_5183d536d2aace34f8ce6e08","17"
"route_885b3d8532017604ed0a7052","occ_d1c0f657085328d6ee5a68ea","18"
"route_885b3d8532017604ed0a7052","occ_14fba9b54ccbf19995cd1b32","19"
"route_885b3d8532017604ed0a7052","occ_ae323c53b650d234dae22177","2"
"route_885b3d8532017604ed0a7052","occ_a6e4bb16ef6c9481757a0f57","20"
"route_885b3d8532017604ed0a7052","occ_a687cc90b58aaf81cabbc1b5","21"
"route_885b3d8532017604ed0a7052","occ_69ea5ac5fab10124b1d23d60","22"
"route_885b3d8532017604ed0a7052","occ_6f4ca54b2bb3fea96334e198","23"
"route_885b3d8532017604ed0a7052","occ_b7908cfefe5f1e15a488db8d","24"
"route_885b3d8532017604ed0a7052","occ_fc4b3915e25d887e628e160b","25"
"route_885b3d8532017604ed0a7052","occ_a323ef5afa6749745e72146a","26"
"route_885b3d8532017604ed0a7052","occ_a58f7acf84c528cf7546ebf0","27"
"route_885b3d8532017604ed0a7052","occ_318d94ee37bfa4c899039658","28"
"route_885b3d8532017604ed0a7052","occ_19b7705f9d71ffbed03a854f","29"
"route_885b3d8532017604ed0a7052","occ_6b0748f271c886734538949c","3"
"route_885b3d8532017604ed0a7052","occ_fdf9d669744304f4ff8173df","30"
"route_885b3d8532017604ed0a7052","occ_93c41fbd2dd2b22394974aa8","31"
"route_885b3d8532017604ed0a7052","occ_63fb2a016235450063b703d9","4"
"route_885b3d8532017604ed0a7052","occ_87f7ddf6e590a9fdea5fa43e","5"
"route_885b3d8532017604ed0a7052","occ_544483da2221f7e73ffdaf55","6"
"route_885b3d8532017604ed0a7052","occ_ef70e1861e795a5c6fb630fb","7"
"route_885b3d8532017604ed0a7052","occ_1675cc6c9266ed4f011b97d8","8"
"route_885b3d8532017604ed0a7052","occ_847dd167d6ccf397b4d42691","9"
"route_887280451124ebb604a772dc","occ_19e916e79a4458118fb234e5","1"
"route_8878fcf761ce48273ba439c7","occ_4ac7686afa90777356bcc59a","1"
"route_88bacd5d4c106146eb2632d1","occ_a187f6944a222fb090a4c16f","1"
"route_88c63cc59fdce6fd55673753","occ_b743c7759fc2584f4b0719d1","1"
"route_88dd6d01b33e439fbe41ab37","occ_e5dfeb39f26d3842018ae882","1"
"route_88f0873212ebf372f6b2399b","occ_10163827be9e9cfa999e2fb4","1"
"route_88f9531285c174149db7a403","occ_91896555c484ab07a8cd9a3f","1"
"route_8900fb11be64d372982d1a62","occ_747ae53c80604dabf5033b92","1"
"route_8900fb11be64d372982d1a62","occ_7e061b75bc2e1b25397d5c1a","10"
"route_8900fb11be64d372982d1a62","occ_6c43bd0b4794075f42dcc5a6","11"
"route_8900fb11be64d372982d1a62","occ_f8acbede95dd0cdb5dccda4e","12"
"route_8900fb11be64d372982d1a62","occ_67c80e19eddfc99e810717b8","13"
"route_8900fb11be64d372982d1a62","occ_e1f64b04497c9a29c5d95582","2"
"route_8900fb11be64d372982d1a62","occ_8c4eafa857122fd918e5fc25","3"
"route_8900fb11be64d372982d1a62","occ_3d35d56d60c3370f59692eea","4"
"route_8900fb11be64d372982d1a62","occ_0ab9c1fad9ee0cd4bcd048de","5"
"route_8900fb11be64d372982d1a62","occ_098a85ddfeab05d50c28eb8f","6"
"route_8900fb11be64d372982d1a62","occ_47a0472356cb7ece96a5d789","7"
"route_8900fb11be64d372982d1a62","occ_66b8272f220c3f9d790821dc","8"
"route_8900fb11be64d372982d1a62","occ_637d8afb25bc4b6f1850b3fe","9"
"route_890250985770751b72952069","occ_d64c0c832003209327e45404","1"
"route_890250985770751b72952069","occ_32fbf97dabcb04ca59e7bf1a","10"
"route_890250985770751b72952069","occ_07443feae7c0ae0a2c8185af","11"
"route_890250985770751b72952069","occ_56efcee5a89f729f752d93ba","2"
"route_890250985770751b72952069","occ_1fe1793ec7efd0d234b5661e","3"
"route_890250985770751b72952069","occ_918115ce651c4394283dca24","4"
"route_890250985770751b72952069","occ_22f78483db767186cc4deb2b","5"
"route_890250985770751b72952069","occ_d3055b5e723e8db9df4ffcb3","6"
"route_890250985770751b72952069","occ_ca0caecc0a0682e755eb0df4","7"
"route_890250985770751b72952069","occ_d1d757485538ce9fbaa3b9bf","8"
"route_890250985770751b72952069","occ_d7016f54301e5eb20dda3095","9"
"route_891eec1465f0d7faa4786691","occ_178600a7b50d3354a2204cc3","1"
"route_8971f8659408cfdcfce594be","occ_9e5afb1feb3549f76ab4e86f","1"
"route_8972edbb235170e18658b5d0","occ_7dbdb57093ca8d66a99fc4d3","1"
"route_8972edbb235170e18658b5d0","occ_500a6de6395a6cd4323caf66","10"
"route_8972edbb235170e18658b5d0","occ_b50b1f56cb7fc84f4ab6ead2","11"
"route_8972edbb235170e18658b5d0","occ_d7fd4101c870383690ef167a","12"
"route_8972edbb235170e18658b5d0","occ_1a6b82866e930bde3f9586e1","13"
"route_8972edbb235170e18658b5d0","occ_5845869c45d49ecd328e7049","14"
"route_8972edbb235170e18658b5d0","occ_98af32a5e3fd234d15e5ec6c","2"
"route_8972edbb235170e18658b5d0","occ_b048f1dd917b153e00af8bac","3"
"route_8972edbb235170e18658b5d0","occ_ac822a3477dd8a92e97e8542","4"
"route_8972edbb235170e18658b5d0","occ_8d00a9a976513848207dc535","5"
"route_8972edbb235170e18658b5d0","occ_5636558a2569a8dc380d7429","6"
"route_8972edbb235170e18658b5d0","occ_9e1cdb64a6ec632f64ba7fe5","7"
"route_8972edbb235170e18658b5d0","occ_5732f0ccfaf07f05dd8e7a13","8"
"route_8972edbb235170e18658b5d0","occ_39174778427711396fb5ca9d","9"
"route_8a0a043fa74a9710f4f63785","occ_6d8f7a5b56ef3856b13d17c1","1"
"route_8a0a043fa74a9710f4f63785","occ_3eeeb016ce4f1120d61617e7","10"
"route_8a0a043fa74a9710f4f63785","occ_fff33f539cbd3c6b3d04412e","11"
"route_8a0a043fa74a9710f4f63785","occ_3460d9bbd07f9b407d0cb1b2","2"
"route_8a0a043fa74a9710f4f63785","occ_6e9a052a5e78156545ded411","3"
"route_8a0a043fa74a9710f4f63785","occ_b2c6efaa1f69c683cb002e25","4"
"route_8a0a043fa74a9710f4f63785","occ_3da45cce08051cd0e315e36c","5"
"route_8a0a043fa74a9710f4f63785","occ_8c47a560955cdabd7cd32a9a","6"
"route_8a0a043fa74a9710f4f63785","occ_96ebf923291a15f96c7b9c20","7"
"route_8a0a043fa74a9710f4f63785","occ_77ce142ab33270cb632c8abc","8"
"route_8a0a043fa74a9710f4f63785","occ_852273961f2fc6e5e9f85db4","9"
"route_8a470bdec819e8f29d2c4e0c","occ_72c1689710a1f6bf86b6750a","1"
"route_8a67ccfadf46e6c48e3f205a","occ_ad0111919001e445f79b5c19","1"
"route_8a75355083c12c4f69281b68","occ_f52657eeda744f4ec6f3d485","1"
"route_8a75355083c12c4f69281b68","occ_68c67c05d09b0c4959b4cc1b","2"
"route_8ace599f10e87c25e89eb6a0","occ_c2baf2255c29531022c182ec","1"
"route_8ae87039eabf7a506aeff1ed","occ_8a54c5aec4c5ee6cfca56029","1"
"route_8ae997c21be0bd2857105b52","occ_be60a93386587e823d3b28f8","1"
"route_8aedf07fd93c951ecf9edbfa","occ_8bf70aadcd0dd17bab96d5f3","1"
"route_8afd055043ab540e067ea2ca","occ_aadb96d6b49891c0348a5d8a","1"
"route_8afe3d08f346079bc9996230","occ_ea3dc52ed309c08f9483c99f","1"
"route_8afe3d08f346079bc9996230","occ_0f7e1efcb67e0ece958e0195","10"
"route_8afe3d08f346079bc9996230","occ_d8ca5abefc1da1a29e0f144f","11"
"route_8afe3d08f346079bc9996230","occ_02fe1f2d2c71c45dc70bb32b","12"
"route_8afe3d08f346079bc9996230","occ_579fb54fa2a303fe45f6a00e","13"
"route_8afe3d08f346079bc9996230","occ_28f529767688b9872a2c8e6e","14"
"route_8afe3d08f346079bc9996230","occ_a9b4dc9d09aced88e66e32e6","15"
"route_8afe3d08f346079bc9996230","occ_662a87965d7775cb6e926c14","16"
"route_8afe3d08f346079bc9996230","occ_09371abe9d44638988ec9ebb","17"
"route_8afe3d08f346079bc9996230","occ_47386e05ab1c8910517273f6","18"
"route_8afe3d08f346079bc9996230","occ_461e8cff25593333857ac4d3","19"
"route_8afe3d08f346079bc9996230","occ_be354203e6c84cf062dafc66","2"
"route_8afe3d08f346079bc9996230","occ_c54b2120ea4db472dafa6d30","20"
"route_8afe3d08f346079bc9996230","occ_d695466a7e462b58e75a2fd9","21"
"route_8afe3d08f346079bc9996230","occ_ded98823e2e76b5dc32a2281","22"
"route_8afe3d08f346079bc9996230","occ_02584749f09673dc348e3a32","3"
"route_8afe3d08f346079bc9996230","occ_3a8a9516f32acb681bf36ca6","4"
"route_8afe3d08f346079bc9996230","occ_6675e4bd7f3ebedd7984471c","5"
"route_8afe3d08f346079bc9996230","occ_9db11caacfcf2999fdc4fd39","6"
"route_8afe3d08f346079bc9996230","occ_6108cf91d2a19e07eb63f54d","7"
"route_8afe3d08f346079bc9996230","occ_e38c032494178e4f0ee27bee","8"
"route_8afe3d08f346079bc9996230","occ_c1562069e0ed80c618125b12","9"
"route_8b2599ff47b3321a6e817168","occ_b7d3857201440e5ecec7f1dc","1"
"route_8b2599ff47b3321a6e817168","occ_27feadcaa566ced5ed9a31ad","2"
"route_8b2599ff47b3321a6e817168","occ_e6e1048d6d19da7c7bfcea65","3"
"route_8b33c2c0c99c7b7de2c96541","occ_418ea7e2b9f4bd4220f34825","1"
"route_8b33c2c0c99c7b7de2c96541","occ_e4ec39766d5786575f7c7aa3","2"
"route_8b33c2c0c99c7b7de2c96541","occ_24a23ba45d6f55443feb1e41","3"
"route_8b33c2c0c99c7b7de2c96541","occ_828c1346c46750b83efd7f3a","4"
"route_8b33c2c0c99c7b7de2c96541","occ_ef4def0721c2641b658d9ea7","5"
"route_8b33c2c0c99c7b7de2c96541","occ_2e82c320b4761e0261abb130","6"
"route_8b3b00ae2ce384bc0783b123","occ_514c9cf3de583334abbe73a9","1"
"route_8b5048628de537f3fb1ba1a5","occ_ca4defd212e682d406eb4e8a","1"
"route_8b5c8e27b132cc2bd18876f0","occ_7ccd89dbab768134f49df5e1","1"
"route_8b617bc42bccc6fc1fda087c","occ_53c7c24a4ea26d4d26a8d55a","1"
"route_8b7badf640b4bd37280c9952","occ_bb62503d7d4f23200ab2dd22","1"
"route_8b886fcd3ce478b01dafebb0","occ_b35eaf0584a2be516a4b79d4","1"
"route_8b886fcd3ce478b01dafebb0","occ_10ebf7de12d3669a96e990ca","2"
"route_8b886fcd3ce478b01dafebb0","occ_2702f3e968c3a20e10f9adbd","3"
"route_8b886fcd3ce478b01dafebb0","occ_c7a272ce925ec65e0cc500e1","4"
"route_8b886fcd3ce478b01dafebb0","occ_97c18177aeabd9feb23f4034","5"
"route_8b886fcd3ce478b01dafebb0","occ_ef79a788b565ae349a0377a6","6"
"route_8b886fcd3ce478b01dafebb0","occ_20d3de72d54951d7f074827f","7"
"route_8b886fcd3ce478b01dafebb0","occ_11cf630076198d78fc52b4e7","8"
"route_8b9112e94ef9794e59cf3383","occ_573cb3196842ab9393653f99","1"
"route_8baba34005c35519e0d0de29","occ_70afbfc274e2154d316a48b3","1"
"route_8bb391a8bcfde24d07796c3c","occ_42c9b15845ed369780f789d3","1"
"route_8bd2b4faa14d191987ff7be1","occ_fe734008993cd34a80b251b8","1"
"route_8bd80822cd569c09d74d154c","occ_cf33f1036a6055dce76fd2cb","1"
"route_8c422622003f7e8c7ee4c6ad","occ_4f1b34f042c70f3f2d27db5e","1"
"route_8c422622003f7e8c7ee4c6ad","occ_7186ae0674b9223411c2dbc0","10"
"route_8c422622003f7e8c7ee4c6ad","occ_d452385782fb5229cedd8f08","11"
"route_8c422622003f7e8c7ee4c6ad","occ_9e61a2eac190054640c2d56b","12"
"route_8c422622003f7e8c7ee4c6ad","occ_0343254824c69fdd34d7a885","13"
"route_8c422622003f7e8c7ee4c6ad","occ_f142ac510bab90c318bba29e","2"
"route_8c422622003f7e8c7ee4c6ad","occ_d1606d418ffe8956fc828e76","3"
"route_8c422622003f7e8c7ee4c6ad","occ_828c08c6bfdd042ea1ab0387","4"
"route_8c422622003f7e8c7ee4c6ad","occ_c0620ecee1c6b03f8f264ace","5"
"route_8c422622003f7e8c7ee4c6ad","occ_89a23f635f340feef83305b2","6"
"route_8c422622003f7e8c7ee4c6ad","occ_8b101e7e9d5d535016168fac","7"
"route_8c422622003f7e8c7ee4c6ad","occ_b573bdb81d0a048416e7f836","8"
"route_8c422622003f7e8c7ee4c6ad","occ_8b5c33ec8dc745a455e52735","9"
"route_8c5029c8cf1a76301a010d44","occ_6f503a67e767c75f81847a00","1"
"route_8c54f33cfcd3d8a3c3663836","occ_4a170935f4c709546fc1257b","1"
"route_8c6a8d1b38004c3d2701ac49","occ_d233a7e29bf292741c842bd3","1"
"route_8c748ccc4f188b7a21a9d17f","occ_528f71b44c2129d603cc112b","1"
"route_8c86ce0f29f04861fb568e72","occ_b0d954cdc21776f7bdb48dc9","1"
"route_8c86ce0f29f04861fb568e72","occ_25531b4369eda42f511a4c60","10"
"route_8c86ce0f29f04861fb568e72","occ_02857d9fb6bcb83e378fc0b4","11"
"route_8c86ce0f29f04861fb568e72","occ_e01f957ec08784bfae70886d","12"
"route_8c86ce0f29f04861fb568e72","occ_4e828dd7f949bc1c2874280b","13"
"route_8c86ce0f29f04861fb568e72","occ_6653a44da67e79051f26494d","14"
"route_8c86ce0f29f04861fb568e72","occ_9657ceac1b6eeed4a25f2227","15"
"route_8c86ce0f29f04861fb568e72","occ_cde4d10c5209dc269d58a92e","16"
"route_8c86ce0f29f04861fb568e72","occ_d46f0f0214627ca939caa4e6","17"
"route_8c86ce0f29f04861fb568e72","occ_337a8548eb9f74446e62966e","2"
"route_8c86ce0f29f04861fb568e72","occ_7364074eb2ee0ce0e9ea09fc","3"
"route_8c86ce0f29f04861fb568e72","occ_deae9c20f8b83b42ac847320","4"
"route_8c86ce0f29f04861fb568e72","occ_8aec7e13c49db94b33138267","5"
"route_8c86ce0f29f04861fb568e72","occ_c0ef089fdfdf313906771620","6"
"route_8c86ce0f29f04861fb568e72","occ_6a0015cfceadb44a6aadc340","7"
"route_8c86ce0f29f04861fb568e72","occ_c373702c2e3f4d2ea1c89c81","8"
"route_8c86ce0f29f04861fb568e72","occ_a7e712ee96f2605d8a9dd329","9"
"route_8cf96baf62af3af72caf264e","occ_e3a448ea6955e11435f88517","1"
"route_8cf96baf62af3af72caf264e","occ_e6d27867f66effd6fd276788","2"
"route_8cf96baf62af3af72caf264e","occ_5aac6f6160548deede9e3a1c","3"
"route_8cf96baf62af3af72caf264e","occ_e55c23537215e37f1a6ef757","4"
"route_8cf96baf62af3af72caf264e","occ_6fefacb32173430d27cbcae3","5"
"route_8cf96baf62af3af72caf264e","occ_9e09fdbe7d6d1a3ffd0e2ad7","6"
"route_8cfc01d9cae2679e3d71926a","occ_24e70821b1e1478d9e312ce7","1"
"route_8cfc01d9cae2679e3d71926a","occ_e0eb5757429191e800af3985","10"
"route_8cfc01d9cae2679e3d71926a","occ_b472c72ef2cd19f0d37586ce","11"
"route_8cfc01d9cae2679e3d71926a","occ_f1fe704b047606a0e306e29c","2"
"route_8cfc01d9cae2679e3d71926a","occ_f515903a35473c18a2345473","3"
"route_8cfc01d9cae2679e3d71926a","occ_035dd4dfadcf1bf51a9e81ac","4"
"route_8cfc01d9cae2679e3d71926a","occ_35239ffb6467cddf56cd186a","5"
"route_8cfc01d9cae2679e3d71926a","occ_c3109151d84cd2bcf440f4e5","6"
"route_8cfc01d9cae2679e3d71926a","occ_9fa0d26c43f6d05f6cc8724c","7"
"route_8cfc01d9cae2679e3d71926a","occ_a8804b9caceb65b9d07e3438","8"
"route_8cfc01d9cae2679e3d71926a","occ_b0248e71f897bf4f6991093a","9"
"route_8d0e6fc6b388286713239adf","occ_925be725d8b927419b6f7898","1"
"route_8d107cad4663a744fe3f5ba2","occ_b8278591375cec674b1fc454","1"
"route_8d11c0d86abd1e0ca58e63a9","occ_975f311b94068088032814f4","1"
"route_8d11c0d86abd1e0ca58e63a9","occ_c8de14cf005794956a5e42ce","2"
"route_8d11c0d86abd1e0ca58e63a9","occ_89f8ba50120ab2d01ee38b3a","3"
"route_8d1bfc8ae97ea9e7c2252e2e","occ_727fa262d02cd3ceeceec810","1"
"route_8d4cc32549c349e00364d210","occ_ce96a87bea8da5bee7a03d1b","1"
"route_8d4cc32549c349e00364d210","occ_347e2c4fd47d370f5aeb5a46","10"
"route_8d4cc32549c349e00364d210","occ_ca984ec448a3196a3805584a","11"
"route_8d4cc32549c349e00364d210","occ_b5120a891aa6756033d5a9a2","12"
"route_8d4cc32549c349e00364d210","occ_f07be7a928eee40b294419ce","2"
"route_8d4cc32549c349e00364d210","occ_ef2178e49e98a4ed81287183","3"
"route_8d4cc32549c349e00364d210","occ_383d89dc1038702258e3279b","4"
"route_8d4cc32549c349e00364d210","occ_09006521b5a896c721c10be2","5"
"route_8d4cc32549c349e00364d210","occ_b6731f73e77b07d3cc0d127b","6"
"route_8d4cc32549c349e00364d210","occ_3f5dc67bac42f9664180ba56","7"
"route_8d4cc32549c349e00364d210","occ_5e6629998cc25b9913052877","8"
"route_8d4cc32549c349e00364d210","occ_10913f8f615f3d1afb54b989","9"
"route_8d5536e2b6602bc598d96d87","occ_817ee681b3e1904667b218fc","1"
"route_8d67e16b4cfb611d88cc3cb4","occ_4a3764194a89a0fedd4bea01","1"
"route_8d7c6783aefe5c59eb850dfc","occ_1364dcafea017a52c9902929","1"
"route_8d83a29200cd1bcec31a9766","occ_e32214e3f0600201891b0e35","1"
"route_8e00f9e37248acd448236f43","occ_e03bc72bfcd5d79d63286314","1"
"route_8e5396804adb1d3ea0c4dae6","occ_1e301b2307f99ae92e7d3a78","1"
"route_8e673e37d0248ea2b94d7180","occ_193224351c072c785f6345f0","1"
"route_8e7279895ee4a80ff9d7948b","occ_31fcf551c5cba38c057273ac","1"
"route_8ec8842ffbbc3266ba6c1868","occ_bff084ef33afafd603ae0c56","1"
"route_8ef72d583bff17ad231bdf91","occ_63b365972edb04fbd8970bf8","1"
"route_8f2951ca2cef43385d6527f0","occ_7732308f398f974e4f132e81","1"
"route_8f2951ca2cef43385d6527f0","occ_62a20959267483c73b16fd6c","10"
"route_8f2951ca2cef43385d6527f0","occ_dbe0d9bf820f4d6d39844051","11"
"route_8f2951ca2cef43385d6527f0","occ_a536fb9325062802ac8946eb","12"
"route_8f2951ca2cef43385d6527f0","occ_c557d5e9ede3371c02a3d265","13"
"route_8f2951ca2cef43385d6527f0","occ_28023e38898293d1bffb7a9e","14"
"route_8f2951ca2cef43385d6527f0","occ_abf83cf8735b986d76d44b6b","15"
"route_8f2951ca2cef43385d6527f0","occ_38f0d84008846489d80ec869","16"
"route_8f2951ca2cef43385d6527f0","occ_bf1654db3fda11c2f4644bf1","2"
"route_8f2951ca2cef43385d6527f0","occ_245d5baa6b22eb3c44ff088a","3"
"route_8f2951ca2cef43385d6527f0","occ_b9c8d91165519cab110d57c9","4"
"route_8f2951ca2cef43385d6527f0","occ_6513cee6401fbcdd510256cc","5"
"route_8f2951ca2cef43385d6527f0","occ_6437973b98292e53f75cdb60","6"
"route_8f2951ca2cef43385d6527f0","occ_776e937d393cbd2e9ed26b4d","7"
"route_8f2951ca2cef43385d6527f0","occ_ec6cd6441a4359dac4367a23","8"
"route_8f2951ca2cef43385d6527f0","occ_09571efa46420b5910acb07d","9"
"route_8f35c5afa398e98da5782325","occ_5cb79e62dcb68b2e832d6945","1"
"route_8f427865c8ab2e065307e769","occ_9d93fc73e41fc587ab0c9477","1"
"route_8f427865c8ab2e065307e769","occ_0e50b62536f99b4efb045390","10"
"route_8f427865c8ab2e065307e769","occ_8ab7a502fdc19f1acb3b1830","11"
"route_8f427865c8ab2e065307e769","occ_8b7f57feba15be0341a3ff98","12"
"route_8f427865c8ab2e065307e769","occ_4df67ebda77b1d9219392be3","13"
"route_8f427865c8ab2e065307e769","occ_57465a908d76846daf09311a","14"
"route_8f427865c8ab2e065307e769","occ_c5dece8a7d5dbbab7fbc806a","15"
"route_8f427865c8ab2e065307e769","occ_e76d2cc8d927b75790aa3c75","16"
"route_8f427865c8ab2e065307e769","occ_169b2c9d7e1902640ed4e6e3","17"
"route_8f427865c8ab2e065307e769","occ_500c735ba960fc78bf8e04cd","18"
"route_8f427865c8ab2e065307e769","occ_6d5128a543c01597b6780b83","2"
"route_8f427865c8ab2e065307e769","occ_ae603b65c8dc96e063c0d6d1","3"
"route_8f427865c8ab2e065307e769","occ_400dfc5176fe80786bf0cd2f","4"
"route_8f427865c8ab2e065307e769","occ_f48bc2095ea62419e0860408","5"
"route_8f427865c8ab2e065307e769","occ_e650acd479de63535ac70924","6"
"route_8f427865c8ab2e065307e769","occ_2c531d0304a20142ee31fd92","7"
"route_8f427865c8ab2e065307e769","occ_b953b282aeb61f9688bfe5de","8"
"route_8f427865c8ab2e065307e769","occ_bdd6d7c0dda6126e16e8d7cf","9"
"route_8f4587b138008763b372741c","occ_a4c0b91235ae65ebe511b944","1"
"route_8f4587b138008763b372741c","occ_b9d0e56fa0bef217676b57e3","10"
"route_8f4587b138008763b372741c","occ_3283c8b625f9a2e426b58cd8","2"
"route_8f4587b138008763b372741c","occ_c96d075726ae64ea8a38f147","3"
"route_8f4587b138008763b372741c","occ_f581953b6e0219cd295cb8bb","4"
"route_8f4587b138008763b372741c","occ_c32f472e34c23bfd4abbee6d","5"
"route_8f4587b138008763b372741c","occ_944c7c97e7be956591a42680","6"
"route_8f4587b138008763b372741c","occ_3d8311e1c3e32a33a981fab5","7"
"route_8f4587b138008763b372741c","occ_8a154fd6f4059dbd2e171081","8"
"route_8f4587b138008763b372741c","occ_a29bf296c267d4c7af4a2d10","9"
"route_8f4cc07fc5515768d79471c5","occ_665dddeefd479d6f2acbdda2","1"
"route_8f4f157dd6fd717d47406050","occ_7ae7ae59fc1ec26a4cae8156","1"
"route_8f4f157dd6fd717d47406050","occ_ed6a4b91476e16772647111a","2"
"route_8f4f157dd6fd717d47406050","occ_de4c3a30974d6979e0ee6685","3"
"route_8f4f157dd6fd717d47406050","occ_e94708a90839c97c976d58f2","4"
"route_8f4f157dd6fd717d47406050","occ_6102f8b79e1acc03dcf778cd","5"
"route_8f4f157dd6fd717d47406050","occ_95aa840fa97a003096c30646","6"
"route_8f83056bc3a71d42f3fd8ee8","occ_4a45e3eafa1c4e0f407b5b91","1"
"route_8f8c49a1caafc665b04925f8","occ_c1ded446aff1cf424b2f5f59","1"
"route_8fbc1aeb563256b7d248f907","occ_f6cdbfd92f5e5bb241a2e789","1"
"route_8fd29d1fa73f5e51cf65f42a","occ_59674a59307476c1a78c7260","1"
"route_8fdbb53645b7b7e444dbad7a","occ_699e9e2fbd7537f4fa5c2636","1"
"route_8fdf874ea4dcc19462452a18","occ_0f65d6da408ee7a2412f6ea1","1"
"route_8fdf874ea4dcc19462452a18","occ_8e8a3e7b56d4fa971a825687","10"
"route_8fdf874ea4dcc19462452a18","occ_6861abd455a925c9b3ecced5","11"
"route_8fdf874ea4dcc19462452a18","occ_d0ee61e985d5547cb08d927c","12"
"route_8fdf874ea4dcc19462452a18","occ_018c0238436a2109d7f6140a","13"
"route_8fdf874ea4dcc19462452a18","occ_fd8e834dfae30c8ad025de0c","14"
"route_8fdf874ea4dcc19462452a18","occ_4ee81ef26c032f96b60e1148","15"
"route_8fdf874ea4dcc19462452a18","occ_2eb935f441b5f3e25b2b8744","16"
"route_8fdf874ea4dcc19462452a18","occ_5e0efc9455231e89591b648e","17"
"route_8fdf874ea4dcc19462452a18","occ_352ea6893159f4642ccfe1d7","18"
"route_8fdf874ea4dcc19462452a18","occ_91570df68bdf7f317d20c212","19"
"route_8fdf874ea4dcc19462452a18","occ_7776771b9d338b3e5320f0c9","2"
"route_8fdf874ea4dcc19462452a18","occ_f46d72291919ec168477c597","20"
"route_8fdf874ea4dcc19462452a18","occ_00ea8a51688a85091daa3650","21"
"route_8fdf874ea4dcc19462452a18","occ_532d35738e67113b83c0c53c","22"
"route_8fdf874ea4dcc19462452a18","occ_23f1b6769c88d2e4e1ac6fda","3"
"route_8fdf874ea4dcc19462452a18","occ_53e41466dc73a7018a82b3a6","4"
"route_8fdf874ea4dcc19462452a18","occ_073f55ae7b2634f2a93e64e6","5"
"route_8fdf874ea4dcc19462452a18","occ_81a79f6a2e0d7f77d534038b","6"
"route_8fdf874ea4dcc19462452a18","occ_e6edd41ac45d8a91dbf347f4","7"
"route_8fdf874ea4dcc19462452a18","occ_9075dd848636dd1ebb6a0a77","8"
"route_8fdf874ea4dcc19462452a18","occ_6b6ece56d1e28a93f2ffed12","9"
"route_901338f195d51ea0ce20d8cb","occ_82d0ffd195a8a860f8bdef29","1"
"route_9033e1acdb49da3eb9cdb767","occ_8348e5a96ff22f163e73f496","1"
"route_903f1bf0c68e1b0fe5212340","occ_d0a348a9667c90ec78225682","1"
"route_90876c09d7b3dc166c8a3a12","occ_8fb1ff7dd4189426ed43105c","1"
"route_90876c09d7b3dc166c8a3a12","occ_3ea0850a072124b115903814","10"
"route_90876c09d7b3dc166c8a3a12","occ_21815227f211f71bd4f46533","11"
"route_90876c09d7b3dc166c8a3a12","occ_c7b37e58fce06991bcb92400","12"
"route_90876c09d7b3dc166c8a3a12","occ_3042014dd8d4076d68486dbd","13"
"route_90876c09d7b3dc166c8a3a12","occ_4b60ee066519f34e2f49e4dd","14"
"route_90876c09d7b3dc166c8a3a12","occ_a47e6899ecea882cf3e86eb2","15"
"route_90876c09d7b3dc166c8a3a12","occ_7fd478188510ddbd4c24edbc","2"
"route_90876c09d7b3dc166c8a3a12","occ_cacb48d9c7a85759413ff443","3"
"route_90876c09d7b3dc166c8a3a12","occ_764822d4c14e4f88fb407ba2","4"
"route_90876c09d7b3dc166c8a3a12","occ_1d2d205a695ebd49cc8b3639","5"
"route_90876c09d7b3dc166c8a3a12","occ_36356f1176660e3e06359601","6"
"route_90876c09d7b3dc166c8a3a12","occ_e736e8a361d5133390e96a5d","7"
"route_90876c09d7b3dc166c8a3a12","occ_a9f6e3b1966d7f2597db1595","8"
"route_90876c09d7b3dc166c8a3a12","occ_188a3c754f3d246703bcd7a1","9"
"route_9089c1cd01ebf4fa20db53a7","occ_afd33f411dc84cfa07af471f","1"
"route_9089c1cd01ebf4fa20db53a7","occ_8f518ef12b0a78c0cad86824","10"
"route_9089c1cd01ebf4fa20db53a7","occ_e32fd2cfdcae6381f0323184","11"
"route_9089c1cd01ebf4fa20db53a7","occ_3396ba9b787d485003b2b43b","2"
"route_9089c1cd01ebf4fa20db53a7","occ_4d759945ae4654f85e69970f","3"
"route_9089c1cd01ebf4fa20db53a7","occ_6f7c99b2eabed4b46c251c7d","4"
"route_9089c1cd01ebf4fa20db53a7","occ_30db879b5db7f6f58c185d02","5"
"route_9089c1cd01ebf4fa20db53a7","occ_ed4105d825716d91851dc626","6"
"route_9089c1cd01ebf4fa20db53a7","occ_9fa295783796d038f1e5be89","7"
"route_9089c1cd01ebf4fa20db53a7","occ_49f11c5a9f688c70bf4d461a","8"
"route_9089c1cd01ebf4fa20db53a7","occ_cc256dda4d98b05e3e416472","9"
"route_909142651edcb40450067e6b","occ_844c7fc2eee8a49bd7746908","1"
"route_90c0aad228325e8a5e446813","occ_063d5f65206e871609aa8a28","1"
"route_90c0aad228325e8a5e446813","occ_733b1b7effcd6703f1568c08","2"
"route_90c0aad228325e8a5e446813","occ_c018175974cc2106793cbb15","3"
"route_90c0aad228325e8a5e446813","occ_ccbab8d89e73c34775734697","4"
"route_90c0aad228325e8a5e446813","occ_41b2341102142df471c4d5a2","5"
"route_90c0aad228325e8a5e446813","occ_f1f142b1b4a3b39e637b7028","6"
"route_90c0aad228325e8a5e446813","occ_59f3fcd16c2abdcf81c857fa","7"
"route_90c11222a4c67cc5f3ec39c8","occ_5677bc8145e9740bb21d9882","1"
"route_90c941a04cb6faad9adc26e8","occ_1f8b7c06ce8dbb56e7c11e07","1"
"route_90d209f2efc43d831132db50","occ_09453e28c90b8f45c50d5da9","1"
"route_90fa72d744fcf41014708ac2","occ_5925439a168dcfb3e53e693f","1"
"route_90fa72d744fcf41014708ac2","occ_fb2318c348b09c38ab3d7ff3","2"
"route_91102bd7fab25d34054d5c98","occ_277b8b9e622ae8cce9ccfca2","1"
"route_91102bd7fab25d34054d5c98","occ_39cb39d115c1802afde30948","10"
"route_91102bd7fab25d34054d5c98","occ_98d790b38eefff97ec4bd593","11"
"route_91102bd7fab25d34054d5c98","occ_dd02e42c8b0ceff55fb39134","12"
"route_91102bd7fab25d34054d5c98","occ_ea2bc5df84a504ea3f1acd29","13"
"route_91102bd7fab25d34054d5c98","occ_d1ec0dd2f5c8ff8ee15a083c","2"
"route_91102bd7fab25d34054d5c98","occ_fb871630db12236e26ade52d","3"
"route_91102bd7fab25d34054d5c98","occ_e091e3397617ed04ccf7416e","4"
"route_91102bd7fab25d34054d5c98","occ_45d936bc6c9d24f773c8a165","5"
"route_91102bd7fab25d34054d5c98","occ_55e0edbc0f036cc2f75faa0f","6"
"route_91102bd7fab25d34054d5c98","occ_742db5a239a963cdadc79165","7"
"route_91102bd7fab25d34054d5c98","occ_5988770497d8acd65cf6a03f","8"
"route_91102bd7fab25d34054d5c98","occ_83e6cefa09cd11dc7f349805","9"
"route_911c300f85551e0dcc95a1a9","occ_4d7da0b3e44df948401a1bf4","1"
"route_91a32bc4362bddef09487f9a","occ_8eefe388c99dd627803febc6","1"
"route_91a99357d57ba79a93d1fe3c","occ_2b2aac6e6928a46d37f6ffe9","1"
"route_91c5c71243885cb10af8f286","occ_d2c4ed7655e136bffbad09ac","1"
"route_91e2bec3b29d2a862efa75b6","occ_f15b45e506603ed25c148900","1"
"route_9211025aad2cfa123389a1b7","occ_91320dd6577c12fd518f9767","1"
"route_9211025aad2cfa123389a1b7","occ_fb51c7f6c33f36c958cad9b3","2"
"route_9211025aad2cfa123389a1b7","occ_f4a9044a3e97d78ce4ee4d72","3"
"route_9211025aad2cfa123389a1b7","occ_69021d75da747692ac52f771","4"
"route_9211025aad2cfa123389a1b7","occ_050b1d3d61212e331087a528","5"
"route_9211025aad2cfa123389a1b7","occ_1a59f7663794f7b0b155c32e","6"
"route_9211025aad2cfa123389a1b7","occ_ed2ad58bb0da9eefdf31d1d5","7"
"route_9211025aad2cfa123389a1b7","occ_80f78ed0cf22ededa147cad3","8"
"route_9240211c71344fc6e82f3724","occ_dbe94c26a4d85111242a7272","1"
"route_924318e1c6b922604905d953","occ_6018a0b3f84072b8fcbf7a2d","1"
"route_924318e1c6b922604905d953","occ_f085f1d1468d0dfba4dc96fa","10"
"route_924318e1c6b922604905d953","occ_c7a195a93d7946d72980ff6f","11"
"route_924318e1c6b922604905d953","occ_e90a1dab84228a9f7f494977","2"
"route_924318e1c6b922604905d953","occ_5de9516f84a480e1d0b6d3a1","3"
"route_924318e1c6b922604905d953","occ_fff4deea3d8321e3a378fe03","4"
"route_924318e1c6b922604905d953","occ_6a7aab56fa44472e862e106f","5"
"route_924318e1c6b922604905d953","occ_1aa4a46f90c1a70b9a5877c4","6"
"route_924318e1c6b922604905d953","occ_a75ec193638a4cddc85f0b87","7"
"route_924318e1c6b922604905d953","occ_a25d5c4f610191f19f896ad6","8"
"route_924318e1c6b922604905d953","occ_8e395146c6145ce178e912db","9"
"route_92ff03a6e7c9a715b601729b","occ_c736babef32d24f596dd40d4","1"
"route_9300152ccb7641547648575b","occ_900a3781b34c307c7b592db8","1"
"route_930682d9d2e3f6846ce45574","occ_94b43943ccfdc3c5fadd26ee","1"
"route_9307924157b1247c217fa43f","occ_840dd13083282032a6d8d884","1"
"route_9340a015f2f4bbbf0e3951c2","occ_e11f7b194941bd57494b6abd","1"
"route_935fe0730ad657492e54a667","occ_4b3de449dc8a05a3a9f35ddd","1"
"route_935fe0730ad657492e54a667","occ_400ef2ef780aa3eee76d2615","10"
"route_935fe0730ad657492e54a667","occ_467af80ec7fb7141dd534b73","11"
"route_935fe0730ad657492e54a667","occ_69f01129b962c1e74e801e4e","12"
"route_935fe0730ad657492e54a667","occ_d9e1f83e6312cabfe0a83b01","13"
"route_935fe0730ad657492e54a667","occ_93fca84d162da84f77cc82f1","14"
"route_935fe0730ad657492e54a667","occ_42632bcf3413eb107502113f","2"
"route_935fe0730ad657492e54a667","occ_90fa872911e978766124a67d","3"
"route_935fe0730ad657492e54a667","occ_968eb14e9c222540569e7228","4"
"route_935fe0730ad657492e54a667","occ_1df13fba2338117c20564110","5"
"route_935fe0730ad657492e54a667","occ_b48828941aa9f02aa171ac55","6"
"route_935fe0730ad657492e54a667","occ_c01237024c671594534090e7","7"
"route_935fe0730ad657492e54a667","occ_883427a994a927502204b358","8"
"route_935fe0730ad657492e54a667","occ_bd62c8bd08618b8e579f3c04","9"
"route_93680a0213fae76a2030f12f","occ_a3d40e73e7f8a6fe7feb82c1","1"
"route_93753bb4fae09449f2469972","occ_873db4cf733cab3f0a3360a1","1"
"route_9396b729485341487592f7f3","occ_a5f4e34280bfab30f23a2a12","1"
"route_93bb9b1c135d384130523cc7","occ_f3ca1021fed108bc9f3bc23c","1"
"route_93bb9b1c135d384130523cc7","occ_c5149390d5636346cc779062","2"
"route_93bb9b1c135d384130523cc7","occ_37054dc71b119a6da3b2a6dd","3"
"route_93bb9b1c135d384130523cc7","occ_6ad48444568a2f5fc764b0c7","4"
"route_93bb9b1c135d384130523cc7","occ_e06ab04f7b9325a122394a26","5"
"route_93d6b960cb2a728d6784159f","occ_bd71caecac5108770c7e88e6","1"
"route_940c7f2f50e2e75bd423b8d8","occ_0b9e4ac0e4fb23a33aecd2b9","1"
"route_9437fb8dcacb781a22c85677","occ_1fda15d42a21ecab8d02e7bf","1"
"route_9446def69587eb9a7ac5a68d","occ_0735501573868ab53bf2fbc1","1"
"route_9449ea6083e9cae126667b19","occ_2020eff6af781e9f099957fe","1"
"route_9449ea6083e9cae126667b19","occ_42099ae459d2efc88fb31aeb","10"
"route_9449ea6083e9cae126667b19","occ_2534807fd3ccdce4fafc7b60","11"
"route_9449ea6083e9cae126667b19","occ_4d8a6cfa65ab0c900d85388f","12"
"route_9449ea6083e9cae126667b19","occ_6cd24d719b5794531011d5d4","13"
"route_9449ea6083e9cae126667b19","occ_072a953039e9257ee1377ca6","14"
"route_9449ea6083e9cae126667b19","occ_4bd106b50fdd781da9271b7b","2"
"route_9449ea6083e9cae126667b19","occ_312efd7bc692f00da979c35b","3"
"route_9449ea6083e9cae126667b19","occ_aac464f26bb0f004806e4aa3","4"
"route_9449ea6083e9cae126667b19","occ_4aae47fa76ab1fdf0f8697c3","5"
"route_9449ea6083e9cae126667b19","occ_7a570181f4786e3d9c008e80","6"
"route_9449ea6083e9cae126667b19","occ_5e2edd7adba760c01fe6d4f4","7"
"route_9449ea6083e9cae126667b19","occ_dfcfc66ea61322fc560cafe6","8"
"route_9449ea6083e9cae126667b19","occ_e3ed1f4c3eaa0ec2d1e33519","9"
"route_944b2f5b75b39caf7d3cc319","occ_4eae6eb0c6c5393058cba7cf","1"
"route_944b2f5b75b39caf7d3cc319","occ_e6ea68cacb1d6c6478ab3bf9","2"
"route_948a262057e5f7d45e4c7c62","occ_d84d10e3c2591c8a29025061","1"
"route_949584d76d450f41dde65e3a","occ_ef6cdcbae6146392d6621712","1"
"route_94b078d24d466b248609c47b","occ_48f9b39fe309e5392e6012a0","1"
"route_94c81a764fccddf260b8c9ff","occ_4cb95fcf6141db075a74a405","1"
"route_94dedb98d14843d6058bc490","occ_4d88a3ad6f9fb68965a02fc3","1"
"route_94fe89f63a80935e50fa1663","occ_4ac92235c472e8ff573aa0ce","1"
"route_94fe89f63a80935e50fa1663","occ_dad2bce41b23414def5a21a5","10"
"route_94fe89f63a80935e50fa1663","occ_68ed88a11e97875b6985b435","11"
"route_94fe89f63a80935e50fa1663","occ_3c98b5f667f9b15e8c516868","12"
"route_94fe89f63a80935e50fa1663","occ_fddb96045bfb7dc3e0754c2f","2"
"route_94fe89f63a80935e50fa1663","occ_eb5f3b10e0c7b8c08971f3b8","3"
"route_94fe89f63a80935e50fa1663","occ_22471015a1c9d0bdc0cb8191","4"
"route_94fe89f63a80935e50fa1663","occ_3262a2dffa86a3afddd74e9f","5"
"route_94fe89f63a80935e50fa1663","occ_d964400c23e03baaa0cf777d","6"
"route_94fe89f63a80935e50fa1663","occ_66268e30cbffe078e2378fce","7"
"route_94fe89f63a80935e50fa1663","occ_b208922443618c8de1097727","8"
"route_94fe89f63a80935e50fa1663","occ_e2df4c39defd08d8eb0ab076","9"
"route_9507fe0d342c5d3a80274f14","occ_04531a801decdd61e4fc8962","1"
"route_950b9353ce98cf575df0e4f8","occ_02500725ed07477ad1221641","1"
"route_950b9353ce98cf575df0e4f8","occ_0a610d0f3c3fc6c63c97137a","10"
"route_950b9353ce98cf575df0e4f8","occ_2a50dc08777806ed37a54f39","11"
"route_950b9353ce98cf575df0e4f8","occ_4bb220e36e426886d9b89375","12"
"route_950b9353ce98cf575df0e4f8","occ_24b6026ece4593dc2610e9f6","13"
"route_950b9353ce98cf575df0e4f8","occ_84e52b841cdeb2c713eeb5a6","14"
"route_950b9353ce98cf575df0e4f8","occ_1e3b44284f51fbc710dad1c2","15"
"route_950b9353ce98cf575df0e4f8","occ_95f267eaede41c1ae40d0916","16"
"route_950b9353ce98cf575df0e4f8","occ_3aa172bed2c61e0c6a3184aa","17"
"route_950b9353ce98cf575df0e4f8","occ_6b9ed392447ae9de521d0662","18"
"route_950b9353ce98cf575df0e4f8","occ_03dae87bcd5460d364a772c9","19"
"route_950b9353ce98cf575df0e4f8","occ_fdbea615d80e122b789ce5dd","2"
"route_950b9353ce98cf575df0e4f8","occ_2c85a36b6aa5a46deae4a8a2","20"
"route_950b9353ce98cf575df0e4f8","occ_7e61027fec3a32ea6596877d","21"
"route_950b9353ce98cf575df0e4f8","occ_266a14a51401af80cbcf2b58","22"
"route_950b9353ce98cf575df0e4f8","occ_ef900612b0890200d9fea882","3"
"route_950b9353ce98cf575df0e4f8","occ_1e88be477a7565aded2c2a31","4"
"route_950b9353ce98cf575df0e4f8","occ_720e7ea988888ad53854c5ad","5"
"route_950b9353ce98cf575df0e4f8","occ_04bc96497d3bf2bec2a4d09d","6"
"route_950b9353ce98cf575df0e4f8","occ_b8b39e74f2d8a560b32f0026","7"
"route_950b9353ce98cf575df0e4f8","occ_9459620a0c8c0e288c18e764","8"
"route_950b9353ce98cf575df0e4f8","occ_bb532e54f6db9abbf43dbe88","9"
"route_95191f807fbd8242967d382f","occ_a158556b01f6a732c4dfc215","1"
"route_953cd44e4e882f76d3bebc85","occ_b75357d2d889ec9d128a5232","1"
"route_953de5e3c5131cdc89ab6c37","occ_fc1ab3972f9ea8195d6f2cb1","1"
"route_953de5e3c5131cdc89ab6c37","occ_08812c4994d2a60a37c56b84","2"
"route_953de5e3c5131cdc89ab6c37","occ_bbf77d54a95136ef7207931e","3"
"route_953de5e3c5131cdc89ab6c37","occ_44b94a5019590eca58c4e7ba","4"
"route_953de5e3c5131cdc89ab6c37","occ_db30c7cf3aa2a23cbc633c18","5"
"route_958bdb1088844409ac7aee05","occ_a3bc9a895ef27d21fd9949e6","1"
"route_958bdb1088844409ac7aee05","occ_4a92161c128839c0a2af1eaa","10"
"route_958bdb1088844409ac7aee05","occ_7e598d46270b90b25fca53be","11"
"route_958bdb1088844409ac7aee05","occ_a3e2a5635d3c5c712a67b839","2"
"route_958bdb1088844409ac7aee05","occ_de02e2cc11af5f6a8e4b418f","3"
"route_958bdb1088844409ac7aee05","occ_8006d18f65f28d1235c7c51e","4"
"route_958bdb1088844409ac7aee05","occ_b2c06bfa1ded31db6830f31b","5"
"route_958bdb1088844409ac7aee05","occ_6087c473b69ba7b3aeb4f3f0","6"
"route_958bdb1088844409ac7aee05","occ_05c3f289c10ef5cf800b9dea","7"
"route_958bdb1088844409ac7aee05","occ_e7f920ec8f017523b531593b","8"
"route_958bdb1088844409ac7aee05","occ_25286d87b0e131b91e4e0f43","9"
"route_95a917cb9d87e0d178bbd585","occ_3adf8aef925a2e3bb4faaa35","1"
"route_95a917cb9d87e0d178bbd585","occ_670864d7b38433e9314b3f6a","10"
"route_95a917cb9d87e0d178bbd585","occ_9841817db53376eb7e393046","11"
"route_95a917cb9d87e0d178bbd585","occ_e7072ebe56c7864efe8a0220","12"
"route_95a917cb9d87e0d178bbd585","occ_efde133a5297b742f52bec44","13"
"route_95a917cb9d87e0d178bbd585","occ_d40bc08a29886b4278f1847f","14"
"route_95a917cb9d87e0d178bbd585","occ_111c0daec9a44d32ade12ce8","15"
"route_95a917cb9d87e0d178bbd585","occ_1fddb78d82ab94816229d10a","16"
"route_95a917cb9d87e0d178bbd585","occ_98185ae2c30e666609e0e37d","17"
"route_95a917cb9d87e0d178bbd585","occ_d09e224f72031ae1dae421f0","18"
"route_95a917cb9d87e0d178bbd585","occ_f1cd954df187116faf2544c1","19"
"route_95a917cb9d87e0d178bbd585","occ_b672940e6543b4d06a129d24","2"
"route_95a917cb9d87e0d178bbd585","occ_16a180ef0ebd949da5dcf0cc","20"
"route_95a917cb9d87e0d178bbd585","occ_06721881cfdb14354f8d9d01","21"
"route_95a917cb9d87e0d178bbd585","occ_d631c0178f0f93f06ce4f198","22"
"route_95a917cb9d87e0d178bbd585","occ_fb10d25d3e56b727a5841608","23"
"route_95a917cb9d87e0d178bbd585","occ_12953716383e5ad78a1751aa","24"
"route_95a917cb9d87e0d178bbd585","occ_f13c7495afb2f3d990741c52","25"
"route_95a917cb9d87e0d178bbd585","occ_6da31ba03d7f333d156dc240","26"
"route_95a917cb9d87e0d178bbd585","occ_4c3de74bbb951292250b44e1","27"
"route_95a917cb9d87e0d178bbd585","occ_8a515fd95693f43b9ffec9f8","28"
"route_95a917cb9d87e0d178bbd585","occ_87245ccb759e867df4dbc5c1","3"
"route_95a917cb9d87e0d178bbd585","occ_305a657923330198d7c7053f","4"
"route_95a917cb9d87e0d178bbd585","occ_755af71a9d54b88de0d81ae7","5"
"route_95a917cb9d87e0d178bbd585","occ_0f70fa49c4e507b8788877e6","6"
"route_95a917cb9d87e0d178bbd585","occ_de54b50637dd48f12caf85b1","7"
"route_95a917cb9d87e0d178bbd585","occ_11eec24eda8097e70bf37b9a","8"
"route_95a917cb9d87e0d178bbd585","occ_bf986dca8ed848737065d741","9"
"route_95ad0109aafabddc2a65ff51","occ_9488794566b951a661c6abdc","1"
"route_95ad0109aafabddc2a65ff51","occ_184c0372128da2c0fe36ca1b","10"
"route_95ad0109aafabddc2a65ff51","occ_1412024271b14fc14c0fcb96","11"
"route_95ad0109aafabddc2a65ff51","occ_c02cb8a2441b5a10779a84e5","12"
"route_95ad0109aafabddc2a65ff51","occ_7fc372236a0c83ef868dcf4b","13"
"route_95ad0109aafabddc2a65ff51","occ_fdcf11a95db1d23ca4a74005","2"
"route_95ad0109aafabddc2a65ff51","occ_8f2ae523e6f316e4bae15928","3"
"route_95ad0109aafabddc2a65ff51","occ_b64fa294e6337f7e844ecf3f","4"
"route_95ad0109aafabddc2a65ff51","occ_25d48e8720129d2c2aaa8700","5"
"route_95ad0109aafabddc2a65ff51","occ_109272bb3f12740e7dbbc77d","6"
"route_95ad0109aafabddc2a65ff51","occ_53dcf2ac9be07b6bf6816de0","7"
"route_95ad0109aafabddc2a65ff51","occ_f64075d03469124e6097eb60","8"
"route_95ad0109aafabddc2a65ff51","occ_ac71aadc4d5b10b2b7fa516c","9"
"route_95c187eefdfca807028426a3","occ_2a0b457c47e7b7851977732b","1"
"route_95c187eefdfca807028426a3","occ_47c06868550959bd0aa3a129","2"
"route_95c187eefdfca807028426a3","occ_0b1a978ce0d31212a4739753","3"
"route_95c187eefdfca807028426a3","occ_30201c6dcd4c7323d28b889e","4"
"route_95c187eefdfca807028426a3","occ_1ce23d591cc58abe3e277521","5"
"route_95c187eefdfca807028426a3","occ_66d3c36adfe9cf89b471f243","6"
"route_95e0cb89c99e8732b87ea540","occ_295c92461bf6ae975d1b5aec","1"
"route_95f1d61dfbc0cbf92b3e931a","occ_537ef2a8c48e95bd4adeb52c","1"
"route_95f80f333c7031f17d85ccf7","occ_67e92124d3cd6cfa0a5be9ef","1"
"route_964810f4ffc25b8d64097029","occ_b0c3249015849abac658be75","1"
"route_965932e1ea06a8be303ec749","occ_502b970251d1ea984f0d2cde","1"
"route_96e6022ccd9f1315d4422d4a","occ_e4d78f07461e1c8c0a3dd228","1"
"route_96e6022ccd9f1315d4422d4a","occ_39c6e9f45d6dfda1c222b6a3","2"
"route_96e6022ccd9f1315d4422d4a","occ_ddbbd366238a8e47d7c71409","3"
"route_96f991aac172054a44d2c644","occ_1c2ddc851c51e820353027e9","1"
"route_96f991aac172054a44d2c644","occ_b16b3ad212c4160b74316a03","10"
"route_96f991aac172054a44d2c644","occ_8604d37ac7ccaeb2c126ea0d","2"
"route_96f991aac172054a44d2c644","occ_9ea9e200229391ef965d8c31","3"
"route_96f991aac172054a44d2c644","occ_4bb601a2f37ade8f822f010a","4"
"route_96f991aac172054a44d2c644","occ_c870214e46638b14fba68983","5"
"route_96f991aac172054a44d2c644","occ_ea884bb78b2b9e2a4ce7f91b","6"
"route_96f991aac172054a44d2c644","occ_04503e1ac9a772c058298d9d","7"
"route_96f991aac172054a44d2c644","occ_191bea34ea177b4859156e53","8"
"route_96f991aac172054a44d2c644","occ_eb4f9d0b3a1d9b879e507ee2","9"
"route_970000815168b8df99303296","occ_11b84731df6c438b9c1010bb","1"
"route_970000815168b8df99303296","occ_0de26f5305a516d225de829c","2"
"route_970000815168b8df99303296","occ_0b56133da3f60a478ef82207","3"
"route_970000815168b8df99303296","occ_5f79cf4e60f04b49be1d2619","4"
"route_970000815168b8df99303296","occ_f1bb58b57ee4f7edff5c47d2","5"
"route_970000815168b8df99303296","occ_68a799f2663332e7d58d6227","6"
"route_97118491022780f36616ed3d","occ_9221739c766e193b59ea2b41","1"
"route_9713fea30517c2ef159dda2c","occ_8864a00bd42e1b0c41178431","1"
"route_97679643a480da8b4c740805","occ_b58941d7064a71ef2a656223","1"
"route_9781da15bab8d35b0a9dfd59","occ_b5b14ac1f7e66fda14686517","1"
"route_9781da15bab8d35b0a9dfd59","occ_b0381f4e9d631db960b31d44","2"
"route_9781da15bab8d35b0a9dfd59","occ_d9555e1e2dfb94235c283d83","3"
"route_9781da15bab8d35b0a9dfd59","occ_5e361e92f5b681c9c6b18ebc","4"
"route_9781da15bab8d35b0a9dfd59","occ_52e381c479f88252bd136548","5"
"route_97837191cdfc07be0cac8312","occ_c636960cfceebe27546791c1","1"
"route_978375808bf9b7b589cb6357","occ_74adab44e9c5391532d8fb0e","1"
"route_97bcc57039fe0f562f785af6","occ_2f744dbb687f5914124effb2","1"
"route_97e26fd81f871f6bfdc574f6","occ_8666875f7a22b274fe94f08c","1"
"route_97ee3f2d1eb7fbbb308eba77","occ_6df9b703f5aebcff3e36db1f","1"
"route_9801bf8f4f6b9e6153696d98","occ_4757bbeb32fc6b96a87bf918","1"
"route_981a648014dbaf6b31451c1f","occ_8031f5a8df540f9f6af3f2cf","1"
"route_98382ff9306172c8254962ee","occ_9d1ad836ec54cc8df2cf8ad7","1"
"route_985c382771c9ef95aea28cd3","occ_3b96e55b0dd6b284fa193a2c","1"
"route_987cdd38ddd1a0bea37d585b","occ_fa83419eefa258573745e7e3","1"
"route_988a74072dff7f0f211d5955","occ_ffb3dac309ac03dd56289707","1"
"route_988f7cdf8680932745fc07e2","occ_b98f8683357715efb09f503a","1"
"route_98960d31c25e3ab110ad4e80","occ_da60b0543e9b83ccb8eb7f5c","1"
"route_98960d31c25e3ab110ad4e80","occ_016078944941bd00c036a43d","10"
"route_98960d31c25e3ab110ad4e80","occ_e95af0cc18b6b6a67faaf989","2"
"route_98960d31c25e3ab110ad4e80","occ_6cdbcb0f3d6b56216400bcd0","3"
"route_98960d31c25e3ab110ad4e80","occ_a5d83bea949201e78c2d8cc9","4"
"route_98960d31c25e3ab110ad4e80","occ_1693a74e28c97ca90b7a0055","5"
"route_98960d31c25e3ab110ad4e80","occ_8f5963a8c5d88eb788264ea5","6"
"route_98960d31c25e3ab110ad4e80","occ_7d4c3b8d5655aa4674ac9fff","7"
"route_98960d31c25e3ab110ad4e80","occ_27a0149ffd56e1754fa2b3d0","8"
"route_98960d31c25e3ab110ad4e80","occ_5f314f794b46b59af122a304","9"
"route_9897546844a11a1c75f7724d","occ_f5357c8b64c8790450de9ead","1"
"route_9897546844a11a1c75f7724d","occ_d06725fac2f15ca54327a08b","10"
"route_9897546844a11a1c75f7724d","occ_37b40c310c6a4ff64f5ddc76","11"
"route_9897546844a11a1c75f7724d","occ_289d6330a0f4dd831f9d3f79","12"
"route_9897546844a11a1c75f7724d","occ_a2e482eefd1b525c9f5c929f","13"
"route_9897546844a11a1c75f7724d","occ_2b74d79eee23644f9fe8d871","14"
"route_9897546844a11a1c75f7724d","occ_1497fcf2f78030b5e0eb9972","15"
"route_9897546844a11a1c75f7724d","occ_1a05f8a08fb702c7d69aa111","16"
"route_9897546844a11a1c75f7724d","occ_2a0fbe8bbe265db3b5de462c","17"
"route_9897546844a11a1c75f7724d","occ_36522e9ba8928e1e903754c7","18"
"route_9897546844a11a1c75f7724d","occ_72985bd8073f1d970ff5d5be","19"
"route_9897546844a11a1c75f7724d","occ_64d9295d0eba06145165ea13","2"
"route_9897546844a11a1c75f7724d","occ_6897c2c85b8ed94e9252e263","20"
"route_9897546844a11a1c75f7724d","occ_f116309efb591b7112dff8c5","3"
"route_9897546844a11a1c75f7724d","occ_f694bfb5fd9f7d7903db5dad","4"
"route_9897546844a11a1c75f7724d","occ_486f3300ce041d2b6ffe842f","5"
"route_9897546844a11a1c75f7724d","occ_15f54e587017b12fe79028cb","6"
"route_9897546844a11a1c75f7724d","occ_27cd97c72d30d028eae6021b","7"
"route_9897546844a11a1c75f7724d","occ_c21cf6e8514b94ab617b8357","8"
"route_9897546844a11a1c75f7724d","occ_20dfe18b71781adb4d41c5e1","9"
"route_98a4a5b76fe502f4e16ab5e2","occ_10f804abce34b3fdc82267e0","1"
"route_98a4a5b76fe502f4e16ab5e2","occ_12794471bae7033ce56a4269","2"
"route_98a4a5b76fe502f4e16ab5e2","occ_e24cbb527a83b54ae723d4f1","3"
"route_98a4a5b76fe502f4e16ab5e2","occ_c264a658874b5891309d54f3","4"
"route_98a4a5b76fe502f4e16ab5e2","occ_4e62e23931757d57f79e9413","5"
"route_98a4a5b76fe502f4e16ab5e2","occ_5a3f4fa880019d5edeb0a06d","6"
"route_98dfe5d864ac0232c0f1a8ab","occ_4a2911c56ac7ee14664bec6f","1"
"route_98dfe5d864ac0232c0f1a8ab","occ_695b9610cf33a36652c75b94","10"
"route_98dfe5d864ac0232c0f1a8ab","occ_2ebb257bc7454f3fdbe06116","11"
"route_98dfe5d864ac0232c0f1a8ab","occ_d43ca7fd22c150a5749e409e","12"
"route_98dfe5d864ac0232c0f1a8ab","occ_d37fd530c6b6786e736fd7d0","13"
"route_98dfe5d864ac0232c0f1a8ab","occ_a2584d54fc5b99825738c4db","14"
"route_98dfe5d864ac0232c0f1a8ab","occ_c680943224fd198e9337fd76","15"
"route_98dfe5d864ac0232c0f1a8ab","occ_6c5885d2ecbb94273d9f5d71","16"
"route_98dfe5d864ac0232c0f1a8ab","occ_e7859086b1804561f724b3f5","17"
"route_98dfe5d864ac0232c0f1a8ab","occ_74358fa4841f111267d6c5bd","18"
"route_98dfe5d864ac0232c0f1a8ab","occ_e90e234d801300b249f76432","19"
"route_98dfe5d864ac0232c0f1a8ab","occ_909805b405f2e88596b39447","2"
"route_98dfe5d864ac0232c0f1a8ab","occ_0facdd16c586bd34709187e2","20"
"route_98dfe5d864ac0232c0f1a8ab","occ_5f355ed79042db69a7e79f92","21"
"route_98dfe5d864ac0232c0f1a8ab","occ_0005af1f11ac07edaa6fe3f5","22"
"route_98dfe5d864ac0232c0f1a8ab","occ_d702a21c65517cc8cfeeba9e","23"
"route_98dfe5d864ac0232c0f1a8ab","occ_dc7825ca066266b16ad9a138","24"
"route_98dfe5d864ac0232c0f1a8ab","occ_6f7bec3228bb9788fb4b2cde","25"
"route_98dfe5d864ac0232c0f1a8ab","occ_920c4483d8ee50cad24e0dc1","26"
"route_98dfe5d864ac0232c0f1a8ab","occ_c216afd502f8ba1021cbd804","27"
"route_98dfe5d864ac0232c0f1a8ab","occ_8645730bbed99a4f384d312f","28"
"route_98dfe5d864ac0232c0f1a8ab","occ_c1afa984052cc2e4c1183fda","29"
"route_98dfe5d864ac0232c0f1a8ab","occ_58dd1d7429c49926780cba17","3"
"route_98dfe5d864ac0232c0f1a8ab","occ_e2fc63dc6079fa5f174ed72d","30"
"route_98dfe5d864ac0232c0f1a8ab","occ_a8664a275b637d1ce330e434","31"
"route_98dfe5d864ac0232c0f1a8ab","occ_a83462b4eeb5f9182ca7e65f","4"
"route_98dfe5d864ac0232c0f1a8ab","occ_3bf2c36f6c508125207953d7","5"
"route_98dfe5d864ac0232c0f1a8ab","occ_cde93e0786ce9ec9ba20eb6a","6"
"route_98dfe5d864ac0232c0f1a8ab","occ_bf3b974317674cc5a76c82f1","7"
"route_98dfe5d864ac0232c0f1a8ab","occ_1fc7101d8df3004928fb55a2","8"
"route_98dfe5d864ac0232c0f1a8ab","occ_00d6b043705b4c729e897163","9"
"route_98ee08d54c627f8fddb30512","occ_a42c2e9bb5e18a42a61e7ff9","1"
"route_98ee08d54c627f8fddb30512","occ_e7ad2a4431ce09624b7c2d8f","10"
"route_98ee08d54c627f8fddb30512","occ_be9efaafb33b69a10984fffe","11"
"route_98ee08d54c627f8fddb30512","occ_34585ad53c4ee7b1ef012f45","12"
"route_98ee08d54c627f8fddb30512","occ_f60bf747892acd6b3bf0c053","13"
"route_98ee08d54c627f8fddb30512","occ_c651a2dea77978dcd1f6f346","14"
"route_98ee08d54c627f8fddb30512","occ_f016a66ab66e2bfc0c80c153","15"
"route_98ee08d54c627f8fddb30512","occ_7909950a3924f3f7a299f67d","16"
"route_98ee08d54c627f8fddb30512","occ_181fefe066e68f1644792845","17"
"route_98ee08d54c627f8fddb30512","occ_9e76ad0da0684ec478d92c30","18"
"route_98ee08d54c627f8fddb30512","occ_fa4e26c5314ef2134295fa30","19"
"route_98ee08d54c627f8fddb30512","occ_daae5635e5344d9f2f78fab0","2"
"route_98ee08d54c627f8fddb30512","occ_3f5579ad6859660260ff39ba","20"
"route_98ee08d54c627f8fddb30512","occ_c155213b3a062cbc1c7d021a","21"
"route_98ee08d54c627f8fddb30512","occ_800a372208891b54f3416228","22"
"route_98ee08d54c627f8fddb30512","occ_bd906447af59faf7e7fb6e77","3"
"route_98ee08d54c627f8fddb30512","occ_2dafee3e5387645a9d893902","4"
"route_98ee08d54c627f8fddb30512","occ_334564294a529fc3a7d4e346","5"
"route_98ee08d54c627f8fddb30512","occ_1605935fd4537065e44059a5","6"
"route_98ee08d54c627f8fddb30512","occ_e1dd5c0d8c81c01f7690aee3","7"
"route_98ee08d54c627f8fddb30512","occ_e5c635e81ad5573d86211970","8"
"route_98ee08d54c627f8fddb30512","occ_f333a432a2fc1dcf773c0095","9"
"route_993eaad1b456fe1b6e537c0e","occ_abca2aafdfa6fb2955b6f77a","1"
"route_993eaad1b456fe1b6e537c0e","occ_ec481dba1a77d06b4919036c","10"
"route_993eaad1b456fe1b6e537c0e","occ_52af337f00263f435ea85849","11"
"route_993eaad1b456fe1b6e537c0e","occ_75da3753b6ed3be8fe1188dc","12"
"route_993eaad1b456fe1b6e537c0e","occ_d5248d81f3240c15206a2783","13"
"route_993eaad1b456fe1b6e537c0e","occ_bb45c4e03baa429e9bb6b427","14"
"route_993eaad1b456fe1b6e537c0e","occ_b4d602e0b490cf8570a202a1","15"
"route_993eaad1b456fe1b6e537c0e","occ_53e79926fd16b62abc7e3913","16"
"route_993eaad1b456fe1b6e537c0e","occ_071578270ee0bdd96fc8db8a","17"
"route_993eaad1b456fe1b6e537c0e","occ_6fa308d0a54fe2222f3bda3f","18"
"route_993eaad1b456fe1b6e537c0e","occ_c4732983c4b81232a56963b2","19"
"route_993eaad1b456fe1b6e537c0e","occ_f259de4f7e2d7a6dfc40c1f4","2"
"route_993eaad1b456fe1b6e537c0e","occ_93ccd0dc3fdc2674e603ddac","20"
"route_993eaad1b456fe1b6e537c0e","occ_d6b7fbe8587dd7b4fa6f4d8a","21"
"route_993eaad1b456fe1b6e537c0e","occ_3e2823e8c04c2a858b9bb448","22"
"route_993eaad1b456fe1b6e537c0e","occ_60426b1aca86a062ffd7e86c","3"
"route_993eaad1b456fe1b6e537c0e","occ_6ae1c8d554992fec1237dd67","4"
"route_993eaad1b456fe1b6e537c0e","occ_a29abebadee307131861dc3f","5"
"route_993eaad1b456fe1b6e537c0e","occ_0e0761fbecb4df0648c295f2","6"
"route_993eaad1b456fe1b6e537c0e","occ_bda5866547ef0a7ec51f3813","7"
"route_993eaad1b456fe1b6e537c0e","occ_c547e12049c4f7f9932b9178","8"
"route_993eaad1b456fe1b6e537c0e","occ_61b897f2d33e2afa72349f2d","9"
"route_9948fc1dc54e4560fbc8e8ab","occ_19eb9748b9a54564823060d4","1"
"route_996ff2b57106e95e76f4135f","occ_08b893757ca17305bcdf0dc4","1"
"route_99b4f12808ee7724a5676b7b","occ_4e04c141811cd66845eec346","1"
"route_99d68a9a91d3aab7d1e694f5","occ_ddd9a7eb0724d2fe7b79ca49","1"
"route_99e3bacae4d99d7f5afe8b69","occ_80e1cd9ffd1df5ba3fa2b663","1"
"route_99e59e0ec522c1203b47f9c0","occ_25c608689aa99746b19f2a17","1"
"route_99f695ca81067e948bd83b9f","occ_7dc337a7e8e4f31bbf8bf4ce","1"
"route_9a0777fd343fdeb919a4f6e0","occ_8efc47085959ab6318ec80d4","1"
"route_9a0777fd343fdeb919a4f6e0","occ_62e5c2e4cf8c8f0cdb3bd3aa","2"
"route_9a0777fd343fdeb919a4f6e0","occ_a6bcadf8c56e2b4a1b8607fa","3"
"route_9a0777fd343fdeb919a4f6e0","occ_0b3ac18b2facbf805b960faa","4"
"route_9a0777fd343fdeb919a4f6e0","occ_fa2aa81079ce569cc1cbcef9","5"
"route_9a0777fd343fdeb919a4f6e0","occ_48dc5082f3080e456fb92e8c","6"
"route_9a39be2121886770a0f4d06d","occ_6066774052d0350914bd3dcc","1"
"route_9a61f90f72f39927d16d3615","occ_b922195935ce7c849e0779f9","1"
"route_9a6afdfa507da4d9817e782c","occ_9bdbadeeeaf2a28f5a28c497","1"
"route_9a6b6c857f773a06794ec623","occ_a84e6f00724fb32081505b0c","1"
"route_9a6b6c857f773a06794ec623","occ_cb42a9ddecd7e8862dabc924","10"
"route_9a6b6c857f773a06794ec623","occ_db9ebfd98ebef9cc0409e2cf","11"
"route_9a6b6c857f773a06794ec623","occ_8f753d75e8bd12f650815c4a","2"
"route_9a6b6c857f773a06794ec623","occ_9e554f1411a5adae4815b324","3"
"route_9a6b6c857f773a06794ec623","occ_b18a91b1e0f6994eae4646f7","4"
"route_9a6b6c857f773a06794ec623","occ_06bd8ca9c949e96c97bbe818","5"
"route_9a6b6c857f773a06794ec623","occ_b953d4ddce86959a375301d8","6"
"route_9a6b6c857f773a06794ec623","occ_c769d26523906876c7bcad63","7"
"route_9a6b6c857f773a06794ec623","occ_a04aa7b6c7239b111db04638","8"
"route_9a6b6c857f773a06794ec623","occ_3db1305a6a1d00eeadcfc40b","9"
"route_9a78c78bef813ab9ed7b5611","occ_7a4a2d6d2afaab105f19adc7","1"
"route_9a7d2456f9b04fc11db8b5da","occ_9d04681c71769999710bd1a7","1"
"route_9a981b7482b324e9cb52f34a","occ_fb6d92451eb6bd291759c173","1"
"route_9a981b7482b324e9cb52f34a","occ_dbc5a8cc0e5392aa63127eea","2"
"route_9acfe07ff918b92ff1b3fe5e","occ_59aadd8d0ad0da75f5ed877e","1"
"route_9ae74603392e27190792929a","occ_ab029eaad5ac07dfcc1b8f6e","1"
"route_9ae74603392e27190792929a","occ_a7ea02e4affd84098299ca24","2"
"route_9ae74603392e27190792929a","occ_7f530351bcf96863d1f08564","3"
"route_9ae74603392e27190792929a","occ_6aca76a9b5789b143fe669a0","4"
"route_9ae74603392e27190792929a","occ_ebdaadfde3e4c79f45dc9aa8","5"
"route_9ae74603392e27190792929a","occ_a5ee068a464b1c33ceee0002","6"
"route_9af5345c879f2c9336fa889a","occ_823ed99e12c96007bfb9391c","1"
"route_9afcda6fdd7b9600cb8266b0","occ_ae4ecc530b47cb6f677668a9","1"
"route_9b01d9663217faf1af6530b8","occ_99900517a2fba08694b4f3d7","1"
"route_9b08b695da31f28469f46767","occ_9dabe878b72f7940ee6a6e8f","1"
"route_9b13253bb7e51477f5ce15f6","occ_c5eedc67605d0d9008185777","1"
"route_9b3ac05c0bd889399df8f9c0","occ_781c74329515cec5f8a85ec4","1"
"route_9b3ac05c0bd889399df8f9c0","occ_e9459b53f5c174297e3f8b5b","10"
"route_9b3ac05c0bd889399df8f9c0","occ_7ed23463fabaced021acabf6","11"
"route_9b3ac05c0bd889399df8f9c0","occ_fa45c46b05cc23e8488abd98","12"
"route_9b3ac05c0bd889399df8f9c0","occ_75da4b281eb840c1751cad40","2"
"route_9b3ac05c0bd889399df8f9c0","occ_0541002e32a747d79b37859c","3"
"route_9b3ac05c0bd889399df8f9c0","occ_70db04a64fcad322b4d16254","4"
"route_9b3ac05c0bd889399df8f9c0","occ_8dbcc6358fc42882de147a23","5"
"route_9b3ac05c0bd889399df8f9c0","occ_03c4d3babae759b59bb5b1ac","6"
"route_9b3ac05c0bd889399df8f9c0","occ_59c16c95c46887a428ba8878","7"
"route_9b3ac05c0bd889399df8f9c0","occ_db5a5cd685f209022249fbe1","8"
"route_9b3ac05c0bd889399df8f9c0","occ_0806bf65fb075ffc25fe991b","9"
"route_9b5ee09c75094d1884cf723c","occ_f20fe70080502dc038bb2a96","1"
"route_9b6af6232aa5d207ec380339","occ_152792a05ea926940a5b583f","1"
"route_9be751b05a2a57f9b5412360","occ_4737394b0cafc0c418b14dc3","1"
"route_9bf595327327d3caf00394c1","occ_067e69776dbd5ff444dfe188","1"
"route_9c14907a85c3b61970e3b746","occ_14887f1078f424385d80a4f7","1"
"route_9c14907a85c3b61970e3b746","occ_9fafbab9b7ce8576dfebb714","2"
"route_9c2e7fc976757611594affbb","occ_39da9aa5e4187b7f8d50b8d6","1"
"route_9c39e8f8918c4245ad2c8122","occ_80bf14d9db36e35808be7b79","1"
"route_9c3e5cc656352ef39362a4ef","occ_de8f942b2d17e8e0d71425dc","1"
"route_9c68e95a0c3b611745f427c6","occ_d36e27dc8ea2826b63de85be","1"
"route_9c7ebd78de73cd3b5fdfbec9","occ_df99c6fee703a57fa6bddda4","1"
"route_9c7ebd78de73cd3b5fdfbec9","occ_c66278c75514be572a191661","2"
"route_9c7ebd78de73cd3b5fdfbec9","occ_06219e1e71cb8fb5923d8e31","3"
"route_9c7ebd78de73cd3b5fdfbec9","occ_8a97be3a13a690de85dcc82c","4"
"route_9c7ebd78de73cd3b5fdfbec9","occ_d75d599fbb385e9c08844381","5"
"route_9c7ebd78de73cd3b5fdfbec9","occ_ebeb00acc1ad656a9b7c0bd5","6"
"route_9c9eaffe8b8805ae94f57843","occ_b9a84a9e219bfc960d95abe5","1"
"route_9cb89520bbee67ae99cdd8c6","occ_a1a37472f375787b11e4cded","1"
"route_9cb89520bbee67ae99cdd8c6","occ_1ace7f8a52c95d100d30fc3b","10"
"route_9cb89520bbee67ae99cdd8c6","occ_2fec429fdb5f61916e0790e6","11"
"route_9cb89520bbee67ae99cdd8c6","occ_dc44d8c13eacfa9850ba9b61","2"
"route_9cb89520bbee67ae99cdd8c6","occ_13b840e9db134a393736ae5f","3"
"route_9cb89520bbee67ae99cdd8c6","occ_db6ac564d004408dffe94d3f","4"
"route_9cb89520bbee67ae99cdd8c6","occ_46698d1b1e47f3f2eae128f6","5"
"route_9cb89520bbee67ae99cdd8c6","occ_4b90fcb73303b986fc074287","6"
"route_9cb89520bbee67ae99cdd8c6","occ_b0e9ff9884ca8e0cc9d978b1","7"
"route_9cb89520bbee67ae99cdd8c6","occ_256019521cfb72de8b74f206","8"
"route_9cb89520bbee67ae99cdd8c6","occ_14c5e8390da7eeb93276dba6","9"
"route_9cd17e1bf871dfae5589a647","occ_870125e2b2fe48e777315f16","1"
"route_9ce33abcd0c537468e9b4c9f","occ_4cecabe66ab668211a6aee8b","1"
"route_9d03846cf63bd9400b6f9ca9","occ_09021923d64d02fd16dab3a1","1"
"route_9d053e892161735fe0da36f0","occ_e016e3f3119b20733d8be909","1"
"route_9d0eb21e8f2ce96c1fa6329c","occ_ea7772247eb0d9313de8189b","1"
"route_9d4fa0cd5d1988b5138ee20e","occ_8cb7141acd9929b4877afeeb","1"
"route_9d4fa0cd5d1988b5138ee20e","occ_c9a49f4a6f82a5219558d723","10"
"route_9d4fa0cd5d1988b5138ee20e","occ_6983bb79f7c75adb20f0bd1f","11"
"route_9d4fa0cd5d1988b5138ee20e","occ_b0900bc6817e3a834ac1bf2f","2"
"route_9d4fa0cd5d1988b5138ee20e","occ_5275032a23d1567ee9f7a8c9","3"
"route_9d4fa0cd5d1988b5138ee20e","occ_d5173ad93b1f1e9a83e14a93","4"
"route_9d4fa0cd5d1988b5138ee20e","occ_fb790e4a3f84dca585e245fd","5"
"route_9d4fa0cd5d1988b5138ee20e","occ_acf4687a3b94e6077c368eed","6"
"route_9d4fa0cd5d1988b5138ee20e","occ_cc67d9fedeff0cc5148a97a6","7"
"route_9d4fa0cd5d1988b5138ee20e","occ_ac2d94b9aa0cfe33d8eb137b","8"
"route_9d4fa0cd5d1988b5138ee20e","occ_7886f2fad2b1ecf80a9fad4a","9"
"route_9d7ba735af0a23ce43c59ba2","occ_20c4d89a9fba416dc1389cbe","1"
"route_9d7ba735af0a23ce43c59ba2","occ_cbc075a7650f6e03a256d342","2"
"route_9d7ba735af0a23ce43c59ba2","occ_33e4db3d3023d3d1c2005792","3"
"route_9d7ba735af0a23ce43c59ba2","occ_45c46d016d3210ad22695c1d","4"
"route_9d7ba735af0a23ce43c59ba2","occ_1081be08d3d8015322db65c5","5"
"route_9d7ba735af0a23ce43c59ba2","occ_98095f6fa72ad39609ac8d55","6"
"route_9dca3b4c471041931652f319","occ_70fa50716a7563fed9820dbc","1"
"route_9dd0971e7ef7173771a73195","occ_3e7d36809d0aebcec05959b7","1"
"route_9df0dd9fae77b8380ecd0e06","occ_54f4d48a8017c939df193975","1"
"route_9e032913838ec3417b2a3f4b","occ_11e7545c070f811464bd8a85","1"
"route_9e0ad8497b87a58813d29c04","occ_26f9292fb2ec69580ffdc678","1"
"route_9e171a57f74b778f46aad6ec","occ_36733c8c2ec3edc924ef6804","1"
"route_9e3c344efd345912f57db1c2","occ_a9a92791d6d24039558d0098","1"
"route_9e66f01c4264264a99b669c4","occ_c7e14823d149165d5e52c458","1"
"route_9e920095770a39159df3d303","occ_3177a74793ab3752c696c472","1"
"route_9e920095770a39159df3d303","occ_feac9ff912da0b523abbc0ae","2"
"route_9e920095770a39159df3d303","occ_6d9216bee5cc91d7dc6b4248","3"
"route_9e920095770a39159df3d303","occ_57e21e98b1f860c72af447d4","4"
"route_9e920095770a39159df3d303","occ_6dd7f08f6db72d4895a29631","5"
"route_9e920095770a39159df3d303","occ_d0670cb71f09b8c140c3a236","6"
"route_9ec9688b5d71b1be92b9a86c","occ_458247245b3dab0dc212dfc0","1"
"route_9ed14c9ddbc6b45ce8a14b57","occ_b43b5eacd0940306eba1de07","1"
"route_9ed14c9ddbc6b45ce8a14b57","occ_5be7894d15608878d1a5211c","10"
"route_9ed14c9ddbc6b45ce8a14b57","occ_6adc34d8c8a2b166595eb7e2","11"
"route_9ed14c9ddbc6b45ce8a14b57","occ_79449988443766ed7b042245","12"
"route_9ed14c9ddbc6b45ce8a14b57","occ_d349303d791693589f893d05","13"
"route_9ed14c9ddbc6b45ce8a14b57","occ_164e78872b6f308b50846904","14"
"route_9ed14c9ddbc6b45ce8a14b57","occ_ce40bdfc21b423f19294a8e9","15"
"route_9ed14c9ddbc6b45ce8a14b57","occ_678fb1fa9aae139a64831d94","16"
"route_9ed14c9ddbc6b45ce8a14b57","occ_61fa863655ce68fa691c40b9","17"
"route_9ed14c9ddbc6b45ce8a14b57","occ_b181eeb53b64bb5026e28f63","18"
"route_9ed14c9ddbc6b45ce8a14b57","occ_73a58037cdc641413f7a390b","2"
"route_9ed14c9ddbc6b45ce8a14b57","occ_6cf389eebf6f16fbc31bb15c","3"
"route_9ed14c9ddbc6b45ce8a14b57","occ_abcfbf04260cd52afa48146b","4"
"route_9ed14c9ddbc6b45ce8a14b57","occ_879f239faef229e1c92fd151","5"
"route_9ed14c9ddbc6b45ce8a14b57","occ_f9dc9c98feeb2834e7c8808a","6"
"route_9ed14c9ddbc6b45ce8a14b57","occ_aa2ea90c4ccab89379553ced","7"
"route_9ed14c9ddbc6b45ce8a14b57","occ_bf759c895f81ed88ed34d6c6","8"
"route_9ed14c9ddbc6b45ce8a14b57","occ_8b250732034ca2191879bab0","9"
"route_9ed5857173d90ba2edecbd16","occ_e2a1caef96bb5ea0bf2a4421","1"
"route_9ed5857173d90ba2edecbd16","occ_95c7b23f7fe2e334a1285fc1","2"
"route_9ed5857173d90ba2edecbd16","occ_e70fbe1e27c960151f628716","3"
"route_9ed5857173d90ba2edecbd16","occ_a7f852882e06a5efcb23400c","4"
"route_9ed5857173d90ba2edecbd16","occ_c26ccd1b98786a6ac76ec5cc","5"
"route_9ed6cb26c8defbe2c5a87a82","occ_831b23e29531034478801ef3","1"
"route_9f0038d535e6f69e538441ec","occ_8a1eb2b1babdd0f79a0665f1","1"
"route_9f0038d535e6f69e538441ec","occ_cf5be0cc7b4a9baa6dd42116","10"
"route_9f0038d535e6f69e538441ec","occ_fe136eb1b723ff91735ce95c","11"
"route_9f0038d535e6f69e538441ec","occ_a058686f6d450603e2b2b962","2"
"route_9f0038d535e6f69e538441ec","occ_2d8d24a28e4d2b964866dbe2","3"
"route_9f0038d535e6f69e538441ec","occ_d163d598818a04b7e39e34bf","4"
"route_9f0038d535e6f69e538441ec","occ_62d9c3a7bb32063b49d1a7d2","5"
"route_9f0038d535e6f69e538441ec","occ_e73ab0c3b540312be3d0ffdc","6"
"route_9f0038d535e6f69e538441ec","occ_82cdc0ef10df5533ad994f0e","7"
"route_9f0038d535e6f69e538441ec","occ_6d4a1aa2b6a653af6d69a762","8"
"route_9f0038d535e6f69e538441ec","occ_6e698b566d15f7c0d3cb3a81","9"
"route_9f13af966c1e380c288fbfeb","occ_d7c53544cda2ca4a71f60d34","1"
"route_9f1ae6c7361b7f8cb8f62852","occ_e8254e014c5a3ef11aba95b7","1"
"route_9f30e17e963710b55657951d","occ_b248648744eda5a5d1558fce","1"
"route_9f30e17e963710b55657951d","occ_1bc7e336f9a5cb1b5990cb17","10"
"route_9f30e17e963710b55657951d","occ_8c2ac610ee8ef89ca18e0d34","11"
"route_9f30e17e963710b55657951d","occ_fc122e28b206ee1523b408bc","12"
"route_9f30e17e963710b55657951d","occ_d84b9407fa2294d57af96737","13"
"route_9f30e17e963710b55657951d","occ_e509f56695a4b1e39e041066","14"
"route_9f30e17e963710b55657951d","occ_63b8c241e1f133097282b819","15"
"route_9f30e17e963710b55657951d","occ_085b07245b311f47e9827cb5","16"
"route_9f30e17e963710b55657951d","occ_02b3bfdce7d47ffaff8bbfc1","2"
"route_9f30e17e963710b55657951d","occ_5318b9364924155e70df2efd","3"
"route_9f30e17e963710b55657951d","occ_56c8f8ec7ca86af450b55b06","4"
"route_9f30e17e963710b55657951d","occ_096557caf40c4b9c663ce8b4","5"
"route_9f30e17e963710b55657951d","occ_555081866713fe5438adf4d9","6"
"route_9f30e17e963710b55657951d","occ_320a30bab034e65e5cf7e096","7"
"route_9f30e17e963710b55657951d","occ_e5618a30df5bad1915a4b583","8"
"route_9f30e17e963710b55657951d","occ_7f2c50596d5b8cacb2b10ff1","9"
"route_9f3dc4e2901172c2342765f4","occ_76920d46d332dccd70e3e531","1"
"route_9f4e69f259f561ce0d7f9a38","occ_c0c8a28d38551d581df2b06f","1"
"route_9f4f82f6ac49bf738b8bd163","occ_2da4f4c1bfd70ccbb7a7b594","1"
"route_9f5c732ebfca4e506e745730","occ_1548d124c93745049a2f5838","1"
"route_9f6e640ca5f76c408d5132b0","occ_7a516635d7422fe6dc664c42","1"
"route_9fad539eafde1313ac5ce93a","occ_ace28bbf5da2751136f91ce0","1"
"route_9fca981885f3fb4f95cd4e0a","occ_2bd763cf3292e5c10876e132","1"
"route_9ff981b4d83ade8253b5bfd0","occ_ce03c0324908b434247068e8","1"
"route_a021a379239381b2e3860181","occ_a79d3605329b88d696dd20cf","1"
"route_a0454c612eb9627569da89c4","occ_847168c2e69d1f740d4f6e78","1"
"route_a04e15a8adceee664267826a","occ_be23a9cbe8f9ff2208c10cfa","1"
"route_a069571b564d21bf10c42259","occ_66e92c13f48cbb59cbad00a0","1"
"route_a069571b564d21bf10c42259","occ_6f26309c0724dac8ad7bcfc6","10"
"route_a069571b564d21bf10c42259","occ_7a46c2224c5bfea0c7067387","11"
"route_a069571b564d21bf10c42259","occ_0596da11dabd1a2a98432b50","12"
"route_a069571b564d21bf10c42259","occ_cb5d8cc1128b1a5dbee89d54","13"
"route_a069571b564d21bf10c42259","occ_66151666bf6d56cf8f9c3794","14"
"route_a069571b564d21bf10c42259","occ_b634f7f850525ee631fb5976","15"
"route_a069571b564d21bf10c42259","occ_c9059fef76cc48d754cf1f29","16"
"route_a069571b564d21bf10c42259","occ_e65826860321c7d4c5544815","17"
"route_a069571b564d21bf10c42259","occ_de5e24fac83c47ecd479a53d","18"
"route_a069571b564d21bf10c42259","occ_93da0a92baab1b0832f017d4","19"
"route_a069571b564d21bf10c42259","occ_ee26b80ed9bade611a345880","2"
"route_a069571b564d21bf10c42259","occ_7281efdfb5f159bac6e6d297","3"
"route_a069571b564d21bf10c42259","occ_ff72cb9302635b001798290d","4"
"route_a069571b564d21bf10c42259","occ_e6be92acc9405799614cdec5","5"
"route_a069571b564d21bf10c42259","occ_dcedfb86346956abf34eed9e","6"
"route_a069571b564d21bf10c42259","occ_6e472515ae03673727cdd276","7"
"route_a069571b564d21bf10c42259","occ_840820404b1cadaec8df2942","8"
"route_a069571b564d21bf10c42259","occ_0100b816004c7cc4bdc1c441","9"
"route_a06f4999ac3d348467c3c1fa","occ_cbaf1d1f9f1a6670a0260a4d","1"
"route_a079554032c3e2ffac66b305","occ_4a170935f4c709546fc1257b","1"
"route_a087123779815f2848143c24","occ_5e006bbbddf6a503436a9940","1"
"route_a089d61d2755284325fbad30","occ_7cfbc1ae70767388c9ace188","1"
"route_a089d61d2755284325fbad30","occ_9951b41aad099a2b5cd94ee5","10"
"route_a089d61d2755284325fbad30","occ_ce63828987ae3996bd3d5664","11"
"route_a089d61d2755284325fbad30","occ_fdd21794d452607d5b534d7c","2"
"route_a089d61d2755284325fbad30","occ_35280311de04cb3620cabdc9","3"
"route_a089d61d2755284325fbad30","occ_c3fcb154c0ead99af6491ce4","4"
"route_a089d61d2755284325fbad30","occ_6b17ad74d077673c3ac7a976","5"
"route_a089d61d2755284325fbad30","occ_5f84a9bf376e4a8ded637d2c","6"
"route_a089d61d2755284325fbad30","occ_9fc92c253ba3f8f99e6190b0","7"
"route_a089d61d2755284325fbad30","occ_d4df76bb958eccdd9db59cdb","8"
"route_a089d61d2755284325fbad30","occ_e3c643ee83621bdd4e1bc251","9"
"route_a093c263cee7a7767b8f0075","occ_66475db85f3bea4e3b96882a","1"
"route_a0bd7f1cbc8b84b2b0e4bc38","occ_17b13d8ff04ac26a0bac50ee","1"
"route_a0ca34a725cf1d9883ec8e44","occ_826653d0852e64d44194c592","1"
"route_a0ca34a725cf1d9883ec8e44","occ_b3d96f6bb3b48e4d096a7f24","2"
"route_a0fd66d55fe61480d9b3d1ec","occ_b773785dbdd6d7036e28579c","1"
"route_a100e08cd2721bcbb68d078a","occ_6994e6b0c8f4af86aae1984e","1"
"route_a10beb24589edc2d5c861e90","occ_d2c5324a3f265fa5ec3da968","1"
"route_a1502de092270a6d4b69d29f","occ_d2f848943f0cabb62b8a8d3e","1"
"route_a1715c6e4baa4d2a27004305","occ_47510e7c4345191c26f0fea3","1"
"route_a178b470e7002cfb9bf75557","occ_afca1634b9daacbde837084d","1"
"route_a1b27de276c6a0d848dff568","occ_3eeb493b205bc0553d6b8398","1"
"route_a1b27de276c6a0d848dff568","occ_b20bd4af3d806e0fe1dd3086","2"
"route_a1b27de276c6a0d848dff568","occ_2294e633a30696f1c42a1726","3"
"route_a1b27de276c6a0d848dff568","occ_438cb366be89df9d77d2c917","4"
"route_a1b27de276c6a0d848dff568","occ_3684a1ff9f0721d426389641","5"
"route_a1c319cba0b4db3e905c6a17","occ_37fd52938759ab2c8c9fc0c7","1"
"route_a1e9a8c0d3c56d6bae5a0c28","occ_da99f1651869478352f96004","1"
"route_a2267e0fa7a14769770f33f1","occ_f72b9d3ee64a574e6f9fc3fc","1"
"route_a23246739cae0431529ffade","occ_7719a632b793f8a40102aa39","1"
"route_a23246739cae0431529ffade","occ_dbc36b5c8bbebdfb246ded89","10"
"route_a23246739cae0431529ffade","occ_a471b14f327f5549baa9c035","11"
"route_a23246739cae0431529ffade","occ_df6b7c17ff77c373a2a185ca","12"
"route_a23246739cae0431529ffade","occ_aa0f53dacaf58fe26183345d","13"
"route_a23246739cae0431529ffade","occ_c348f77a83fccc2a19cf0ac7","2"
"route_a23246739cae0431529ffade","occ_b8d0849b39249b6a2f0c21b4","3"
"route_a23246739cae0431529ffade","occ_cb7d4c97816a8eefa0f16fa8","4"
"route_a23246739cae0431529ffade","occ_25884af8d21117947bdf2ac3","5"
"route_a23246739cae0431529ffade","occ_1e4e2f618d65f4d01390d4cf","6"
"route_a23246739cae0431529ffade","occ_5387b59542f6074d0b30d51e","7"
"route_a23246739cae0431529ffade","occ_ef087ba29c20b4abda30908c","8"
"route_a23246739cae0431529ffade","occ_56062897649f11acc3929595","9"
"route_a254e9a78d15f318f8609e2d","occ_e487d66099b6de42351515b3","1"
"route_a271998f1ab3a807784b2fd9","occ_75da3753b6ed3be8fe1188dc","1"
"route_a271998f1ab3a807784b2fd9","occ_d6b7fbe8587dd7b4fa6f4d8a","10"
"route_a271998f1ab3a807784b2fd9","occ_3e2823e8c04c2a858b9bb448","11"
"route_a271998f1ab3a807784b2fd9","occ_d5248d81f3240c15206a2783","2"
"route_a271998f1ab3a807784b2fd9","occ_bb45c4e03baa429e9bb6b427","3"
"route_a271998f1ab3a807784b2fd9","occ_b4d602e0b490cf8570a202a1","4"
"route_a271998f1ab3a807784b2fd9","occ_53e79926fd16b62abc7e3913","5"
"route_a271998f1ab3a807784b2fd9","occ_071578270ee0bdd96fc8db8a","6"
"route_a271998f1ab3a807784b2fd9","occ_6fa308d0a54fe2222f3bda3f","7"
"route_a271998f1ab3a807784b2fd9","occ_c4732983c4b81232a56963b2","8"
"route_a271998f1ab3a807784b2fd9","occ_93ccd0dc3fdc2674e603ddac","9"
"route_a2847fed32d1396a92ca9809","occ_bddb75ca9f4a0f52271df56f","1"
"route_a2c9bd00e6a379334e5d213a","occ_e38d9166962f57937c61f53d","1"
"route_a2c9bd00e6a379334e5d213a","occ_5a7ec1d62ddcc861c64154da","2"
"route_a2d56ba939241c851bb5f49c","occ_283f77999610409096626afd","1"
"route_a2dc48eacc130ea073479164","occ_d0ee61e985d5547cb08d927c","1"
"route_a2dc48eacc130ea073479164","occ_00ea8a51688a85091daa3650","10"
"route_a2dc48eacc130ea073479164","occ_532d35738e67113b83c0c53c","11"
"route_a2dc48eacc130ea073479164","occ_018c0238436a2109d7f6140a","2"
"route_a2dc48eacc130ea073479164","occ_fd8e834dfae30c8ad025de0c","3"
"route_a2dc48eacc130ea073479164","occ_4ee81ef26c032f96b60e1148","4"
"route_a2dc48eacc130ea073479164","occ_2eb935f441b5f3e25b2b8744","5"
"route_a2dc48eacc130ea073479164","occ_5e0efc9455231e89591b648e","6"
"route_a2dc48eacc130ea073479164","occ_352ea6893159f4642ccfe1d7","7"
"route_a2dc48eacc130ea073479164","occ_91570df68bdf7f317d20c212","8"
"route_a2dc48eacc130ea073479164","occ_f46d72291919ec168477c597","9"
"route_a2f8a99a692ccc8b4ba2f5f3","occ_764cf2189b40c182ba4d6068","1"
"route_a2fe97a7024dde9c07e059fc","occ_5f199cb995236b0409bc462e","1"
"route_a3173fa5edcd17c8dfe046b4","occ_957b7b1b986d6035e67be8b2","1"
"route_a31c0cf99885e5faa713c095","occ_3ca31922097c6866c754b858","1"
"route_a328f0a2c645d492606f7496","occ_09a6ac2a7df5ed914b5a54e6","1"
"route_a33886792a444a7f0b38ac62","occ_bbfb0b1a745719b9da04d2c8","1"
"route_a33886792a444a7f0b38ac62","occ_57529efe39a44286b62ac0f5","10"
"route_a33886792a444a7f0b38ac62","occ_93e08c39962f01fe1bc6d367","11"
"route_a33886792a444a7f0b38ac62","occ_61774e0956533f178f25e1fd","12"
"route_a33886792a444a7f0b38ac62","occ_26aa295ab0212ccb452e7d67","13"
"route_a33886792a444a7f0b38ac62","occ_d7f36e51dc86341f701a40ad","2"
"route_a33886792a444a7f0b38ac62","occ_c223040ed0b491861062a2b0","3"
"route_a33886792a444a7f0b38ac62","occ_89cd336ad80090377765c343","4"
"route_a33886792a444a7f0b38ac62","occ_b7a933a67d777e038f711177","5"
"route_a33886792a444a7f0b38ac62","occ_cebe3d5edb9c9cba1df6f6af","6"
"route_a33886792a444a7f0b38ac62","occ_f148f0932015b2f128430041","7"
"route_a33886792a444a7f0b38ac62","occ_539af81413097c2597117487","8"
"route_a33886792a444a7f0b38ac62","occ_0f1efa7065cf0ba4e860730e","9"
"route_a34bea3cd426324abf1eaacf","occ_fc7560ae27383a57a81e2a44","1"
"route_a34bea3cd426324abf1eaacf","occ_838d636c280381d62fbef31f","10"
"route_a34bea3cd426324abf1eaacf","occ_07f261a5c2b5e973f03a0abc","11"
"route_a34bea3cd426324abf1eaacf","occ_68b90953c088113eb3d3b954","2"
"route_a34bea3cd426324abf1eaacf","occ_c203fb8324b5e2ca61a79792","3"
"route_a34bea3cd426324abf1eaacf","occ_684c1de1dcff970847de11fa","4"
"route_a34bea3cd426324abf1eaacf","occ_162c3fd50aa7b4becc30ac26","5"
"route_a34bea3cd426324abf1eaacf","occ_e3f26cdb525bd941d8810e84","6"
"route_a34bea3cd426324abf1eaacf","occ_620b2592dbaddb487c5e6ead","7"
"route_a34bea3cd426324abf1eaacf","occ_c33a0614a171d2d19d5e6a29","8"
"route_a34bea3cd426324abf1eaacf","occ_88e6b090da68b1ae0e6d0f1e","9"
"route_a3748bc8e535bedb51d8b980","occ_0a95544e14060824382af877","1"
"route_a3a9a73a1bd6ebe2d3205fa7","occ_a21db937ea2f45844eb27cee","1"
"route_a3d07f49df207dd120b15583","occ_4d84ab68c77c95f68c15a1ad","1"
"route_a3d07f49df207dd120b15583","occ_d77328592beec0f064d7d316","2"
"route_a3d07f49df207dd120b15583","occ_a513c89a40d644fcc35e3d29","3"
"route_a3ed22cac8e8c7fb5ea0da48","occ_6aa926ea592c99d25a1b411a","1"
"route_a400a0a4c12044651a267dc4","occ_61f863363665c75a632aa5b2","1"
"route_a42b45b7958dc9ab319a14d8","occ_535f83f02a953ceacb188d80","1"
"route_a46284986adf2089ae9e7e5e","occ_12baad39df3f9ae3ef65bdf0","1"
"route_a479d344a4f12baf9ec6168a","occ_08c23fc4a2ab16836859844a","1"
"route_a496e0e6a5b71106f4adddb3","occ_ca17dcee03f1e84154780b0e","1"
"route_a4fe250cc616f2d4a1631f18","occ_1a373f9d4053c1910ec58c7b","1"
"route_a4ff59242acab2988b4481a7","occ_8dc115e3594cd8e051e09edb","1"
"route_a4ff59242acab2988b4481a7","occ_7745624cf262c1e0fae0d9e6","2"
"route_a4ff59242acab2988b4481a7","occ_595eccc4f5120b2e457695a2","3"
"route_a4ff59242acab2988b4481a7","occ_1ab88ce1b475fc967628684e","4"
"route_a5001ceac20ba3c1f38e8056","occ_6e49db95853c0963098aa11a","1"
"route_a53d06c122234384c2c427b9","occ_59e0026bdb5ae7d37766a4fb","1"
"route_a53d06c122234384c2c427b9","occ_09cd4eab28c93fd9602331eb","10"
"route_a53d06c122234384c2c427b9","occ_686fa746c609fe70f1e7f002","11"
"route_a53d06c122234384c2c427b9","occ_c151364594317dc824f9ee67","12"
"route_a53d06c122234384c2c427b9","occ_f40417aeb0df093b7a4f253c","13"
"route_a53d06c122234384c2c427b9","occ_496de33892791d60b630aa36","14"
"route_a53d06c122234384c2c427b9","occ_0cd861bba0d139b4b5133a47","15"
"route_a53d06c122234384c2c427b9","occ_6f86a30884bad50a182e1a98","2"
"route_a53d06c122234384c2c427b9","occ_207d0a9155923575565f25d5","3"
"route_a53d06c122234384c2c427b9","occ_e292e797ffac5b2e1a5b6ded","4"
"route_a53d06c122234384c2c427b9","occ_91ca0bf0c0c5420f5081cb3a","5"
"route_a53d06c122234384c2c427b9","occ_6c2b1a777c1d882153683271","6"
"route_a53d06c122234384c2c427b9","occ_e7e420f9d4c7ea1b5b4ac8d4","7"
"route_a53d06c122234384c2c427b9","occ_6f14c2d203bc19fb3ffb1153","8"
"route_a53d06c122234384c2c427b9","occ_a2caa4a2ab6e0bd215cf3502","9"
"route_a56c86c19a80b888c91069ff","occ_8726b505f7cad4ba59782572","1"
"route_a56e5c03913b729d74180c92","occ_123b1fdc0de1221d9eea9718","1"
"route_a58158da7f20e0f7b52209e8","occ_cfc1cd469e97861135c8a905","1"
"route_a5c35d4882c50bdbab100914","occ_83b99ba0e3602f6f5003fa04","1"
"route_a5c35d4882c50bdbab100914","occ_ba407e0b7f450d43561aadfb","2"
"route_a5d88309512fd52787a07982","occ_b1783fa946ecbb7b25ab78ef","1"
"route_a5e7fba30ed1546241c16887","occ_ae7b99097a4b728a493058b6","1"
"route_a5fb875f93a6b20920f776b3","occ_fca5ce8bf9ab809ef9f18d3b","1"
"route_a62fa0566476498a156f294c","occ_751f3efebdb2441becf4abef","1"
"route_a62fa0566476498a156f294c","occ_a3c0fbcad9e23f0826028047","2"
"route_a62fa0566476498a156f294c","occ_7108694ca5c34b4df9b1f31c","3"
"route_a648e71f14c9ee034dd0469e","occ_37db5588bd6e8e4382f669ad","1"
"route_a648e71f14c9ee034dd0469e","occ_1068ecb8a8409559ae786e95","10"
"route_a648e71f14c9ee034dd0469e","occ_f670c9fa5e829a64f513a26f","11"
"route_a648e71f14c9ee034dd0469e","occ_3e05ec673864c93a3f12dcc4","12"
"route_a648e71f14c9ee034dd0469e","occ_73059323500b25834049a6f9","13"
"route_a648e71f14c9ee034dd0469e","occ_d484f32c4f70d0fe22ace4bd","2"
"route_a648e71f14c9ee034dd0469e","occ_13b0e3ca11af7b1e27dc976f","3"
"route_a648e71f14c9ee034dd0469e","occ_a928718e9c93b985ad8f236c","4"
"route_a648e71f14c9ee034dd0469e","occ_515b6a203df56808d3ea5499","5"
"route_a648e71f14c9ee034dd0469e","occ_e9ed8996ce7d621074c94bdf","6"
"route_a648e71f14c9ee034dd0469e","occ_fbe1abbf5efc2ab991114c6f","7"
"route_a648e71f14c9ee034dd0469e","occ_8faab33799165a9bc688a496","8"
"route_a648e71f14c9ee034dd0469e","occ_0cf7022160600812c80f754d","9"
"route_a6549297ca8bba046835a55d","occ_50f11fee80b276a5522248a4","1"
"route_a69feea923ed9fb35c787d2a","occ_395ba858d3e35fad9afb237a","1"
"route_a6c42109f8d5b4e256b5529d","occ_4608cb087541d499e61e488c","1"
"route_a6f3a49a1485d42205bdb796","occ_57f07a492434fd9b6571564a","1"
"route_a6f3a49a1485d42205bdb796","occ_97f012ad12ae4ae14af88e08","10"
"route_a6f3a49a1485d42205bdb796","occ_98fd2407cee281f95a749aa7","11"
"route_a6f3a49a1485d42205bdb796","occ_3ceeca309ee2d2b3a90d3ac9","12"
"route_a6f3a49a1485d42205bdb796","occ_920891faec2196ab208056bc","13"
"route_a6f3a49a1485d42205bdb796","occ_bc271eb58c626dca82685931","14"
"route_a6f3a49a1485d42205bdb796","occ_18600d616fa115f5fb1b4e66","15"
"route_a6f3a49a1485d42205bdb796","occ_9bf3a0d86ab5c3e338d41e0f","16"
"route_a6f3a49a1485d42205bdb796","occ_680346d789e56c03f4e97d9c","17"
"route_a6f3a49a1485d42205bdb796","occ_1b32ff1c6cd7bfe2c806cbe9","18"
"route_a6f3a49a1485d42205bdb796","occ_f988267e77b25aa19182906f","19"
"route_a6f3a49a1485d42205bdb796","occ_2e280571fd450cd82b5f956d","2"
"route_a6f3a49a1485d42205bdb796","occ_7be357d640341dbdc26150b7","20"
"route_a6f3a49a1485d42205bdb796","occ_f3dcfa970411f1457f36756a","3"
"route_a6f3a49a1485d42205bdb796","occ_9b0ab4671fffe312df69e886","4"
"route_a6f3a49a1485d42205bdb796","occ_7c3b265c76266898efb61e4f","5"
"route_a6f3a49a1485d42205bdb796","occ_5123b1ef0dcab8b93eceb254","6"
"route_a6f3a49a1485d42205bdb796","occ_f8c18afb153a29f5131a146a","7"
"route_a6f3a49a1485d42205bdb796","occ_91dc108b181c19c411707ab0","8"
"route_a6f3a49a1485d42205bdb796","occ_a2c09e8bf0e68a5ca1c63e15","9"
"route_a6ff34acdec38b43eb0cc6a4","occ_47d2e95dc66a70c19997b371","1"
"route_a74454bd0299560311b07359","occ_412744ddc577509cc72cac7e","1"
"route_a74454bd0299560311b07359","occ_3da11517ae4cce5cda208a81","10"
"route_a74454bd0299560311b07359","occ_844665cfb0b151efed6356d8","11"
"route_a74454bd0299560311b07359","occ_ec15e6427cae7e56368d496e","12"
"route_a74454bd0299560311b07359","occ_892c678b4ac6b05f7e4bb9eb","2"
"route_a74454bd0299560311b07359","occ_3d2346220629eac80a9ed567","3"
"route_a74454bd0299560311b07359","occ_bca625ae5306fd973e91bd57","4"
"route_a74454bd0299560311b07359","occ_f2f23aae51d0621bc3fc3e89","5"
"route_a74454bd0299560311b07359","occ_fca3290d4cfe28be2b50f21e","6"
"route_a74454bd0299560311b07359","occ_93998e4ab57f6b1e2582df90","7"
"route_a74454bd0299560311b07359","occ_2697f7787046ff3c997db8dd","8"
"route_a74454bd0299560311b07359","occ_fe79364f4c4578c2045aeaeb","9"
"route_a745e99747e8b387996f3fe9","occ_38844b41c5d9e349654593b4","1"
"route_a779a78a83991b2251e40c08","occ_3ef7246fe268ea638ea5a302","1"
"route_a78f9b6b17a2b7bf895f05c2","occ_1a2855260fb58cf69a92edea","1"
"route_a7afeeec55145b15b036465b","occ_648c826b567a5cb48215538a","1"
"route_a7afeeec55145b15b036465b","occ_82c2579f9a7a4d8f344be14d","10"
"route_a7afeeec55145b15b036465b","occ_34ae15707b68cf33f8187886","2"
"route_a7afeeec55145b15b036465b","occ_4439ba53cd8f8d61d7858380","3"
"route_a7afeeec55145b15b036465b","occ_b66f875ee8cc749d22e1aa03","4"
"route_a7afeeec55145b15b036465b","occ_08a7c1c0c4912500462091ea","5"
"route_a7afeeec55145b15b036465b","occ_dd0cc903bd6c52cdaedc4df1","6"
"route_a7afeeec55145b15b036465b","occ_2c835dda373e4613aa034fd6","7"
"route_a7afeeec55145b15b036465b","occ_4c2c7010afeefe83d177c2fe","8"
"route_a7afeeec55145b15b036465b","occ_02908945f7d54c620be6db36","9"
"route_a7d05ee700f7e88a7c99ec98","occ_a863470985088c50902fc3b6","1"
"route_a858f814405eb47fdb8ec0e2","occ_2be5b5e763eeeb53ad495c75","1"
"route_a858f814405eb47fdb8ec0e2","occ_c5dd548aa43345d3f35f93e8","2"
"route_a858f814405eb47fdb8ec0e2","occ_0bd8cf7128c83a593a5351db","3"
"route_a858f814405eb47fdb8ec0e2","occ_5729633db4fc7d10bbd4bc43","4"
"route_a858f814405eb47fdb8ec0e2","occ_0c3f319cbc6ffe9a430abdab","5"
"route_a858f814405eb47fdb8ec0e2","occ_80337c3e60cd24f8c656d9a6","6"
"route_a8766eae36717091c7f44152","occ_c9a9adca346f284f14f33573","1"
"route_a89b9981dc509ce46d406c86","occ_115a6a9f75bb1044307de332","1"
"route_a89ff7c4f7598ef1131b938a","occ_88445a049b45d82fccd354ba","1"
"route_a8af1e4ca23bede3d161acf0","occ_5756aea9d07dc600769b4287","1"
"route_a8c0293f91e8bc56fe3461da","occ_68710e1d543e636fdde367f2","1"
"route_a8c66c92c876eadb73dc22ee","occ_bb261f3253b42f83be9675a9","1"
"route_a8c66c92c876eadb73dc22ee","occ_44aca206e90bad3a98a053df","10"
"route_a8c66c92c876eadb73dc22ee","occ_14b72dc83b049ccbc72ba1d2","11"
"route_a8c66c92c876eadb73dc22ee","occ_3ac67a738248bebe8acd8d2c","12"
"route_a8c66c92c876eadb73dc22ee","occ_6b0bdd8d22fb73e56e2025b5","13"
"route_a8c66c92c876eadb73dc22ee","occ_6cadd7b4bf658774405c3c8e","14"
"route_a8c66c92c876eadb73dc22ee","occ_ba133117967765a234bbef4d","15"
"route_a8c66c92c876eadb73dc22ee","occ_170bdf9eac99d7368ceb36ce","16"
"route_a8c66c92c876eadb73dc22ee","occ_2dc1e0368de37f8b3d3a8caa","17"
"route_a8c66c92c876eadb73dc22ee","occ_99ee9ecc3d3f15a47b093012","18"
"route_a8c66c92c876eadb73dc22ee","occ_56edd454b0d4250e70330e92","19"
"route_a8c66c92c876eadb73dc22ee","occ_a00742257da0aefd1c7639d8","2"
"route_a8c66c92c876eadb73dc22ee","occ_6568a20d443cb78e567af598","20"
"route_a8c66c92c876eadb73dc22ee","occ_fc9ec4c7098caffc1d2d04a3","21"
"route_a8c66c92c876eadb73dc22ee","occ_e9c8f81c2acd70b5d13fd959","22"
"route_a8c66c92c876eadb73dc22ee","occ_d16e36939d573874e50928f7","23"
"route_a8c66c92c876eadb73dc22ee","occ_2e1ba296cec46fb1df71075a","24"
"route_a8c66c92c876eadb73dc22ee","occ_1fe7ef04818a7bbe8fe4d182","25"
"route_a8c66c92c876eadb73dc22ee","occ_6cbd50addf5a1b63c011535b","3"
"route_a8c66c92c876eadb73dc22ee","occ_0bdc8fd65776761e3dcf6b65","4"
"route_a8c66c92c876eadb73dc22ee","occ_cf374a716e6d469b98c075cc","5"
"route_a8c66c92c876eadb73dc22ee","occ_ed740570619fec353a04ae37","6"
"route_a8c66c92c876eadb73dc22ee","occ_8909f1add7e51ef414d87af1","7"
"route_a8c66c92c876eadb73dc22ee","occ_8add79e90909b510f16fc9f9","8"
"route_a8c66c92c876eadb73dc22ee","occ_b998a713881aa1f98cad95a4","9"
"route_a8c853046a26a4a278c2cc89","occ_e95f3bf90f912ad67d492041","1"
"route_a8d2b756385f6171bdaecbbc","occ_0ffc5b8c14f2f3ab3e55e220","1"
"route_a9a3a597ed6a03c6d3995f3f","occ_f4ad04a71870adb56107018c","1"
"route_a9ad4ffc5c74fd288d90bbc4","occ_0d7e21107f42d1fedc4a72e1","1"
"route_a9d4fd4a81af8c2d762fda4f","occ_658c9e8613266fbefd3813bd","1"
"route_aa1c29604b5e058597cec7ea","occ_8b844c4d0f6d92542c821f68","1"
"route_aa1c29604b5e058597cec7ea","occ_584d2dce6662dbf48ae4bf71","2"
"route_aa1c29604b5e058597cec7ea","occ_c86395f7781a0c9f9d074875","3"
"route_aa5ba75700c084eec2cc03fe","occ_0018ded39f6e23f0d8636e36","1"
"route_aa631e30b345da9ff7a5875f","occ_38e8fca27d360659505e0dc4","1"
"route_aa8bf90301894dbe7548b524","occ_ba50ff11a5dcca0dded5542f","1"
"route_aa8bf90301894dbe7548b524","occ_499bc058be5b97977a7b2900","2"
"route_aa8bf90301894dbe7548b524","occ_8ae525cb7b508b6caf8a05d9","3"
"route_aa9bb72bda729779c393de02","occ_da0b94fb9735d0dfcc2076d8","1"
"route_aab586198862eff901f10451","occ_3b4d72a631e4dda741625002","1"
"route_aae431801dcec24d43470628","occ_aca87b89c00b8ef1bed32614","1"
"route_aae472bb33a4897eaa3f13d2","occ_411e438e9e166680613e097d","1"
"route_ab089730104614b5c1c05dbf","occ_8ad3a036a6eab8c3b513c5e1","1"
"route_ab089730104614b5c1c05dbf","occ_d3dc68a36c8b400e83763701","2"
"route_ab089730104614b5c1c05dbf","occ_22ad576c01e2e1a63940a7a1","3"
"route_ab089730104614b5c1c05dbf","occ_a9120484582317354c9c0ac3","4"
"route_ab089730104614b5c1c05dbf","occ_243bd6c5ca7bc03da007e5a8","5"
"route_ab470525949c6fb3ec3f7913","occ_a196e2f607498ff8cb6df407","1"
"route_ab470525949c6fb3ec3f7913","occ_a73bee5a45cb6db078545336","10"
"route_ab470525949c6fb3ec3f7913","occ_d8c37fd4e9feb984a9e73705","11"
"route_ab470525949c6fb3ec3f7913","occ_9d51aebc107b39414c62dbd0","12"
"route_ab470525949c6fb3ec3f7913","occ_6fdc22ac2d676ee976595650","13"
"route_ab470525949c6fb3ec3f7913","occ_9fc9208548ce83081c521b41","14"
"route_ab470525949c6fb3ec3f7913","occ_d087ce9d5f54a99229336325","15"
"route_ab470525949c6fb3ec3f7913","occ_7306385419594e53b3548f98","16"
"route_ab470525949c6fb3ec3f7913","occ_352c7a3a5da607624382e1d0","17"
"route_ab470525949c6fb3ec3f7913","occ_aeed659fae23beae2455d799","18"
"route_ab470525949c6fb3ec3f7913","occ_37a4fb0ffd5810cd9ca153e5","19"
"route_ab470525949c6fb3ec3f7913","occ_a8d1450d55b805927ac6503a","2"
"route_ab470525949c6fb3ec3f7913","occ_6758d0c55a66032294469c35","20"
"route_ab470525949c6fb3ec3f7913","occ_25e34a052da4371da423d6f1","21"
"route_ab470525949c6fb3ec3f7913","occ_d77f1df5b6c6ce77d838d720","22"
"route_ab470525949c6fb3ec3f7913","occ_d1fd5bab868d75f60f086b14","23"
"route_ab470525949c6fb3ec3f7913","occ_ebd90977d808edc3557ffa5e","24"
"route_ab470525949c6fb3ec3f7913","occ_8b932b4c0bf01386429c4cac","25"
"route_ab470525949c6fb3ec3f7913","occ_d1f60caafacea2e9d83b2bc0","26"
"route_ab470525949c6fb3ec3f7913","occ_a2d77079842d5bad6b5eaf58","3"
"route_ab470525949c6fb3ec3f7913","occ_e1f44ed65b41b9a2b1ae9eea","4"
"route_ab470525949c6fb3ec3f7913","occ_056325c70eaee254c74c208b","5"
"route_ab470525949c6fb3ec3f7913","occ_f65eed5dcd79b9564cbf311b","6"
"route_ab470525949c6fb3ec3f7913","occ_d378dafe5c35aab0b2b34196","7"
"route_ab470525949c6fb3ec3f7913","occ_62534fa521373c4446c33acb","8"
"route_ab470525949c6fb3ec3f7913","occ_9f60fe7c05c876fad1b586db","9"
"route_ab596c7a3a4b1e0c5ab5e43b","occ_b8ca438cc380972a556c977e","1"
"route_ab596c7a3a4b1e0c5ab5e43b","occ_d2185d8da5cd3c19f2554767","2"
"route_ab596c7a3a4b1e0c5ab5e43b","occ_9023e2f2f56584291013470d","3"
"route_ab596c7a3a4b1e0c5ab5e43b","occ_3a086f997c3c6086c9dc98a2","4"
"route_ab596c7a3a4b1e0c5ab5e43b","occ_101c780626e4415b8f2694cf","5"
"route_ababf27d0125158a90a824c3","occ_67074863226c8310b61d13d6","1"
"route_abbb8bd51685d26506dffc14","occ_4b11b2f24c4ac54c2c050ada","1"
"route_abbb8bd51685d26506dffc14","occ_92cad630f52c828039a582a5","10"
"route_abbb8bd51685d26506dffc14","occ_33f20bf9b668a5696bd638ff","11"
"route_abbb8bd51685d26506dffc14","occ_743db651ae0905ab31e30003","12"
"route_abbb8bd51685d26506dffc14","occ_b89d331ac9f8ac3df744edd3","13"
"route_abbb8bd51685d26506dffc14","occ_d01383509aadac632570a981","14"
"route_abbb8bd51685d26506dffc14","occ_24a8fd0b0c00d540e6b61b77","2"
"route_abbb8bd51685d26506dffc14","occ_117160885b9d2f03c7ed6b73","3"
"route_abbb8bd51685d26506dffc14","occ_3019f0835b2e99499e5a9bbf","4"
"route_abbb8bd51685d26506dffc14","occ_f959c8929b1631b556579728","5"
"route_abbb8bd51685d26506dffc14","occ_18b584312ba1435782ea3e43","6"
"route_abbb8bd51685d26506dffc14","occ_9572de54913c743f685f64ae","7"
"route_abbb8bd51685d26506dffc14","occ_2e180057e6e465027b9976a4","8"
"route_abbb8bd51685d26506dffc14","occ_0cb00e27f7f9af3ce21a6cc2","9"
"route_abbd00737ff7426eedef557b","occ_71121cf1330d6a35c007c49c","1"
"route_abbd00737ff7426eedef557b","occ_98a64dc27c6035c7b30bcf2f","10"
"route_abbd00737ff7426eedef557b","occ_181b1431bbc3f222061d9c3c","11"
"route_abbd00737ff7426eedef557b","occ_e1c43b68cf106247e2cc02a7","12"
"route_abbd00737ff7426eedef557b","occ_a7d93b4fa6d0ad5703107f46","2"
"route_abbd00737ff7426eedef557b","occ_8d395da6d3e53e769c798de0","3"
"route_abbd00737ff7426eedef557b","occ_812e3c61ac5ea711bb09b925","4"
"route_abbd00737ff7426eedef557b","occ_4c38b99ce347cd49ec9d0e99","5"
"route_abbd00737ff7426eedef557b","occ_67d558c32846719ebf0630bc","6"
"route_abbd00737ff7426eedef557b","occ_634237799b1531d82590f02e","7"
"route_abbd00737ff7426eedef557b","occ_791d53251992421b5a62004a","8"
"route_abbd00737ff7426eedef557b","occ_03955a77c44e4ed1745967bd","9"
"route_abc8ba2793c16588eaa5e182","occ_0fee2047ccf815219cac6748","1"
"route_abc8ba2793c16588eaa5e182","occ_b8dbd81fbbf80d84f7a89148","2"
"route_abc8ba2793c16588eaa5e182","occ_7c88680404a6ab196f67e147","3"
"route_abc8ba2793c16588eaa5e182","occ_2ddb2238181e7b209b88a0a9","4"
"route_abc8ba2793c16588eaa5e182","occ_9ba4bfeb8d35b5faa25cc051","5"
"route_abc8ba2793c16588eaa5e182","occ_2731e8a76740d2ad3ae136e3","6"
"route_abc8ba2793c16588eaa5e182","occ_ee28b4b7a937d77f4a37ecea","7"
"route_abcd3a82f03489ddfc38af4d","occ_139f5fcba797e7d6253d552e","1"
"route_abd17b8ef671062af09c9de7","occ_9d9f74e1155f16e84f2bc1c1","1"
"route_abd17b8ef671062af09c9de7","occ_3f006ba05ec669b6f2df6614","10"
"route_abd17b8ef671062af09c9de7","occ_7cb39755c34a1757a285e9b6","11"
"route_abd17b8ef671062af09c9de7","occ_cd9c2cf3c6be22fd3a72c593","12"
"route_abd17b8ef671062af09c9de7","occ_8188b2844e82b6dea846a8b9","13"
"route_abd17b8ef671062af09c9de7","occ_a638f99b512b2939dd06c666","14"
"route_abd17b8ef671062af09c9de7","occ_9c67e8fda1a8a190dd9d8642","2"
"route_abd17b8ef671062af09c9de7","occ_f2018f7538df8ed68939465f","3"
"route_abd17b8ef671062af09c9de7","occ_01202eb54d89d8bedd794db9","4"
"route_abd17b8ef671062af09c9de7","occ_742471a457befd5715071134","5"
"route_abd17b8ef671062af09c9de7","occ_d47251144601c55dd7e06450","6"
"route_abd17b8ef671062af09c9de7","occ_e32a7e7c03dc12ee2fa338e0","7"
"route_abd17b8ef671062af09c9de7","occ_52b7cc9ec40c5685571bf45b","8"
"route_abd17b8ef671062af09c9de7","occ_7de4764b760bbe80dbcd553e","9"
"route_ac02c0758409e75ba3c1b4dc","occ_a690902906b3666f8ac7122d","1"
"route_ac02c0758409e75ba3c1b4dc","occ_2b234af727e17c5e04a18676","10"
"route_ac02c0758409e75ba3c1b4dc","occ_5ff5953f4d2bcc7d9b7aecd7","11"
"route_ac02c0758409e75ba3c1b4dc","occ_9cae93ea8e6b3a3ec207ead0","12"
"route_ac02c0758409e75ba3c1b4dc","occ_adf5f1bb8db6a4d6fec1adcd","13"
"route_ac02c0758409e75ba3c1b4dc","occ_a22d4403e6a828398551e6e3","2"
"route_ac02c0758409e75ba3c1b4dc","occ_c638af3adcda8f583d7cce1b","3"
"route_ac02c0758409e75ba3c1b4dc","occ_3c35b1082d37ec4d92a66ac1","4"
"route_ac02c0758409e75ba3c1b4dc","occ_3350f9c5f71d271a0e84a590","5"
"route_ac02c0758409e75ba3c1b4dc","occ_9fa862c0da9a00bd913a352b","6"
"route_ac02c0758409e75ba3c1b4dc","occ_80fab85bc27650489d8bbdeb","7"
"route_ac02c0758409e75ba3c1b4dc","occ_f737e5df030d159d1db189a0","8"
"route_ac02c0758409e75ba3c1b4dc","occ_e32c2003d1c3f73b1a6168f5","9"
"route_ac097af7c6fa4f1e0c785847","occ_015ec807a1cde4407c8c3374","1"
"route_ac1a55d72a66cce5686b725e","occ_8b9d1e54152ce2f5eb62445c","1"
"route_ac4df6ff0ff93bb53f349e82","occ_6e6dd7f11c5a91e7e9f8bbb3","1"
"route_ac733476f59ca72e138c6fad","occ_34788aefec5809ace3fe4f3a","1"
"route_ac97f7620af7db7ba3591289","occ_cd9c3c662d53092eee3b1149","1"
"route_ac97f7620af7db7ba3591289","occ_63a4707f7f3606f964f81044","2"
"route_aca30c4a1ef01e5c4ca35131","occ_c1e39efc8b0f006607b22a27","1"
"route_aca94b6f45605c5f1318e54c","occ_0dbc7565488b7a7234ccd6f8","1"
"route_accbae4e8856b98c55b98693","occ_a7b067a0d4527628dcd595f8","1"
"route_ad287ade50be5964eca9af36","occ_1b7423e557b744f666de2d20","1"
"route_ad388f98fdf4c714c9d34aae","occ_b212b83489e08429cf962c4b","1"
"route_ad59688490595dc23a91cff5","occ_38876ce9178429e0aff815e7","1"
"route_ad739d1fb863fdd413426b64","occ_0748339ce1a62a91b777cdc6","1"
"route_adb499520ffb3cc79a7e207e","occ_c567c6a45a6ba8fbaa4e7b60","1"
"route_adb8ddb074c29ef68232f5ac","occ_3608f95cbc45519bfbe7eeed","1"
"route_adb8ddb074c29ef68232f5ac","occ_443a850d63e141f288511728","2"
"route_adbd5add0159816ef60b2d6e","occ_2854500b3e3d3a70df317cf7","1"
"route_adbd5add0159816ef60b2d6e","occ_869f521e47a9233c3921c151","2"
"route_adbd5add0159816ef60b2d6e","occ_8b7d73d4c9b3d1907edd5a95","3"
"route_adcc1d108be2f8002879dd16","occ_4bb220e36e426886d9b89375","1"
"route_adcc1d108be2f8002879dd16","occ_7e61027fec3a32ea6596877d","10"
"route_adcc1d108be2f8002879dd16","occ_266a14a51401af80cbcf2b58","11"
"route_adcc1d108be2f8002879dd16","occ_24b6026ece4593dc2610e9f6","2"
"route_adcc1d108be2f8002879dd16","occ_84e52b841cdeb2c713eeb5a6","3"
"route_adcc1d108be2f8002879dd16","occ_1e3b44284f51fbc710dad1c2","4"
"route_adcc1d108be2f8002879dd16","occ_95f267eaede41c1ae40d0916","5"
"route_adcc1d108be2f8002879dd16","occ_3aa172bed2c61e0c6a3184aa","6"
"route_adcc1d108be2f8002879dd16","occ_6b9ed392447ae9de521d0662","7"
"route_adcc1d108be2f8002879dd16","occ_03dae87bcd5460d364a772c9","8"
"route_adcc1d108be2f8002879dd16","occ_2c85a36b6aa5a46deae4a8a2","9"
"route_adf28635c90b8061cdbbef52","occ_07b0955beaa71976c691ebe3","1"
"route_adf28635c90b8061cdbbef52","occ_8037a8ef6f43808790d3ad13","2"
"route_adf28635c90b8061cdbbef52","occ_05cff7b2522be4f22a0b68af","3"
"route_adf28635c90b8061cdbbef52","occ_516509ec487eee5482bf7cbc","4"
"route_ae16b547efdbf942a8aba891","occ_97b91c36cdbb0c8035634fc8","1"
"route_ae16b547efdbf942a8aba891","occ_6968cf1cfcdc312eb91dea98","10"
"route_ae16b547efdbf942a8aba891","occ_f580ac5af9656efbdef0d8fc","11"
"route_ae16b547efdbf942a8aba891","occ_c9695632f5136fc5ee33b756","12"
"route_ae16b547efdbf942a8aba891","occ_c0a98967a070e36c0b891173","13"
"route_ae16b547efdbf942a8aba891","occ_6a2b6b1ef521e870c306ad16","14"
"route_ae16b547efdbf942a8aba891","occ_6e2ea0c28cbb2f087b006216","2"
"route_ae16b547efdbf942a8aba891","occ_c07c5cb3b19c869a9c47c00f","3"
"route_ae16b547efdbf942a8aba891","occ_98e122d539a9fc2054e4a1e3","4"
"route_ae16b547efdbf942a8aba891","occ_78f9f0585541f48bd3077567","5"
"route_ae16b547efdbf942a8aba891","occ_9d03aceca954382728467377","6"
"route_ae16b547efdbf942a8aba891","occ_de86b4ae2753770e4d4fd463","7"
"route_ae16b547efdbf942a8aba891","occ_0521d8a4cc95bf7de48cf7bf","8"
"route_ae16b547efdbf942a8aba891","occ_6e4bda7b269cc14807c20f18","9"
"route_ae2c68bf85b8460e2b4f1c11","occ_98fde8e39c583a739fa153d1","1"
"route_ae2cc447874eef42baf3b568","occ_6748c4405f17da0a6cb2c906","1"
"route_ae3bea54b1657367611b82ab","occ_473e4e6445a0919d9d810111","1"
"route_ae3bea54b1657367611b82ab","occ_145553e329e498c551743085","2"
"route_ae54e3ccf1a2482aff185cdc","occ_a7273cfab9e2ce6569795752","1"
"route_ae646d24bfca2ab6faac0697","occ_39d24159bbb91c5eaaae68fb","1"
"route_ae76a2449e79c35f1f1fc821","occ_4e2ef26daadc46181bce3b0b","1"
"route_aeae752693667ca543e53016","occ_f755b64a36b7ae907fe9235f","1"
"route_af1bb86a2539a678fbeca9cb","occ_8f5fe479141febb2ae35e88b","1"
"route_af1bb86a2539a678fbeca9cb","occ_5a91d89944c404a3304171f3","10"
"route_af1bb86a2539a678fbeca9cb","occ_af5ef77345a62141375a7924","11"
"route_af1bb86a2539a678fbeca9cb","occ_0402324378022689dc2498c4","12"
"route_af1bb86a2539a678fbeca9cb","occ_7e04dad92ffbb2e09f119b0b","13"
"route_af1bb86a2539a678fbeca9cb","occ_50bb42fde4b65e5087296de5","14"
"route_af1bb86a2539a678fbeca9cb","occ_8f336a888a0ee0707c95da1f","15"
"route_af1bb86a2539a678fbeca9cb","occ_3a5502bcbc197f998d5f1796","2"
"route_af1bb86a2539a678fbeca9cb","occ_999bae140cafff95b9857dd9","3"
"route_af1bb86a2539a678fbeca9cb","occ_12f531a3ea0f3150abd933c0","4"
"route_af1bb86a2539a678fbeca9cb","occ_176957d5dc3b85cd81887cc6","5"
"route_af1bb86a2539a678fbeca9cb","occ_fe7fadda6603dfd1fbc3b431","6"
"route_af1bb86a2539a678fbeca9cb","occ_669a8ebc5396dc373c7cb797","7"
"route_af1bb86a2539a678fbeca9cb","occ_82a1e8eabd3c3d6bb3e40707","8"
"route_af1bb86a2539a678fbeca9cb","occ_3d2bdf983af3ade846822503","9"
"route_af1be1a002b00a0aa35fe5ca","occ_782d077932673b0264d38730","1"
"route_af1be1a002b00a0aa35fe5ca","occ_13196fb2be364ab65de00b24","2"
"route_af1be1a002b00a0aa35fe5ca","occ_a71d11501b263496166170cf","3"
"route_af1be1a002b00a0aa35fe5ca","occ_028ec2d54f99f4b97cdd888e","4"
"route_af329080da45d98aa2816389","occ_74d1746ef5d2b28c23c0a209","1"
"route_af33b2f97257b0bdab4300f3","occ_a2d5f64972c72327c071c122","1"
"route_af33b2f97257b0bdab4300f3","occ_309a322d7098e97f9a652a6b","2"
"route_af33b2f97257b0bdab4300f3","occ_2bfc8b2b47425192495e0d89","3"
"route_af33b2f97257b0bdab4300f3","occ_45406395565e14060025358b","4"
"route_af584bf4df16bf4271cdac9b","occ_3fd9101af132c2fea0732f9f","1"
"route_af584bf4df16bf4271cdac9b","occ_3a521a9fcb9ff6b9dbf93444","10"
"route_af584bf4df16bf4271cdac9b","occ_60dd535752fd8a0458906fdd","2"
"route_af584bf4df16bf4271cdac9b","occ_f0bfb996bf25fb6981a69ae8","3"
"route_af584bf4df16bf4271cdac9b","occ_e93c5d3d9463441d1a78efa5","4"
"route_af584bf4df16bf4271cdac9b","occ_f74c1ed3a05cc3a097d3a2e6","5"
"route_af584bf4df16bf4271cdac9b","occ_2a77b90c8e54574c3cf9df2c","6"
"route_af584bf4df16bf4271cdac9b","occ_b53edddf688e7e0138a72fd2","7"
"route_af584bf4df16bf4271cdac9b","occ_dc5e167948915100c0ecda19","8"
"route_af584bf4df16bf4271cdac9b","occ_660715f4ccb2ef0b47caff05","9"
"route_af6365e19611306400c13a73","occ_501b7aafc3db5e55358b25ca","1"
"route_af7a88cd5a551c0b39f50ece","occ_89627226de55a826a9defcab","1"
"route_afa14713e924ed1598476a5c","occ_6093266f808580078d928ff9","1"
"route_b01b80a81d35c0b6c603b733","occ_763e078958896aab9468699d","1"
"route_b02f0ac8e23139cd5ced92b2","occ_3895a88c70b2af5cbdf2893d","1"
"route_b030f4353df5cdf2adacb529","occ_5811f28ad8d3c8999b222ff5","1"
"route_b030f4353df5cdf2adacb529","occ_ee687d8931212b5fca5c6797","2"
"route_b030f4353df5cdf2adacb529","occ_58b0b178fe8783484461d496","3"
"route_b030f4353df5cdf2adacb529","occ_a7906025740f667757837914","4"
"route_b030f4353df5cdf2adacb529","occ_f8a9017ac491d762324f8d31","5"
"route_b038d220fdef15930ff8fef7","occ_1ab454995c27f118fbb0c71c","1"
"route_b038d220fdef15930ff8fef7","occ_88d6ac6a37a1f6253fa21b74","2"
"route_b038d220fdef15930ff8fef7","occ_297d30d4c48093bbd6fd2694","3"
"route_b038d220fdef15930ff8fef7","occ_cd38c7afe87dd6c8f6e22d68","4"
"route_b038d220fdef15930ff8fef7","occ_5d19c77197f77ec33d65a1f6","5"
"route_b038d220fdef15930ff8fef7","occ_c9e53e0372958edf9d03384f","6"
"route_b0a3e24bb89fbaa4bbc0cf17","occ_38c71ea412d5ce2103a5d51c","1"
"route_b0cffec711f8ea691bb24571","occ_b5f2f89078c99ce8cd8641fd","1"
"route_b0d5ea4eedefe36ae45b98dd","occ_286fc9b06874a2c473b19237","1"
"route_b0db4ca319afffb8c448f7bd","occ_40c98f7a837d685596774b98","1"
"route_b0e8c5c4911632f12f870dc2","occ_ae6a71129fe0f4b3144bcd0c","1"
"route_b1012e6c16d75d49f9bd2111","occ_35950c8704f98df146f17e74","1"
"route_b17778815f34b9622d6bca28","occ_f80b86e2af3556c322040eeb","1"
"route_b1970268960c577d502a6c5c","occ_74c978e8228319bcb3344cd2","1"
"route_b19e455bba5135f1a51562e8","occ_85496c42716ea1b56f1fd2c8","1"
"route_b19e455bba5135f1a51562e8","occ_a94cabeb4a9f1d86b4920c1e","10"
"route_b19e455bba5135f1a51562e8","occ_dbec1c5845f20785440a9724","11"
"route_b19e455bba5135f1a51562e8","occ_9761d6b2be3a92c733027b26","12"
"route_b19e455bba5135f1a51562e8","occ_ef02e97343c0bae6b95a5fb7","2"
"route_b19e455bba5135f1a51562e8","occ_9b6e25bb99a1254f6d2c3486","3"
"route_b19e455bba5135f1a51562e8","occ_1edc66acbef6dc09e905012d","4"
"route_b19e455bba5135f1a51562e8","occ_1522a6af12c65bbd19cf28e9","5"
"route_b19e455bba5135f1a51562e8","occ_b4096c9793a70ce9ea429bbb","6"
"route_b19e455bba5135f1a51562e8","occ_99aab7d7e63002875ff91c10","7"
"route_b19e455bba5135f1a51562e8","occ_cc3dc55a5d1fcac2db0ad0a7","8"
"route_b19e455bba5135f1a51562e8","occ_9850c98c7a7b5014e516d8cb","9"
"route_b1de3dc2e3ffc5ef747c173c","occ_3a53f2e30b79c53fc806ff88","1"
"route_b2038d51522ca2c41864daa4","occ_ec8cf2c58f4eb4245b8573b6","1"
"route_b2038d51522ca2c41864daa4","occ_eff97c49896409816f74a1ac","2"
"route_b2ab9cc3e4560ba471718e92","occ_c59e72cbdc040576fc40b688","1"
"route_b2ab9cc3e4560ba471718e92","occ_855cbc51cfd8ffa43c44e4de","10"
"route_b2ab9cc3e4560ba471718e92","occ_3005e45c6460bdf6eec7c1e1","11"
"route_b2ab9cc3e4560ba471718e92","occ_4e373820bc3795736c3246f8","12"
"route_b2ab9cc3e4560ba471718e92","occ_72366f7089eb9cf0c720978d","13"
"route_b2ab9cc3e4560ba471718e92","occ_aec57e72e96580fde61bbfc4","14"
"route_b2ab9cc3e4560ba471718e92","occ_5d965c13a1cf3aeed9ee7b13","15"
"route_b2ab9cc3e4560ba471718e92","occ_601514ae39cafc392a0f9952","16"
"route_b2ab9cc3e4560ba471718e92","occ_d846dddff55dea44bbf3a22a","17"
"route_b2ab9cc3e4560ba471718e92","occ_3b5056d2189b40c648247b79","18"
"route_b2ab9cc3e4560ba471718e92","occ_5bbd58020e33b511f7f39ca7","2"
"route_b2ab9cc3e4560ba471718e92","occ_0e6fa5fa3cf558e3ee7d2fd0","3"
"route_b2ab9cc3e4560ba471718e92","occ_7c6d7520e7c72542ac8239f9","4"
"route_b2ab9cc3e4560ba471718e92","occ_01543b4787f9c344ed85d366","5"
"route_b2ab9cc3e4560ba471718e92","occ_bd6dfc803ad3f4d7f8ecfb6a","6"
"route_b2ab9cc3e4560ba471718e92","occ_453e38dbcc4f79484bdf78ec","7"
"route_b2ab9cc3e4560ba471718e92","occ_d4afde85cded9a83ec851042","8"
"route_b2ab9cc3e4560ba471718e92","occ_e0555de582a1b1c0c610d422","9"
"route_b2b66189ac21c857fea93d1f","occ_c0d6f513b7c552a3b6a32486","1"
"route_b2b809aacd6c6690450ccaad","occ_93889452a8128912b51ec896","1"
"route_b2cfb467b00e7dba1554fe16","occ_ff222b6f17a4ae124a6e6801","1"
"route_b33b91d472dbdc9ce603a8ea","occ_8c91f88d29662e693c6f4066","1"
"route_b33b91d472dbdc9ce603a8ea","occ_86c6b29f2e4371ed3a94a996","10"
"route_b33b91d472dbdc9ce603a8ea","occ_1d60f6f6c8c95cd6cf2b0dc8","11"
"route_b33b91d472dbdc9ce603a8ea","occ_3749490f13fb84bbfd3b0120","2"
"route_b33b91d472dbdc9ce603a8ea","occ_4c39ac3af9df47f9f68e4080","3"
"route_b33b91d472dbdc9ce603a8ea","occ_7b9f5638550904802c91fc2d","4"
"route_b33b91d472dbdc9ce603a8ea","occ_39ee0d32257b71ad8921270b","5"
"route_b33b91d472dbdc9ce603a8ea","occ_7dfd852e8d9985743ca44cfd","6"
"route_b33b91d472dbdc9ce603a8ea","occ_701f5dac35d49423ae2923da","7"
"route_b33b91d472dbdc9ce603a8ea","occ_6e600f625baa528eb7dc0fea","8"
"route_b33b91d472dbdc9ce603a8ea","occ_56fedc16e8d5a442921306f8","9"
"route_b359acd8e07d6a53f882745d","occ_f1c77220ac6a6e4c8f4aec22","1"
"route_b37be812fe73c196568cb4e9","occ_535b3e67f2211a2b7f155687","1"
"route_b37f13bd45ca2e19aca8a8dc","occ_9fadf586bf534178654c45ca","1"
"route_b37f13bd45ca2e19aca8a8dc","occ_94a73725333b43231013ed0a","10"
"route_b37f13bd45ca2e19aca8a8dc","occ_c9cb4c5789049598f60b7624","11"
"route_b37f13bd45ca2e19aca8a8dc","occ_b889cb365674f2c4144f1f4e","12"
"route_b37f13bd45ca2e19aca8a8dc","occ_a346884b08f9770afd500c1d","13"
"route_b37f13bd45ca2e19aca8a8dc","occ_00bb3704a9d97117cd746cd7","14"
"route_b37f13bd45ca2e19aca8a8dc","occ_ab950c86b0cc16b53669d858","15"
"route_b37f13bd45ca2e19aca8a8dc","occ_b9c013cb71e80f2a7bb078f1","16"
"route_b37f13bd45ca2e19aca8a8dc","occ_f39d28ab3bb984a742427e5e","17"
"route_b37f13bd45ca2e19aca8a8dc","occ_ee5938045fb2d99e27150680","18"
"route_b37f13bd45ca2e19aca8a8dc","occ_a3de33cae0adae889d2e2e2e","19"
"route_b37f13bd45ca2e19aca8a8dc","occ_2642d5db6212c68f82c5c840","2"
"route_b37f13bd45ca2e19aca8a8dc","occ_6f5d968de372a92b22456a4e","20"
"route_b37f13bd45ca2e19aca8a8dc","occ_1d7c5aa9bdf66718f1d6d23e","21"
"route_b37f13bd45ca2e19aca8a8dc","occ_b885a833cdd8459c75dd9578","3"
"route_b37f13bd45ca2e19aca8a8dc","occ_1de093e1529ae5ff64afd68c","4"
"route_b37f13bd45ca2e19aca8a8dc","occ_26cd852a5a8c788fd2028fca","5"
"route_b37f13bd45ca2e19aca8a8dc","occ_9c81ffee9d8507a5da833187","6"
"route_b37f13bd45ca2e19aca8a8dc","occ_5ce43fcdff4019b8279d9935","7"
"route_b37f13bd45ca2e19aca8a8dc","occ_c0ba810dd44befe407ada7d5","8"
"route_b37f13bd45ca2e19aca8a8dc","occ_e5c4d212c23ae1413bc3be51","9"
"route_b3baa8520d4bb7942d50b9d6","occ_b705cb32bb36764d8bd4d91a","1"
"route_b3c92f6253ed3459aef9f7a3","occ_687f5d5d88147dc1345a76d8","1"
"route_b3c92f6253ed3459aef9f7a3","occ_e1bed5edaae1c2111a04c2c7","2"
"route_b3c92f6253ed3459aef9f7a3","occ_a76d32e9bdefc1702a9bcb6d","3"
"route_b3c92f6253ed3459aef9f7a3","occ_bb45fb24ac3e708a6b4b6012","4"
"route_b3c92f6253ed3459aef9f7a3","occ_8b3ba72dca35a404aae0f111","5"
"route_b3edeab048c04d78a9713591","occ_40800a608211023ea8ea8f4d","1"
"route_b41bb1837b992151e80d5138","occ_d0dff21d55c2ca6f184bc5ef","1"
"route_b42667085eceec868ddc22c2","occ_eab1a6784eddca57f1aac8b3","1"
"route_b42667085eceec868ddc22c2","occ_e31d75a6fb166950bb5bd419","10"
"route_b42667085eceec868ddc22c2","occ_a12444da0ccbb66046d71653","11"
"route_b42667085eceec868ddc22c2","occ_513694075fa7eab19b77c5f8","2"
"route_b42667085eceec868ddc22c2","occ_37221b9d130fd37d5d0607ca","3"
"route_b42667085eceec868ddc22c2","occ_d5fea8ee5a2a79f5a15bdf91","4"
"route_b42667085eceec868ddc22c2","occ_a4f64d4481b83e0bd8a8e027","5"
"route_b42667085eceec868ddc22c2","occ_d6b236e5a923d2b13e5e8fb0","6"
"route_b42667085eceec868ddc22c2","occ_9332bdf9f2d2d4dd6e2fb7e7","7"
"route_b42667085eceec868ddc22c2","occ_87ec1c1562c0ec4777b9c9c0","8"
"route_b42667085eceec868ddc22c2","occ_2332a048ad9c7f7eb1c516f7","9"
"route_b43bf01f5067e0f4f26c9b56","occ_d951111925fb59a84dff75e2","1"
"route_b4492ed55c5ad5c634a9fa42","occ_193d7a4716e492b80b97294f","1"
"route_b457b98b5d4c29602a3737e4","occ_fd0f784c479022853e8241cb","1"
"route_b457b98b5d4c29602a3737e4","occ_90a710bb2c6125ef9ebc6571","2"
"route_b457b98b5d4c29602a3737e4","occ_0970a20d69eb7e725cedf1ab","3"
"route_b457b98b5d4c29602a3737e4","occ_91f79cc8a6f48ccab4653355","4"
"route_b457b98b5d4c29602a3737e4","occ_13d2f39ab524de33603c0312","5"
"route_b46cf065c2b454ebf71c17a5","occ_99a277134022a9258765f66d","1"
"route_b46cf065c2b454ebf71c17a5","occ_0b6a7e772af9444b4e2fa9f4","10"
"route_b46cf065c2b454ebf71c17a5","occ_dc2aca2e8e6e15efa4b967c3","11"
"route_b46cf065c2b454ebf71c17a5","occ_7cd77aae7d9a44d4e1be91c2","12"
"route_b46cf065c2b454ebf71c17a5","occ_5534a7b3ad87762a2bf4d514","13"
"route_b46cf065c2b454ebf71c17a5","occ_57a1a2351254cc0363b11aa4","14"
"route_b46cf065c2b454ebf71c17a5","occ_58ee242a87da5973fbf079c2","15"
"route_b46cf065c2b454ebf71c17a5","occ_9c92993843a85a97642ba7b6","16"
"route_b46cf065c2b454ebf71c17a5","occ_e8c1275f1109d082ef5069c1","17"
"route_b46cf065c2b454ebf71c17a5","occ_2d53ca7ab09f7fea2aeff274","18"
"route_b46cf065c2b454ebf71c17a5","occ_b2d14391e4d6c6ca04a69f6f","19"
"route_b46cf065c2b454ebf71c17a5","occ_61939791193e13e923bd46ab","2"
"route_b46cf065c2b454ebf71c17a5","occ_7497f530169803426be030a4","20"
"route_b46cf065c2b454ebf71c17a5","occ_dc27bbd9ea1cacf0814be0cd","21"
"route_b46cf065c2b454ebf71c17a5","occ_d22261ab36ac651b15728400","22"
"route_b46cf065c2b454ebf71c17a5","occ_e9e0a2394668872373fa427f","23"
"route_b46cf065c2b454ebf71c17a5","occ_7bad12e66e99a61bac16a22c","24"
"route_b46cf065c2b454ebf71c17a5","occ_06f9bcfb4b42afef106cd415","3"
"route_b46cf065c2b454ebf71c17a5","occ_779cf947a6ac0e99f6f38d09","4"
"route_b46cf065c2b454ebf71c17a5","occ_12d3012b0cabf9f4d6f01089","5"
"route_b46cf065c2b454ebf71c17a5","occ_1c33364b5b39ecd7f7b31ef1","6"
"route_b46cf065c2b454ebf71c17a5","occ_5b810c8f283c541d096c950f","7"
"route_b46cf065c2b454ebf71c17a5","occ_d28d30fc4b243d81f03421ec","8"
"route_b46cf065c2b454ebf71c17a5","occ_7a7119c7e3961ba5c00cf033","9"
"route_b47cf78ba0d8fc3e9cdba6a1","occ_e9d6d7e120bf30445ff4f325","1"
"route_b485d936d3674efbb919fd94","occ_2e5bd9e4640c5385f15ecafb","1"
"route_b491799deed4825a01800701","occ_42434b5926e09c2bb7e4abd8","1"
"route_b4981cde6aa9de396bf5d7f8","occ_4a9add2617ca7ab085ec8088","1"
"route_b4a287a0a155f08baab71998","occ_fcbc1ac252fbfc5ba408602f","1"
"route_b4c89a24e199b27c830e51b0","occ_87e14f07c0279f89718691c4","1"
"route_b4d7750f9b58d4278a0012d8","occ_5a7f4bc26c0768a697b8131d","1"
"route_b4d8a61c6689f64e9e469420","occ_eacd753d654f79ef2142520c","1"
"route_b4d8a61c6689f64e9e469420","occ_3f58f996052f13b0596d3054","10"
"route_b4d8a61c6689f64e9e469420","occ_1425acb634736d1e7e029c65","11"
"route_b4d8a61c6689f64e9e469420","occ_1402cf9e553f47f55aae77e7","12"
"route_b4d8a61c6689f64e9e469420","occ_115265c61c36dfb4eaa28368","13"
"route_b4d8a61c6689f64e9e469420","occ_ca3ebee789034f807c6332f9","2"
"route_b4d8a61c6689f64e9e469420","occ_3e2236ca3255d4d8c8150006","3"
"route_b4d8a61c6689f64e9e469420","occ_3b6ee533b30603817cc77f48","4"
"route_b4d8a61c6689f64e9e469420","occ_b2916d5a26172c02b30bf673","5"
"route_b4d8a61c6689f64e9e469420","occ_f406070c70af17d3481a9ca2","6"
"route_b4d8a61c6689f64e9e469420","occ_1d1b0281cb845b231ffab5cd","7"
"route_b4d8a61c6689f64e9e469420","occ_4034a39610529c29b4d77644","8"
"route_b4d8a61c6689f64e9e469420","occ_911b44769df1517187e19527","9"
"route_b56d8b21336c01b4b20ed619","occ_c85093f35d0b4b3d36d3401c","1"
"route_b5706f485348506e7f627c49","occ_791fb3b699182d10ad910d24","1"
"route_b5706f485348506e7f627c49","occ_a1f34a228976f74710a6aa6c","2"
"route_b5706f485348506e7f627c49","occ_2dc3746e9058c02ba5cfbb50","3"
"route_b5706f485348506e7f627c49","occ_dcab8c9fcb2ba9d333101923","4"
"route_b5706f485348506e7f627c49","occ_b1146f7f71f5f5b3523768f3","5"
"route_b570a40eb7c552160bfa2c9a","occ_d5b9265b4f519e8337cf7f2f","1"
"route_b570a40eb7c552160bfa2c9a","occ_0b8b41028f652d418a78bd34","10"
"route_b570a40eb7c552160bfa2c9a","occ_027d8d37b5b9936ab4abf6d2","11"
"route_b570a40eb7c552160bfa2c9a","occ_4df3a45f0268eef09b51d0e1","12"
"route_b570a40eb7c552160bfa2c9a","occ_816ef098672391eb6d454a96","13"
"route_b570a40eb7c552160bfa2c9a","occ_512efdfc8de4ffb096dd89b0","14"
"route_b570a40eb7c552160bfa2c9a","occ_b21ab419bb881e5cf24343b1","15"
"route_b570a40eb7c552160bfa2c9a","occ_55536810305b38a68de7ed76","16"
"route_b570a40eb7c552160bfa2c9a","occ_d549c07d552fb8117e0d14c8","17"
"route_b570a40eb7c552160bfa2c9a","occ_63b982a189494b4a8e2e9fd0","18"
"route_b570a40eb7c552160bfa2c9a","occ_c6fb593a4b277d9261a69d90","19"
"route_b570a40eb7c552160bfa2c9a","occ_3d2771b5eff6e81568d7deff","2"
"route_b570a40eb7c552160bfa2c9a","occ_9fbb3010a75a267f41b2a890","20"
"route_b570a40eb7c552160bfa2c9a","occ_c84d29a97786d617216d7254","21"
"route_b570a40eb7c552160bfa2c9a","occ_2e163249b98714940acd622f","22"
"route_b570a40eb7c552160bfa2c9a","occ_8cc715ad69584ac377749283","23"
"route_b570a40eb7c552160bfa2c9a","occ_5be27a339b5f9fc7363d7802","24"
"route_b570a40eb7c552160bfa2c9a","occ_14ed516972e63f7879f8a706","25"
"route_b570a40eb7c552160bfa2c9a","occ_d8877a317b6fae2a9fac5711","26"
"route_b570a40eb7c552160bfa2c9a","occ_b78451fdc141264518f041a5","27"
"route_b570a40eb7c552160bfa2c9a","occ_39a2cdf6a185d27afc81130e","28"
"route_b570a40eb7c552160bfa2c9a","occ_5ac077b20face487f5fa6a97","29"
"route_b570a40eb7c552160bfa2c9a","occ_f0e2efa55d3fb61f44d3c791","3"
"route_b570a40eb7c552160bfa2c9a","occ_3639ec8a7570b342df1ec3eb","30"
"route_b570a40eb7c552160bfa2c9a","occ_22b99fc8190af88c4249cfd8","31"
"route_b570a40eb7c552160bfa2c9a","occ_0bcb73f81140a350609e9b02","32"
"route_b570a40eb7c552160bfa2c9a","occ_f06b8896db6bce03e384e49b","4"
"route_b570a40eb7c552160bfa2c9a","occ_4b144703f4b1c86eceb17daf","5"
"route_b570a40eb7c552160bfa2c9a","occ_b795d10783827be28d325c05","6"
"route_b570a40eb7c552160bfa2c9a","occ_85ff74360c5c22fb6a78a4e2","7"
"route_b570a40eb7c552160bfa2c9a","occ_82f713c0832179298f4c791e","8"
"route_b570a40eb7c552160bfa2c9a","occ_ad0316917c5881fc07d24ff1","9"
"route_b578974111313f2cd5c49231","occ_0e6b29b3386a66d27749167c","1"
"route_b584beb2cb479d2e7f9dc752","occ_ba18234bda5ff8790707daf8","1"
"route_b584beb2cb479d2e7f9dc752","occ_d61d2de772ea127cf70375cc","2"
"route_b584beb2cb479d2e7f9dc752","occ_79ec00cfd9c735e15152d88b","3"
"route_b584beb2cb479d2e7f9dc752","occ_d8e2982524f7a68b507b2f26","4"
"route_b584beb2cb479d2e7f9dc752","occ_62c9fa6ed3c5e5e8e5bd1797","5"
"route_b5c00a1309f721c4449b5e7f","occ_2721a821ea836f59d7ebe60c","1"
"route_b5c00a1309f721c4449b5e7f","occ_80007145816dcaf095a504cb","10"
"route_b5c00a1309f721c4449b5e7f","occ_cceaccce912bc5fe8ae82a82","11"
"route_b5c00a1309f721c4449b5e7f","occ_aa9fabd163a324602d706c44","12"
"route_b5c00a1309f721c4449b5e7f","occ_db604adae44882a7534465f2","13"
"route_b5c00a1309f721c4449b5e7f","occ_bd227f0eabcce04c60656ad9","2"
"route_b5c00a1309f721c4449b5e7f","occ_554d0e7c5844525d79052b00","3"
"route_b5c00a1309f721c4449b5e7f","occ_8a05ab0cedb2512f9269d99c","4"
"route_b5c00a1309f721c4449b5e7f","occ_cabe4635067cc516a0880781","5"
"route_b5c00a1309f721c4449b5e7f","occ_3331f8ecbea36231dcc20218","6"
"route_b5c00a1309f721c4449b5e7f","occ_2ef4fadaa19288717f15e980","7"
"route_b5c00a1309f721c4449b5e7f","occ_b0b12399c918af38458e9aa3","8"
"route_b5c00a1309f721c4449b5e7f","occ_438f2b7479080de5650c8755","9"
"route_b5d6e0ae2c14bacfa748d5c5","occ_4255c60b3bcf47d77de3638a","1"
"route_b5dda10db8ce493c666ba0d5","occ_027c12aeb2eca902062c8423","1"
"route_b5dda10db8ce493c666ba0d5","occ_c52e2928bc2f50b2fbafa5e6","2"
"route_b5dda10db8ce493c666ba0d5","occ_c326be950946c31666532f81","3"
"route_b5dda10db8ce493c666ba0d5","occ_33eec9312fb404dc93eb3cfd","4"
"route_b5dda10db8ce493c666ba0d5","occ_67fe9bf4727a747dfd5be409","5"
"route_b5e6df208e335a0fba6e7230","occ_1db8c077b68b087e92b60de1","1"
"route_b6294823a6d480f09e1f64ea","occ_b43827616c15a39bf41d9fab","1"
"route_b6792a5d0ddf62aebb342f17","occ_dcffb934691f0aba9c82e986","1"
"route_b67da01b92679710a206734b","occ_d106988b3b38f8c4a03662c6","1"
"route_b67da01b92679710a206734b","occ_62dbb510d9c45fe2be64a706","10"
"route_b67da01b92679710a206734b","occ_7527885a10069077bf4ead48","11"
"route_b67da01b92679710a206734b","occ_170c9d934ef58698b8b674ba","12"
"route_b67da01b92679710a206734b","occ_77b0aca4b912c452d69d6c4d","13"
"route_b67da01b92679710a206734b","occ_19fdc98e1f0356eb7f145ff4","14"
"route_b67da01b92679710a206734b","occ_b210be9a69bbafebf124df2d","15"
"route_b67da01b92679710a206734b","occ_cc951eccd7e088e85ece0c86","16"
"route_b67da01b92679710a206734b","occ_9a5ee2fa21b58f56e499ed82","17"
"route_b67da01b92679710a206734b","occ_a806dbff1c51fa54879066d9","18"
"route_b67da01b92679710a206734b","occ_c957f8e478a1baacbfb7fa90","19"
"route_b67da01b92679710a206734b","occ_e46269dbcd645b5a92a33de4","2"
"route_b67da01b92679710a206734b","occ_1a0e68822ef3f8af61797005","20"
"route_b67da01b92679710a206734b","occ_2acf0b49248045db6f40d3c8","21"
"route_b67da01b92679710a206734b","occ_f07518b57a64fdbd637a74b6","22"
"route_b67da01b92679710a206734b","occ_7581ca79b7057e209c6ee683","23"
"route_b67da01b92679710a206734b","occ_91472d7a7af2a98f89680004","24"
"route_b67da01b92679710a206734b","occ_6b917cabba8c00d0fe5fe25b","25"
"route_b67da01b92679710a206734b","occ_24d0252a4c122ad7f2a97562","3"
"route_b67da01b92679710a206734b","occ_e1b73187d94c2746b1db9c51","4"
"route_b67da01b92679710a206734b","occ_8eed025cad5fd6fe311a2b46","5"
"route_b67da01b92679710a206734b","occ_f1e8c289ddb1fcc9c00fd7a9","6"
"route_b67da01b92679710a206734b","occ_0b21585feaa28f69a12a7072","7"
"route_b67da01b92679710a206734b","occ_a8cf9ce27fc7fa7850041a94","8"
"route_b67da01b92679710a206734b","occ_98fc84ebfc7603f0bc96b723","9"
"route_b67e10eca57980a7c82d7975","occ_cac9fcfc7c3672604e311354","1"
"route_b67e10eca57980a7c82d7975","occ_e74202692592f36a5efecdd9","10"
"route_b67e10eca57980a7c82d7975","occ_76bd3e93ef1ae18fedc32f56","11"
"route_b67e10eca57980a7c82d7975","occ_41cb328e989f33ad8008d178","2"
"route_b67e10eca57980a7c82d7975","occ_c5e7e8f14dc2fbc9080aac89","3"
"route_b67e10eca57980a7c82d7975","occ_a2864a361417cf8ae1828f98","4"
"route_b67e10eca57980a7c82d7975","occ_6460b5ed753d12ab84c850e3","5"
"route_b67e10eca57980a7c82d7975","occ_c50e256ff27192978090bcb2","6"
"route_b67e10eca57980a7c82d7975","occ_d2a82807e0263c7f7c043ce2","7"
"route_b67e10eca57980a7c82d7975","occ_3d06b97992a419d935fb352a","8"
"route_b67e10eca57980a7c82d7975","occ_6ae25b89ad1ea7f095ac2184","9"
"route_b7086e822dbe0d5e39b755c7","occ_a73ba03ce32cd5851a3ffb31","1"
"route_b72df9a802e7ca2f04e3d5b2","occ_603080bc4c253f3aef6d9688","1"
"route_b72df9a802e7ca2f04e3d5b2","occ_5269e1502398b0984dcc6a28","10"
"route_b72df9a802e7ca2f04e3d5b2","occ_bcd3121a33bc98b96e721ad2","11"
"route_b72df9a802e7ca2f04e3d5b2","occ_8567aa1f5a41c32660531801","12"
"route_b72df9a802e7ca2f04e3d5b2","occ_fd357dd690c286966a94531a","13"
"route_b72df9a802e7ca2f04e3d5b2","occ_ac5f95a6df0b938c2260a53f","14"
"route_b72df9a802e7ca2f04e3d5b2","occ_c2c4a388e17b9b1a370b5153","15"
"route_b72df9a802e7ca2f04e3d5b2","occ_86a28d75e975fdc3c160a29d","16"
"route_b72df9a802e7ca2f04e3d5b2","occ_9f234e8b7be69c6e00c16d24","17"
"route_b72df9a802e7ca2f04e3d5b2","occ_1cbdeef309269341f23ca065","18"
"route_b72df9a802e7ca2f04e3d5b2","occ_aea3f9a57148c1fc108faa1d","2"
"route_b72df9a802e7ca2f04e3d5b2","occ_145699fea2ff8e8ff9672404","3"
"route_b72df9a802e7ca2f04e3d5b2","occ_7a058b382a8fc78d396a7964","4"
"route_b72df9a802e7ca2f04e3d5b2","occ_1b1809eec9c7367c85f35405","5"
"route_b72df9a802e7ca2f04e3d5b2","occ_8b1f01ed4f41219138ca5a17","6"
"route_b72df9a802e7ca2f04e3d5b2","occ_c2a3ff3f3945b9a18c3e50b5","7"
"route_b72df9a802e7ca2f04e3d5b2","occ_4febc0a16abb29613fd974cd","8"
"route_b72df9a802e7ca2f04e3d5b2","occ_05b556e1abbe5852b1fe4b16","9"
"route_b73218fb9528119b3339ee3f","occ_eee5970f5758817dc63c5f5f","1"
"route_b7886708f74b14f7ce728ae7","occ_8ad850dee030969ef968319b","1"
"route_b791f60253f19b0c46847f05","occ_0bdb8b425487f86a23cf30bc","1"
"route_b7b4e43ac19cd293f1c0a631","occ_add3bf870d4aa7665cca305d","1"
"route_b7bf398541953751c9cccbf9","occ_62517050bdea4c0aed772ff4","1"
"route_b7bf398541953751c9cccbf9","occ_50131791e0aebccf15991168","2"
"route_b7bf398541953751c9cccbf9","occ_386ba0b8b88c646794a428a6","3"
"route_b7bf398541953751c9cccbf9","occ_f64fd40f65547dd8ecd81dd8","4"
"route_b7bf398541953751c9cccbf9","occ_07cba098f8ca4bee689bc4b9","5"
"route_b7bf398541953751c9cccbf9","occ_20101a551ca176a0d626f7bf","6"
"route_b7bf398541953751c9cccbf9","occ_ad9c9222d2610e26021bf3d3","7"
"route_b7deb93b7ff5f87f048a79ef","occ_12a2994a640f2d37b7776b20","1"
"route_b848b215ed3ec27e1497f499","occ_23bc8027c04ba9b011bd6a2d","1"
"route_b87ba10ca30fbe1eb960984b","occ_4de916afd9f49bffcd854aac","1"
"route_b87ba10ca30fbe1eb960984b","occ_a645cfb3b6079100d8196692","2"
"route_b87ba10ca30fbe1eb960984b","occ_bbb583382a1c877b83de517a","3"
"route_b87ba10ca30fbe1eb960984b","occ_abbcfe517d627fe9ee3d88ec","4"
"route_b8985c26cfb08e66d0d4f4b9","occ_9cc1269501a48172f010f3ed","1"
"route_b8e32230ab4db26faa5ef241","occ_bce8da66c9b80b5ff5e379b2","1"
"route_b91cc1e6a48de73abfd16bb5","occ_7fe84f6e1337d150ddc1d3e9","1"
"route_b94886a8cb0fb0014c3af5a8","occ_a170810f0fb80de75366e0c5","1"
"route_b94dd412306475f15deba1eb","occ_b2ce1fdf570ccb561ff3a5af","1"
"route_b96a13a4762103bc20cf14f6","occ_f42d552cf2223c68031c27e0","1"
"route_b96a13a4762103bc20cf14f6","occ_4685efb828c12a1d9da3f5e4","10"
"route_b96a13a4762103bc20cf14f6","occ_720a6f47c2c049d81bcbe43e","11"
"route_b96a13a4762103bc20cf14f6","occ_649be3975c881bceb6e07994","2"
"route_b96a13a4762103bc20cf14f6","occ_dd0d2e7a0c69018178603c1b","3"
"route_b96a13a4762103bc20cf14f6","occ_3642e075ed15d7adf298b0e1","4"
"route_b96a13a4762103bc20cf14f6","occ_ff3a9f5f8b6b327ac9681756","5"
"route_b96a13a4762103bc20cf14f6","occ_1b9eeac05999ee0f572e13cc","6"
"route_b96a13a4762103bc20cf14f6","occ_d06e0f54aa86947a93bbc3d4","7"
"route_b96a13a4762103bc20cf14f6","occ_5b7cf215f8e05a2e1dea1389","8"
"route_b96a13a4762103bc20cf14f6","occ_3168850cb4fdec5de6803fb2","9"
"route_b974a41e0a43f5083aedd3ea","occ_4abf15cd6a16abb517946e75","1"
"route_b9758400652dc2f167926f4a","occ_f0ea2746fca8710eab6896ee","1"
"route_b9b375d86669df4e8bb11c5e","occ_c672cf062fdede4efd9a6748","1"
"route_b9bf3eb57cac9a29e982ca76","occ_b9326ae4866297229a06ab86","1"
"route_b9c9d5826bc7a03770b029ec","occ_3f9b9fe19b6e3e5ac0cf5c2e","1"
"route_b9d2ab8242beb332c338af52","occ_093d1ea68ee49ffbe41737f5","1"
"route_b9d2ab8242beb332c338af52","occ_da9049367895c16140a73959","10"
"route_b9d2ab8242beb332c338af52","occ_d2b826af3082312ca386fe5f","11"
"route_b9d2ab8242beb332c338af52","occ_29be8a064180b83be92ba60d","2"
"route_b9d2ab8242beb332c338af52","occ_3936935b0e0dc015d60c004a","3"
"route_b9d2ab8242beb332c338af52","occ_c37aabe4e21af10dac53437e","4"
"route_b9d2ab8242beb332c338af52","occ_ff71710a0334c5dfa5d1ed8c","5"
"route_b9d2ab8242beb332c338af52","occ_9c27bf62beb908698d942f78","6"
"route_b9d2ab8242beb332c338af52","occ_8d76add72112a511436e8fe0","7"
"route_b9d2ab8242beb332c338af52","occ_d4b840730fc71451ec302559","8"
"route_b9d2ab8242beb332c338af52","occ_ca62f44a28ee27c440f2a0cd","9"
"route_b9ec3e382d7659be73ac19c5","occ_7d3440294111c6266a1b14e0","1"
"route_b9ec3e382d7659be73ac19c5","occ_9be51fc5cadea392627ff435","10"
"route_b9ec3e382d7659be73ac19c5","occ_3efa975f064c9f1423ee3983","11"
"route_b9ec3e382d7659be73ac19c5","occ_e63fc5d94069665165c484ab","12"
"route_b9ec3e382d7659be73ac19c5","occ_3204d37c74297969b466ffa2","2"
"route_b9ec3e382d7659be73ac19c5","occ_c97679003c0ace72955ad194","3"
"route_b9ec3e382d7659be73ac19c5","occ_ec4585f5f2855da495ded35c","4"
"route_b9ec3e382d7659be73ac19c5","occ_45517cfafe32a9f07cf03394","5"
"route_b9ec3e382d7659be73ac19c5","occ_82fd4cf9ea3fa79ab4d85374","6"
"route_b9ec3e382d7659be73ac19c5","occ_4b5cb297f0c6b3cf507b3e34","7"
"route_b9ec3e382d7659be73ac19c5","occ_121cca99b8cf03596e1a670e","8"
"route_b9ec3e382d7659be73ac19c5","occ_1f5c2fc180dccf93539b9cdf","9"
"route_ba071997c122b30f9cff61cd","occ_a3e8cf220290aecf0bca5219","1"
"route_ba0dcb80ecd9e5104a04219b","occ_df3cfacfa08f49b9b18d6402","1"
"route_ba0dcb80ecd9e5104a04219b","occ_856c4d10d43cc61bf8f22884","10"
"route_ba0dcb80ecd9e5104a04219b","occ_232626c2fca088a1232edf97","11"
"route_ba0dcb80ecd9e5104a04219b","occ_093d1ea68ee49ffbe41737f5","12"
"route_ba0dcb80ecd9e5104a04219b","occ_29be8a064180b83be92ba60d","13"
"route_ba0dcb80ecd9e5104a04219b","occ_3936935b0e0dc015d60c004a","14"
"route_ba0dcb80ecd9e5104a04219b","occ_c37aabe4e21af10dac53437e","15"
"route_ba0dcb80ecd9e5104a04219b","occ_ff71710a0334c5dfa5d1ed8c","16"
"route_ba0dcb80ecd9e5104a04219b","occ_9c27bf62beb908698d942f78","17"
"route_ba0dcb80ecd9e5104a04219b","occ_8d76add72112a511436e8fe0","18"
"route_ba0dcb80ecd9e5104a04219b","occ_d4b840730fc71451ec302559","19"
"route_ba0dcb80ecd9e5104a04219b","occ_a141e6f54ed128746f153b61","2"
"route_ba0dcb80ecd9e5104a04219b","occ_ca62f44a28ee27c440f2a0cd","20"
"route_ba0dcb80ecd9e5104a04219b","occ_da9049367895c16140a73959","21"
"route_ba0dcb80ecd9e5104a04219b","occ_d2b826af3082312ca386fe5f","22"
"route_ba0dcb80ecd9e5104a04219b","occ_4ad98b7e5ae00f8962a80b43","3"
"route_ba0dcb80ecd9e5104a04219b","occ_646b8847787bc369c7b39abe","4"
"route_ba0dcb80ecd9e5104a04219b","occ_283f4cb19d747a4f36274c6b","5"
"route_ba0dcb80ecd9e5104a04219b","occ_df4d4416b6e21f28dc57d9bb","6"
"route_ba0dcb80ecd9e5104a04219b","occ_997d6456b0ffe767375a785a","7"
"route_ba0dcb80ecd9e5104a04219b","occ_6f8126a76f0966ae7b0f2464","8"
"route_ba0dcb80ecd9e5104a04219b","occ_b899b45536e501123c971840","9"
"route_ba2503253b3349a1995385da","occ_72552a940c5927a4a6d76b85","1"
"route_ba4465d262ce93c8882a4769","occ_3ecdb83f78b4bbdff9201c05","1"
"route_ba86e813968a0f0d777960ef","occ_b39bc65114d00fc58e0ee21e","1"
"route_ba86e813968a0f0d777960ef","occ_3f125134218a649a69ae07e6","2"
"route_ba94fb424628c924c685ef7f","occ_c4d5100d0547d0ab94b5c191","1"
"route_ba94fb424628c924c685ef7f","occ_9755626083c924381b1bf02f","10"
"route_ba94fb424628c924c685ef7f","occ_63ff8a9c2ba846270dbe4ae6","11"
"route_ba94fb424628c924c685ef7f","occ_df10e1c8c043ca21d816f3f8","2"
"route_ba94fb424628c924c685ef7f","occ_b887afa51e84065b372285f8","3"
"route_ba94fb424628c924c685ef7f","occ_1ce4486b2c746852c11582e6","4"
"route_ba94fb424628c924c685ef7f","occ_823ebe775f474a033ed30646","5"
"route_ba94fb424628c924c685ef7f","occ_04c5ee543a4a3a77c4b4ef2b","6"
"route_ba94fb424628c924c685ef7f","occ_c773939c6e215b30e04c8c76","7"
"route_ba94fb424628c924c685ef7f","occ_bee815a454d6b5ad93ced336","8"
"route_ba94fb424628c924c685ef7f","occ_a8d3a6b10bdea368f440eeb3","9"
"route_baa0131efa9c07628c4ea615","occ_0c673247726ac58648f261cb","1"
"route_baa0131efa9c07628c4ea615","occ_923c158850b22c4a2435118c","2"
"route_baa0131efa9c07628c4ea615","occ_f5e46f5e0afcce90c0d58cf9","3"
"route_baa0131efa9c07628c4ea615","occ_08bb1f36af9e770ed3af8290","4"
"route_baa0131efa9c07628c4ea615","occ_fb194783761f18e22ba4fd8f","5"
"route_bacbab61c797f5928e789bd7","occ_1f3cf990a646785a84fca2fc","1"
"route_bb1822bd55f9c312252be0a9","occ_78a500fe53b565322534fed2","1"
"route_bb1822bd55f9c312252be0a9","occ_62c57177f7a591047f9d786d","2"
"route_bb1822bd55f9c312252be0a9","occ_4ad07a3fd7a97b88250ff4b0","3"
"route_bb1822bd55f9c312252be0a9","occ_ae4874005a18ad362472e563","4"
"route_bb1822bd55f9c312252be0a9","occ_5b53110d3ab66aae4521b342","5"
"route_bb1822bd55f9c312252be0a9","occ_2cae0f0ca04d085722228b5c","6"
"route_bb1a5615794a7bb3698a4af5","occ_4b1fc61ee3089ccafda8f53c","1"
"route_bb54965ac7c297c60097408d","occ_9126b7178465ed7bd1b865f9","1"
"route_bb8a38a78770e817d533734b","occ_6fb81f4695e23b32381c7e6d","1"
"route_bbbc93cdc919fa9dc5d1d88d","occ_18566447d57d36b96a7ec11a","1"
"route_bbf3bfc55cbbe1824902941c","occ_3690033d1856a7289ccabe57","1"
"route_bbfd67fa85407e50de005f1c","occ_5d7f33cfd71e5208cb038417","1"
"route_bc0f5128d4b8222200e2bfb3","occ_f4d98530b0b58d06ea0280b6","1"
"route_bc0f5128d4b8222200e2bfb3","occ_8397f3bc75e21efcec4a1aae","10"
"route_bc0f5128d4b8222200e2bfb3","occ_5fbed24d2f37ed5053a4241e","11"
"route_bc0f5128d4b8222200e2bfb3","occ_5deccb87382b3937d468499d","12"
"route_bc0f5128d4b8222200e2bfb3","occ_d1ceb28e6fad86ef436113bb","13"
"route_bc0f5128d4b8222200e2bfb3","occ_dc52dc2e704b2d9cc1eb72c9","2"
"route_bc0f5128d4b8222200e2bfb3","occ_a2a9af10c03d71f31c857cc8","3"
"route_bc0f5128d4b8222200e2bfb3","occ_7c336c8f1928eb763975d3d5","4"
"route_bc0f5128d4b8222200e2bfb3","occ_0db4c44e29051a05ab41b924","5"
"route_bc0f5128d4b8222200e2bfb3","occ_81329bc8f71b93fa43a832aa","6"
"route_bc0f5128d4b8222200e2bfb3","occ_9f3f284700579a7a56788108","7"
"route_bc0f5128d4b8222200e2bfb3","occ_0b37a030eb5cdf6f225c1cf7","8"
"route_bc0f5128d4b8222200e2bfb3","occ_5cf515497d49a2636ef80918","9"
"route_bc47a0d95ba2b2e03c7abbbc","occ_94d35e7fe9252cfd003119e4","1"
"route_bc6d66c59d3bea26dfc96b18","occ_80e700378ce551fb217fdbb6","1"
"route_bc6d66c59d3bea26dfc96b18","occ_34023c1aba3ce7d53957d671","10"
"route_bc6d66c59d3bea26dfc96b18","occ_98d49cbe7cdb95836b597c40","11"
"route_bc6d66c59d3bea26dfc96b18","occ_903d75bc9b18a9129d49994e","12"
"route_bc6d66c59d3bea26dfc96b18","occ_b17eae3ce99409e6033e7081","13"
"route_bc6d66c59d3bea26dfc96b18","occ_64524b29681adef0c4793502","14"
"route_bc6d66c59d3bea26dfc96b18","occ_0839ef4c8bd72842b31bfe28","2"
"route_bc6d66c59d3bea26dfc96b18","occ_5d5bceaa75990f8bb25c845e","3"
"route_bc6d66c59d3bea26dfc96b18","occ_e9b5d27d4b348f998317eee1","4"
"route_bc6d66c59d3bea26dfc96b18","occ_2615726b31940d9a7b5e3d02","5"
"route_bc6d66c59d3bea26dfc96b18","occ_bd4f25b8399be10598d4c6ac","6"
"route_bc6d66c59d3bea26dfc96b18","occ_34fdae55720d9ac5e2ff2b9b","7"
"route_bc6d66c59d3bea26dfc96b18","occ_965781aab3184d73d2d56ad5","8"
"route_bc6d66c59d3bea26dfc96b18","occ_4f22f753dd1d52f1570a5765","9"
"route_bc6fbba85708709570518909","occ_b9e704c42f312527cf791562","1"
"route_bca33d6995662adae88dd014","occ_16eacde5d7f6ea1b2e98ff17","1"
"route_bcadc3e12f69932c97c6348a","occ_b2c931b05aa0db5ec77770eb","1"
"route_bcadc3e12f69932c97c6348a","occ_33f56e4f0af68078755a46f6","2"
"route_bcadc3e12f69932c97c6348a","occ_219a9c8c72b710221d19f2ce","3"
"route_bcadc3e12f69932c97c6348a","occ_605b1de5dd60e6f5904aaf68","4"
"route_bcadc3e12f69932c97c6348a","occ_8d70c741a89d66ac9d16bbc2","5"
"route_bcadc3e12f69932c97c6348a","occ_47a9041470a177bf99bcbba1","6"
"route_bcadc3e12f69932c97c6348a","occ_0bce236f779a49d6d7af2434","7"
"route_bcadc3e12f69932c97c6348a","occ_1a5d311519347b0f26e53a0e","8"
"route_bcadc3e12f69932c97c6348a","occ_61b811adbde4aa13018ea3fa","9"
"route_bcbe22968ed5a4e676a01802","occ_cb1a60022f44f46e3484bdd7","1"
"route_bcd672ac8359664660442e10","occ_b872573a313566d8a7e76e3b","1"
"route_bcd8ca2ec85a27bdf67f5d76","occ_2edc5fb382e9d24af59ebd3c","1"
"route_bd1d92b97be3010cc9de2919","occ_a4fff5d40162baa26fb168f7","1"
"route_bd30aa7a4db5761245287b96","occ_a124cd5f81fe06ee38d53a32","1"
"route_bd43ff37656617bd0e55ba16","occ_0adca6f943ea9aba6fc1d424","1"
"route_bd43ff37656617bd0e55ba16","occ_92378b666c687f6665526a96","10"
"route_bd43ff37656617bd0e55ba16","occ_e913730de965d08102a5382e","2"
"route_bd43ff37656617bd0e55ba16","occ_1638ca4e698bfc54010f5d80","3"
"route_bd43ff37656617bd0e55ba16","occ_2592079b8957243fd4f20d04","4"
"route_bd43ff37656617bd0e55ba16","occ_7f72d6c783613a91b3580d62","5"
"route_bd43ff37656617bd0e55ba16","occ_e8b4af65a855dec2998dbaf1","6"
"route_bd43ff37656617bd0e55ba16","occ_3d7558afde3e89750ab21aaa","7"
"route_bd43ff37656617bd0e55ba16","occ_d9e3f7ae344d9aaf0c46ace2","8"
"route_bd43ff37656617bd0e55ba16","occ_3efc444526e7ea551ff9b749","9"
"route_bd6ff0305161e0d094e5af8c","occ_52a21f4e1ad4c321dc5e8ed6","1"
"route_bd73fb72103654f30e560a3d","occ_e85edf792d30ee9437c26e8c","1"
"route_bd73fb72103654f30e560a3d","occ_70de5639d783fa33f928ae94","10"
"route_bd73fb72103654f30e560a3d","occ_c9505833bd54189711467d90","2"
"route_bd73fb72103654f30e560a3d","occ_64d5f410b4f2c4b5a3afc147","3"
"route_bd73fb72103654f30e560a3d","occ_bd20162d12725ba9fc3f8b23","4"
"route_bd73fb72103654f30e560a3d","occ_a531545f05c857fa8e01f15c","5"
"route_bd73fb72103654f30e560a3d","occ_6213bf4356dff7d02d222b7d","6"
"route_bd73fb72103654f30e560a3d","occ_9cf43a5b422bc5771624de40","7"
"route_bd73fb72103654f30e560a3d","occ_dd608d0a6da626ca0cf768b2","8"
"route_bd73fb72103654f30e560a3d","occ_f2287fd5e2520c60f3601dd3","9"
"route_bd98c7a3f42ae3d378fd1cb7","occ_4503d5e9f75ad2f8b783dedd","1"
"route_bd98c7a3f42ae3d378fd1cb7","occ_4a2599a945048dd76db614a1","2"
"route_bd98c7a3f42ae3d378fd1cb7","occ_6ef38e0c1fc4bf731c7d578f","3"
"route_bd98c7a3f42ae3d378fd1cb7","occ_391a8daa168883060739c700","4"
"route_bd98c7a3f42ae3d378fd1cb7","occ_98ff52b44f8a289e5e96a9a8","5"
"route_bdd17a489bcf9609a3b5cdbc","occ_f20fe70080502dc038bb2a96","1"
"route_bde8fd41c1a96d7108fbf20d","occ_417e1be564ae9a13d0058219","1"
"route_be101df3a2562580223fcaf3","occ_c63963b7af96c58070ebf527","1"
"route_be5c8b687fb215f52b9cda28","occ_ba078eb3e54eef445695089b","1"
"route_be77222216537296e14c0e2c","occ_f787ce64aad937b06b829e28","1"
"route_be77222216537296e14c0e2c","occ_014223607d17697e393494ae","10"
"route_be77222216537296e14c0e2c","occ_9fa2fa5dde0a42347684c6dc","11"
"route_be77222216537296e14c0e2c","occ_8a1eb2b1babdd0f79a0665f1","12"
"route_be77222216537296e14c0e2c","occ_a058686f6d450603e2b2b962","13"
"route_be77222216537296e14c0e2c","occ_2d8d24a28e4d2b964866dbe2","14"
"route_be77222216537296e14c0e2c","occ_d163d598818a04b7e39e34bf","15"
"route_be77222216537296e14c0e2c","occ_62d9c3a7bb32063b49d1a7d2","16"
"route_be77222216537296e14c0e2c","occ_e73ab0c3b540312be3d0ffdc","17"
"route_be77222216537296e14c0e2c","occ_82cdc0ef10df5533ad994f0e","18"
"route_be77222216537296e14c0e2c","occ_6d4a1aa2b6a653af6d69a762","19"
"route_be77222216537296e14c0e2c","occ_6a875b0739f9d355f4750b97","2"
"route_be77222216537296e14c0e2c","occ_6e698b566d15f7c0d3cb3a81","20"
"route_be77222216537296e14c0e2c","occ_cf5be0cc7b4a9baa6dd42116","21"
"route_be77222216537296e14c0e2c","occ_fe136eb1b723ff91735ce95c","22"
"route_be77222216537296e14c0e2c","occ_b117422020d9aeb59811ff20","3"
"route_be77222216537296e14c0e2c","occ_da347fd8a437acaaa529bce8","4"
"route_be77222216537296e14c0e2c","occ_5bf89af7bdaea8a502e96b9b","5"
"route_be77222216537296e14c0e2c","occ_22fd8b6a0fac3f664338a200","6"
"route_be77222216537296e14c0e2c","occ_3039b5a3fd57512dc97f1ff7","7"
"route_be77222216537296e14c0e2c","occ_11083727ec1b45d495684375","8"
"route_be77222216537296e14c0e2c","occ_5db36a2cde5d40de01d649ca","9"
"route_be7846acc649cec6ecb27633","occ_4fdb8e7e6c5c5f35765f9096","1"
"route_be939ae3de47d748b11ae335","occ_f44bea045b2666425c31d51b","1"
"route_be939ae3de47d748b11ae335","occ_4e8cc3df50dc30bd1df6ce46","2"
"route_be939ae3de47d748b11ae335","occ_3447b34973aaf48320e5295a","3"
"route_be939ae3de47d748b11ae335","occ_8399320349cc9c57d0e01b10","4"
"route_be939ae3de47d748b11ae335","occ_ec7e2069f49890da6aaafcc5","5"
"route_be9550ff8fab97f5a5de8538","occ_9d654e204d2b73f6323ff36a","1"
"route_beb7aab000bcd06f09e1bd76","occ_84ba387e52481e9559c95e97","1"
"route_bedd2d21415fd54da36de80a","occ_c819f8e2b74d9d4a1a540d27","1"
"route_bef8a69e2f96a4ed872003dd","occ_202ac02ef2253e177c51ec12","1"
"route_befc55c5e20f6e3baa6428db","occ_9144e972e6d767a33c206059","1"
"route_befe600dfaca9450b57f22aa","occ_88055d339edeadcc4f0ee294","1"
"route_bf085f92b622cb7ce8a8c202","occ_7f09e0549bf7e3fe26bbd46b","1"
"route_bf085f92b622cb7ce8a8c202","occ_1b132be0ccda5b5be74c3b7e","2"
"route_bf085f92b622cb7ce8a8c202","occ_cc6ae02b90cee5b9a0e4e3fa","3"
"route_bf085f92b622cb7ce8a8c202","occ_88a1d4fa2873882a9435d11d","4"
"route_bf085f92b622cb7ce8a8c202","occ_e1485018b4dc6f7bce7c4188","5"
"route_bf085f92b622cb7ce8a8c202","occ_2bceddf6d06f02cd0dea3b22","6"
"route_bf085f92b622cb7ce8a8c202","occ_130b3099900c9ba8df72e48f","7"
"route_bf085f92b622cb7ce8a8c202","occ_6c585d3e39f70ef1cdeb3220","8"
"route_bf0909ada7d600e07156ed5b","occ_a57838137d65ab72f45b7963","1"
"route_bf2a6f1dc0af57a841dc71f9","occ_0ad5a6120a2129f13fd48a9b","1"
"route_bf2a6f1dc0af57a841dc71f9","occ_1d3fff82d17ee3f7166e8d4a","10"
"route_bf2a6f1dc0af57a841dc71f9","occ_cf26c825aa81d5bc25b0d120","11"
"route_bf2a6f1dc0af57a841dc71f9","occ_2ee18ce235e8a1bed92a203c","12"
"route_bf2a6f1dc0af57a841dc71f9","occ_8fbd283700e60d574ffa8c71","13"
"route_bf2a6f1dc0af57a841dc71f9","occ_ef8818b3f63d5042a0c9fbb4","14"
"route_bf2a6f1dc0af57a841dc71f9","occ_ee9289dd4459d553c64f9d6d","15"
"route_bf2a6f1dc0af57a841dc71f9","occ_82562028be99229c202da38f","16"
"route_bf2a6f1dc0af57a841dc71f9","occ_b392338b4f62d9a79df08468","17"
"route_bf2a6f1dc0af57a841dc71f9","occ_6bba3019e3c22b4e2c43f2a4","18"
"route_bf2a6f1dc0af57a841dc71f9","occ_41ab90a94639bbd65457b00f","19"
"route_bf2a6f1dc0af57a841dc71f9","occ_50f25d09aec44ac03cc1cacb","2"
"route_bf2a6f1dc0af57a841dc71f9","occ_1e42c7cee6627984c8ec11ab","20"
"route_bf2a6f1dc0af57a841dc71f9","occ_d88193081195977a01f1ee25","21"
"route_bf2a6f1dc0af57a841dc71f9","occ_b5061730782d8b652e3f9e8e","22"
"route_bf2a6f1dc0af57a841dc71f9","occ_537cad103c244920b8e5b853","23"
"route_bf2a6f1dc0af57a841dc71f9","occ_a49c6c89acaf84d7b8632923","24"
"route_bf2a6f1dc0af57a841dc71f9","occ_1d1132b03530cebcca14d29b","25"
"route_bf2a6f1dc0af57a841dc71f9","occ_cc40efa4ee1d3f8dc9c4ab9c","26"
"route_bf2a6f1dc0af57a841dc71f9","occ_5ac12f8802ec8b4b95aa7f48","27"
"route_bf2a6f1dc0af57a841dc71f9","occ_2f2d1e3aabced20fb0df8196","28"
"route_bf2a6f1dc0af57a841dc71f9","occ_b90ec224e235c383fe1a6a64","29"
"route_bf2a6f1dc0af57a841dc71f9","occ_8205670ad874c8727d3f3dfe","3"
"route_bf2a6f1dc0af57a841dc71f9","occ_be9b5f9e63f43251e6dfbfba","30"
"route_bf2a6f1dc0af57a841dc71f9","occ_8015bbbebe018b2ba694fe27","31"
"route_bf2a6f1dc0af57a841dc71f9","occ_7aa742e25ad151afcec3cd77","32"
"route_bf2a6f1dc0af57a841dc71f9","occ_386e9a502d3f097d4250ec72","33"
"route_bf2a6f1dc0af57a841dc71f9","occ_65d278738745ed82a2d21e93","4"
"route_bf2a6f1dc0af57a841dc71f9","occ_51b2325e7140268fe5022929","5"
"route_bf2a6f1dc0af57a841dc71f9","occ_ea85d6dc5bad4dcd78d8892f","6"
"route_bf2a6f1dc0af57a841dc71f9","occ_d9753afc33e233bcec696ae2","7"
"route_bf2a6f1dc0af57a841dc71f9","occ_23d901809656fa0faf7d0070","8"
"route_bf2a6f1dc0af57a841dc71f9","occ_ac138b1245bef0f7d595cce3","9"
"route_bf813ff3ef6b3d7a4b2ded63","occ_de8928e0d6d2a5068e6f4b9e","1"
"route_bf819467e572425bacf1032c","occ_24190208bdd65a87027bd535","1"
"route_bf819467e572425bacf1032c","occ_a2efc949547514257ccb1140","10"
"route_bf819467e572425bacf1032c","occ_1b362468b82f938757775253","11"
"route_bf819467e572425bacf1032c","occ_2f34974797eb60a12a44bf54","12"
"route_bf819467e572425bacf1032c","occ_35588b89af07d4813d820edf","2"
"route_bf819467e572425bacf1032c","occ_28f093b01445d7e7dab8f803","3"
"route_bf819467e572425bacf1032c","occ_1f6cbc79901323305eb09506","4"
"route_bf819467e572425bacf1032c","occ_b3563242136d61aaf13308ed","5"
"route_bf819467e572425bacf1032c","occ_1fcddeef536b93208a1f64b7","6"
"route_bf819467e572425bacf1032c","occ_a89e3f2bf7883090ca9292f2","7"
"route_bf819467e572425bacf1032c","occ_b2ebf344f5472c176a1c67b2","8"
"route_bf819467e572425bacf1032c","occ_ae8b07776a1539c36f30b9c5","9"
"route_bfb6b2195ed07081ce96a2fd","occ_63e70c74125a9e64241afae7","1"
"route_bfb6b2195ed07081ce96a2fd","occ_ee3f7bfe5d6e7efe7e5ea35b","10"
"route_bfb6b2195ed07081ce96a2fd","occ_ea42819232aa71fcd18b55fd","11"
"route_bfb6b2195ed07081ce96a2fd","occ_a1b752092cf69627f73cc93a","12"
"route_bfb6b2195ed07081ce96a2fd","occ_58d3443dbd6b8add4e262c9c","13"
"route_bfb6b2195ed07081ce96a2fd","occ_611eb5f92362c8762dec56c5","14"
"route_bfb6b2195ed07081ce96a2fd","occ_40286facd8b86aade4b700b4","15"
"route_bfb6b2195ed07081ce96a2fd","occ_276697ac60ff4828b16db9f8","16"
"route_bfb6b2195ed07081ce96a2fd","occ_2f9987b99671b5bd8cdd985c","17"
"route_bfb6b2195ed07081ce96a2fd","occ_cc5108d4358af4e83130871d","18"
"route_bfb6b2195ed07081ce96a2fd","occ_d6b314a0fc6805a740d3586d","19"
"route_bfb6b2195ed07081ce96a2fd","occ_56c9da42b3e057b4b8083805","2"
"route_bfb6b2195ed07081ce96a2fd","occ_e51340f9eca495190f570f2f","20"
"route_bfb6b2195ed07081ce96a2fd","occ_131454d4c17a38740a09553a","3"
"route_bfb6b2195ed07081ce96a2fd","occ_0f2a8264b297ee37dc4251ec","4"
"route_bfb6b2195ed07081ce96a2fd","occ_68ee60d96d63d330ff2c6340","5"
"route_bfb6b2195ed07081ce96a2fd","occ_3b07a8d1f890f3de9f1d967f","6"
"route_bfb6b2195ed07081ce96a2fd","occ_b592c33a3169d2bc1568e3f9","7"
"route_bfb6b2195ed07081ce96a2fd","occ_2155d47122ffed0c97695444","8"
"route_bfb6b2195ed07081ce96a2fd","occ_3aa2d2518d431496cba2ffa0","9"
"route_bfde0edde24ec8a578fba2dc","occ_2b11d98d2c3eee6737a52e50","1"
"route_bfe289cd0ea79eca37b5b014","occ_33d90ddde133927accd74178","1"
"route_bfe7dd27b35e3bf20c5486fd","occ_41494c61da55e3eadc04ef23","1"
"route_c00f46412245d6f12ad01cd2","occ_be5f0fe6e052600c5b7ba3ae","1"
"route_c0748df16c54e4dd394216c9","occ_b0acb8aca8dfc7ca4af51c10","1"
"route_c0870d7281f209879e73039d","occ_524dcfc1bb2154d3588c6809","1"
"route_c092eebb461450f111cc2b88","occ_11ae4d0e3f9bede0b96e71dd","1"
"route_c092eebb461450f111cc2b88","occ_226ac9ae7f4ecea2e912877a","2"
"route_c092eebb461450f111cc2b88","occ_11e12a72bb87ce5ba9a78e5c","3"
"route_c092eebb461450f111cc2b88","occ_5d11d67f41e9e34e7aeb660e","4"
"route_c092eebb461450f111cc2b88","occ_56cc3b3da3bc777861b444de","5"
"route_c0d32743cb43608dda386494","occ_4c2968206939989c524fba96","1"
"route_c0d32743cb43608dda386494","occ_fce9e60f6d6a36bc2a8a3322","10"
"route_c0d32743cb43608dda386494","occ_b58e73caa24c0badbea35698","11"
"route_c0d32743cb43608dda386494","occ_73f259fe40d823bbbc88f139","2"
"route_c0d32743cb43608dda386494","occ_5f59132c9418967a9cb48967","3"
"route_c0d32743cb43608dda386494","occ_9b5d9e07fc3591fe3a31dcc3","4"
"route_c0d32743cb43608dda386494","occ_17a03361e5f250d1cc0d9b93","5"
"route_c0d32743cb43608dda386494","occ_47e46ecd6d0fcac6b3c48714","6"
"route_c0d32743cb43608dda386494","occ_5b0d23c249881e5376cd3db4","7"
"route_c0d32743cb43608dda386494","occ_f6b697c1126b860013702b47","8"
"route_c0d32743cb43608dda386494","occ_b963a5bf21968c161cf1d1ae","9"
"route_c139dc7c55ece0b3ec929592","occ_332916aed5890a47add94b30","1"
"route_c13fcd6ec22c9135d31c6ff1","occ_c8b1590d68a8f02bceccf0f2","1"
"route_c16df11aefd1df53a1b9afe6","occ_7701218e515227d9c7e103ec","1"
"route_c16df11aefd1df53a1b9afe6","occ_2a6d4128f75f3be61c4d5788","10"
"route_c16df11aefd1df53a1b9afe6","occ_cf0a2a7228a2203569eb3c23","2"
"route_c16df11aefd1df53a1b9afe6","occ_12d5377e3b60b2c841606404","3"
"route_c16df11aefd1df53a1b9afe6","occ_5b7b7772f9aaa25bfaa715c6","4"
"route_c16df11aefd1df53a1b9afe6","occ_16f2dc97f10fa230c00799ea","5"
"route_c16df11aefd1df53a1b9afe6","occ_da922c161dd04f6aa1c2f1df","6"
"route_c16df11aefd1df53a1b9afe6","occ_b9ecf2b596109d24e16d5e10","7"
"route_c16df11aefd1df53a1b9afe6","occ_c786b1ab3d51e04cc90a9ba8","8"
"route_c16df11aefd1df53a1b9afe6","occ_38b61e0e001f69d1b71dfab6","9"
"route_c18407fcb0ca959316462cde","occ_d85adfa20e6f221e3a359e91","1"
"route_c18407fcb0ca959316462cde","occ_d205798f26ee79ede873ee49","2"
"route_c1b1aa855a0f30eb89dd4e7f","occ_6fe8c513eefffe5b7803db9e","1"
"route_c1cf6c93335ccdca5871e786","occ_888baa2ea8021801ed54f588","1"
"route_c1f025f92d94fb96b3dad9e9","occ_c9d189abb503037b31373cef","1"
"route_c1f508bb2e0c11f03c85be55","occ_859980fa89cf5699cfe672b7","1"
"route_c1f94868e5a674f4a10770a1","occ_ebd9920d1e3f6f0166d852be","1"
"route_c203d35805e76bbe5fd433fc","occ_185c9bb1f5cd75dabac2f173","1"
"route_c217d2df65243842d34ea932","occ_08313fa5735035e696f68d7f","1"
"route_c217d2df65243842d34ea932","occ_7553262c28adcd1a52ed2c29","2"
"route_c217e2025f6145a9ca0c40dc","occ_75350aa0143606b9ff1efaaf","1"
"route_c21ac5ae485eb68b99a268ea","occ_a1963762389a7e79329049f0","1"
"route_c230240b02efc301343e90f4","occ_65a583df8fcfbfd980d52d62","1"
"route_c2409df8131d9ecf8b67efa3","occ_b6b92065964b36986be88315","1"
"route_c280d1a19795ca43487c4b1a","occ_f774563eee80cc579c27dd7e","1"
"route_c28a58e0902063c708bd8eff","occ_ca38621f72daf9742504b427","1"
"route_c2a14249ac605848d51523c6","occ_032d467969290752f1078768","1"
"route_c2f1f2e5dbf86521f2f0d3ff","occ_c7cca28bc41686f158cd16f6","1"
"route_c315b6ac2918ae2e672600af","occ_55fc1065a443393f3cac0da4","1"
"route_c31fd04d6ed0a4cc652e60f9","occ_cd6230849d0dc58e3e75208a","1"
"route_c31fd04d6ed0a4cc652e60f9","occ_06798c9901c9423678e4936b","2"
"route_c31fd04d6ed0a4cc652e60f9","occ_bb832fefac8694136810ebcd","3"
"route_c31fd04d6ed0a4cc652e60f9","occ_5167e9defad37a29b6538566","4"
"route_c31fd04d6ed0a4cc652e60f9","occ_6c3dce49d4b8824c43ea3761","5"
"route_c354ef7d9fdbd4fd1ba38a3d","occ_d964b414352a23c1567941fe","1"
"route_c38bfa7675ad22048b555b3e","occ_1ac95be02d02c6eb9d789e1c","1"
"route_c38bfa7675ad22048b555b3e","occ_879f1cd9a2e55f7634594f7f","10"
"route_c38bfa7675ad22048b555b3e","occ_09d50b5ccfb97cbedf0455df","11"
"route_c38bfa7675ad22048b555b3e","occ_8947538d6097b4c05dd7510a","12"
"route_c38bfa7675ad22048b555b3e","occ_02f6cdd9c15a0e4704ba5bc3","2"
"route_c38bfa7675ad22048b555b3e","occ_fb96b06bcce371db075bd31f","3"
"route_c38bfa7675ad22048b555b3e","occ_d08a77903b3133d56c79b1d1","4"
"route_c38bfa7675ad22048b555b3e","occ_725e412fd7149dfc42265e47","5"
"route_c38bfa7675ad22048b555b3e","occ_a8e55be389295ff5ac5ca5a0","6"
"route_c38bfa7675ad22048b555b3e","occ_0ac940161c9f0b5db7d2861f","7"
"route_c38bfa7675ad22048b555b3e","occ_7fd1fd5ccc11c1a373e9e07c","8"
"route_c38bfa7675ad22048b555b3e","occ_0699e3dcb5b7b5cad448d8df","9"
"route_c3a0c30c1fb5d009cff9ccc0","occ_59f183bc33bee45525bbf1b0","1"
"route_c41b2b99e0fdfff1b7b4b5dc","occ_6b01d71f97686e8908c4f040","1"
"route_c434e83ff15ada9c5893d946","occ_2ef93b078076c3c3aa6988ca","1"
"route_c49b2b6826445ddc9502c976","occ_28a2c6aaf60c64fb0a9d5b84","1"
"route_c49b2b6826445ddc9502c976","occ_f67b793badea78666fa42122","10"
"route_c49b2b6826445ddc9502c976","occ_64037b0a46a51edc1b34cb09","11"
"route_c49b2b6826445ddc9502c976","occ_5969eb4ddd69ce80cff4613d","12"
"route_c49b2b6826445ddc9502c976","occ_989c5765e9d494dc33323a95","13"
"route_c49b2b6826445ddc9502c976","occ_bc53a594a0f7d7b34eda56c0","14"
"route_c49b2b6826445ddc9502c976","occ_dec65781d8f87b10646f2dd6","15"
"route_c49b2b6826445ddc9502c976","occ_5fc3a0c24440f7223e040313","16"
"route_c49b2b6826445ddc9502c976","occ_7b2410f1d844cd9988d89fbb","17"
"route_c49b2b6826445ddc9502c976","occ_a2758abfc0084b0e06c6a2ec","18"
"route_c49b2b6826445ddc9502c976","occ_9df7d1e8a6d6847ddb622a33","19"
"route_c49b2b6826445ddc9502c976","occ_28018af6cd688dac6bfb2abc","2"
"route_c49b2b6826445ddc9502c976","occ_2b8d1728d171b8d2b243e828","20"
"route_c49b2b6826445ddc9502c976","occ_5fc556fa579f22053be358bc","21"
"route_c49b2b6826445ddc9502c976","occ_5c95ab013722ab8b81ef540a","22"
"route_c49b2b6826445ddc9502c976","occ_c6d3acecdb081caaf16e7ed6","23"
"route_c49b2b6826445ddc9502c976","occ_62bcf9034018f3b8b7e873b9","24"
"route_c49b2b6826445ddc9502c976","occ_1abaef12997a4764a84bcd34","25"
"route_c49b2b6826445ddc9502c976","occ_e31ac8d1a8f58ca6c9cd8ac2","26"
"route_c49b2b6826445ddc9502c976","occ_700f850da4127da2de43739e","27"
"route_c49b2b6826445ddc9502c976","occ_6bb7e08255cd8f33d6cf4a87","3"
"route_c49b2b6826445ddc9502c976","occ_a48e49b2619708fe3ac3071c","4"
"route_c49b2b6826445ddc9502c976","occ_f978b22da3a8c54a444a9798","5"
"route_c49b2b6826445ddc9502c976","occ_e2e7879d64f3d7b3bc187dc7","6"
"route_c49b2b6826445ddc9502c976","occ_36c916d6853b2f5efa00e583","7"
"route_c49b2b6826445ddc9502c976","occ_f59405c86c6d459d9894bd27","8"
"route_c49b2b6826445ddc9502c976","occ_0bfdf2ecfec61fb80d2b6700","9"
"route_c4ab36c09a4596a2796381bf","occ_1cd7e71d9e2d7f1a2b78e722","1"
"route_c4acd469f7b00d42ef81a364","occ_fc136bc78d69fb4abd57f797","1"
"route_c4b816efc02ad48fa7779680","occ_53b51644b53cb0afa4fe4733","1"
"route_c4b816efc02ad48fa7779680","occ_518e32303c3b139a06336492","2"
"route_c4b816efc02ad48fa7779680","occ_fc65620cf26cd11a7d0fb635","3"
"route_c4b816efc02ad48fa7779680","occ_5be2dc9a692afc8f6bb4aa42","4"
"route_c4b816efc02ad48fa7779680","occ_9634f218a8551b7eca72d587","5"
"route_c4d55ab01a4032eb90c2a6b9","occ_b99f326deb43b52235c724a7","1"
"route_c53c11e76849474f31414d05","occ_37f6422de6902cb3402e2df6","1"
"route_c53f5e16a19fad298bdfba7f","occ_518907b477ceb602e36e82f2","1"
"route_c54947bfd273afe5ac5c3488","occ_2b730529844e99d58edf8edb","1"
"route_c559d11d985180c2ecafdf36","occ_c067f39d2378e286f09174d9","1"
"route_c574d649e2bcddd8385351d1","occ_28d964efe9c0e44dfdd21c71","1"
"route_c5de4192b39e1aa16efa4e72","occ_d973b017b823588ef1cad288","1"
"route_c604d0f7218d31becd846495","occ_3373d3d05f11302fdf77ff11","1"
"route_c60ca327b90d6fd8e3a09211","occ_715bc4f28799bc4c0cfc4eb6","1"
"route_c60ca327b90d6fd8e3a09211","occ_7a7aba16478445a7c74502d6","10"
"route_c60ca327b90d6fd8e3a09211","occ_19d04c1d7cd1198ba5ba1146","11"
"route_c60ca327b90d6fd8e3a09211","occ_ace50f8021f858bd80ee8263","12"
"route_c60ca327b90d6fd8e3a09211","occ_17e44b595d34edabec8f1562","13"
"route_c60ca327b90d6fd8e3a09211","occ_36c8f9575fbac39e20406c6a","2"
"route_c60ca327b90d6fd8e3a09211","occ_5ee9f0d09dbb6abe88881bae","3"
"route_c60ca327b90d6fd8e3a09211","occ_71afb1d22b0ac7c06e6c3359","4"
"route_c60ca327b90d6fd8e3a09211","occ_2342dfafd9e810a018a5f0bd","5"
"route_c60ca327b90d6fd8e3a09211","occ_9f33c2417fe9df1a369f4fb0","6"
"route_c60ca327b90d6fd8e3a09211","occ_2f53a753ffdfd61083042405","7"
"route_c60ca327b90d6fd8e3a09211","occ_1cb805e1036df76b783cafbf","8"
"route_c60ca327b90d6fd8e3a09211","occ_3cfdca1dca2793992e789ab4","9"
"route_c61273db4a40f6ba5eab7dcd","occ_995439444e0e384fe23cd706","1"
"route_c644b43061ceccbd2646c15f","occ_ecd30735fde510b7ec537c39","1"
"route_c685ec420042a1d9cc1072cc","occ_b7cfb0773a724929498946a6","1"
"route_c69314e9f73a610c8af9e9cc","occ_9df218d866a662bd2b9c79dd","1"
"route_c69314e9f73a610c8af9e9cc","occ_280f39584e647b0d82480271","10"
"route_c69314e9f73a610c8af9e9cc","occ_4f686a088d3e51cf902d7fe8","11"
"route_c69314e9f73a610c8af9e9cc","occ_410a1b3a91776821e96ba9ee","12"
"route_c69314e9f73a610c8af9e9cc","occ_6751f2feae7187f23ef3a233","13"
"route_c69314e9f73a610c8af9e9cc","occ_e619aa5c5f5af8ff4aa9a009","14"
"route_c69314e9f73a610c8af9e9cc","occ_af5376b2c2da18562b38ddf1","15"
"route_c69314e9f73a610c8af9e9cc","occ_e8f7cafcd5941adf9b64a157","2"
"route_c69314e9f73a610c8af9e9cc","occ_a000b72ed69c4b63c8d42f9d","3"
"route_c69314e9f73a610c8af9e9cc","occ_b0ecd9b61c5465488cfe3294","4"
"route_c69314e9f73a610c8af9e9cc","occ_a44eb2eef8ffa0baf30eee2b","5"
"route_c69314e9f73a610c8af9e9cc","occ_96cd4a245edfe9620d831267","6"
"route_c69314e9f73a610c8af9e9cc","occ_abbccfb4cafa42fece3f7893","7"
"route_c69314e9f73a610c8af9e9cc","occ_fb13dfb258ad60eb2eee9d06","8"
"route_c69314e9f73a610c8af9e9cc","occ_c83a86c0c2bb9ca706bb253f","9"
"route_c69b4a7a1d06db576327166c","occ_629235c270878c74b63e89da","1"
"route_c69d62625e390c86be5b51c5","occ_04eeb003e209349f59a8fbfc","1"
"route_c6b321dcc6fc13ff4b1934cf","occ_c5df2bfbd99b08d7cde860fb","1"
"route_c6c4a5fbd8c1e69895c70ddb","occ_c8f1279a19000e95c286c91f","1"
"route_c6c665e790fcadccd4e3336b","occ_64e48fd7003197d01426777c","1"
"route_c6c665e790fcadccd4e3336b","occ_064a2f23d21f714653f46f48","2"
"route_c6c665e790fcadccd4e3336b","occ_1fb1c0b354fa4b392d68e15e","3"
"route_c6c665e790fcadccd4e3336b","occ_8d6a9f3ff95d73cd95357695","4"
"route_c6c665e790fcadccd4e3336b","occ_78696f92df4c60dd6fa47e89","5"
"route_c6c665e790fcadccd4e3336b","occ_523912bb4d2327a2262c4c47","6"
"route_c6c665e790fcadccd4e3336b","occ_b7cfb450fd8d9dfab88b56f2","7"
"route_c6c665e790fcadccd4e3336b","occ_1d1aff757f000582fcd88ae7","8"
"route_c6cad005223796c7ce192ef0","occ_501051f07409eca9c6f14cba","1"
"route_c6cad005223796c7ce192ef0","occ_66b3d8463a6e3149e196c88f","10"
"route_c6cad005223796c7ce192ef0","occ_885d66143f2e0bd614a5a6a5","11"
"route_c6cad005223796c7ce192ef0","occ_c49554c3a34bc8426a76bcdc","12"
"route_c6cad005223796c7ce192ef0","occ_92c63daa674ad6e75ec71919","13"
"route_c6cad005223796c7ce192ef0","occ_5f1df8026836efa5dfbc1010","14"
"route_c6cad005223796c7ce192ef0","occ_4e0967ebc213987e180cec62","15"
"route_c6cad005223796c7ce192ef0","occ_3ed9eb63d6319e69ddd0781e","16"
"route_c6cad005223796c7ce192ef0","occ_f0dd81f9d2e45825595c3945","17"
"route_c6cad005223796c7ce192ef0","occ_2d5c56a7da3b1d4d02a54699","18"
"route_c6cad005223796c7ce192ef0","occ_baf43cef5d29806c52aa8ea4","19"
"route_c6cad005223796c7ce192ef0","occ_4dada8c102803f73985677de","2"
"route_c6cad005223796c7ce192ef0","occ_cc3099af8e19642e59d25708","20"
"route_c6cad005223796c7ce192ef0","occ_06091a4fd785841028f2669e","21"
"route_c6cad005223796c7ce192ef0","occ_df5bdb90163573632a20d890","22"
"route_c6cad005223796c7ce192ef0","occ_39bca43a880e7f63cbb455a3","23"
"route_c6cad005223796c7ce192ef0","occ_5beff6bbcd5e7efc42246b45","24"
"route_c6cad005223796c7ce192ef0","occ_7625e05aed75d632d030239a","25"
"route_c6cad005223796c7ce192ef0","occ_32919535dfa86ce111102708","26"
"route_c6cad005223796c7ce192ef0","occ_81a78b4880c6ca903979c682","27"
"route_c6cad005223796c7ce192ef0","occ_756be561fac6c760cf5cea44","28"
"route_c6cad005223796c7ce192ef0","occ_0e9017a04cf272fe038618e1","29"
"route_c6cad005223796c7ce192ef0","occ_c454a4d4f7bea10657f00a30","3"
"route_c6cad005223796c7ce192ef0","occ_43332b45f2163a758f0b1a07","30"
"route_c6cad005223796c7ce192ef0","occ_a67b86844f268478f7189520","31"
"route_c6cad005223796c7ce192ef0","occ_5f46ec1eeda2a3080d38465a","32"
"route_c6cad005223796c7ce192ef0","occ_78f2b82fea4e19b6d3fd1189","4"
"route_c6cad005223796c7ce192ef0","occ_aa59fe40b11a3b8a5e417e7a","5"
"route_c6cad005223796c7ce192ef0","occ_0938d6f4e9a6217f31c3110a","6"
"route_c6cad005223796c7ce192ef0","occ_0069710f15582e5c876ca4c5","7"
"route_c6cad005223796c7ce192ef0","occ_1a23c9fd5be79ce8be425555","8"
"route_c6cad005223796c7ce192ef0","occ_7427251899b5454bc0506d2c","9"
"route_c6d70aa55b3f8c18ad8016f3","occ_090451d2459d14183366d548","1"
"route_c6f4d565c8faa02b73eef4b0","occ_45ba8f427a3d9cef96afdbf2","1"
"route_c6fdc9bfbf416d27420f7bd9","occ_42c19c999ed3bf7039a7151f","1"
"route_c734f8e86a86405950bf43ef","occ_9ae678e4f0087c66572ac965","1"
"route_c741e2f4f313356cd3d358a3","occ_26bc27a320d8017d2a05de11","1"
"route_c754850ddfac22bbebf8e180","occ_924a288f7ef68fa93cb1e399","1"
"route_c7566fcd5afb09d120857d0f","occ_6175944710d6d1878721336c","1"
"route_c793cd37e397784951e5ca2a","occ_604666bdb49cdc656cfa8917","1"
"route_c793cd37e397784951e5ca2a","occ_1fd6b2f15392f6aae1ad5c7e","10"
"route_c793cd37e397784951e5ca2a","occ_b30c0dafd83b8154f8e892ba","11"
"route_c793cd37e397784951e5ca2a","occ_683c03ae9a590c57e70e1659","12"
"route_c793cd37e397784951e5ca2a","occ_c2b57505d7523c4c38b481f9","2"
"route_c793cd37e397784951e5ca2a","occ_a9a61df827032e8545d33b63","3"
"route_c793cd37e397784951e5ca2a","occ_bff33fb01a5b8df23aa73df6","4"
"route_c793cd37e397784951e5ca2a","occ_5bdad461922c7e980bde3d87","5"
"route_c793cd37e397784951e5ca2a","occ_80a5d4a3cb3e9368607920e7","6"
"route_c793cd37e397784951e5ca2a","occ_538b45153871dc58f631d0f2","7"
"route_c793cd37e397784951e5ca2a","occ_32bb4156521b91e2602c1a43","8"
"route_c793cd37e397784951e5ca2a","occ_44202d17401610becea7ef0a","9"
"route_c7a998dea4f3b156acfaf9e9","occ_88ada1c66851522a76541c0f","1"
"route_c7c0f60d1ab3d3e65be5b87c","occ_cca53210527401b608abc6e0","1"
"route_c7f3fcfb588939a0a4e71c48","occ_6dc43cac7bc1be8d9150e6b6","1"
"route_c7f3fcfb588939a0a4e71c48","occ_ba019519b8d21091c1453132","10"
"route_c7f3fcfb588939a0a4e71c48","occ_4e3c488a6b43177cf20e1d78","2"
"route_c7f3fcfb588939a0a4e71c48","occ_255c190514466f27eb25e010","3"
"route_c7f3fcfb588939a0a4e71c48","occ_4a8105c68ca97cb781514ebc","4"
"route_c7f3fcfb588939a0a4e71c48","occ_375f4dc2d30abdab4c45c84b","5"
"route_c7f3fcfb588939a0a4e71c48","occ_92728f7111d2191a5fda3801","6"
"route_c7f3fcfb588939a0a4e71c48","occ_a139976dd7df2ba63599edcc","7"
"route_c7f3fcfb588939a0a4e71c48","occ_3f1dd80d7442b77dea0aaf51","8"
"route_c7f3fcfb588939a0a4e71c48","occ_1bc130a2ebb5000fb17d8dad","9"
"route_c82720a7733400168020522b","occ_845f3c876a8ef5c6f14fe01b","1"
"route_c82dca07350074dc1ea01735","occ_2b8b0a82fefb33a86ae7e484","1"
"route_c860040f26566e93acdd985d","occ_0e8441519ceb52e259b9fe4d","1"
"route_c86415add30eef74d01e690b","occ_a393eb14b26464c2ed16a4ad","1"
"route_c87e57a9959b85feb25dceea","occ_46704669d96d19ebb2a5374f","1"
"route_c880386b4b4aca7d1bea2240","occ_26069ec462fac019c8bf3aeb","1"
"route_c8bcb2f1bdf337aada64b07f","occ_00a2d2328668df92afd7d6ac","1"
"route_c8c101488c53effe3120c48b","occ_1c47f4e030cfa8a9e91c36d2","1"
"route_c90733e747ee2e6bae1f1948","occ_4aac27a5405fba1c6018bdf0","1"
"route_c9112841a68fc06ae919f8c4","occ_92e075650f908f0a018390c7","1"
"route_c9c067c65ed1b1d34dbbf8aa","occ_6ad6edf569d513b31268e47a","1"
"route_c9c2a7aca14f951a7442ad07","occ_373dee63401481b6838bccd8","1"
"route_c9d9415fd1d2f5f8483fc603","occ_6fd2bb0a1cb9d7de00625e54","1"
"route_c9f3267c103afed6e9a8f112","occ_41a5a91d21444daf79331b96","1"
"route_ca0cbf73bcd7d3e33e39c3fd","occ_2d411cc9d35186de10602c33","1"
"route_ca0cbf73bcd7d3e33e39c3fd","occ_4cfacb7c96fda62e8c876d16","10"
"route_ca0cbf73bcd7d3e33e39c3fd","occ_d6efa17f371930ec9dd7ad8c","11"
"route_ca0cbf73bcd7d3e33e39c3fd","occ_b86a2a5d02b1e1a5683d8628","12"
"route_ca0cbf73bcd7d3e33e39c3fd","occ_dbd41435b23cad4dfcd90bdb","13"
"route_ca0cbf73bcd7d3e33e39c3fd","occ_2fcaf2e68f950a703214b8fc","14"
"route_ca0cbf73bcd7d3e33e39c3fd","occ_36c1d0a34778415fd2c27d81","15"
"route_ca0cbf73bcd7d3e33e39c3fd","occ_6090b5f49535bc0541191c26","16"
"route_ca0cbf73bcd7d3e33e39c3fd","occ_2bfe9ba25cff392cab5a8b95","17"
"route_ca0cbf73bcd7d3e33e39c3fd","occ_2f36c7ca412fc10377b4d8de","18"
"route_ca0cbf73bcd7d3e33e39c3fd","occ_1943d97b5ace0a877e5cc0b1","19"
"route_ca0cbf73bcd7d3e33e39c3fd","occ_e6056169f9d004d837cb4913","2"
"route_ca0cbf73bcd7d3e33e39c3fd","occ_f9a8caeefbb659f2fafbac93","20"
"route_ca0cbf73bcd7d3e33e39c3fd","occ_355c833334a57f1af94487be","21"
"route_ca0cbf73bcd7d3e33e39c3fd","occ_4e63c3577cba2f1a248cf84a","22"
"route_ca0cbf73bcd7d3e33e39c3fd","occ_18af4d551ed4e2ab2c7c99c8","23"
"route_ca0cbf73bcd7d3e33e39c3fd","occ_3c2ab09c775d84f982e5e062","24"
"route_ca0cbf73bcd7d3e33e39c3fd","occ_c3b18017f247c5b0d2d61ad3","25"
"route_ca0cbf73bcd7d3e33e39c3fd","occ_5b12b9f8f1e7bd50d2d7da01","26"
"route_ca0cbf73bcd7d3e33e39c3fd","occ_4f37311ff7eef2b1417eea63","27"
"route_ca0cbf73bcd7d3e33e39c3fd","occ_82d107a58303a21687065949","28"
"route_ca0cbf73bcd7d3e33e39c3fd","occ_a841fdb6c5de5d464bdf424e","29"
"route_ca0cbf73bcd7d3e33e39c3fd","occ_f4dad5487961c7d77e5804d8","3"
"route_ca0cbf73bcd7d3e33e39c3fd","occ_87426e84ec82ef2733c76457","30"
"route_ca0cbf73bcd7d3e33e39c3fd","occ_0f26c4502d00e185cce2e266","31"
"route_ca0cbf73bcd7d3e33e39c3fd","occ_247472de0287ac5cb642c289","4"
"route_ca0cbf73bcd7d3e33e39c3fd","occ_1950a537b009f779acfdea36","5"
"route_ca0cbf73bcd7d3e33e39c3fd","occ_bed3518faada32f2c8f09c98","6"
"route_ca0cbf73bcd7d3e33e39c3fd","occ_9bb86e342ee271031d3a8a81","7"
"route_ca0cbf73bcd7d3e33e39c3fd","occ_232eb953780fab0fd50bc340","8"
"route_ca0cbf73bcd7d3e33e39c3fd","occ_2961ad1c7eaaeb2a3fbc5c3c","9"
"route_ca22491c4980b9e59b09de16","occ_4b911d80dbbdf2905cc11763","1"
"route_ca22491c4980b9e59b09de16","occ_55e00f61098045fbdaefa7e7","2"
"route_ca22491c4980b9e59b09de16","occ_b37dbbdba48844d6f6e28c4f","3"
"route_ca22491c4980b9e59b09de16","occ_94577c74c5228d68194e28e5","4"
"route_ca22491c4980b9e59b09de16","occ_da68404f8ffef073e8c92125","5"
"route_ca22491c4980b9e59b09de16","occ_dfa03b7a9f7408811f84df09","6"
"route_ca3643520f39d79113c9a1ee","occ_b45ace28a718b8fd15962b07","1"
"route_ca4f8beb982f7c879a489f04","occ_04f3bc798078034dbedf8ec8","1"
"route_ca8c404f505d1d016b91e709","occ_490a8f9fc6353c261cf902ff","1"
"route_ca9f2c6b1b947f764ae5ebfa","occ_5f1fccb72ad4f6145ffbb6d5","1"
"route_cab798b1949ebb2810d98c47","occ_f12e7d1ed4574568d8d923ac","1"
"route_cad7ea1966f89f7538c4dbdc","occ_66b8214c4fb7c47aefe1e2bf","1"
"route_cb3f82a9856c7d97e40b223b","occ_48031ce77cc6aae36d43ff59","1"
"route_cb3f82a9856c7d97e40b223b","occ_d9cf30132864214181974218","10"
"route_cb3f82a9856c7d97e40b223b","occ_cdf254f0184499f6d5882271","11"
"route_cb3f82a9856c7d97e40b223b","occ_5155cc72c61b9f5da1112bf6","12"
"route_cb3f82a9856c7d97e40b223b","occ_74926f973c7a45b5148ad51a","13"
"route_cb3f82a9856c7d97e40b223b","occ_046151a62775198ba71264d6","14"
"route_cb3f82a9856c7d97e40b223b","occ_b3d01a74538dfd8494249343","15"
"route_cb3f82a9856c7d97e40b223b","occ_adf3e810d99409281e3d2cac","16"
"route_cb3f82a9856c7d97e40b223b","occ_93a3e350d74358e2ba96b3c5","17"
"route_cb3f82a9856c7d97e40b223b","occ_92fc0e7402435650402dca47","18"
"route_cb3f82a9856c7d97e40b223b","occ_d86b1181fa1447a398902203","19"
"route_cb3f82a9856c7d97e40b223b","occ_bf92396bf5b67e542b47f3fb","2"
"route_cb3f82a9856c7d97e40b223b","occ_fafad50024afc06ee9545321","20"
"route_cb3f82a9856c7d97e40b223b","occ_ab56ef0cf7c5bcac496807b7","21"
"route_cb3f82a9856c7d97e40b223b","occ_648d37e5283b559c3ebd7e37","22"
"route_cb3f82a9856c7d97e40b223b","occ_b6b3fbc267b71fc75a9b927a","23"
"route_cb3f82a9856c7d97e40b223b","occ_c5aa86d7922dfcd50c3569a3","24"
"route_cb3f82a9856c7d97e40b223b","occ_114834dddf2a41828cb6ab02","25"
"route_cb3f82a9856c7d97e40b223b","occ_68e684d50735c9b9011c8fa4","26"
"route_cb3f82a9856c7d97e40b223b","occ_93af710d0dd582aa1bb32778","27"
"route_cb3f82a9856c7d97e40b223b","occ_9aab8ad3699c22502a32f5df","28"
"route_cb3f82a9856c7d97e40b223b","occ_3a113c436d9dd223593f4fbf","29"
"route_cb3f82a9856c7d97e40b223b","occ_138cf9e8aae8a7668314d7d1","3"
"route_cb3f82a9856c7d97e40b223b","occ_ff8cdd92b0320c53b18c6d05","4"
"route_cb3f82a9856c7d97e40b223b","occ_4023632028ef53ecf8adca43","5"
"route_cb3f82a9856c7d97e40b223b","occ_56e088dc147f530dfaeddb66","6"
"route_cb3f82a9856c7d97e40b223b","occ_ecbe06282d626e4934434133","7"
"route_cb3f82a9856c7d97e40b223b","occ_a4bd615914c23d106c4406fb","8"
"route_cb3f82a9856c7d97e40b223b","occ_baf9e8198eff61365281d687","9"
"route_cb7ed780ea810b41ed63643e","occ_a410a1310608827b4af6eca4","1"
"route_cb8a9b92ea560ec2acbd7e75","occ_6ed290000a44215a24250c26","1"
"route_cb93da4cba0fb12ab3ebb5a6","occ_5b9f68f5abd947654843bd13","1"
"route_cb93da4cba0fb12ab3ebb5a6","occ_5df18ec7ce86b00911de99fc","2"
"route_cb93da4cba0fb12ab3ebb5a6","occ_6fb7912cd31cd429f3f9047b","3"
"route_cb93da4cba0fb12ab3ebb5a6","occ_a89f85c9b2522fc2f3f1bfeb","4"
"route_cbb8d7689b033e8039dc88eb","occ_ac30c00dc152f7dcb1ceb9c7","1"
"route_cbb8d7689b033e8039dc88eb","occ_9600d6806731ab343a917796","2"
"route_cbb8d7689b033e8039dc88eb","occ_739ce1cbb719d734b9853bf3","3"
"route_cbdad643391694ee79a9d917","occ_682fd9a3fe2931dae2dc99dc","1"
"route_cbf29b7f0ff0c03f00a67f02","occ_b9a95b424027e4b7252ff065","1"
"route_cc14f6c2c9ca0d172e14e3ff","occ_95b514a05d06887a77552053","1"
"route_cc2c0bf1484f560df89bca36","occ_6e050aa14426678d82b7bf35","1"
"route_cc3722738ccea65537d79178","occ_a553b5ec1e849c3b2bd259ff","1"
"route_cc3722738ccea65537d79178","occ_23e4cb998cadb31dfab0cb71","10"
"route_cc3722738ccea65537d79178","occ_3efd8f5f81b3a08b8ac028c1","11"
"route_cc3722738ccea65537d79178","occ_4e58f400ae5f1777f54cae4f","12"
"route_cc3722738ccea65537d79178","occ_57df5756de089031aeb85840","13"
"route_cc3722738ccea65537d79178","occ_219f7f227d20e43d86657193","14"
"route_cc3722738ccea65537d79178","occ_4ae60684fcfe328c4a51971a","15"
"route_cc3722738ccea65537d79178","occ_cf636578a60796bcbbde26ac","16"
"route_cc3722738ccea65537d79178","occ_fc8addc8a42485146cc21bb0","17"
"route_cc3722738ccea65537d79178","occ_59bc06cbda01f82e00c8fc20","18"
"route_cc3722738ccea65537d79178","occ_968861cbaccfe0c4ff72d489","19"
"route_cc3722738ccea65537d79178","occ_6291dde7469932fc4a3debdf","2"
"route_cc3722738ccea65537d79178","occ_a45c7956e8d23fd405fc823c","20"
"route_cc3722738ccea65537d79178","occ_4b8dfb186d732fce60af2721","21"
"route_cc3722738ccea65537d79178","occ_b307313b5477da5d7e9923e3","22"
"route_cc3722738ccea65537d79178","occ_853af057979cb38219ae94c5","23"
"route_cc3722738ccea65537d79178","occ_cc9acdbe64e95455afcc7000","24"
"route_cc3722738ccea65537d79178","occ_5e1d88ba03f53754b25786e9","25"
"route_cc3722738ccea65537d79178","occ_44eb4ed7aad7ec20988ad4ae","26"
"route_cc3722738ccea65537d79178","occ_1fc4573a09eac59b86253bf5","27"
"route_cc3722738ccea65537d79178","occ_6b45721c6b34a2bbd35a953a","28"
"route_cc3722738ccea65537d79178","occ_5dd15bf3b28c3c262fc8caef","29"
"route_cc3722738ccea65537d79178","occ_9a474558459e14aadbc13f2b","3"
"route_cc3722738ccea65537d79178","occ_200f9cb8504bda0090f21f5e","4"
"route_cc3722738ccea65537d79178","occ_c6f7a40aca34981d312b759d","5"
"route_cc3722738ccea65537d79178","occ_ff9cc5b29a38693759f11a89","6"
"route_cc3722738ccea65537d79178","occ_158638f18a2eecac994f2fe5","7"
"route_cc3722738ccea65537d79178","occ_57265467e5541790a445e4d3","8"
"route_cc3722738ccea65537d79178","occ_4dbda487e92560cd7b76895a","9"
"route_cc381ec06124ed46f3e5dad4","occ_07877e64c7a5d37b9ecb4dec","1"
"route_cc98a52e957d2870a9e5eafe","occ_4d7b6c9ea7b5b8970931ffef","1"
"route_cc98a52e957d2870a9e5eafe","occ_18e3efc8769eadbe79f28264","2"
"route_cc98a52e957d2870a9e5eafe","occ_aa856ed1416bd70e445297a9","3"
"route_cc98a52e957d2870a9e5eafe","occ_df479e9f4eb28b7e2c218d5d","4"
"route_cc9a9f534d528df05fe4494d","occ_37c465f7910bcc1089ee2051","1"
"route_cc9a9f534d528df05fe4494d","occ_2ab23363a4038843bc16a7d7","2"
"route_cc9a9f534d528df05fe4494d","occ_929999d19a2c5a3d9d94966b","3"
"route_cc9a9f534d528df05fe4494d","occ_681b55da22978ee518296fa7","4"
"route_cc9a9f534d528df05fe4494d","occ_ed5b0ab0935985754d6f59ff","5"
"route_cc9a9f534d528df05fe4494d","occ_f7571ffcb0877eda89086f94","6"
"route_cc9a9f534d528df05fe4494d","occ_761260b6ee6a0af67602bcfb","7"
"route_ccaf0b9dc96c1a69bddd01d5","occ_c390e23f70ab0b242feb2aef","1"
"route_ccc6c989849a03bbeb67a230","occ_aab6fa355906dda5cddb099a","1"
"route_ccce7913d4a889f476633d34","occ_f2eeb07c9916130cc519bfd6","1"
"route_cce347bb8052dcb852af0f34","occ_276e3954245e12be2333d21d","1"
"route_cceaed3f0de93e9773c03b75","occ_6d44123a1f13b9a9de01e8ba","1"
"route_cceaed3f0de93e9773c03b75","occ_1f514bea6cea995247539ea2","10"
"route_cceaed3f0de93e9773c03b75","occ_ed719ba71de59c872ccadd57","11"
"route_cceaed3f0de93e9773c03b75","occ_0d3a6a5b205b45d7180825c4","12"
"route_cceaed3f0de93e9773c03b75","occ_68d55ebbebfacdf0cb176a13","13"
"route_cceaed3f0de93e9773c03b75","occ_ad55a69d5d6fe603a5e18e9a","14"
"route_cceaed3f0de93e9773c03b75","occ_a8573f4ec3b03485c55ccd9b","15"
"route_cceaed3f0de93e9773c03b75","occ_12623f43d05218fa9f26ee7c","2"
"route_cceaed3f0de93e9773c03b75","occ_f752a649ec8c1aea209fca20","3"
"route_cceaed3f0de93e9773c03b75","occ_a34ae2984689170d45d088ab","4"
"route_cceaed3f0de93e9773c03b75","occ_6dbc79a19ace461f6f743c69","5"
"route_cceaed3f0de93e9773c03b75","occ_202e44215f0a83cb2b20a76b","6"
"route_cceaed3f0de93e9773c03b75","occ_12e8d38f7229745dd0d5b3cd","7"
"route_cceaed3f0de93e9773c03b75","occ_0792c8caf2714ebf2be706cf","8"
"route_cceaed3f0de93e9773c03b75","occ_72163bd579d6410a0510841f","9"
"route_ccf8a295073d533bbd7312ae","occ_5f07d94a66bd3598782da1cb","1"
"route_cd0f98af4a0e8e6faded5727","occ_e6f79eb13b644d244e534ad1","1"
"route_cd1df4dcf26e8ca0a9288cd9","occ_68d706066b895360be102091","1"
"route_cd2a1177a7315b1d0c4f4086","occ_ad469f6bf0b74d0c6c506048","1"
"route_cd2a1177a7315b1d0c4f4086","occ_880296e68dd21e5e277f8f4a","10"
"route_cd2a1177a7315b1d0c4f4086","occ_bdcd7e14c6ebc3c723e28277","11"
"route_cd2a1177a7315b1d0c4f4086","occ_4083ac7f659333cf10c1294f","12"
"route_cd2a1177a7315b1d0c4f4086","occ_3298940e39f3044d71124168","13"
"route_cd2a1177a7315b1d0c4f4086","occ_0e42091b933da8a3e90572f4","14"
"route_cd2a1177a7315b1d0c4f4086","occ_e58d6f7edfaa4b3998b2d376","15"
"route_cd2a1177a7315b1d0c4f4086","occ_9fbf0ba0da16909bd44c3ed7","16"
"route_cd2a1177a7315b1d0c4f4086","occ_add0ce10e7b3fe9f3d0a8a95","17"
"route_cd2a1177a7315b1d0c4f4086","occ_58ada15d45ba4634e7d22d67","18"
"route_cd2a1177a7315b1d0c4f4086","occ_af96d1eb50eccd7a12cba136","19"
"route_cd2a1177a7315b1d0c4f4086","occ_d0ff3faa1b0b531a7364aac0","2"
"route_cd2a1177a7315b1d0c4f4086","occ_5fad4e35042a55d969f97829","20"
"route_cd2a1177a7315b1d0c4f4086","occ_a42f605838ba2af678d3b840","21"
"route_cd2a1177a7315b1d0c4f4086","occ_ec052139d235722783e1f833","22"
"route_cd2a1177a7315b1d0c4f4086","occ_c73da5c14a10b1f50dfd31d6","23"
"route_cd2a1177a7315b1d0c4f4086","occ_945e94df812e69a5d0e8b439","24"
"route_cd2a1177a7315b1d0c4f4086","occ_0600670ded53d35ad2ccecb9","25"
"route_cd2a1177a7315b1d0c4f4086","occ_171d47eb22d9e6834000280d","26"
"route_cd2a1177a7315b1d0c4f4086","occ_2990527bed56d5c5dbea6464","27"
"route_cd2a1177a7315b1d0c4f4086","occ_0c7390ad730f03f2f5b7cdfc","28"
"route_cd2a1177a7315b1d0c4f4086","occ_d3a2dc88764b24ed1649597d","29"
"route_cd2a1177a7315b1d0c4f4086","occ_2ab26e38523e61a339ca5327","3"
"route_cd2a1177a7315b1d0c4f4086","occ_c2b60a881c024d1afa4907ee","30"
"route_cd2a1177a7315b1d0c4f4086","occ_bce1989b03f9a29c44d84207","31"
"route_cd2a1177a7315b1d0c4f4086","occ_ee6e95c05d54b410c5895baf","4"
"route_cd2a1177a7315b1d0c4f4086","occ_39d332c550c7afd5565a36d2","5"
"route_cd2a1177a7315b1d0c4f4086","occ_1e8904aabac098b4733ac56e","6"
"route_cd2a1177a7315b1d0c4f4086","occ_0f197ff3737e77ca61cf779b","7"
"route_cd2a1177a7315b1d0c4f4086","occ_57a041d729dff7a3fb2635ac","8"
"route_cd2a1177a7315b1d0c4f4086","occ_b2d4795506d896b65b3c4f26","9"
"route_cd57d6001ec4ec7664cd2f2a","occ_8247e070ae5841c6133b56b8","1"
"route_cd57d6001ec4ec7664cd2f2a","occ_fde9e76c3b221d802bebe277","2"
"route_cd57d6001ec4ec7664cd2f2a","occ_c79e0c276ea7a3c4fbf48d01","3"
"route_cd57d6001ec4ec7664cd2f2a","occ_a99ab617bbcef07dbcc714ff","4"
"route_cd97989bceff71b17678a630","occ_269deb92efabc97053b61869","1"
"route_cdb56f7027ec04f12dca1c39","occ_fc7e810b6aa0624adce76e8d","1"
"route_cdb56f7027ec04f12dca1c39","occ_51330cca68b00ee5efc5b116","2"
"route_cdb56f7027ec04f12dca1c39","occ_d947afc12d4bb2f1e829ce2a","3"
"route_cdb56f7027ec04f12dca1c39","occ_dbcf7ac919f64a5f362fc7dd","4"
"route_cdb56f7027ec04f12dca1c39","occ_7fcc485ac35cd1ceab5e0f75","5"
"route_cdb56f7027ec04f12dca1c39","occ_50823510eb976c5fd4aed5ef","6"
"route_cdf6b08b3b474a45f2d69adb","occ_d5d5153954fc63a9cf04374d","1"
"route_ce0e2e89235b264e71eb3bdc","occ_f8b53023720f2df13e0f957c","1"
"route_ce11ce0d0aba2556da875dd0","occ_323720a8dda60e312dc036f6","1"
"route_ce1830b1034db0b76f623856","occ_21ebcf88a7f1940357cf5964","1"
"route_ce5662e786a9a9a35ff4e27a","occ_2ca38308999cf257159daca6","1"
"route_ce5662e786a9a9a35ff4e27a","occ_db58e58aca352aa1f0f5a373","10"
"route_ce5662e786a9a9a35ff4e27a","occ_07f5faf5ae31866f3e3138ca","11"
"route_ce5662e786a9a9a35ff4e27a","occ_d250809205d46bf02b567a48","12"
"route_ce5662e786a9a9a35ff4e27a","occ_d5104c1556a9a4c062d9ca27","13"
"route_ce5662e786a9a9a35ff4e27a","occ_b64ed4a38073431eb455e858","14"
"route_ce5662e786a9a9a35ff4e27a","occ_b29dae28a703c37eb90f764f","15"
"route_ce5662e786a9a9a35ff4e27a","occ_21f03f47134c5c4d145948fd","16"
"route_ce5662e786a9a9a35ff4e27a","occ_5588729113235cabd9c7b785","17"
"route_ce5662e786a9a9a35ff4e27a","occ_4278fa1ca14ba6d47b473e1e","18"
"route_ce5662e786a9a9a35ff4e27a","occ_fe1ea0133dcc8f515bb0bb69","19"
"route_ce5662e786a9a9a35ff4e27a","occ_d9b2a5b697516b5f1a7ea442","2"
"route_ce5662e786a9a9a35ff4e27a","occ_bfa11f55525778b0388d9ea3","20"
"route_ce5662e786a9a9a35ff4e27a","occ_fccd4b8a029e7acb5a07c6de","21"
"route_ce5662e786a9a9a35ff4e27a","occ_064ab1d0f669760ea5fe1f54","22"
"route_ce5662e786a9a9a35ff4e27a","occ_0c8ce9c35ba2d97d85ac73c7","23"
"route_ce5662e786a9a9a35ff4e27a","occ_35019be9d4d4b66c8b3c6f44","24"
"route_ce5662e786a9a9a35ff4e27a","occ_ee7eb51b33ee4e221d8c2a61","25"
"route_ce5662e786a9a9a35ff4e27a","occ_ae49a66c5d9537cfa5c5e368","26"
"route_ce5662e786a9a9a35ff4e27a","occ_f962a6efc8d1a13f99f956d0","27"
"route_ce5662e786a9a9a35ff4e27a","occ_6ff52815e9e0affb7f55ed91","28"
"route_ce5662e786a9a9a35ff4e27a","occ_2a2c721ec832f9a8c3ce00b7","29"
"route_ce5662e786a9a9a35ff4e27a","occ_61921ffea4118ea916d77919","3"
"route_ce5662e786a9a9a35ff4e27a","occ_a7adc1138b42b59d32035bc1","30"
"route_ce5662e786a9a9a35ff4e27a","occ_d6b19b2f5d383ed1a7086fe1","31"
"route_ce5662e786a9a9a35ff4e27a","occ_87fbcded09da6853ec5f64ab","32"
"route_ce5662e786a9a9a35ff4e27a","occ_9358f91a6950d36625e20a78","33"
"route_ce5662e786a9a9a35ff4e27a","occ_e175ab28b00eb16237256233","4"
"route_ce5662e786a9a9a35ff4e27a","occ_f2dfd5141fdf26ea70970498","5"
"route_ce5662e786a9a9a35ff4e27a","occ_c9cea594b3812c44e5ad0394","6"
"route_ce5662e786a9a9a35ff4e27a","occ_385c8536d05efb19ff33f035","7"
"route_ce5662e786a9a9a35ff4e27a","occ_825538e4cc2b94cea9998960","8"
"route_ce5662e786a9a9a35ff4e27a","occ_7b1a859039f411a75ee4556a","9"
"route_ce5f5251759fac8089e36a60","occ_7b411ea30c16fca962bbf03a","1"
"route_ce62c0b38a635b1b1c534f35","occ_6c425e5d6500645e7fee4bc3","1"
"route_ce6ab9b420f27774862935b0","occ_8b65aff9c317025307c841be","1"
"route_cea56f193f21d74523d6fd34","occ_80eed801105be3c369e45047","1"
"route_cea884ea2103ff82efffff02","occ_5c5f590e4084098c3714756d","1"
"route_cf0264caa56673b264979989","occ_ed94a2cf7c1f4c859478e093","1"
"route_cf0b2a165c1ca868cdc316d2","occ_6f1c60f788ffc1ff72769fee","1"
"route_cf0b2a165c1ca868cdc316d2","occ_af1cb26a349fa0eb434a4752","2"
"route_cf18068042c0f6beda1123e9","occ_207b6125034226dc8a4b7d3b","1"
"route_cf18068042c0f6beda1123e9","occ_f54356812761b0418ac3077a","10"
"route_cf18068042c0f6beda1123e9","occ_b4c5328a237fd679120ce619","11"
"route_cf18068042c0f6beda1123e9","occ_8c91f88d29662e693c6f4066","12"
"route_cf18068042c0f6beda1123e9","occ_3749490f13fb84bbfd3b0120","13"
"route_cf18068042c0f6beda1123e9","occ_4c39ac3af9df47f9f68e4080","14"
"route_cf18068042c0f6beda1123e9","occ_7b9f5638550904802c91fc2d","15"
"route_cf18068042c0f6beda1123e9","occ_39ee0d32257b71ad8921270b","16"
"route_cf18068042c0f6beda1123e9","occ_7dfd852e8d9985743ca44cfd","17"
"route_cf18068042c0f6beda1123e9","occ_701f5dac35d49423ae2923da","18"
"route_cf18068042c0f6beda1123e9","occ_6e600f625baa528eb7dc0fea","19"
"route_cf18068042c0f6beda1123e9","occ_3d41912bd0ba679501d813a5","2"
"route_cf18068042c0f6beda1123e9","occ_56fedc16e8d5a442921306f8","20"
"route_cf18068042c0f6beda1123e9","occ_86c6b29f2e4371ed3a94a996","21"
"route_cf18068042c0f6beda1123e9","occ_1d60f6f6c8c95cd6cf2b0dc8","22"
"route_cf18068042c0f6beda1123e9","occ_dffc4fe2288cd18648b21d04","3"
"route_cf18068042c0f6beda1123e9","occ_99ed52643a7e92c52419b13d","4"
"route_cf18068042c0f6beda1123e9","occ_e673985a1bf1e17343a8ca59","5"
"route_cf18068042c0f6beda1123e9","occ_2e691646ba938f6bcd08028c","6"
"route_cf18068042c0f6beda1123e9","occ_339f996245bf5a2a955a27df","7"
"route_cf18068042c0f6beda1123e9","occ_aa9deca71fed6ef62fdd1f3d","8"
"route_cf18068042c0f6beda1123e9","occ_f75364d7921e0c84cd309a43","9"
"route_cf75349a2fbc061caecbf184","occ_7e4ccee6eb8bde065b634776","1"
"route_cf75349a2fbc061caecbf184","occ_bb6281b469d8d8a760d8bd51","2"
"route_cf75349a2fbc061caecbf184","occ_3b3cb1739c00aa79fcfed6e9","3"
"route_cf75349a2fbc061caecbf184","occ_08e782ea19fee5cb4f66074f","4"
"route_cf8e86dd59fea3cb55cb7755","occ_cdac7fff8f61f6f91c27c77f","1"
"route_cf99bf7e91065d9ce6124db0","occ_908e2c873d58138bc9b0d3ea","1"
"route_cfc7fd187b76f8585bd2041e","occ_86ed4ce3d6133656e31bd185","1"
"route_cfc7fd187b76f8585bd2041e","occ_bb1992b8aaa56647b4e083fc","10"
"route_cfc7fd187b76f8585bd2041e","occ_0b63898343a9687c57bb89a6","11"
"route_cfc7fd187b76f8585bd2041e","occ_1cc93bd2caf2a7a029818d8a","12"
"route_cfc7fd187b76f8585bd2041e","occ_6b88ed4b1636b07c64aba0da","13"
"route_cfc7fd187b76f8585bd2041e","occ_393231ffa1d05302947eca58","14"
"route_cfc7fd187b76f8585bd2041e","occ_f6c029ae21afb1a4b635ca1d","15"
"route_cfc7fd187b76f8585bd2041e","occ_0a39ccc441fe339fcc0d1537","16"
"route_cfc7fd187b76f8585bd2041e","occ_9d8e09f53b07be12487ba248","17"
"route_cfc7fd187b76f8585bd2041e","occ_fdd86d0d6255d3938941fbed","18"
"route_cfc7fd187b76f8585bd2041e","occ_7ec41a846ede72bb7245a504","19"
"route_cfc7fd187b76f8585bd2041e","occ_d95e535bc8d7dc50b78de741","2"
"route_cfc7fd187b76f8585bd2041e","occ_292f63099995b4e869af72e1","20"
"route_cfc7fd187b76f8585bd2041e","occ_27cd7d0125d4c12cc83547ec","21"
"route_cfc7fd187b76f8585bd2041e","occ_e2ed04009562e0cac2dfc0a7","22"
"route_cfc7fd187b76f8585bd2041e","occ_1a52d0042e9c029f0db996d3","23"
"route_cfc7fd187b76f8585bd2041e","occ_dba0101bd7d3cb5179c6f492","24"
"route_cfc7fd187b76f8585bd2041e","occ_189de7d5b48c2a4cda24faed","25"
"route_cfc7fd187b76f8585bd2041e","occ_a84d60a1d326b9323f9094b3","26"
"route_cfc7fd187b76f8585bd2041e","occ_8e433167523ab36b3e58197f","27"
"route_cfc7fd187b76f8585bd2041e","occ_7ea880a8e792ad5e024fc5c2","28"
"route_cfc7fd187b76f8585bd2041e","occ_b409e88cd8ad2e78ae690887","29"
"route_cfc7fd187b76f8585bd2041e","occ_028141ef7347baa57a454990","3"
"route_cfc7fd187b76f8585bd2041e","occ_5d5c0644ca94d0d83ada217b","4"
"route_cfc7fd187b76f8585bd2041e","occ_8ad4aacecbd290ac9011610d","5"
"route_cfc7fd187b76f8585bd2041e","occ_01a8b74ee0c9c157f0b7d7f0","6"
"route_cfc7fd187b76f8585bd2041e","occ_b2674537253db538dff647d9","7"
"route_cfc7fd187b76f8585bd2041e","occ_3a76d918e875a2187889751a","8"
"route_cfc7fd187b76f8585bd2041e","occ_2bf5995c7f43147cda6df568","9"
"route_d067d13a677856cde152748a","occ_b5366305be33d33e557614ca","1"
"route_d076922e21d84aa2b0e63073","occ_31c94ccee86eccc98b936379","1"
"route_d07b705e9b89e6eb955681a6","occ_89dedd4b0bec8919c2ed5e8e","1"
"route_d080fd7ddaffc4a68a5f97c4","occ_436560f2f3bb7d065923f145","1"
"route_d080fd7ddaffc4a68a5f97c4","occ_1af7421fe7b439cd4e958283","10"
"route_d080fd7ddaffc4a68a5f97c4","occ_916cc01612fd1319d4b72089","11"
"route_d080fd7ddaffc4a68a5f97c4","occ_0c7fba0fafd6e0358b4eaead","12"
"route_d080fd7ddaffc4a68a5f97c4","occ_dacea5dc906ccb96a8566765","13"
"route_d080fd7ddaffc4a68a5f97c4","occ_c5a70f536d5f90b9449f71f7","2"
"route_d080fd7ddaffc4a68a5f97c4","occ_9468b52cfa90b4f836f4495c","3"
"route_d080fd7ddaffc4a68a5f97c4","occ_fae9488044e78956c31406ad","4"
"route_d080fd7ddaffc4a68a5f97c4","occ_1cc1d797fb7df361504196fc","5"
"route_d080fd7ddaffc4a68a5f97c4","occ_3725141771044c114b9175f1","6"
"route_d080fd7ddaffc4a68a5f97c4","occ_8dd3729b3cab59ab7846a2ab","7"
"route_d080fd7ddaffc4a68a5f97c4","occ_4a34f35e2c27bcaaaa42d696","8"
"route_d080fd7ddaffc4a68a5f97c4","occ_a86552799cde0d278ee3aab8","9"
"route_d08a37d265659d02bf0fbca3","occ_53bb5ed11305db633de2f91f","1"
"route_d08a37d265659d02bf0fbca3","occ_6a1b996c7ab64410be2bac7b","10"
"route_d08a37d265659d02bf0fbca3","occ_0b3b934ddf4424253b332611","11"
"route_d08a37d265659d02bf0fbca3","occ_75e9ed9bde3f46ceea50f120","12"
"route_d08a37d265659d02bf0fbca3","occ_7e151fb23abbc5419dd39dd0","2"
"route_d08a37d265659d02bf0fbca3","occ_25975d2b82232afcc3681abd","3"
"route_d08a37d265659d02bf0fbca3","occ_44175d50f6fbe66b70aee393","4"
"route_d08a37d265659d02bf0fbca3","occ_577e8bbda54501f3a9ad3421","5"
"route_d08a37d265659d02bf0fbca3","occ_218b6df12e8aded0c1db4dc0","6"
"route_d08a37d265659d02bf0fbca3","occ_a7754ff82a87a7be22a037bb","7"
"route_d08a37d265659d02bf0fbca3","occ_65e1a242efb1229f5838d7d2","8"
"route_d08a37d265659d02bf0fbca3","occ_cd2952a9dd6f3d5ab48ae3fc","9"
"route_d0931c42057122d20d3dead6","occ_f21b8c9cce298c137e8e5405","1"
"route_d0ab870aaefd6bd7672010f2","occ_4c7718c51d7228269ab201ce","1"
"route_d0b410748c41be8382215281","occ_49e408eb98cca24b62b7368e","1"
"route_d0b458449f87f2c9400fab35","occ_a65e2b0fd8dd076a7644d996","1"
"route_d0b458449f87f2c9400fab35","occ_dc25016b3053974afd12d5ff","10"
"route_d0b458449f87f2c9400fab35","occ_b6bef658b58594c94b5be105","11"
"route_d0b458449f87f2c9400fab35","occ_14d4d9af029eb69d877b5504","12"
"route_d0b458449f87f2c9400fab35","occ_b800f842a873955205d8267c","13"
"route_d0b458449f87f2c9400fab35","occ_5c74f078a798ab7e65c2d0dd","14"
"route_d0b458449f87f2c9400fab35","occ_7d4e181559df7426f2bfa7e8","2"
"route_d0b458449f87f2c9400fab35","occ_7cd84d01d9ec4776fe340422","3"
"route_d0b458449f87f2c9400fab35","occ_2dda83828468c18b25fc850c","4"
"route_d0b458449f87f2c9400fab35","occ_f18ae2847153b1ce05557ea3","5"
"route_d0b458449f87f2c9400fab35","occ_0b3765626ca2192c87422726","6"
"route_d0b458449f87f2c9400fab35","occ_85323e5d538cd3f0f66fe170","7"
"route_d0b458449f87f2c9400fab35","occ_ad4bf489f6fe20a8d98c27dd","8"
"route_d0b458449f87f2c9400fab35","occ_0c0ada0d2a36d49b6f78df9d","9"
"route_d0b5d1e058852146a9e07e72","occ_8869cdd4f005f1ca296b3663","1"
"route_d0e0fe4ca09354479af8d432","occ_1f11058ed53df9d2a7272426","1"
"route_d0e0fe4ca09354479af8d432","occ_87974b7ca22b14ce4669c8bf","2"
"route_d0e0fe4ca09354479af8d432","occ_08ae40bc75d655693f36cdfc","3"
"route_d0e0fe4ca09354479af8d432","occ_b365fdf8db312531cac8dc70","4"
"route_d0e0fe4ca09354479af8d432","occ_52636a4e92b4955f53d2dfae","5"
"route_d0e0fe4ca09354479af8d432","occ_82a2d90043688ff6936799ae","6"
"route_d171a44c5b73829113abfe01","occ_0015bfb2479e3597bce6a5db","1"
"route_d171a44c5b73829113abfe01","occ_7e9af8cfccb17965b9576018","2"
"route_d171a44c5b73829113abfe01","occ_23dc487dad340517ff36d44e","3"
"route_d18113408fe14c45b6b1e9fe","occ_1558b6413ebf4142bb0c6d62","1"
"route_d1af4c8c1cfa1e898c678bad","occ_59532a824fe6bd65899b601e","1"
"route_d1af4c8c1cfa1e898c678bad","occ_ec3ce507454083abe6161277","2"
"route_d1af4c8c1cfa1e898c678bad","occ_11b09af2d2ba1f23335797c2","3"
"route_d1afd5b4ae7c20904f85fa3d","occ_52a3c71d5f6d7701d2865e46","1"
"route_d1afd5b4ae7c20904f85fa3d","occ_45f0eb397582e0e3664a509b","10"
"route_d1afd5b4ae7c20904f85fa3d","occ_e3fc5435b08a7d5807b55e4b","11"
"route_d1afd5b4ae7c20904f85fa3d","occ_8ec17efca3ed8bbe29aa771a","2"
"route_d1afd5b4ae7c20904f85fa3d","occ_75fd8d8fa31eeb9e5baaa3a2","3"
"route_d1afd5b4ae7c20904f85fa3d","occ_b06a913f9876424bc64d3a95","4"
"route_d1afd5b4ae7c20904f85fa3d","occ_547060a10bb1c146d03a4d7c","5"
"route_d1afd5b4ae7c20904f85fa3d","occ_f09434b9f565486c82703eef","6"
"route_d1afd5b4ae7c20904f85fa3d","occ_be6ba0c293e708795fa7d62f","7"
"route_d1afd5b4ae7c20904f85fa3d","occ_9e43580a4c97ed3d4134f299","8"
"route_d1afd5b4ae7c20904f85fa3d","occ_c66b79bd18aa21d2db5bd332","9"
"route_d1ba0f0a0ed442a8014e3bc7","occ_9524a92bcdc60c62c691ed23","1"
"route_d1e8ee422565167c1801b207","occ_5e42747d6ecfc119ef2564f4","1"
"route_d1e8ee422565167c1801b207","occ_c0d380bb0784d65730a05c37","10"
"route_d1e8ee422565167c1801b207","occ_3b11a17d67139bde3c229295","11"
"route_d1e8ee422565167c1801b207","occ_a5535e0758d25e440b1d264e","12"
"route_d1e8ee422565167c1801b207","occ_5e87847da63fa7fb9d3dd554","13"
"route_d1e8ee422565167c1801b207","occ_b29364857f10db423383286e","14"
"route_d1e8ee422565167c1801b207","occ_24fe0bab19e4056188559adc","2"
"route_d1e8ee422565167c1801b207","occ_25ecb52ef41e71d0e814ba15","3"
"route_d1e8ee422565167c1801b207","occ_12534ba9e9a94cc62d004a48","4"
"route_d1e8ee422565167c1801b207","occ_c3495ad3ca9e80b463220075","5"
"route_d1e8ee422565167c1801b207","occ_eb1a4a5de393446f925996a5","6"
"route_d1e8ee422565167c1801b207","occ_c15dada47b0a13b0dfb1fedc","7"
"route_d1e8ee422565167c1801b207","occ_79bae89aa66c99de7a023be1","8"
"route_d1e8ee422565167c1801b207","occ_f11902688d59a2b33b4ffa70","9"
"route_d26e0e9d2708ce10d322e2a3","occ_727dca9fe3a451150cfb4393","1"
"route_d26e0e9d2708ce10d322e2a3","occ_a81a01bcfda37e2ed28e7712","2"
"route_d26e0e9d2708ce10d322e2a3","occ_bbb4ecf443b0bd77324d419d","3"
"route_d26e0e9d2708ce10d322e2a3","occ_37bef00098dda67fe419be8e","4"
"route_d26e0e9d2708ce10d322e2a3","occ_7e3c602eef850a7de79514e2","5"
"route_d27d2f647c42d39a000e3bb7","occ_dcc5daaf6aa90d9c648ed165","1"
"route_d29fb5677da7806f819c5054","occ_60d1ab897810a2865c8148e6","1"
"route_d2ddd091a9638a70d4491ebb","occ_dd1fa071440a8e66a3cc55c1","1"
"route_d2fc782dd2cf5fc11a49c855","occ_6ff588f3eeb3f95eb20f2536","1"
"route_d39676079578aa8a98122eb8","occ_831f8744412f360cb108e745","1"
"route_d39676079578aa8a98122eb8","occ_0e1bb1f065d88e7be7658318","10"
"route_d39676079578aa8a98122eb8","occ_a93e55e407637b52e35fa183","11"
"route_d39676079578aa8a98122eb8","occ_86cf5676bebbf687ab7a7bbd","12"
"route_d39676079578aa8a98122eb8","occ_ec65be500f2581e5e7c98ee4","13"
"route_d39676079578aa8a98122eb8","occ_5950c289658c622eba4b1318","14"
"route_d39676079578aa8a98122eb8","occ_5e0f483af9e649c608c4e94c","2"
"route_d39676079578aa8a98122eb8","occ_7235b3f40fcf7e20a96399f8","3"
"route_d39676079578aa8a98122eb8","occ_567e0e4a4b837be4c035ff3f","4"
"route_d39676079578aa8a98122eb8","occ_b73a8faba1e427a5a91b576e","5"
"route_d39676079578aa8a98122eb8","occ_d22f7b063b5bb830c5aea751","6"
"route_d39676079578aa8a98122eb8","occ_6a8964367821f1a2a65e5c55","7"
"route_d39676079578aa8a98122eb8","occ_68fae99eb60ff6cbc5f85b0b","8"
"route_d39676079578aa8a98122eb8","occ_ef7601a61195504bcaeb0a44","9"
"route_d39d6d52cdd9ecb28c8ba0c7","occ_c3ad60781f8088f0fa0fcd1f","1"
"route_d3c98e5cb7e7e63e8405aa48","occ_99d87e39a934f4e91311c956","1"
"route_d3c98e5cb7e7e63e8405aa48","occ_a5a4abe0189ea6367e489814","2"
"route_d3c98e5cb7e7e63e8405aa48","occ_ea14b9b82cf85f206430779b","3"
"route_d3edfeb706205567efe8f9dc","occ_c636960cfceebe27546791c1","1"
"route_d459bf98e34143a271be25c3","occ_00473c8f751ca02ef71c7638","1"
"route_d459bf98e34143a271be25c3","occ_fccf3fc9746696f5e62f25d0","10"
"route_d459bf98e34143a271be25c3","occ_f55e6a9f4aeec05208c90fc8","11"
"route_d459bf98e34143a271be25c3","occ_36b7f839d7653ac3ad8ecd17","12"
"route_d459bf98e34143a271be25c3","occ_3e0bb3870da8306d74353dbf","13"
"route_d459bf98e34143a271be25c3","occ_36fe2675f8d9c57da219cd04","14"
"route_d459bf98e34143a271be25c3","occ_969c6a86e5a2d1650809154b","15"
"route_d459bf98e34143a271be25c3","occ_d0175c1114087b95daa0db2e","16"
"route_d459bf98e34143a271be25c3","occ_d4e34be06f44f384063ba861","17"
"route_d459bf98e34143a271be25c3","occ_a3489f0fec19743707d664a3","18"
"route_d459bf98e34143a271be25c3","occ_9c49ff1cbe7aa91abf39ec04","19"
"route_d459bf98e34143a271be25c3","occ_92977066bfb6731f0afeceff","2"
"route_d459bf98e34143a271be25c3","occ_2a3fd8b13694991b63e92a19","20"
"route_d459bf98e34143a271be25c3","occ_1a6ef42f065bf62d3b8d4878","21"
"route_d459bf98e34143a271be25c3","occ_8bdf5d4aa201fb530cb0c362","22"
"route_d459bf98e34143a271be25c3","occ_67192dbf768a7185c1619dbe","23"
"route_d459bf98e34143a271be25c3","occ_0c756f98d07f1f9abcac5c98","24"
"route_d459bf98e34143a271be25c3","occ_fd95f878ccee9f597c21c1d4","3"
"route_d459bf98e34143a271be25c3","occ_1b8dd49987bdef6062bbc0d1","4"
"route_d459bf98e34143a271be25c3","occ_885b57fd4bbf23153d092da6","5"
"route_d459bf98e34143a271be25c3","occ_398c68ce0bd643ec2f1e9983","6"
"route_d459bf98e34143a271be25c3","occ_da29fbf607da2f9cd20f4a92","7"
"route_d459bf98e34143a271be25c3","occ_87f7b563725e5ae6ad46bdd6","8"
"route_d459bf98e34143a271be25c3","occ_44c3316bb67359d94628566e","9"
"route_d45a9d3cfde6a27623fa222a","occ_eaab95ee86a904ae040cf463","1"
"route_d46993993852e26216c20b05","occ_51e28c0f09d1e08f301df74e","1"
"route_d489d2348c3f04f93e82c236","occ_e5cdff2ad3b4e5de9c0a0aa9","1"
"route_d498853b370aeca9bc86bee7","occ_286f72f973bd2184e55b26b8","1"
"route_d4a7add00432aafee2560553","occ_ef685846cec4db4dadd26be3","1"
"route_d4b0560b7182d73d70249997","occ_3feb9c77fe12797adc7d006d","1"
"route_d4b0560b7182d73d70249997","occ_aa67559fb22e9e4b93dbb2ad","10"
"route_d4b0560b7182d73d70249997","occ_7b283af79ed28c6f0222f73c","11"
"route_d4b0560b7182d73d70249997","occ_cbe20888d69c247468d5f3c3","12"
"route_d4b0560b7182d73d70249997","occ_4da344ebed97b2d25df48312","13"
"route_d4b0560b7182d73d70249997","occ_9722be577f20604c7954bccf","14"
"route_d4b0560b7182d73d70249997","occ_05180b7bb15efe744fe86bb9","15"
"route_d4b0560b7182d73d70249997","occ_41fb28e35e3e3f91534bcc9e","16"
"route_d4b0560b7182d73d70249997","occ_8c803c92da3dcd730edfb3f4","17"
"route_d4b0560b7182d73d70249997","occ_374a66e4ad7f8c1bc932f480","18"
"route_d4b0560b7182d73d70249997","occ_ce453c472e58c711a4476dd5","19"
"route_d4b0560b7182d73d70249997","occ_ee3feff64633b650f4fe1c1b","2"
"route_d4b0560b7182d73d70249997","occ_5b378a88326967a492a8cbbf","20"
"route_d4b0560b7182d73d70249997","occ_1bca56d7f175036361e1c95f","21"
"route_d4b0560b7182d73d70249997","occ_1a649cef26b94f4c3b36ecf8","22"
"route_d4b0560b7182d73d70249997","occ_421c1d085d5540f8dae80ac0","23"
"route_d4b0560b7182d73d70249997","occ_e58d9d6490e1a9491cc1ab22","24"
"route_d4b0560b7182d73d70249997","occ_219dec525c082c37dc95180e","25"
"route_d4b0560b7182d73d70249997","occ_6709446b31b5392d54a1c140","26"
"route_d4b0560b7182d73d70249997","occ_5eec8be4c72305ed2dd100c3","27"
"route_d4b0560b7182d73d70249997","occ_cf0e82b121c9228249e28b77","28"
"route_d4b0560b7182d73d70249997","occ_c6d50ea4ec3999b4a0da339b","29"
"route_d4b0560b7182d73d70249997","occ_da18bf79341b20fca550a1f2","3"
"route_d4b0560b7182d73d70249997","occ_c92c03edb5aa4c0a3735f18b","30"
"route_d4b0560b7182d73d70249997","occ_5382182132edc1670e1fc48a","31"
"route_d4b0560b7182d73d70249997","occ_a9f4e9c8193794e90512a68b","4"
"route_d4b0560b7182d73d70249997","occ_e5015002e383edc96625e4a0","5"
"route_d4b0560b7182d73d70249997","occ_da08b940fedb6b73d8413f42","6"
"route_d4b0560b7182d73d70249997","occ_4b6974961bf77cffaa562b42","7"
"route_d4b0560b7182d73d70249997","occ_98dc3dce699d6fb6efc588cb","8"
"route_d4b0560b7182d73d70249997","occ_4c0e2e42065274229b91bd79","9"
"route_d4f0fcff933c3386bb368505","occ_9cdd618e47e49a70b557d53a","1"
"route_d4f10a7dc331c1abf5a60cee","occ_aaaf5f8362b162b31fec1108","1"
"route_d4f10a7dc331c1abf5a60cee","occ_828d44e32de661e48aa2957e","10"
"route_d4f10a7dc331c1abf5a60cee","occ_e6d1d06235647ee0e861c1e3","11"
"route_d4f10a7dc331c1abf5a60cee","occ_ba6db4943842871522b9fb11","2"
"route_d4f10a7dc331c1abf5a60cee","occ_0d6d34b1d16c6ad89f6c686e","3"
"route_d4f10a7dc331c1abf5a60cee","occ_48b2747250c789eb43e831ae","4"
"route_d4f10a7dc331c1abf5a60cee","occ_af91d7a40bd924d31f800ef6","5"
"route_d4f10a7dc331c1abf5a60cee","occ_0481af3874c690457a6df4d5","6"
"route_d4f10a7dc331c1abf5a60cee","occ_81b6d6bd011117bf188a895a","7"
"route_d4f10a7dc331c1abf5a60cee","occ_9e38d0f97b299ccfe29a93e8","8"
"route_d4f10a7dc331c1abf5a60cee","occ_7e2bda32e2c8a3d39cf59d6e","9"
"route_d5124a282dfdb99cadeb8606","occ_35e0c7567a1933ab9cc39abe","1"
"route_d5124a282dfdb99cadeb8606","occ_93b848c715bad5c4880df53c","2"
"route_d5124a282dfdb99cadeb8606","occ_be7008a83256fe4d37f1a7bf","3"
"route_d5124a282dfdb99cadeb8606","occ_f991aff710628e8b52fec891","4"
"route_d5124a282dfdb99cadeb8606","occ_2789732e409760c13df967a2","5"
"route_d5124a282dfdb99cadeb8606","occ_e66b424a478a4ae40566c7aa","6"
"route_d5124a282dfdb99cadeb8606","occ_a33de1c8189f67f6a7404aed","7"
"route_d512f980f79741ea6737993f","occ_6f41b4e1240195a70efdbb83","1"
"route_d52be23327805febde4db469","occ_110d4c5cfccda8f5bb5d2f7d","1"
"route_d53be57b6084439d5b13a44e","occ_27ccee82f5ee39ca6bdb6298","1"
"route_d540aaf5e9490715f033b27f","occ_f5731de8acfb6376c5d38d0d","1"
"route_d540aaf5e9490715f033b27f","occ_eab4382c5828d9c58db8beb6","2"
"route_d540aaf5e9490715f033b27f","occ_973b7992c37dc3635787d635","3"
"route_d540aaf5e9490715f033b27f","occ_4e1da4df8c9b4ad8e3caa8e9","4"
"route_d540aaf5e9490715f033b27f","occ_d35ea4a752865a537628342d","5"
"route_d5acc1d111bed22e90bf34ee","occ_99d1f9812528ab5ebad9d1f2","1"
"route_d5b92b025f6bfa222a165971","occ_43dbc520f709a06b5ad074cb","1"
"route_d60695650b8a35a53cf05616","occ_349537d21af31588cd6ec507","1"
"route_d653a9a0ba1c3d6b2760c31b","occ_4ad4f3f4d459ab4ecd1bf300","1"
"route_d653a9a0ba1c3d6b2760c31b","occ_095262f1df4e57901e48b3ea","2"
"route_d653a9a0ba1c3d6b2760c31b","occ_6d5d59ae56c874eda95ef977","3"
"route_d653adbbe0e40223e6fd8c8b","occ_69c073bbc45d3fb37bad514b","1"
"route_d653adbbe0e40223e6fd8c8b","occ_0990e668b760b7ab732157eb","10"
"route_d653adbbe0e40223e6fd8c8b","occ_e2ea89c55d6e737dec393d36","2"
"route_d653adbbe0e40223e6fd8c8b","occ_ba6bc5b523eef92fd26af5a2","3"
"route_d653adbbe0e40223e6fd8c8b","occ_d6ce0f569bea1167a9bc705c","4"
"route_d653adbbe0e40223e6fd8c8b","occ_313308f8ce08d234225a0a2d","5"
"route_d653adbbe0e40223e6fd8c8b","occ_ced5c78efb51fd412609ed03","6"
"route_d653adbbe0e40223e6fd8c8b","occ_6f0c2ef441402c2bd142cb4b","7"
"route_d653adbbe0e40223e6fd8c8b","occ_09d918a519fca2f626cf8616","8"
"route_d653adbbe0e40223e6fd8c8b","occ_a36fcd3c141d1ea42fd07389","9"
"route_d66eca8ed96d52cb35a678b0","occ_c214ec485d27cd48dd95dcff","1"
"route_d67ae66e1bec034495cc3825","occ_6f83ad8fbc32390bbc1597cf","1"
"route_d69996ad09503b704bfabbe5","occ_87fdc6b76a0ab44ec4f201e6","1"
"route_d69a5737e6d4b534eaaec1c8","occ_64ab5475131ac061f91bc320","1"
"route_d6b542c351b5705dd36ef326","occ_66335c9512f825c97e690a5a","1"
"route_d6df75ef8de25e02eac96a3f","occ_72fd55886208ebee2eb54e36","1"
"route_d6ea1a62cfd3d38edf26d10b","occ_c82c66401667ada65a6a35b7","1"
"route_d70ed58c1b1c8e9ad36d39fb","occ_b092c8c5733fd2bdfd99faa9","1"
"route_d70ed58c1b1c8e9ad36d39fb","occ_ee6e3fb43432debfd6669b9b","2"
"route_d7195950ebcef14cf61cc18b","occ_511e03ebbc2e1512bd241499","1"
"route_d7195950ebcef14cf61cc18b","occ_6cb2c0a166c779f6c3d0139e","10"
"route_d7195950ebcef14cf61cc18b","occ_8f37b201d03d1b1f822efea1","11"
"route_d7195950ebcef14cf61cc18b","occ_d7b0382db2e957100fe1f9d0","2"
"route_d7195950ebcef14cf61cc18b","occ_bf325d29e749d32adb4f63f6","3"
"route_d7195950ebcef14cf61cc18b","occ_187fe4ac0c5e11441b27a87e","4"
"route_d7195950ebcef14cf61cc18b","occ_27db517f9c44965819571e4c","5"
"route_d7195950ebcef14cf61cc18b","occ_782efda83c1f3b27beffa34d","6"
"route_d7195950ebcef14cf61cc18b","occ_bafac6d3b83dec439c51b1b6","7"
"route_d7195950ebcef14cf61cc18b","occ_a554c340e53dc8b48f04e246","8"
"route_d7195950ebcef14cf61cc18b","occ_d852a8cb27584935f870ee4b","9"
"route_d72f9f6932d54acab23b9728","occ_d8f27cf612ce0181db899221","1"
"route_d74d35e1debdb25cb00ed3d7","occ_f0b1fb7ac6a374d95825df88","1"
"route_d74d35e1debdb25cb00ed3d7","occ_ed765b16c114117cfe7394da","10"
"route_d74d35e1debdb25cb00ed3d7","occ_c43347735fa43532010d994e","11"
"route_d74d35e1debdb25cb00ed3d7","occ_a8a955e9b1213127bdb5a0b6","12"
"route_d74d35e1debdb25cb00ed3d7","occ_b9215a56150993ad29c80e17","13"
"route_d74d35e1debdb25cb00ed3d7","occ_9fbe3e8ef3981ca4eeba0ccb","14"
"route_d74d35e1debdb25cb00ed3d7","occ_a664a40ebe8708aa636df8c6","15"
"route_d74d35e1debdb25cb00ed3d7","occ_c503fe1883f0df17d7633545","16"
"route_d74d35e1debdb25cb00ed3d7","occ_9af939e4aa810fd348c67d71","17"
"route_d74d35e1debdb25cb00ed3d7","occ_aada59e33815266408df9e77","18"
"route_d74d35e1debdb25cb00ed3d7","occ_472d1df6302f76a87bb60e17","19"
"route_d74d35e1debdb25cb00ed3d7","occ_f3e063d010d5f5652439f888","2"
"route_d74d35e1debdb25cb00ed3d7","occ_71aa3deb5815e94a6fca04e4","20"
"route_d74d35e1debdb25cb00ed3d7","occ_a6461d61736c462f6f32e479","21"
"route_d74d35e1debdb25cb00ed3d7","occ_1fb292edd68faa41b57cfa88","22"
"route_d74d35e1debdb25cb00ed3d7","occ_8f7d0acc64afec345809133e","23"
"route_d74d35e1debdb25cb00ed3d7","occ_1a00abc7313978cec51d81dc","24"
"route_d74d35e1debdb25cb00ed3d7","occ_d5190172abd2a9ea78db3c6c","25"
"route_d74d35e1debdb25cb00ed3d7","occ_f3ab11a43a7cab259e1024e4","26"
"route_d74d35e1debdb25cb00ed3d7","occ_b44ad057eefb5ad041df022c","27"
"route_d74d35e1debdb25cb00ed3d7","occ_fd6ddcabaef1e869806a00a6","28"
"route_d74d35e1debdb25cb00ed3d7","occ_4e7d2ed02c682fd54d3ed3a8","29"
"route_d74d35e1debdb25cb00ed3d7","occ_2761404bbe29db6146997abf","3"
"route_d74d35e1debdb25cb00ed3d7","occ_486e9793b7912232e84ba3c5","30"
"route_d74d35e1debdb25cb00ed3d7","occ_aade13e394c13bf7bd6b7344","31"
"route_d74d35e1debdb25cb00ed3d7","occ_eb4d4e7406aeb2207e4f2ce5","32"
"route_d74d35e1debdb25cb00ed3d7","occ_cb6c5504ca159b3977304ce0","4"
"route_d74d35e1debdb25cb00ed3d7","occ_0ed45b1d76dcc94b7fa8b7c8","5"
"route_d74d35e1debdb25cb00ed3d7","occ_d0c229539eed782ae0a06c5b","6"
"route_d74d35e1debdb25cb00ed3d7","occ_c28f96d442b2d7663927afaf","7"
"route_d74d35e1debdb25cb00ed3d7","occ_49cd21d2a32a75f0be4c65ba","8"
"route_d74d35e1debdb25cb00ed3d7","occ_472e89de2a2973214bd39f75","9"
"route_d77246b3b07403172708ac4d","occ_cd806054f53747aeb69145c4","1"
"route_d77246b3b07403172708ac4d","occ_78bac844ec43f5b2b1b0f72a","2"
"route_d77246b3b07403172708ac4d","occ_566609218e798064985e69f7","3"
"route_d78ac38dcb0078cf498da8c8","occ_a7be3fb9f7d8c2338995f076","1"
"route_d7c7ac74de88d58d32523c15","occ_96e96a2eb3bbbee91cf72981","1"
"route_d7f05c21fdc67e74eaeee94a","occ_cad0899f4bd63896b4748761","1"
"route_d81214f131d6cecb07f86a7f","occ_2bfe9ba25cff392cab5a8b95","1"
"route_d81214f131d6cecb07f86a7f","occ_5b12b9f8f1e7bd50d2d7da01","10"
"route_d81214f131d6cecb07f86a7f","occ_4f37311ff7eef2b1417eea63","11"
"route_d81214f131d6cecb07f86a7f","occ_82d107a58303a21687065949","12"
"route_d81214f131d6cecb07f86a7f","occ_a841fdb6c5de5d464bdf424e","13"
"route_d81214f131d6cecb07f86a7f","occ_87426e84ec82ef2733c76457","14"
"route_d81214f131d6cecb07f86a7f","occ_0f26c4502d00e185cce2e266","15"
"route_d81214f131d6cecb07f86a7f","occ_2f36c7ca412fc10377b4d8de","2"
"route_d81214f131d6cecb07f86a7f","occ_1943d97b5ace0a877e5cc0b1","3"
"route_d81214f131d6cecb07f86a7f","occ_f9a8caeefbb659f2fafbac93","4"
"route_d81214f131d6cecb07f86a7f","occ_355c833334a57f1af94487be","5"
"route_d81214f131d6cecb07f86a7f","occ_4e63c3577cba2f1a248cf84a","6"
"route_d81214f131d6cecb07f86a7f","occ_18af4d551ed4e2ab2c7c99c8","7"
"route_d81214f131d6cecb07f86a7f","occ_3c2ab09c775d84f982e5e062","8"
"route_d81214f131d6cecb07f86a7f","occ_c3b18017f247c5b0d2d61ad3","9"
"route_d81abc1c24910f3be0494401","occ_4c68c065d732ff415086bbf1","1"
"route_d82d8092609084176b51e6c8","occ_42a22b033c7f3d97ab60c3a3","1"
"route_d82d8092609084176b51e6c8","occ_364a886180e5d88cbe4cf945","10"
"route_d82d8092609084176b51e6c8","occ_851fc7833f72b60776b12ee9","11"
"route_d82d8092609084176b51e6c8","occ_b378616ebabff004f59d9b3b","12"
"route_d82d8092609084176b51e6c8","occ_a2b20204b2fda954ea30bf4c","13"
"route_d82d8092609084176b51e6c8","occ_a579ac5db50ec68770ad24d8","14"
"route_d82d8092609084176b51e6c8","occ_c4874317e5f05c54d3607910","15"
"route_d82d8092609084176b51e6c8","occ_3b37206a95112806dad704ca","16"
"route_d82d8092609084176b51e6c8","occ_e927238cf63178949a6a7a3b","17"
"route_d82d8092609084176b51e6c8","occ_5d9b6a8ce05989c7b83f4623","18"
"route_d82d8092609084176b51e6c8","occ_0df2dcc1affe6e58ff3127ff","19"
"route_d82d8092609084176b51e6c8","occ_bb0b7019609a04223bd21c66","2"
"route_d82d8092609084176b51e6c8","occ_940ad261a17dc66e0bf49e9d","20"
"route_d82d8092609084176b51e6c8","occ_2c7bc9b1d3f7a1f893695ee7","21"
"route_d82d8092609084176b51e6c8","occ_8cbf54f365e3e9cc8fe73808","22"
"route_d82d8092609084176b51e6c8","occ_6349b01e5e6b665459566ea0","23"
"route_d82d8092609084176b51e6c8","occ_97210d4bb2f607107f9cc97c","24"
"route_d82d8092609084176b51e6c8","occ_ce3813e10c10426f7451a1a2","3"
"route_d82d8092609084176b51e6c8","occ_cc7c1b4230224b90c203304a","4"
"route_d82d8092609084176b51e6c8","occ_e2ca686f6a381f14350bbe28","5"
"route_d82d8092609084176b51e6c8","occ_9faa7eae3fb0d7c23d033952","6"
"route_d82d8092609084176b51e6c8","occ_6de325ada6f986d95fe74703","7"
"route_d82d8092609084176b51e6c8","occ_886294fdb11e48e72f28a186","8"
"route_d82d8092609084176b51e6c8","occ_41bded082fc7aff7a1d32107","9"
"route_d8d826a4e4fbff2d365f020a","occ_50692ebae6121f9e52f46fc7","1"
"route_d916b48020dca3aa5ae180f2","occ_413d493f1a63ce94812faea7","1"
"route_d916b48020dca3aa5ae180f2","occ_3d52ad3bfe6edca8223aa1ae","10"
"route_d916b48020dca3aa5ae180f2","occ_8abf93bf7f55779c52c7284d","2"
"route_d916b48020dca3aa5ae180f2","occ_6e1d35d6cbe62a939b3f7acb","3"
"route_d916b48020dca3aa5ae180f2","occ_9ea936feaa73821d4bab6ea4","4"
"route_d916b48020dca3aa5ae180f2","occ_08b7226a1a730ca89e75ab6c","5"
"route_d916b48020dca3aa5ae180f2","occ_b2a916461d99ce3d42c9d1cb","6"
"route_d916b48020dca3aa5ae180f2","occ_346338e3306519ea66376bdc","7"
"route_d916b48020dca3aa5ae180f2","occ_090664e83bb5a54410abda57","8"
"route_d916b48020dca3aa5ae180f2","occ_d23eda7c7d1cbbd28d2bb315","9"
"route_d91f7b27c144938ed357ec43","occ_16762215753f80cffb84f8bc","1"
"route_d94144deba99b964c633f311","occ_e97135f653ed9f8fa5a4d77f","1"
"route_d94144deba99b964c633f311","occ_9ca59ca3e70c0bf700252949","2"
"route_d94144deba99b964c633f311","occ_02b25e4ee0a6094ce693e654","3"
"route_d962cb1055a7805040a07915","occ_50f91340c116db68c1a48af3","1"
"route_d9b80b7362b18a137387dab7","occ_658c533efa553117d6612290","1"
"route_d9cc94a80defbf681e592293","occ_88603524d198d2a6a90fe212","1"
"route_da265b5039d662bad959b903","occ_75200734f77351edb2f95993","1"
"route_da319bdc7074d912a34530c6","occ_48d5d2ee9639c7a196523eb9","1"
"route_da4898db7d9e22991964acd2","occ_040c33e22c6f95734236c34a","1"
"route_da8834e436506a734831c1ab","occ_95fa5062e0a2f8146a515649","1"
"route_da8834e436506a734831c1ab","occ_6f7e5421ef16ff12edc76ec8","10"
"route_da8834e436506a734831c1ab","occ_21776dd990fc49d19d2c98b5","11"
"route_da8834e436506a734831c1ab","occ_3225125a8ca8069765be87f6","12"
"route_da8834e436506a734831c1ab","occ_e614e9332054fca91a343f7b","13"
"route_da8834e436506a734831c1ab","occ_a46f09f15a7b23f89767491d","14"
"route_da8834e436506a734831c1ab","occ_d2beb11e4ac5c5acb1d9164e","15"
"route_da8834e436506a734831c1ab","occ_99deba2a11b77ee02ea95ba2","16"
"route_da8834e436506a734831c1ab","occ_27084166a13f35afffc404b9","17"
"route_da8834e436506a734831c1ab","occ_9070d3b1f9c08f914bd9aeb4","18"
"route_da8834e436506a734831c1ab","occ_995e26c0fda796cb1672c23d","19"
"route_da8834e436506a734831c1ab","occ_4d7d21cf5a74d865265dfea9","2"
"route_da8834e436506a734831c1ab","occ_018d889ba612f13c5a5c211f","3"
"route_da8834e436506a734831c1ab","occ_6899e89af9fefa163f781307","4"
"route_da8834e436506a734831c1ab","occ_8032b33f1c84d3fcf59bf01f","5"
"route_da8834e436506a734831c1ab","occ_a00ce106b08201cfb6e53a04","6"
"route_da8834e436506a734831c1ab","occ_545e49a5c37b0d61759c7f7f","7"
"route_da8834e436506a734831c1ab","occ_1c9e1096229fc78c1377ee77","8"
"route_da8834e436506a734831c1ab","occ_61fce98edac04dfce4ea1c59","9"
"route_da89eeade2cd074a022de979","occ_879574ae58857bafe6dda36e","1"
"route_dab68266d9212391a20b124a","occ_ba5ef7814a0dfccc0a97c0d1","1"
"route_dab68266d9212391a20b124a","occ_1279a4130d52ce3f15709097","10"
"route_dab68266d9212391a20b124a","occ_5ee29c97b659a46aad8636ae","11"
"route_dab68266d9212391a20b124a","occ_4f75a43e1576b67ea0efab4f","12"
"route_dab68266d9212391a20b124a","occ_c97a01b38ce594761c669fe8","13"
"route_dab68266d9212391a20b124a","occ_ad9758e96d36ea39990c09cc","14"
"route_dab68266d9212391a20b124a","occ_669b621cfe2eabc38ae848dd","15"
"route_dab68266d9212391a20b124a","occ_84deb663ed497538f53621aa","16"
"route_dab68266d9212391a20b124a","occ_ded47a574e2013f64f8e54a8","17"
"route_dab68266d9212391a20b124a","occ_15c4ba1f7824bc4600a7ecff","18"
"route_dab68266d9212391a20b124a","occ_49827644cced745a7af0adf5","19"
"route_dab68266d9212391a20b124a","occ_4e2ecc8730f01f754226bc8e","2"
"route_dab68266d9212391a20b124a","occ_e4b94d86d310608c0effb561","3"
"route_dab68266d9212391a20b124a","occ_cd0785f0ccdd82f9bf74253b","4"
"route_dab68266d9212391a20b124a","occ_fd6bf5dfb5534551c4142351","5"
"route_dab68266d9212391a20b124a","occ_dc61d4fa112bdf6ffcc7d2eb","6"
"route_dab68266d9212391a20b124a","occ_a7315d9cc0a0f411cdbd1330","7"
"route_dab68266d9212391a20b124a","occ_8fe6c9ae3944cd17a6d07f05","8"
"route_dab68266d9212391a20b124a","occ_fa9b38cf07f7c51c0563a1d4","9"
"route_dafd0c09b573965c686209d9","occ_3dfe29c4297957628f7e958f","1"
"route_db342d8a6b4a6e300c725091","occ_c7f667d139f313e6fe4c1e7f","1"
"route_db470c7e07eac29c49053482","occ_dcbc89e809c4b15802a311ba","1"
"route_db4e387a12c5e71b300e1a08","occ_6d42bfbfd54e98c72ca9b8ed","1"
"route_db5d74e859e8bbdd20f0b4ec","occ_a81f6878a6d8deba33cf320d","1"
"route_db76cea64113acbe4ed6f872","occ_3a804cecb445535907fbda89","1"
"route_db76cea64113acbe4ed6f872","occ_c021d90e07a293d645402dd1","10"
"route_db76cea64113acbe4ed6f872","occ_31791faad985c7942685f947","11"
"route_db76cea64113acbe4ed6f872","occ_cf5430cea76e3dbb05fbb254","12"
"route_db76cea64113acbe4ed6f872","occ_b1f3616df0d33c2f05aad86f","13"
"route_db76cea64113acbe4ed6f872","occ_9aaa225064136f3f6848f1b6","14"
"route_db76cea64113acbe4ed6f872","occ_198240cd99a185416f62875c","15"
"route_db76cea64113acbe4ed6f872","occ_38d1e842f4415027039c9592","16"
"route_db76cea64113acbe4ed6f872","occ_66de03c62ca5f0ca6846a823","17"
"route_db76cea64113acbe4ed6f872","occ_8d26a466cce61db8411db43f","18"
"route_db76cea64113acbe4ed6f872","occ_8ab1dcf49c29e7e84cb10e2e","19"
"route_db76cea64113acbe4ed6f872","occ_28d37e3cc70430a3e1a7fe3d","2"
"route_db76cea64113acbe4ed6f872","occ_e9169cbb38ab423e160ffb5a","20"
"route_db76cea64113acbe4ed6f872","occ_cb32e47037a217f510d9609b","21"
"route_db76cea64113acbe4ed6f872","occ_30a793b51ddce99ab308157d","22"
"route_db76cea64113acbe4ed6f872","occ_4bd29a9c3329f22128a413b2","3"
"route_db76cea64113acbe4ed6f872","occ_e0f12f4c35d398a721333a28","4"
"route_db76cea64113acbe4ed6f872","occ_91206b4d3b437b02847f7da6","5"
"route_db76cea64113acbe4ed6f872","occ_edcc28c9b1c04de049e98a81","6"
"route_db76cea64113acbe4ed6f872","occ_f5b549cc00fff77e0f599265","7"
"route_db76cea64113acbe4ed6f872","occ_b620fd968bdfa605a31a6a6a","8"
"route_db76cea64113acbe4ed6f872","occ_5f69b88c61df1fdbabb39e47","9"
"route_db9aff9a3382a4347621ecb9","occ_2d1b70cce83e64d9029b4781","1"
"route_dba8649d472fb6b457f15889","occ_0463cadf4e36c10f84f739cb","1"
"route_dbe1e6d6180c55270fad6023","occ_32975fc6c8c4dc6a2e3a8650","1"
"route_dc0e3d68c3d96e56bd4b567c","occ_d1068c5a183692e273bbc2ee","1"
"route_dc25aaba4a6098f7a88caa25","occ_2063047d67af56e2a7546e8e","1"
"route_dc25aaba4a6098f7a88caa25","occ_d0290921dd7a7fcfb8cc18f9","10"
"route_dc25aaba4a6098f7a88caa25","occ_442e73fcdb99347251235399","11"
"route_dc25aaba4a6098f7a88caa25","occ_e4f8a2163b94c683ceaa1c2c","12"
"route_dc25aaba4a6098f7a88caa25","occ_440ac54b5af9d31eecb3b719","13"
"route_dc25aaba4a6098f7a88caa25","occ_067e5b5a19e54b78f65e1096","14"
"route_dc25aaba4a6098f7a88caa25","occ_d4409a672dfc677b60a818b8","2"
"route_dc25aaba4a6098f7a88caa25","occ_073fb482512cb3a7171d2c10","3"
"route_dc25aaba4a6098f7a88caa25","occ_37d6b89b204d3633d9f7f54c","4"
"route_dc25aaba4a6098f7a88caa25","occ_9f5b4b8dd7f207242c9ac53c","5"
"route_dc25aaba4a6098f7a88caa25","occ_7d923b0122e01c99940e3713","6"
"route_dc25aaba4a6098f7a88caa25","occ_bba5e5da4fb937a01ecfdc16","7"
"route_dc25aaba4a6098f7a88caa25","occ_8caabb0781b57c7bd21e98af","8"
"route_dc25aaba4a6098f7a88caa25","occ_65941808d19ee3bccd8b9b44","9"
"route_dc3100e32acc2234cb0758d6","occ_496cac689ba781d2325252bd","1"
"route_dc3100e32acc2234cb0758d6","occ_511853fa168bb68d9d4c565b","10"
"route_dc3100e32acc2234cb0758d6","occ_ddc44250892a2ff8869a8581","11"
"route_dc3100e32acc2234cb0758d6","occ_2a5167c06883872dbb7c70f0","12"
"route_dc3100e32acc2234cb0758d6","occ_462027f87e3253cf43df05b1","13"
"route_dc3100e32acc2234cb0758d6","occ_599bfe630c5cf2bf5a6d715e","14"
"route_dc3100e32acc2234cb0758d6","occ_8de4526f36f48d6daa0af5a5","15"
"route_dc3100e32acc2234cb0758d6","occ_9e18afca8919d416d32f9ff7","16"
"route_dc3100e32acc2234cb0758d6","occ_7da0a1eb9b3b8fb979a0641f","17"
"route_dc3100e32acc2234cb0758d6","occ_716abb4230a5df4380f1d233","18"
"route_dc3100e32acc2234cb0758d6","occ_9a5b3c79281a52561f2a1cae","19"
"route_dc3100e32acc2234cb0758d6","occ_9476f964a4bf2265ff72af31","2"
"route_dc3100e32acc2234cb0758d6","occ_25989b5126f752a18d64f4f0","20"
"route_dc3100e32acc2234cb0758d6","occ_0942025aec9bf55d1ec14a5e","21"
"route_dc3100e32acc2234cb0758d6","occ_1bda4680c1d0b0391a9fa82c","22"
"route_dc3100e32acc2234cb0758d6","occ_4ba42c2092a35c9ad1b23f38","23"
"route_dc3100e32acc2234cb0758d6","occ_e8c1f7125888b5215eeb5112","24"
"route_dc3100e32acc2234cb0758d6","occ_5f40195e829e9bf2d713ef23","3"
"route_dc3100e32acc2234cb0758d6","occ_8fe2c7dae73cba06c6947c01","4"
"route_dc3100e32acc2234cb0758d6","occ_f47f19ab147c8d760089b473","5"
"route_dc3100e32acc2234cb0758d6","occ_cf1747f4d39e6043c1f5a63e","6"
"route_dc3100e32acc2234cb0758d6","occ_692c05ddf0869253b3a16fd7","7"
"route_dc3100e32acc2234cb0758d6","occ_baf0bc0ac4e851cab78bf2a9","8"
"route_dc3100e32acc2234cb0758d6","occ_cf6900534c1e81cbfb928d97","9"
"route_dc3950ecc69108f0e11da395","occ_b16087b029084a7bc0ce3904","1"
"route_dc526b14e19a38869dcd45fb","occ_6b2b9d7aab5c17801e8ec25b","1"
"route_dc5531d3a5f3c285df154bbd","occ_4e4cd2fcf9fe1891791eaf94","1"
"route_dc5531d3a5f3c285df154bbd","occ_23e3622100295b03dbbe16a9","2"
"route_dc5531d3a5f3c285df154bbd","occ_080cea7f02d14153fad063ba","3"
"route_dc5d602acb3016b747e7da04","occ_a6b0cd983d59cf5aacb3c34a","1"
"route_dc5d602acb3016b747e7da04","occ_f44e525c25959d5db0b175b2","10"
"route_dc5d602acb3016b747e7da04","occ_85aac4714ea5047db56bbe7c","2"
"route_dc5d602acb3016b747e7da04","occ_175fbe458f941be0e3ac7b34","3"
"route_dc5d602acb3016b747e7da04","occ_a145ad32dfc004b827c33b35","4"
"route_dc5d602acb3016b747e7da04","occ_abc2b0a1098409fb66824288","5"
"route_dc5d602acb3016b747e7da04","occ_ae746a83805edcbf60d4e0f3","6"
"route_dc5d602acb3016b747e7da04","occ_4b7cd769d82b4b665d98ac4e","7"
"route_dc5d602acb3016b747e7da04","occ_9afe15d8cc209b5cafb1a9fc","8"
"route_dc5d602acb3016b747e7da04","occ_f6e8fa53799b3dceca226547","9"
"route_dc6f0afcd1714f7cbb0bef02","occ_28ce2c6961e527c0ce038e0e","1"
"route_dcac0721d7e3a01d9e196939","occ_a1231cad3a3472884572e431","1"
"route_dccb6f382be3d4eb8ab57fd3","occ_a458bb85892f5c22f628c2e9","1"
"route_dcfbc4c63f106220e61be987","occ_d87a02045ca8cdfe952d1887","1"
"route_dcfbc4c63f106220e61be987","occ_42374ead58ce23999f0391f4","10"
"route_dcfbc4c63f106220e61be987","occ_a3779c31798b75ca3b253fb9","11"
"route_dcfbc4c63f106220e61be987","occ_b15f78764d59d53c35fbc589","12"
"route_dcfbc4c63f106220e61be987","occ_1698ef8279e6067930816d72","13"
"route_dcfbc4c63f106220e61be987","occ_5b952cf43eadbcc7af8579ad","14"
"route_dcfbc4c63f106220e61be987","occ_7bf2ccc378857b3b71692eca","15"
"route_dcfbc4c63f106220e61be987","occ_cce031f623e8118805c7ed87","16"
"route_dcfbc4c63f106220e61be987","occ_33d68ffa1f74a1e895e634f2","17"
"route_dcfbc4c63f106220e61be987","occ_9d29df2ec695e573efeed605","18"
"route_dcfbc4c63f106220e61be987","occ_ad8f6afc69409ee19bfb7cd3","19"
"route_dcfbc4c63f106220e61be987","occ_55664b841a60182324971932","2"
"route_dcfbc4c63f106220e61be987","occ_a81d751baaac3b12752ba6e8","20"
"route_dcfbc4c63f106220e61be987","occ_33d0fae7a8f6b6f6286dc4a9","21"
"route_dcfbc4c63f106220e61be987","occ_650502785ce908968642c949","22"
"route_dcfbc4c63f106220e61be987","occ_7ae9fe4ac9101f375c72894f","23"
"route_dcfbc4c63f106220e61be987","occ_5671df8ffdc20b76da9a7683","24"
"route_dcfbc4c63f106220e61be987","occ_e8d0958832d037c280a73a17","25"
"route_dcfbc4c63f106220e61be987","occ_0839c8909b1a035fa0da4e61","26"
"route_dcfbc4c63f106220e61be987","occ_903d78c902ee51ede226605c","27"
"route_dcfbc4c63f106220e61be987","occ_e6e91e5a2a09508559cb3dbe","28"
"route_dcfbc4c63f106220e61be987","occ_875b7de83796fbb24b1bc8d1","29"
"route_dcfbc4c63f106220e61be987","occ_0b92d2c5b69256e0ae564ada","3"
"route_dcfbc4c63f106220e61be987","occ_417887d3f5c3a6cc89b084bb","4"
"route_dcfbc4c63f106220e61be987","occ_4f3b0d2faf9ae87e014683c6","5"
"route_dcfbc4c63f106220e61be987","occ_5c2558af77950969f323bf16","6"
"route_dcfbc4c63f106220e61be987","occ_b715199698774d9aa1816fa5","7"
"route_dcfbc4c63f106220e61be987","occ_a872e29099f105450acd4333","8"
"route_dcfbc4c63f106220e61be987","occ_223490575fa67a52f29bb990","9"
"route_dd27d706f65074a61b50e227","occ_13b3c2ebb2a075962ae7693c","1"
"route_dd27d706f65074a61b50e227","occ_015e1bcd00981de27c79b379","10"
"route_dd27d706f65074a61b50e227","occ_403301d733614ed4fda4bdc7","11"
"route_dd27d706f65074a61b50e227","occ_81910577159bd5a6d7b0b253","12"
"route_dd27d706f65074a61b50e227","occ_bd4d3a6bbd415d3813a809eb","13"
"route_dd27d706f65074a61b50e227","occ_fad7cf6969f56bc6461a8277","14"
"route_dd27d706f65074a61b50e227","occ_834e1894f9beee67259eac35","15"
"route_dd27d706f65074a61b50e227","occ_6ef0e4187d42e7a0803f507c","16"
"route_dd27d706f65074a61b50e227","occ_fd10e20222c5bd96baacaf56","17"
"route_dd27d706f65074a61b50e227","occ_a1048b329ee7dcffcecc2168","18"
"route_dd27d706f65074a61b50e227","occ_fa0e5e251879bf8538a3d9af","19"
"route_dd27d706f65074a61b50e227","occ_b4db7e5b7bbc24bd48a2e1c6","2"
"route_dd27d706f65074a61b50e227","occ_b8d7eb9582a9c78e27c851ff","20"
"route_dd27d706f65074a61b50e227","occ_0648d35c64b77446234bfbd5","21"
"route_dd27d706f65074a61b50e227","occ_b7b549dfc4caf564a881ab59","22"
"route_dd27d706f65074a61b50e227","occ_04a36bdaea14b195f896fea2","23"
"route_dd27d706f65074a61b50e227","occ_8b642534bd24085020c09b47","24"
"route_dd27d706f65074a61b50e227","occ_b3e17560f7e2d95a0d845ea6","25"
"route_dd27d706f65074a61b50e227","occ_3a599694ee5e282ea2f2a82a","3"
"route_dd27d706f65074a61b50e227","occ_12566fc952806d1a573f800f","4"
"route_dd27d706f65074a61b50e227","occ_a52e954cabcf0d7e78893c10","5"
"route_dd27d706f65074a61b50e227","occ_4a74e152264c91d27aa331d5","6"
"route_dd27d706f65074a61b50e227","occ_2cb1d55ade0d9a2ea00e3903","7"
"route_dd27d706f65074a61b50e227","occ_0086294d88c3b650b116a22d","8"
"route_dd27d706f65074a61b50e227","occ_05896e10d1329a0620278850","9"
"route_dd644a40cdec27ba5434a510","occ_593059fd06320494ba9a824e","1"
"route_dd644a40cdec27ba5434a510","occ_3c8367aef283ea6fa9f903c5","10"
"route_dd644a40cdec27ba5434a510","occ_3425997a17d6dac6aa9887f6","11"
"route_dd644a40cdec27ba5434a510","occ_fcb9e0a52510dc209cb79cc7","12"
"route_dd644a40cdec27ba5434a510","occ_c7e0c7a23fb1d2c983e9829a","13"
"route_dd644a40cdec27ba5434a510","occ_5d7a617fc1e0027da4ca4cd2","14"
"route_dd644a40cdec27ba5434a510","occ_c1c881abbbf4e89cc3d51b71","15"
"route_dd644a40cdec27ba5434a510","occ_55e30eb9356ab01a059d2bb9","16"
"route_dd644a40cdec27ba5434a510","occ_59cb51d78bc1139a954062c3","17"
"route_dd644a40cdec27ba5434a510","occ_85036d53c60ef0b8b46304cf","18"
"route_dd644a40cdec27ba5434a510","occ_9b0797c26bc367f648b1fbd9","19"
"route_dd644a40cdec27ba5434a510","occ_9d1654646147c03ebe60cca5","2"
"route_dd644a40cdec27ba5434a510","occ_d0ee0f2648bb572d044d6540","20"
"route_dd644a40cdec27ba5434a510","occ_1fd91ecb60703e6958c9cea8","3"
"route_dd644a40cdec27ba5434a510","occ_7255fd71f5c96c782a584e52","4"
"route_dd644a40cdec27ba5434a510","occ_50a814b3f5c37e9aa630a791","5"
"route_dd644a40cdec27ba5434a510","occ_00d9a16b5cff37f045d2c42a","6"
"route_dd644a40cdec27ba5434a510","occ_9f82d1444d54a5a9cc8b5d9e","7"
"route_dd644a40cdec27ba5434a510","occ_77bf03736e22a1947f6902eb","8"
"route_dd644a40cdec27ba5434a510","occ_38c9979b9b7139f75de40655","9"
"route_dd67f086dd2288b6be9277a3","occ_78c6d25cd2e4b657aaed46f2","1"
"route_dd722b0feadfebe3e196c2f7","occ_d1756e94c3e5463c602b2551","1"
"route_dd78722f7d3cbbff2b3cb484","occ_34dbfb612e22f5c97c6e9a74","1"
"route_dd7ab3e2e2447583f507b4b0","occ_e8bb37bc7123c215d452e4c8","1"
"route_ddb10aa66779314fb99aa799","occ_24c300f81129d64b6e4ec946","1"
"route_ddb305d355c967e5741e2e4a","occ_a48bf704dc7b70bbf1cd8234","1"
"route_dde2bfe5b879aebaad4a6946","occ_5b4cf8f2a4be62b5c6493e0a","1"
"route_ddecad3438dab63a9874a652","occ_095c371443daf71d3198cbba","1"
"route_de181840d1e2578392dbf7dd","occ_f1f2d11903dea8f09eeef72b","1"
"route_de41517ab4dd6f9bd2802f4d","occ_637f4a7283ff0eb4c085a686","1"
"route_de54a70969285c2f73d270d3","occ_87a96931f2936cdd48073c2f","1"
"route_de54a70969285c2f73d270d3","occ_1ddfd54b09943f80eb035370","2"
"route_de54a70969285c2f73d270d3","occ_aa4a77d727df894da697b3b9","3"
"route_de54a70969285c2f73d270d3","occ_bd2b8916675ca5f4aa8201cd","4"
"route_de54a70969285c2f73d270d3","occ_7dd32a041087ef56f472b6f0","5"
"route_de5b4b373344bc7d80697d53","occ_516fa611d7819bb0054564ed","1"
"route_de753a0037e53c5ad470185e","occ_0d2bf2f91ceee8d8abc42166","1"
"route_de753a0037e53c5ad470185e","occ_d5b54c06d94f0bcecacd5c7b","2"
"route_dea46e4b881dbb12e3bf4ed7","occ_add0ce10e7b3fe9f3d0a8a95","1"
"route_dea46e4b881dbb12e3bf4ed7","occ_171d47eb22d9e6834000280d","10"
"route_dea46e4b881dbb12e3bf4ed7","occ_2990527bed56d5c5dbea6464","11"
"route_dea46e4b881dbb12e3bf4ed7","occ_0c7390ad730f03f2f5b7cdfc","12"
"route_dea46e4b881dbb12e3bf4ed7","occ_d3a2dc88764b24ed1649597d","13"
"route_dea46e4b881dbb12e3bf4ed7","occ_c2b60a881c024d1afa4907ee","14"
"route_dea46e4b881dbb12e3bf4ed7","occ_bce1989b03f9a29c44d84207","15"
"route_dea46e4b881dbb12e3bf4ed7","occ_58ada15d45ba4634e7d22d67","2"
"route_dea46e4b881dbb12e3bf4ed7","occ_af96d1eb50eccd7a12cba136","3"
"route_dea46e4b881dbb12e3bf4ed7","occ_5fad4e35042a55d969f97829","4"
"route_dea46e4b881dbb12e3bf4ed7","occ_a42f605838ba2af678d3b840","5"
"route_dea46e4b881dbb12e3bf4ed7","occ_ec052139d235722783e1f833","6"
"route_dea46e4b881dbb12e3bf4ed7","occ_c73da5c14a10b1f50dfd31d6","7"
"route_dea46e4b881dbb12e3bf4ed7","occ_945e94df812e69a5d0e8b439","8"
"route_dea46e4b881dbb12e3bf4ed7","occ_0600670ded53d35ad2ccecb9","9"
"route_ded7789ce71d213c7f32f31d","occ_337244a031fbcd2791c105ed","1"
"route_dee64f65121d112abbd84332","occ_257ef6af7f81efbc1fcd8d7c","1"
"route_df06020374319d776ded0e5f","occ_b65b0ab8725bbb21cfe5b8ff","1"
"route_df0b3ee94caccf3490ba1a87","occ_5563435662b2f3a3d8df6361","1"
"route_df0c4cb5830d47b23198e4a2","occ_6ce0c86d7a75c756f5080135","1"
"route_df3c85b45482f058ecbb6935","occ_4bbb2c6639c98e327d547eee","1"
"route_df4df319e7563e4b939b3728","occ_54b841bb5eea1c1f46339370","1"
"route_df678090525ea41da7424232","occ_6539e3e5cb36b8fd3ec73950","1"
"route_df841d0a097c9b8d5ab59ba8","occ_cc802787e01db191e0106ddc","1"
"route_df89ee0687aa1811db746df2","occ_1cc4a44eadd458ecc2925762","1"
"route_dfb8024e1755992c6c479b75","occ_224da640d0a929fcbc1c16dd","1"
"route_dfb8024e1755992c6c479b75","occ_df4dab6b65f1e50893bd35a0","10"
"route_dfb8024e1755992c6c479b75","occ_a5860f22c4080c2cc7ae30d1","11"
"route_dfb8024e1755992c6c479b75","occ_2fd95c0ef822b48412228899","12"
"route_dfb8024e1755992c6c479b75","occ_48d896fa202fae381e35d82f","2"
"route_dfb8024e1755992c6c479b75","occ_40af3388db4068ab822cd768","3"
"route_dfb8024e1755992c6c479b75","occ_c744c4e5463bb2709646d9c6","4"
"route_dfb8024e1755992c6c479b75","occ_7f50bdb3c1fd8970e734bcbe","5"
"route_dfb8024e1755992c6c479b75","occ_29a5c9e1f471ed7d87e5fdc6","6"
"route_dfb8024e1755992c6c479b75","occ_3b44e5d3da2bc3f25f3fbeed","7"
"route_dfb8024e1755992c6c479b75","occ_50caaf44146a840b5d7a0c73","8"
"route_dfb8024e1755992c6c479b75","occ_96ea2a1dee2f8f6e4ab5108b","9"
"route_dfd11e24da2075e08439ce5c","occ_166502c52c5c9234598f7c82","1"
"route_e00ff38920a7695778a4eb02","occ_d44454d477e472a8f28e97b8","1"
"route_e00ff38920a7695778a4eb02","occ_832e59853d27cada486b4455","2"
"route_e00ff38920a7695778a4eb02","occ_81c5d9dc34de3a5a02d01a96","3"
"route_e016a6fd51f44356acad6e9d","occ_e7859086b1804561f724b3f5","1"
"route_e016a6fd51f44356acad6e9d","occ_920c4483d8ee50cad24e0dc1","10"
"route_e016a6fd51f44356acad6e9d","occ_c216afd502f8ba1021cbd804","11"
"route_e016a6fd51f44356acad6e9d","occ_8645730bbed99a4f384d312f","12"
"route_e016a6fd51f44356acad6e9d","occ_c1afa984052cc2e4c1183fda","13"
"route_e016a6fd51f44356acad6e9d","occ_e2fc63dc6079fa5f174ed72d","14"
"route_e016a6fd51f44356acad6e9d","occ_a8664a275b637d1ce330e434","15"
"route_e016a6fd51f44356acad6e9d","occ_74358fa4841f111267d6c5bd","2"
"route_e016a6fd51f44356acad6e9d","occ_e90e234d801300b249f76432","3"
"route_e016a6fd51f44356acad6e9d","occ_0facdd16c586bd34709187e2","4"
"route_e016a6fd51f44356acad6e9d","occ_5f355ed79042db69a7e79f92","5"
"route_e016a6fd51f44356acad6e9d","occ_0005af1f11ac07edaa6fe3f5","6"
"route_e016a6fd51f44356acad6e9d","occ_d702a21c65517cc8cfeeba9e","7"
"route_e016a6fd51f44356acad6e9d","occ_dc7825ca066266b16ad9a138","8"
"route_e016a6fd51f44356acad6e9d","occ_6f7bec3228bb9788fb4b2cde","9"
"route_e0350ae7c22b0832d2b2fc0a","occ_5c1ea512e5a18cf2a495c0be","1"
"route_e05afef47dcc281b7283ef1f","occ_67f55206cea24ee0430a3d9b","1"
"route_e05afef47dcc281b7283ef1f","occ_6cd967ee91398d4cad2334c0","2"
"route_e05afef47dcc281b7283ef1f","occ_faf0a2ae73dd8ad22c817724","3"
"route_e05afef47dcc281b7283ef1f","occ_0f3c4691bebdd63bd81da25d","4"
"route_e05afef47dcc281b7283ef1f","occ_0a481aae03c86e6987146616","5"
"route_e05afef47dcc281b7283ef1f","occ_86aaed327d7c57441e266b4c","6"
"route_e095e269b008ec84c56f277c","occ_fa6fafdd2e591f49c7848ea4","1"
"route_e095e269b008ec84c56f277c","occ_5cb11e1b0efa97a6f3d04bec","10"
"route_e095e269b008ec84c56f277c","occ_14c275d5e1ca28477d3c06fb","11"
"route_e095e269b008ec84c56f277c","occ_0202c0972f9140613700216a","12"
"route_e095e269b008ec84c56f277c","occ_f32a58cc0912b90c089927f6","13"
"route_e095e269b008ec84c56f277c","occ_8aabdb3687730484ad5f9847","2"
"route_e095e269b008ec84c56f277c","occ_7d3e5ab81c771910afae5724","3"
"route_e095e269b008ec84c56f277c","occ_5bee5789a8335b9f557c5324","4"
"route_e095e269b008ec84c56f277c","occ_ed821724f3fea82a6c7f76f2","5"
"route_e095e269b008ec84c56f277c","occ_f6d125ea722aba88bc0e2d0c","6"
"route_e095e269b008ec84c56f277c","occ_ed5dbf4f3440b8161d9f824b","7"
"route_e095e269b008ec84c56f277c","occ_af83c4cc8c2d36af3b2773e8","8"
"route_e095e269b008ec84c56f277c","occ_d7708cc8b80625c6c6fd2731","9"
"route_e09794e3ecd3df9030a3f72b","occ_f4b600f5a8806aeb4038872a","1"
"route_e0d42d237c9dd44bc50b2107","occ_219e1224826dec2bea8d7c9e","1"
"route_e143df24e521c0cf7953652c","occ_e8c314e1649ae65c942f54e3","1"
"route_e14d2f7a0e6b66e20e05ec2d","occ_ba078eb3e54eef445695089b","1"
"route_e154a40806339d28658175a2","occ_4f332492fd8a30c698d3e92d","1"
"route_e17416571329dbd1330b7033","occ_84e06d66b81919090e47dc75","1"
"route_e18480d12a359e62fa6327b6","occ_2cf1a65de5052e2530ef5a56","1"
"route_e1be7994208930bb0ce4a099","occ_c618750d61fdab9a75aaa9cc","1"
"route_e1d0704d448d56cec4bf990f","occ_c6a4ad9e3a6532cbbb0b8c7d","1"
"route_e1d0704d448d56cec4bf990f","occ_b0098d6aa87c6bc0140da4a3","10"
"route_e1d0704d448d56cec4bf990f","occ_b10f0f5cf6ccf3b2c9e1bbfd","11"
"route_e1d0704d448d56cec4bf990f","occ_ee5a509e0b9785f9ef98dd73","12"
"route_e1d0704d448d56cec4bf990f","occ_ab289082dfabbbcdd6dca672","13"
"route_e1d0704d448d56cec4bf990f","occ_dfe8221a860acd84a567e288","14"
"route_e1d0704d448d56cec4bf990f","occ_b468ecd14f4f9d19aecb7d0b","15"
"route_e1d0704d448d56cec4bf990f","occ_d536882a3ea3fe61b5c2da06","16"
"route_e1d0704d448d56cec4bf990f","occ_4afebd2a36e7278948d336ac","17"
"route_e1d0704d448d56cec4bf990f","occ_01267b077b383ed606cfecae","18"
"route_e1d0704d448d56cec4bf990f","occ_0fef92a50e502876a91dbfd7","19"
"route_e1d0704d448d56cec4bf990f","occ_50c49618be4d3f809fb3029a","2"
"route_e1d0704d448d56cec4bf990f","occ_6fc81671df49bb46cb08f8a6","20"
"route_e1d0704d448d56cec4bf990f","occ_0354d40b65f41b7724bf57ba","21"
"route_e1d0704d448d56cec4bf990f","occ_a34e1587ab28202a02352e66","22"
"route_e1d0704d448d56cec4bf990f","occ_630f974735acc90fee0b0ad8","23"
"route_e1d0704d448d56cec4bf990f","occ_6a494fbaae4605572c8637c2","24"
"route_e1d0704d448d56cec4bf990f","occ_c37e09c23e96f759e705d392","3"
"route_e1d0704d448d56cec4bf990f","occ_e83a3eb35da5bbe4955e5b07","4"
"route_e1d0704d448d56cec4bf990f","occ_7e3710b4d76da613c7866a26","5"
"route_e1d0704d448d56cec4bf990f","occ_1d758daafa34fbf11e52b334","6"
"route_e1d0704d448d56cec4bf990f","occ_c0520dac6a1e882e938333a3","7"
"route_e1d0704d448d56cec4bf990f","occ_65ee21f3add93f52da13273f","8"
"route_e1d0704d448d56cec4bf990f","occ_555b792c57069c37e3ba742b","9"
"route_e1d5cf1f48447356f4f08f43","occ_14421b8735d0d8b52b2cb8ae","1"
"route_e1d5cf1f48447356f4f08f43","occ_ab42d785dbc5de41dac0bd19","10"
"route_e1d5cf1f48447356f4f08f43","occ_960e364b739082f59280f233","11"
"route_e1d5cf1f48447356f4f08f43","occ_08351f6bf9408f796a053943","12"
"route_e1d5cf1f48447356f4f08f43","occ_6a6cffc66bd5592a079aa58c","2"
"route_e1d5cf1f48447356f4f08f43","occ_92b965acbc86c92ca4d76bc2","3"
"route_e1d5cf1f48447356f4f08f43","occ_947276100bf7aa0bf7a338b8","4"
"route_e1d5cf1f48447356f4f08f43","occ_20493cdf519474f8f700f8b1","5"
"route_e1d5cf1f48447356f4f08f43","occ_8c646fd3be6de81148749ec9","6"
"route_e1d5cf1f48447356f4f08f43","occ_ac9c806a2e14cd1e25d65913","7"
"route_e1d5cf1f48447356f4f08f43","occ_a480d6312bed8ab70992ad4c","8"
"route_e1d5cf1f48447356f4f08f43","occ_bce05b8bc160d80b16df39e3","9"
"route_e1e02d068a169b797af3a0e9","occ_f7c6a7fe67725690d4743575","1"
"route_e1e02d068a169b797af3a0e9","occ_3cd17e4a746a706e520b1df2","10"
"route_e1e02d068a169b797af3a0e9","occ_b3581631ad77c186ba8f8b48","11"
"route_e1e02d068a169b797af3a0e9","occ_e79bab4a316330bf4c2defda","12"
"route_e1e02d068a169b797af3a0e9","occ_e4a2b84e67c991ff29bf9a2f","2"
"route_e1e02d068a169b797af3a0e9","occ_dc5fcc3f733c9f83eafd2b53","3"
"route_e1e02d068a169b797af3a0e9","occ_3ce0f52de35ebb2778c85288","4"
"route_e1e02d068a169b797af3a0e9","occ_0c4afb624ad3f350c87d100d","5"
"route_e1e02d068a169b797af3a0e9","occ_f79e039e18f9c23d98c7eba0","6"
"route_e1e02d068a169b797af3a0e9","occ_526055740aaf79b9e7f48317","7"
"route_e1e02d068a169b797af3a0e9","occ_78974b8518239c221604793f","8"
"route_e1e02d068a169b797af3a0e9","occ_af35c5160a7d84c73c3a24b1","9"
"route_e21f6b92f2684165d33797f0","occ_d3051ac5956a4f3594c4b2fa","1"
"route_e21f6b92f2684165d33797f0","occ_36ad6438b33030f21a967a52","2"
"route_e23d9076004e5d35c41d6189","occ_1eced163497c5663c9e812c9","1"
"route_e23d9076004e5d35c41d6189","occ_2aebdc7f82bda609b7c8091d","10"
"route_e23d9076004e5d35c41d6189","occ_20e7819d447605cf8ecaf63a","11"
"route_e23d9076004e5d35c41d6189","occ_25a85012bb4faffc0de38f2f","12"
"route_e23d9076004e5d35c41d6189","occ_dba4c86e0c7c9b08b236809b","13"
"route_e23d9076004e5d35c41d6189","occ_773616790c006d67752fa9c8","14"
"route_e23d9076004e5d35c41d6189","occ_cc3203aaa3a14bbd98862b16","2"
"route_e23d9076004e5d35c41d6189","occ_8f4ad21564d3cade92efb811","3"
"route_e23d9076004e5d35c41d6189","occ_00d400e78591d2ea45a298e5","4"
"route_e23d9076004e5d35c41d6189","occ_da625ad79efafe39f232d1db","5"
"route_e23d9076004e5d35c41d6189","occ_1e4cd52c7464fc2d067777c5","6"
"route_e23d9076004e5d35c41d6189","occ_4dc7499f52c5757690e6e5aa","7"
"route_e23d9076004e5d35c41d6189","occ_492ad4c8ae25bd47aca4fc83","8"
"route_e23d9076004e5d35c41d6189","occ_b37bfd3a93957cb6e4c7b8be","9"
"route_e24757bed84e06c183b35c7c","occ_a08c03d271d785b4685c0d86","1"
"route_e2d37c99a325f4025912802f","occ_3a38251327971cbe58802f99","1"
"route_e2dd1a282396863631e3670f","occ_5bc4db67c2755c1699c5c67b","1"
"route_e2f37c6e11312fd8e2bfdc10","occ_d37009d58ec1b269a01e891a","1"
"route_e2f5d25e2489de0d08e46b93","occ_41bae0541106ce8de5d479f8","1"
"route_e2f5d25e2489de0d08e46b93","occ_8071d2e14ca4b58ae76e09f5","10"
"route_e2f5d25e2489de0d08e46b93","occ_289329ce3ff2bdf727229972","11"
"route_e2f5d25e2489de0d08e46b93","occ_9622513eab24c778ae8b2dfc","2"
"route_e2f5d25e2489de0d08e46b93","occ_2cbdc5fa505abd99d624cdd2","3"
"route_e2f5d25e2489de0d08e46b93","occ_67171204a4ca3c540324eb73","4"
"route_e2f5d25e2489de0d08e46b93","occ_b4d62d2cad2e6a9e55499f88","5"
"route_e2f5d25e2489de0d08e46b93","occ_28e976b93821126cc6b7faa6","6"
"route_e2f5d25e2489de0d08e46b93","occ_a560d7bf6895cb10d8630f6b","7"
"route_e2f5d25e2489de0d08e46b93","occ_1939be448ef5e5969f56c184","8"
"route_e2f5d25e2489de0d08e46b93","occ_db7c47f9b350ae648a05dded","9"
"route_e2fc4c4e57f6576ca42855bf","occ_fb6531153cd2c275de10d0b6","1"
"route_e2fc4c4e57f6576ca42855bf","occ_bdb714927873991812f37236","10"
"route_e2fc4c4e57f6576ca42855bf","occ_b3b265a0d2a0a205e7f6b190","11"
"route_e2fc4c4e57f6576ca42855bf","occ_af5cd86a62aced3b7252607b","12"
"route_e2fc4c4e57f6576ca42855bf","occ_480a204c0293030850ec96d4","13"
"route_e2fc4c4e57f6576ca42855bf","occ_6ff5c2a56308b5289878e5e8","14"
"route_e2fc4c4e57f6576ca42855bf","occ_f20462e23adbcf89a2abd7fd","15"
"route_e2fc4c4e57f6576ca42855bf","occ_0b0fe1d094fbe9e04ff1ce26","16"
"route_e2fc4c4e57f6576ca42855bf","occ_1b3c118c3f604415a9eb0f40","2"
"route_e2fc4c4e57f6576ca42855bf","occ_4e6e62454025f5bbfb572230","3"
"route_e2fc4c4e57f6576ca42855bf","occ_7dd11caa24df16c433fc1731","4"
"route_e2fc4c4e57f6576ca42855bf","occ_e0d54084aca468f90b1d1d1b","5"
"route_e2fc4c4e57f6576ca42855bf","occ_7daf6d2e57fbebefb1577e43","6"
"route_e2fc4c4e57f6576ca42855bf","occ_a6fa6937a818edde588c9120","7"
"route_e2fc4c4e57f6576ca42855bf","occ_ec526c538f643956c8573283","8"
"route_e2fc4c4e57f6576ca42855bf","occ_cd27ad9f84a41b1ca00fc2f8","9"
"route_e315125a16b4ed3acf673991","occ_2b13cbac7d55ef3677ba34c7","1"
"route_e315125a16b4ed3acf673991","occ_423acd222faf5bf30015b8a0","2"
"route_e315125a16b4ed3acf673991","occ_614f53fe5d466e2e260eae91","3"
"route_e316cd498c5f30be8e360e2f","occ_2ede2429a99783ca63d4e08a","1"
"route_e31755f6531b71e8f517e807","occ_7d47eb706d23aa94da8ab126","1"
"route_e32cb8670a93dfaf5f68d894","occ_29285c2a23b6e013203a9a6e","1"
"route_e32cb8670a93dfaf5f68d894","occ_dfef83ec6fb2a3af47825166","10"
"route_e32cb8670a93dfaf5f68d894","occ_9549909542ec8326e37bc9da","11"
"route_e32cb8670a93dfaf5f68d894","occ_261ac407a8f0eeb59a757551","12"
"route_e32cb8670a93dfaf5f68d894","occ_94793f76e47093b7a795aaf1","13"
"route_e32cb8670a93dfaf5f68d894","occ_1fcb93f0112627fd186f05b6","14"
"route_e32cb8670a93dfaf5f68d894","occ_607ed0d3186d6174f227492b","2"
"route_e32cb8670a93dfaf5f68d894","occ_b7ee3d44c176183cce68d4ec","3"
"route_e32cb8670a93dfaf5f68d894","occ_c055086e203ca2ad8ff125b5","4"
"route_e32cb8670a93dfaf5f68d894","occ_8eac296fab1144de52d2a066","5"
"route_e32cb8670a93dfaf5f68d894","occ_8a04d22b92e0ee435f4571c0","6"
"route_e32cb8670a93dfaf5f68d894","occ_d29a50ca73ff7e4a3dbd2cab","7"
"route_e32cb8670a93dfaf5f68d894","occ_ddcb1b05cb03b96406a5a928","8"
"route_e32cb8670a93dfaf5f68d894","occ_e7acaaf10fa005d22d936793","9"
"route_e32da6d2f8a16b02c65596ed","occ_6aee705a459d66d2bbda1a8c","1"
"route_e3329c42b7460c3152b074cb","occ_39bb6415d5130fad19558d49","1"
"route_e3329c42b7460c3152b074cb","occ_c38eb847ca35defd5c5bfce5","10"
"route_e3329c42b7460c3152b074cb","occ_f92e091734c4895c4a2a7d92","11"
"route_e3329c42b7460c3152b074cb","occ_c9751b63bb6d480b8d5d009f","12"
"route_e3329c42b7460c3152b074cb","occ_d5e24b8830abf135ce137586","13"
"route_e3329c42b7460c3152b074cb","occ_e800d6ecf3ace20fcc81d412","14"
"route_e3329c42b7460c3152b074cb","occ_aa7e7a152aa897fa27c284ef","15"
"route_e3329c42b7460c3152b074cb","occ_c3e961651f32d666e9e0608f","16"
"route_e3329c42b7460c3152b074cb","occ_cf0511dbd75ecdd0b26cd2a0","17"
"route_e3329c42b7460c3152b074cb","occ_6d20725ea9f559e8bd7b6ae3","18"
"route_e3329c42b7460c3152b074cb","occ_6fa634ecb65002d0381a684d","19"
"route_e3329c42b7460c3152b074cb","occ_3e070d92c8e7e39ecabddf9c","2"
"route_e3329c42b7460c3152b074cb","occ_9aefaee308b153eaf404813b","20"
"route_e3329c42b7460c3152b074cb","occ_65c09815d2d43ee7853d3a10","21"
"route_e3329c42b7460c3152b074cb","occ_65367c0e13536cc378c08034","22"
"route_e3329c42b7460c3152b074cb","occ_a00b4429527ee54dc402f086","23"
"route_e3329c42b7460c3152b074cb","occ_b7a9313db459c4e65b0bb877","24"
"route_e3329c42b7460c3152b074cb","occ_9559fea3c9e5aeda43dd4a04","25"
"route_e3329c42b7460c3152b074cb","occ_b25e60b829e38c3d6637bcc7","26"
"route_e3329c42b7460c3152b074cb","occ_686cba619589013c560b3f8c","27"
"route_e3329c42b7460c3152b074cb","occ_a2376df60a710f9425bcc908","28"
"route_e3329c42b7460c3152b074cb","occ_4ec27037867f36d082334f29","29"
"route_e3329c42b7460c3152b074cb","occ_a9d96bb3f6346ffe08f20931","3"
"route_e3329c42b7460c3152b074cb","occ_62c692a17f4f973277e55ace","30"
"route_e3329c42b7460c3152b074cb","occ_773b99fd2afa3ee76aac48ce","31"
"route_e3329c42b7460c3152b074cb","occ_f99588d1113a32c61daddc95","4"
"route_e3329c42b7460c3152b074cb","occ_1ec48c806f80ca705c2beeab","5"
"route_e3329c42b7460c3152b074cb","occ_b2528df537bf53b8f761883c","6"
"route_e3329c42b7460c3152b074cb","occ_9bf2dcd5a2e71edb110340a5","7"
"route_e3329c42b7460c3152b074cb","occ_e39ec2ffce34620804adf98c","8"
"route_e3329c42b7460c3152b074cb","occ_08e6e713ee9f55cb6d7b2ce3","9"
"route_e37e09008e204091aa50f355","occ_9aff9db4ae449c77c807a15c","1"
"route_e38f021f9246cb95334c2114","occ_07a85d133d8942dfe31c9bf5","1"
"route_e39383c2fce20ce0342b96d4","occ_7a60e7d9f1fb9259f54dff8d","1"
"route_e3b6fdb38fb0bf8594cbaf9c","occ_df5f7746f58d52d8abe57b06","1"
"route_e3cf586b07737cdfb4b90cc6","occ_8ea73eb3dca7fc5b07ad1ede","1"
"route_e3cf586b07737cdfb4b90cc6","occ_5f12b2eeab5e47129d5e3c7b","10"
"route_e3cf586b07737cdfb4b90cc6","occ_0ba6565257f316f5cb1dc2a7","11"
"route_e3cf586b07737cdfb4b90cc6","occ_40e302e08e7eabfb5821f948","12"
"route_e3cf586b07737cdfb4b90cc6","occ_4fff177a81f63643d42a8ff2","2"
"route_e3cf586b07737cdfb4b90cc6","occ_0fad25593581186427b0846e","3"
"route_e3cf586b07737cdfb4b90cc6","occ_b71577b7eb850275a49eed98","4"
"route_e3cf586b07737cdfb4b90cc6","occ_c9268f639099d41fd3da1ad8","5"
"route_e3cf586b07737cdfb4b90cc6","occ_7908bb9dd5418611a353ef3a","6"
"route_e3cf586b07737cdfb4b90cc6","occ_f6259c8ec2548b89715ea2a2","7"
"route_e3cf586b07737cdfb4b90cc6","occ_fba451fc16b3a63f72b0aead","8"
"route_e3cf586b07737cdfb4b90cc6","occ_d370b844cd609a4e01050ecd","9"
"route_e3f02122296ea97c966b1b21","occ_9436bf1c1f88784bb2b0e51a","1"
"route_e3f02122296ea97c966b1b21","occ_1a03d66d856b8f1fb3c698c4","10"
"route_e3f02122296ea97c966b1b21","occ_6e9a0a6d81a00fab536651c6","11"
"route_e3f02122296ea97c966b1b21","occ_cfb40584d370698a2b287568","12"
"route_e3f02122296ea97c966b1b21","occ_eb6a3ff9689a4c211ec06f77","13"
"route_e3f02122296ea97c966b1b21","occ_b5625569d6f921118b5f9d50","14"
"route_e3f02122296ea97c966b1b21","occ_b8e710dccc08360dc908833e","2"
"route_e3f02122296ea97c966b1b21","occ_4ec372c89d4dede79189e687","3"
"route_e3f02122296ea97c966b1b21","occ_6ab348f99a45f11d6f718173","4"
"route_e3f02122296ea97c966b1b21","occ_1f438af25d20af0ba3e7d582","5"
"route_e3f02122296ea97c966b1b21","occ_283dea6930633cf94bdf36df","6"
"route_e3f02122296ea97c966b1b21","occ_7fec4c5157c0c4995ca57867","7"
"route_e3f02122296ea97c966b1b21","occ_32527f74dd3a61312e6021e1","8"
"route_e3f02122296ea97c966b1b21","occ_bb83f0f8650dfe3805aca741","9"
"route_e41a2d24c0e3abe9d9f3611b","occ_90f96e8b0a629cf74e5c6588","1"
"route_e41a7fb96208a98b4f4bb2bc","occ_c04fc290daa2bad83b8c7cba","1"
"route_e46cf49491f9af03545f53a5","occ_da23132d64cf30710530e547","1"
"route_e46cf49491f9af03545f53a5","occ_8d8429e251e363cdf8d466a8","2"
"route_e46cf49491f9af03545f53a5","occ_2fc2915bbaec3c597419102b","3"
"route_e46cf49491f9af03545f53a5","occ_cd6a89d85f565e9020a13633","4"
"route_e46cf49491f9af03545f53a5","occ_5b465d7a457da4134ec8e3a1","5"
"route_e4c572d2ac7b3e013cf552f9","occ_0c53a61d381332c1ded04bf0","1"
"route_e50ef83b1e77bcb49d6d6174","occ_962c889fac3ef1da36a9447f","1"
"route_e51bc3daaeac192209ac1407","occ_f9b97529edd950f471b2474a","1"
"route_e51bc3daaeac192209ac1407","occ_66ecb9b4cc2189cf166c8564","10"
"route_e51bc3daaeac192209ac1407","occ_64faeabb1ceb35d447a40ed6","11"
"route_e51bc3daaeac192209ac1407","occ_78d7d51962912c29f28bb9ae","12"
"route_e51bc3daaeac192209ac1407","occ_a40623a23d9bc66ebacb6e1d","13"
"route_e51bc3daaeac192209ac1407","occ_23b716c8ed024bcd5f66d9de","14"
"route_e51bc3daaeac192209ac1407","occ_ac1844b627ab7d43b17f74e1","2"
"route_e51bc3daaeac192209ac1407","occ_f7d1368be597351ce46a6772","3"
"route_e51bc3daaeac192209ac1407","occ_d07b184de6cc345448343143","4"
"route_e51bc3daaeac192209ac1407","occ_47171793b60e617c53a65290","5"
"route_e51bc3daaeac192209ac1407","occ_4ef22e925831dbd5dab8301d","6"
"route_e51bc3daaeac192209ac1407","occ_084b84ec5ef1a98348423cc3","7"
"route_e51bc3daaeac192209ac1407","occ_838281e0f1b760366b1c3da8","8"
"route_e51bc3daaeac192209ac1407","occ_e4237038db3e661fb507757f","9"
"route_e541f011d47cd0d281c26ec8","occ_a314ac07a3283fd57ae01bd2","1"
"route_e5592328fff1b1189eeb8dea","occ_8fbfbe23d7f8fb2514185387","1"
"route_e5726c42cc06ef884d1993e1","occ_1afb5dbd573cdf29fb303540","1"
"route_e5726c42cc06ef884d1993e1","occ_2224b6e9501931baf1e15f3a","10"
"route_e5726c42cc06ef884d1993e1","occ_327a60c69642c500bdf301cf","11"
"route_e5726c42cc06ef884d1993e1","occ_9c1e53b32dffcbdcfd8521a8","12"
"route_e5726c42cc06ef884d1993e1","occ_2735ae48c8c09ff46c19680a","13"
"route_e5726c42cc06ef884d1993e1","occ_86d47f6ea503943b985768ef","14"
"route_e5726c42cc06ef884d1993e1","occ_5d6e70609ed5f2711679dbc7","2"
"route_e5726c42cc06ef884d1993e1","occ_b001bd6b1871a49358351227","3"
"route_e5726c42cc06ef884d1993e1","occ_24a5cd4fb698e7dfd004b3db","4"
"route_e5726c42cc06ef884d1993e1","occ_071c519a581e5d0f21911398","5"
"route_e5726c42cc06ef884d1993e1","occ_ea2a602fa2a6db46ebf902e2","6"
"route_e5726c42cc06ef884d1993e1","occ_2ffb4d6f23c21f4d8c3c7586","7"
"route_e5726c42cc06ef884d1993e1","occ_d0efc1a6d7dc3b53b34e48e2","8"
"route_e5726c42cc06ef884d1993e1","occ_dfb88643acbea97c5a5aa817","9"
"route_e5a055426a042354a3f041d8","occ_def99f1d1600d3a67865674a","1"
"route_e5aa3f5af24c1605c5bffcef","occ_cbff188ffc5a722507e4eb61","1"
"route_e5aa3f5af24c1605c5bffcef","occ_fee9a02fb31e2d1248d4aeeb","10"
"route_e5aa3f5af24c1605c5bffcef","occ_3ae31e928957c9428b79cf18","11"
"route_e5aa3f5af24c1605c5bffcef","occ_13617de3909809e97c765a4d","12"
"route_e5aa3f5af24c1605c5bffcef","occ_1c58924846c8e289d577c747","13"
"route_e5aa3f5af24c1605c5bffcef","occ_c39a8c39c27aca0bb786a30d","2"
"route_e5aa3f5af24c1605c5bffcef","occ_509f03d1f4400efb2160c310","3"
"route_e5aa3f5af24c1605c5bffcef","occ_1aa94212983edab392809e7b","4"
"route_e5aa3f5af24c1605c5bffcef","occ_943bf7e163ba421b321d6ca6","5"
"route_e5aa3f5af24c1605c5bffcef","occ_180edbff4696342c039c1810","6"
"route_e5aa3f5af24c1605c5bffcef","occ_eeef143bcec94bc50f0fdfd7","7"
"route_e5aa3f5af24c1605c5bffcef","occ_126163ac28d3a00d621e982a","8"
"route_e5aa3f5af24c1605c5bffcef","occ_3f75881a8a7cf4b4325dc522","9"
"route_e5b5db02c39d1a6a091cbaf2","occ_c14822ec04e4f5f978735914","1"
"route_e5d6db7df701f1bda8c4155c","occ_f71831635f74efb827244940","1"
"route_e5e1bd32a3cc5558e5780420","occ_688459429c58752d3677769b","1"
"route_e5e1bd32a3cc5558e5780420","occ_994cf7400c27ab206f6e350d","10"
"route_e5e1bd32a3cc5558e5780420","occ_38e9390894478bb461ab2d65","11"
"route_e5e1bd32a3cc5558e5780420","occ_586896a7e1791f234eba1f91","12"
"route_e5e1bd32a3cc5558e5780420","occ_42d71d162f95b1d0b83c7078","2"
"route_e5e1bd32a3cc5558e5780420","occ_8872e27f27d58e5af66e90d4","3"
"route_e5e1bd32a3cc5558e5780420","occ_413cd4f9266bc923262a4d93","4"
"route_e5e1bd32a3cc5558e5780420","occ_6c413f10342d63b303996796","5"
"route_e5e1bd32a3cc5558e5780420","occ_ff864d03c657a5afa57499f2","6"
"route_e5e1bd32a3cc5558e5780420","occ_72ae0cd7afc5da76bc699990","7"
"route_e5e1bd32a3cc5558e5780420","occ_074addcf332d7a069c434452","8"
"route_e5e1bd32a3cc5558e5780420","occ_33df9d7d16ed25ff4b0fbadc","9"
"route_e62357f8d6bc938d9fc7602f","occ_d8e8aea327283f6f21eff177","1"
"route_e62357f8d6bc938d9fc7602f","occ_7a1ff465e4997d4ee9208715","2"
"route_e62357f8d6bc938d9fc7602f","occ_92a046ad7db778031d7779bc","3"
"route_e62357f8d6bc938d9fc7602f","occ_c298bcfd129150c29bcc6b04","4"
"route_e62357f8d6bc938d9fc7602f","occ_83c7b301ce896dc54ef9c91a","5"
"route_e68279227a551a92e41b1049","occ_19f0ac9333d4ccda5c166b9c","1"
"route_e68279227a551a92e41b1049","occ_b8ece487ecf138a3ef276ea8","2"
"route_e68279227a551a92e41b1049","occ_0879503bceebe318901f82d6","3"
"route_e68279227a551a92e41b1049","occ_ecd1f3cbe23f83a79da53087","4"
"route_e68279227a551a92e41b1049","occ_16180dada6e178108cf96c78","5"
"route_e68279227a551a92e41b1049","occ_9dc9fc05a4aea3cf89fac01c","6"
"route_e6c78f05c938faceddda830b","occ_b0519885b094fad42d2c45e6","1"
"route_e6e0bf3b2ccedc3847a3e6f1","occ_85fac670e0275985da72847d","1"
"route_e6e3a4b2ad21d9171ddae74c","occ_7b8fd9a8a4d53da075d7a4fc","1"
"route_e737eb7cf934c4da36e073e3","occ_cf2e772a235088fe664abdab","1"
"route_e740d0c8c017d0b87e41ed07","occ_547bbbf394529382872b2f9d","1"
"route_e754b5266af41f980edc98d0","occ_ab082144bf35b82b3e506c11","1"
"route_e754b5266af41f980edc98d0","occ_289d17717092aa72ee010bfe","2"
"route_e754b5266af41f980edc98d0","occ_403e033b765286b2bd527dcb","3"
"route_e754b5266af41f980edc98d0","occ_e725824d72d8955523f4e2e3","4"
"route_e754b5266af41f980edc98d0","occ_ba496d6c582a05ca6653fd83","5"
"route_e754b5266af41f980edc98d0","occ_bc3906f0ad6f277269448587","6"
"route_e754b5266af41f980edc98d0","occ_f10a64f4b89d76c9dc1e26a5","7"
"route_e754b5266af41f980edc98d0","occ_fd576ed8408b246d21c6b713","8"
"route_e754b5266af41f980edc98d0","occ_d4aa65c57649b7c2ca153dd9","9"
"route_e7787a0a23429830bd4df548","occ_778b5a8c95cded284f6f1151","1"
"route_e7787a0a23429830bd4df548","occ_a0af891735468b3a55595b58","2"
"route_e7787a0a23429830bd4df548","occ_f68b5a9b0242af4db330def2","3"
"route_e7bfd056d8558b6a3a31b258","occ_2e9be0a49e0c818aefb1611a","1"
"route_e801bacf46df3f7c2e0c3b53","occ_891ca1bec42287d60d89237f","1"
"route_e821a23eddd48e1070becba0","occ_c934e6808eb523bff738c853","1"
"route_e82bbf3b73d71a37867ae6f0","occ_da2cac458e17c9640fb95855","1"
"route_e84f8bc18d7b9fa61f5bac6e","occ_eaa1e91dd0fa2f33c4ac7320","1"
"route_e85a6e99127ad3f326059ce3","occ_14a6b77ae2ac6be3b2c6ac03","1"
"route_e85a6e99127ad3f326059ce3","occ_c0b8084514a963d2a37d4c1b","10"
"route_e85a6e99127ad3f326059ce3","occ_7191460da4fecb1393eba62d","11"
"route_e85a6e99127ad3f326059ce3","occ_608741ea38517da502c37dd6","2"
"route_e85a6e99127ad3f326059ce3","occ_f4a77e995bc8e465c914970d","3"
"route_e85a6e99127ad3f326059ce3","occ_e6899b5e9f19bb9dd9237d99","4"
"route_e85a6e99127ad3f326059ce3","occ_c5e753939dd1f28d54a06569","5"
"route_e85a6e99127ad3f326059ce3","occ_6eba48f9183403dcbbbb121d","6"
"route_e85a6e99127ad3f326059ce3","occ_828f107cd47c57cf4683789a","7"
"route_e85a6e99127ad3f326059ce3","occ_828c082a68cc6d454b0f19e3","8"
"route_e85a6e99127ad3f326059ce3","occ_bab3eacb21a04d44248fc2d2","9"
"route_e87e44141a943545a5ed31f2","occ_805d38f0e134ca3e538f77e1","1"
"route_e893fff31c93cb6e8d3aa3a7","occ_6000328a5ddbccf8305daedb","1"
"route_e893fff31c93cb6e8d3aa3a7","occ_b8eccd9073d9171d9cb8bfa2","2"
"route_e893fff31c93cb6e8d3aa3a7","occ_469e7cd9dcde5511268f6e1a","3"
"route_e896e78662e107a509d62b1b","occ_dbb8426691dffeecc22865ed","1"
"route_e89e8bbb50f36375639fd50d","occ_cb634422659b92bbb7b903cd","1"
"route_e89e8bbb50f36375639fd50d","occ_a744f3ed966b467918f75a87","10"
"route_e89e8bbb50f36375639fd50d","occ_51104837321c6d8c66bf9f93","11"
"route_e89e8bbb50f36375639fd50d","occ_3c63e3503ba8818ed432675d","12"
"route_e89e8bbb50f36375639fd50d","occ_5b309395596d146776bd3f54","13"
"route_e89e8bbb50f36375639fd50d","occ_057e5d7769eaaeb0ab068066","14"
"route_e89e8bbb50f36375639fd50d","occ_7c8045eb4719127bec7ec538","15"
"route_e89e8bbb50f36375639fd50d","occ_7add7c0323317e45efadb895","16"
"route_e89e8bbb50f36375639fd50d","occ_f2461b4995897f8fb36a751a","17"
"route_e89e8bbb50f36375639fd50d","occ_f81c2ba75c9393bfe7ea537d","18"
"route_e89e8bbb50f36375639fd50d","occ_1fab4b614bce98f101dc6f6f","19"
"route_e89e8bbb50f36375639fd50d","occ_b0b469ef1e3edbba84642b89","2"
"route_e89e8bbb50f36375639fd50d","occ_3845371731fba4e617d3ddf4","20"
"route_e89e8bbb50f36375639fd50d","occ_e571c3de2e9f470a86bc764d","21"
"route_e89e8bbb50f36375639fd50d","occ_9fa8c1696d9aed0468be99b5","22"
"route_e89e8bbb50f36375639fd50d","occ_8185ecf75b81f8ba11df3fb1","23"
"route_e89e8bbb50f36375639fd50d","occ_7acedfdfab3b813cb8730850","24"
"route_e89e8bbb50f36375639fd50d","occ_a29cd30f2f38321e239b2559","25"
"route_e89e8bbb50f36375639fd50d","occ_5251396b4341fe797ffec52c","3"
"route_e89e8bbb50f36375639fd50d","occ_3cdea33607e6873a73a7ba9b","4"
"route_e89e8bbb50f36375639fd50d","occ_7cd14db93305ec5e85ff6b4f","5"
"route_e89e8bbb50f36375639fd50d","occ_e8587328b3b368a31ea34452","6"
"route_e89e8bbb50f36375639fd50d","occ_bfa1119f8bc864f9da39f713","7"
"route_e89e8bbb50f36375639fd50d","occ_a7b449a5df23a73f02f97353","8"
"route_e89e8bbb50f36375639fd50d","occ_cc506dc09a796eca9b531f8b","9"
"route_e8ae8ecde0c868a487f66c4e","occ_cd50bcdb39a5a5dfacabde64","1"
"route_e8b39ccba31d7f5450dd80c6","occ_f32943849f7b54ebf5d990f1","1"
"route_e8de0923439c21ffc6251c47","occ_abfee89ce5857565e6207690","1"
"route_e8de0923439c21ffc6251c47","occ_b70ae0dbc8305a8dc2078385","10"
"route_e8de0923439c21ffc6251c47","occ_3a2f225f4e18c534b938afca","11"
"route_e8de0923439c21ffc6251c47","occ_483c83df552b06afac6fb187","12"
"route_e8de0923439c21ffc6251c47","occ_80f19fb22386a25e39e70a7c","13"
"route_e8de0923439c21ffc6251c47","occ_9afea351ff9c97f6e025ef33","14"
"route_e8de0923439c21ffc6251c47","occ_eed80989c804a07aadbaa1a6","2"
"route_e8de0923439c21ffc6251c47","occ_106a5d4ecd3bf4272fa1a5eb","3"
"route_e8de0923439c21ffc6251c47","occ_e08a2e3359127b6845acf55d","4"
"route_e8de0923439c21ffc6251c47","occ_916440c0874c3d41af31d651","5"
"route_e8de0923439c21ffc6251c47","occ_eb6b01cbf3672ed5578eee6a","6"
"route_e8de0923439c21ffc6251c47","occ_dcee8c2896d44dd47e6585c2","7"
"route_e8de0923439c21ffc6251c47","occ_587de414816a02911a3a4d4f","8"
"route_e8de0923439c21ffc6251c47","occ_d26cbf364201b5b5694d5b6a","9"
"route_e905b7326c2ebfd67147fda4","occ_bcafad313a770cd0298ced41","1"
"route_e90948b2eb0dcd324104dd95","occ_6e345aa2774a65f16fe8bc08","1"
"route_e90948b2eb0dcd324104dd95","occ_0093838a7d30ed381c3acde5","2"
"route_e90948b2eb0dcd324104dd95","occ_ee294af0b5a600dfb13fdbcb","3"
"route_e90948b2eb0dcd324104dd95","occ_5e9344712a0b38f82188cb51","4"
"route_e945977ff15ee7fd87c3be43","occ_046c1b35561abdc568167da5","1"
"route_e9686135ca40fa9d1fc08892","occ_887f1514cd0a687d0395a843","1"
"route_e97768bf34a1c6eb41278ae9","occ_31f5d0598263bc4289afaf28","1"
"route_e981b691091146bf3a2e0e8e","occ_0e0643ab209ae4065c09f6cf","1"
"route_e98f506933b8f6026b3896b3","occ_9ac3cf4424becc39e871d34a","1"
"route_e98f506933b8f6026b3896b3","occ_8dc9a54b897d4f1ccb68de9b","10"
"route_e98f506933b8f6026b3896b3","occ_bbd3a28473807702fce0d956","11"
"route_e98f506933b8f6026b3896b3","occ_aa9890b37c47dfced23d3c03","2"
"route_e98f506933b8f6026b3896b3","occ_86f0b5c1cccec444ce3eebae","3"
"route_e98f506933b8f6026b3896b3","occ_c415666760e7d45f1b7c0cf5","4"
"route_e98f506933b8f6026b3896b3","occ_f85c636a24f368100762c49a","5"
"route_e98f506933b8f6026b3896b3","occ_116da18395b7cdeef012acde","6"
"route_e98f506933b8f6026b3896b3","occ_620f8fdd32fa90cfff3c6a9e","7"
"route_e98f506933b8f6026b3896b3","occ_ad34a8dc30d7ddad20495f48","8"
"route_e98f506933b8f6026b3896b3","occ_4faf5e8e4ce2c0c3f799c76d","9"
"route_e9967a6e8a605e1829a2bc53","occ_997a6470d7bb89c6a555a1b2","1"
"route_e9967a6e8a605e1829a2bc53","occ_83825dd1823de3783309c514","2"
"route_e996cf4f7df43fa14d2a77fc","occ_a4ebb0058ebff046271a00df","1"
"route_e9c681a8ec7baafc457efa64","occ_0762ab63009ffbdda684b6df","1"
"route_e9df7517da31ddd455a3c209","occ_57cbcedde00ff5df1368e218","1"
"route_ea1635a1079bc9b8b8c96eb0","occ_bfafc696554b04b6fa17cf20","1"
"route_ea2a37d1471022899c0e926b","occ_ad9006b0d6b989dafd6e1c52","1"
"route_ea5408cb1523047ec534d514","occ_5cb79e62dcb68b2e832d6945","1"
"route_ea5c8799673f9d696d844574","occ_005c46bc28a67efd8d0cd834","1"
"route_ea5c8799673f9d696d844574","occ_bd93250b20186f0b834187df","10"
"route_ea5c8799673f9d696d844574","occ_d274ab157c1435c84434cec4","11"
"route_ea5c8799673f9d696d844574","occ_c69a48e1ae0e326241915520","12"
"route_ea5c8799673f9d696d844574","occ_06c69e47fe66c09d95111060","13"
"route_ea5c8799673f9d696d844574","occ_7ab354e0cd22a8657d72fa9d","14"
"route_ea5c8799673f9d696d844574","occ_e8e11ea4bf6523afd0f1fdba","15"
"route_ea5c8799673f9d696d844574","occ_a9544655be3d38fba8957158","16"
"route_ea5c8799673f9d696d844574","occ_5084a5974b90fd9cb9600d7f","17"
"route_ea5c8799673f9d696d844574","occ_17cd8c08724e4c461524be81","18"
"route_ea5c8799673f9d696d844574","occ_1b5d7bc2718efba86435f339","19"
"route_ea5c8799673f9d696d844574","occ_e0dee8f016c468f9360b05e9","2"
"route_ea5c8799673f9d696d844574","occ_1fbc36811398874d2d184d96","3"
"route_ea5c8799673f9d696d844574","occ_e3c4da6bae670c92e959cc5f","4"
"route_ea5c8799673f9d696d844574","occ_1f8a1eb1e9e742dccd6ae534","5"
"route_ea5c8799673f9d696d844574","occ_941317d0e5e9655832dd9c87","6"
"route_ea5c8799673f9d696d844574","occ_b33e189dc5eee52f81b9b8c5","7"
"route_ea5c8799673f9d696d844574","occ_6d36a13e8147ae4a4fcc4f30","8"
"route_ea5c8799673f9d696d844574","occ_441514ca1d9771ea3c96a46d","9"
"route_ea706f17acd632d108a30f13","occ_db548bd758f5d3a258010f54","1"
"route_ea706f17acd632d108a30f13","occ_cf08c54cd0138f6c7fde6d18","2"
"route_ea92415b933c70030308b617","occ_0273b4f41ed32a7f5fc5992e","1"
"route_eab6faff5a246fcd2d406498","occ_82730a986e39a560e652af27","1"
"route_ead0a765a8977f7a23e7fe82","occ_cc8780b2ed0366c8f301b519","1"
"route_eb1fb524518742716d7e092e","occ_a9730aa0ec9ab71e3b9e4acf","1"
"route_eb1fb524518742716d7e092e","occ_ceab2b78cf20f92b9fc22995","10"
"route_eb1fb524518742716d7e092e","occ_e36e18a2167ff04e763f2850","11"
"route_eb1fb524518742716d7e092e","occ_eb012ae5719a81e942e078e9","12"
"route_eb1fb524518742716d7e092e","occ_1be18f281e25ff20d37f533e","13"
"route_eb1fb524518742716d7e092e","occ_5e5107108d20a8e3af889a0f","14"
"route_eb1fb524518742716d7e092e","occ_0d717737e695ae5b9bd1cc50","15"
"route_eb1fb524518742716d7e092e","occ_3bacae56b96d0757ece61cd1","16"
"route_eb1fb524518742716d7e092e","occ_3ab0d4a84919c230d7f2b08b","17"
"route_eb1fb524518742716d7e092e","occ_26285399fcaf04e271a33796","18"
"route_eb1fb524518742716d7e092e","occ_c5123af60b176393fe6115b8","19"
"route_eb1fb524518742716d7e092e","occ_36538b63c2fa49c47ab0ed07","2"
"route_eb1fb524518742716d7e092e","occ_d14efdc04d50278c44a1eb5f","20"
"route_eb1fb524518742716d7e092e","occ_fa25a6dc8ed766fbcc6e3389","21"
"route_eb1fb524518742716d7e092e","occ_67fc62466320b8329c07c3df","22"
"route_eb1fb524518742716d7e092e","occ_7711232727f935aedf94e81d","23"
"route_eb1fb524518742716d7e092e","occ_a0aaffb026ebd28b210473df","24"
"route_eb1fb524518742716d7e092e","occ_4ab94f4b96bf4191075f9177","25"
"route_eb1fb524518742716d7e092e","occ_05e8416cff92938f4a0c1db3","26"
"route_eb1fb524518742716d7e092e","occ_b11c471dff9fa69cc80992bb","27"
"route_eb1fb524518742716d7e092e","occ_7ed9d06b5e9571fcb6b9487f","28"
"route_eb1fb524518742716d7e092e","occ_2429888de1f69630d2eb7f13","3"
"route_eb1fb524518742716d7e092e","occ_6ea92cf44a3ec73285c07ca7","4"
"route_eb1fb524518742716d7e092e","occ_804f2dad07dc0f3ba474e25d","5"
"route_eb1fb524518742716d7e092e","occ_f5396f0d755f6b50accd3676","6"
"route_eb1fb524518742716d7e092e","occ_0139d17bb1b9bd51e1f0362b","7"
"route_eb1fb524518742716d7e092e","occ_c9b089695879beeb40e0ea20","8"
"route_eb1fb524518742716d7e092e","occ_6237fc23514e10ebc66ac6da","9"
"route_eb40567b9c07e52fca60eb64","occ_fc281de8027d37cdd384961b","1"
"route_eb40567b9c07e52fca60eb64","occ_27de3e3eab58c416d855064f","2"
"route_eb40567b9c07e52fca60eb64","occ_8ff14afaf059fb11876eb98f","3"
"route_eb40567b9c07e52fca60eb64","occ_3d2482bd0a13a16e070c1258","4"
"route_eb40567b9c07e52fca60eb64","occ_be56cd0e34ec614852888a25","5"
"route_eb4c50604592bb560e149c07","occ_a12778d1617f50f0b804b96e","1"
"route_eb537e325366d24a2045d0f3","occ_1eb807d2d623a0cbe086b4ba","1"
"route_eb537e325366d24a2045d0f3","occ_b22cdaeefdd3c22f0432cdb1","2"
"route_eb537e325366d24a2045d0f3","occ_9b03e9b74e698527935ff2da","3"
"route_eb537e325366d24a2045d0f3","occ_a8b480acb67367fa93cc58e7","4"
"route_eb537e325366d24a2045d0f3","occ_95180566fb9088cad6e0789f","5"
"route_eb67e7551f7a0c1c293523a5","occ_ebb33bbe8c9ba7a95416209c","1"
"route_eb67e7551f7a0c1c293523a5","occ_16fe3e8fb028ca1049878790","10"
"route_eb67e7551f7a0c1c293523a5","occ_54c7c888194234d994d2945a","11"
"route_eb67e7551f7a0c1c293523a5","occ_32ad60685f1264bd1fce6ba3","12"
"route_eb67e7551f7a0c1c293523a5","occ_db4fbdccbc42a462d42a2994","13"
"route_eb67e7551f7a0c1c293523a5","occ_896ba51779604b91a3a19d06","14"
"route_eb67e7551f7a0c1c293523a5","occ_f2b302e6c12b3a9310a64d8a","15"
"route_eb67e7551f7a0c1c293523a5","occ_24a54bdc854d3e6dda1b3547","16"
"route_eb67e7551f7a0c1c293523a5","occ_c8662e7e593965f0d61ae85d","17"
"route_eb67e7551f7a0c1c293523a5","occ_4cc573c8282003c2e8012c5b","18"
"route_eb67e7551f7a0c1c293523a5","occ_ae3b67da822a6f821592d5b9","19"
"route_eb67e7551f7a0c1c293523a5","occ_6d577112bf055793aab7bce4","2"
"route_eb67e7551f7a0c1c293523a5","occ_b5a48fc84359c4fa1727d3aa","20"
"route_eb67e7551f7a0c1c293523a5","occ_debb28e34b90c816c1b59a5a","21"
"route_eb67e7551f7a0c1c293523a5","occ_d3d00416e242b4517dc7b77f","22"
"route_eb67e7551f7a0c1c293523a5","occ_6a7e3310cc84fa5aeb397c42","23"
"route_eb67e7551f7a0c1c293523a5","occ_a2507e2514d74c5097e75886","24"
"route_eb67e7551f7a0c1c293523a5","occ_e7e52883f09f26ea484d0198","25"
"route_eb67e7551f7a0c1c293523a5","occ_24bb1cb9b6f49a6b22eec16f","26"
"route_eb67e7551f7a0c1c293523a5","occ_8f9b55adacaa85d6279b0e43","27"
"route_eb67e7551f7a0c1c293523a5","occ_35a733874774ac8030c0fe9a","28"
"route_eb67e7551f7a0c1c293523a5","occ_7b63f73a3f9ed6ad0a850cc7","29"
"route_eb67e7551f7a0c1c293523a5","occ_63f42238edd9428623f68a0b","3"
"route_eb67e7551f7a0c1c293523a5","occ_df5fc880a978061971a31dec","4"
"route_eb67e7551f7a0c1c293523a5","occ_4f94713a6390d637ca246608","5"
"route_eb67e7551f7a0c1c293523a5","occ_57e0f33ba0138c5025c06412","6"
"route_eb67e7551f7a0c1c293523a5","occ_a15e51719117877f890c33a8","7"
"route_eb67e7551f7a0c1c293523a5","occ_0fa7249ff4e9037c48f7475b","8"
"route_eb67e7551f7a0c1c293523a5","occ_b63d88b3424c6180eb91a170","9"
"route_eb88bb91a17e991a3ea71d49","occ_7d05f834eead188a71480e64","1"
"route_eb9eb630fc47973e8ab47626","occ_f24349614990cb30e8674053","1"
"route_ebb2db80b53955ed20a6f262","occ_ecd68653f56e75f18f513291","1"
"route_ebd4ba56d07d0b661b673395","occ_aa949ed473a234488cb2d347","1"
"route_ebdb0187fab6bb338b8ee795","occ_6d0a57bcd4be13683efe20e2","1"
"route_ec18b273f7f3d9c0116b7689","occ_ed4f16b6f07f8f5ff6290e7e","1"
"route_ec422941c4cb347b813e7f32","occ_5c0e91352f2abe9a9bb80ba6","1"
"route_ec473c72d161a4e5e574229d","occ_4fdb8e7e6c5c5f35765f9096","1"
"route_ec49034ca31aa0d25b3371af","occ_e6ed7cf3c476a8adf1155bdd","1"
"route_ec6e4a5d450b7296d8098078","occ_4cfe7c53fed4237341f0a289","1"
"route_ec6e4a5d450b7296d8098078","occ_10c5eee03053ebe5c8838589","2"
"route_ec6e4a5d450b7296d8098078","occ_d11dec1650dbfd2ab50d0de9","3"
"route_ec6e4a5d450b7296d8098078","occ_11dccc772f36171d8ef726ac","4"
"route_ec6e4a5d450b7296d8098078","occ_0419d69e3b712ece8d269cd6","5"
"route_ec6e4a5d450b7296d8098078","occ_4763ad5d47b185e3aca4c1ff","6"
"route_ec6e4a5d450b7296d8098078","occ_111d7b67d8c909e28f63cd2d","7"
"route_ec70b6bdd2dafdeba9474de4","occ_331d3c2676139254677b207c","1"
"route_ec8840509c03177c01060374","occ_66640522a403eb996d4ec2ef","1"
"route_eca3f16fd3879483da57727a","occ_f68047ec9809d1912aada43a","1"
"route_ed0c719cb4f5eb13a40bbaa7","occ_e7dd0121f43ff5f3329d9ea0","1"
"route_ed1c9f51fdea804d884036cd","occ_afb6916175e07794a6a0d74f","1"
"route_ed1c9f51fdea804d884036cd","occ_22c562240e0e1b05cb763c7c","10"
"route_ed1c9f51fdea804d884036cd","occ_8f23638702bf4560c663f15a","11"
"route_ed1c9f51fdea804d884036cd","occ_80225b7e1000a52354af994b","12"
"route_ed1c9f51fdea804d884036cd","occ_363e6550f58fb84ca6ced61f","13"
"route_ed1c9f51fdea804d884036cd","occ_1cb7f661be0c75ce1eab1112","14"
"route_ed1c9f51fdea804d884036cd","occ_914cacd5cc88d555b5c279ce","15"
"route_ed1c9f51fdea804d884036cd","occ_edf78de4dadef68aa1afdc8b","2"
"route_ed1c9f51fdea804d884036cd","occ_c62484e0fd241a49b56954c6","3"
"route_ed1c9f51fdea804d884036cd","occ_8e8ffeee26abc0ed5acd4b91","4"
"route_ed1c9f51fdea804d884036cd","occ_d388ff6efb2fad768c59a146","5"
"route_ed1c9f51fdea804d884036cd","occ_1dde4b863010b38a4c780d66","6"
"route_ed1c9f51fdea804d884036cd","occ_c6175ca80e5d1eb62810ead6","7"
"route_ed1c9f51fdea804d884036cd","occ_f058b1ae86bdf33d479cd736","8"
"route_ed1c9f51fdea804d884036cd","occ_0b6872fdf9594b6e1c6ba4c5","9"
"route_ed29e82ef85b84f807e3c835","occ_1d21a0d14507f9e4cf759ea9","1"
"route_ed360e10f1c0d9e1b3347fff","occ_c9c7826fccac411044a4b62c","1"
"route_ed360e10f1c0d9e1b3347fff","occ_cce4fad6aeb9d685ee0f8011","2"
"route_ed360e10f1c0d9e1b3347fff","occ_a1ba30c99691610178b055a8","3"
"route_ed360e10f1c0d9e1b3347fff","occ_91dc4f14f361b659cbf1c134","4"
"route_ed360e10f1c0d9e1b3347fff","occ_8933b03f6568564125689dab","5"
"route_ed5ce0f14ffe281ccae60c39","occ_141168a6ad6af8d9b8f29139","1"
"route_ed6067b9f60e0154921ef5a7","occ_a67ed3f8a7a0aaf7fe539936","1"
"route_ed6c358c38e341ebd7ce6f7d","occ_b6bc7dc9de25807044344827","1"
"route_ed8bb3881e60fb085b841d9b","occ_c99f2d37692ff0a08feed30b","1"
"route_ed8bb3881e60fb085b841d9b","occ_2fecc1de82693b75421945c0","10"
"route_ed8bb3881e60fb085b841d9b","occ_6e68f577df3fe19d88733d15","2"
"route_ed8bb3881e60fb085b841d9b","occ_0378a2bec2f9e8db6c850a89","3"
"route_ed8bb3881e60fb085b841d9b","occ_059fbe0a732d5d5d18f965af","4"
"route_ed8bb3881e60fb085b841d9b","occ_530edf41a1931362d66db504","5"
"route_ed8bb3881e60fb085b841d9b","occ_6361054f11c9894e5e7831f5","6"
"route_ed8bb3881e60fb085b841d9b","occ_f0835e519b85fff2db340370","7"
"route_ed8bb3881e60fb085b841d9b","occ_55d43d3ba34dd6eecd57da41","8"
"route_ed8bb3881e60fb085b841d9b","occ_d16e0f516f86cec6917274f4","9"
"route_edab35f9d76956802a99b9d1","occ_ba73062a92157dc1610bc94a","1"
"route_edb928dbbd8b5ef44f2dd10e","occ_d4ef846c336dbef75bb1959f","1"
"route_edbb7d95390731527c7c893e","occ_4bda04bcfdf05eaade8b580b","1"
"route_edbb7d95390731527c7c893e","occ_e50e5a89f78aab28f8f8dd0f","2"
"route_edbb7d95390731527c7c893e","occ_9f77378c2aaea2d217cb4b08","3"
"route_edbb7d95390731527c7c893e","occ_566de062c07a99665b0e7b34","4"
"route_edbb7d95390731527c7c893e","occ_ffa668d922330496ef025a23","5"
"route_edbd3d3d34754cd07e01824f","occ_8ec8d20bce568b934e19d44f","1"
"route_edcf48ed802fe6caa09609cf","occ_9d83dcc5a4baa67f70909fa8","1"
"route_edd3ea187d782a855607790c","occ_94cd1ffd4f2d92404de17ae9","1"
"route_ee39bf3035821563fd4436a0","occ_9b8a1c86cb1e747a7595d9db","1"
"route_eebed9354be8ae50c2ce8361","occ_592c0e9a66939fb6de7df410","1"
"route_ef1818aae6f1ac88ef5038a7","occ_1213b221006662ff3907e938","1"
"route_ef463389783b4fa2e36b9ea1","occ_ca3701ee9fd6a6111d2ba330","1"
"route_ef5c6d91cd41d740348bc68e","occ_1d8df65af67aea7ccf38ea69","1"
"route_ef623d190595969b634d3005","occ_67bc5e72aba3169eb2011d2e","1"
"route_ef8b77ac986af0ac9868cf13","occ_bdf8428bf4d42d343ba41816","1"
"route_ef8b77ac986af0ac9868cf13","occ_717ff2d0b5976b79a1b789e5","2"
"route_ef8b77ac986af0ac9868cf13","occ_4b68a30fc49abc17e693cbf1","3"
"route_ef8b77ac986af0ac9868cf13","occ_869a9ab60cfa864ccd7c01f8","4"
"route_ef8b77ac986af0ac9868cf13","occ_6ea9454901263bb5f413b881","5"
"route_ef9d49f97bd611c36c3da6c8","occ_71c7fda8ef5e1a59411bfbcd","1"
"route_efa96a2d00c45e4cea184396","occ_be5334cd0cd6a45983200bae","1"
"route_efbbb0447dfee13152ddbd2f","occ_9d95a73afbcfd53fc13e1651","1"
"route_efd2ed2ee97ba5e7525b80b2","occ_c2510d3d5f78ebb7a847a33b","1"
"route_efeb53f83153a6f216025abe","occ_59e406541554924f7d83711f","1"
"route_f04981fd634201cc84c054a4","occ_0427671b9008f7ba41ece95e","1"
"route_f069c78437cc2e79ef8845eb","occ_b29e361d10154a7fc437a773","1"
"route_f07117d78c03baa62eed02c1","occ_3ffea6431db4b32ee2fb91a2","1"
"route_f07117d78c03baa62eed02c1","occ_0eb1f621b32e9eef0112ffe3","10"
"route_f07117d78c03baa62eed02c1","occ_de1a96c70a88ceddc53d164d","11"
"route_f07117d78c03baa62eed02c1","occ_362b2c978dbbf1096a74dfbf","2"
"route_f07117d78c03baa62eed02c1","occ_1cfa9d70f40e4960ab01ea30","3"
"route_f07117d78c03baa62eed02c1","occ_af7f6891db8dad739bb00ec1","4"
"route_f07117d78c03baa62eed02c1","occ_87474166a080dae2fc24ab2a","5"
"route_f07117d78c03baa62eed02c1","occ_877648195261b803b259ad9c","6"
"route_f07117d78c03baa62eed02c1","occ_4c651b8cf445ee6cd1f19c1e","7"
"route_f07117d78c03baa62eed02c1","occ_52b00b0e21341840f174e24f","8"
"route_f07117d78c03baa62eed02c1","occ_ed7836d955b8a7a9f13f231b","9"
"route_f084abb93eef56e1858107c0","occ_beebec73957aa917dd0e770d","1"
"route_f0aaba68320525321a0ad429","occ_25884d328930edd1f8ec1d9c","1"
"route_f0c8e348e8b30acaebf9b72c","occ_0fa2d43f5667ded47af05f77","1"
"route_f0ceed52475daba30585c100","occ_155346cd7fc4785925324dc3","1"
"route_f0ceed52475daba30585c100","occ_a576876660f3a1110f1e2b1c","10"
"route_f0ceed52475daba30585c100","occ_04d0f48b4c76f93b5ee74946","11"
"route_f0ceed52475daba30585c100","occ_467a6322e1dfe45bc91665ba","12"
"route_f0ceed52475daba30585c100","occ_a9f62b2dd27cdd5216359e86","13"
"route_f0ceed52475daba30585c100","occ_b8fb6ed2b34572ceb06e1991","14"
"route_f0ceed52475daba30585c100","occ_fb7c7ab2bfda4c03a04dd1c6","2"
"route_f0ceed52475daba30585c100","occ_340e9bd36b319209164ea1af","3"
"route_f0ceed52475daba30585c100","occ_f1b9ba87d9bebf355d5b9e4d","4"
"route_f0ceed52475daba30585c100","occ_1b4a3b4eb90211e130836885","5"
"route_f0ceed52475daba30585c100","occ_947ad62aa6afca21a473a7a8","6"
"route_f0ceed52475daba30585c100","occ_6a0d337c79280fe91617ec4d","7"
"route_f0ceed52475daba30585c100","occ_04a6168e89fc88dade178c97","8"
"route_f0ceed52475daba30585c100","occ_11b2f073a11d82b1ca8ab1a9","9"
"route_f10790cabdfe46fed4399163","occ_d20498c2b143a27b31df5ff6","1"
"route_f15078b377fde2ae4082e62a","occ_c7da8de2fe3c601457c967c4","1"
"route_f15dd67992b68ab4017a413a","occ_77bc0f7ee90213e99008626b","1"
"route_f1d24fe26cdd43ffeb9e80bf","occ_b1717af210d2e2c34b99fd73","1"
"route_f255531ab56e9529a2c066ac","occ_0f0bc2f8cd23da0f0c689572","1"
"route_f2a857cf92c80bd5cf75a883","occ_7da802d38a7f17b539435fde","1"
"route_f362b40e0eb4fe4b28fd6280","occ_b20687c105b5efdb72800709","1"
"route_f379ebeb3c26a0cb50ab140d","occ_cf5430cea76e3dbb05fbb254","1"
"route_f379ebeb3c26a0cb50ab140d","occ_cb32e47037a217f510d9609b","10"
"route_f379ebeb3c26a0cb50ab140d","occ_30a793b51ddce99ab308157d","11"
"route_f379ebeb3c26a0cb50ab140d","occ_b1f3616df0d33c2f05aad86f","2"
"route_f379ebeb3c26a0cb50ab140d","occ_9aaa225064136f3f6848f1b6","3"
"route_f379ebeb3c26a0cb50ab140d","occ_198240cd99a185416f62875c","4"
"route_f379ebeb3c26a0cb50ab140d","occ_38d1e842f4415027039c9592","5"
"route_f379ebeb3c26a0cb50ab140d","occ_66de03c62ca5f0ca6846a823","6"
"route_f379ebeb3c26a0cb50ab140d","occ_8d26a466cce61db8411db43f","7"
"route_f379ebeb3c26a0cb50ab140d","occ_8ab1dcf49c29e7e84cb10e2e","8"
"route_f379ebeb3c26a0cb50ab140d","occ_e9169cbb38ab423e160ffb5a","9"
"route_f38a6bd445d2a7a8e50d7c1b","occ_cdb3867682d3326ff0779469","1"
"route_f38a6bd445d2a7a8e50d7c1b","occ_447c502d4c8c86317e1598c4","10"
"route_f38a6bd445d2a7a8e50d7c1b","occ_4479a2dc97b7b4a6403246ee","2"
"route_f38a6bd445d2a7a8e50d7c1b","occ_d3678404eeb4bd7c06cbfd29","3"
"route_f38a6bd445d2a7a8e50d7c1b","occ_25beeb401d80578aa6bc5770","4"
"route_f38a6bd445d2a7a8e50d7c1b","occ_86560b2d2ada2f49afcebb78","5"
"route_f38a6bd445d2a7a8e50d7c1b","occ_df4f66e6f3ca8de4d6580395","6"
"route_f38a6bd445d2a7a8e50d7c1b","occ_45433c9e44525a1ef1a7a4ac","7"
"route_f38a6bd445d2a7a8e50d7c1b","occ_310670171af08b691f870f24","8"
"route_f38a6bd445d2a7a8e50d7c1b","occ_a4a83f70fc90754964fc2272","9"
"route_f38f448a030ca46b469b8afe","occ_7a3b74ba921c2d4b516da48e","1"
"route_f3e01452a6cfa650f40731ef","occ_d41de8f00c98d075a391802f","1"
"route_f3e01452a6cfa650f40731ef","occ_4f7e3ef8e5a9efb8d016e35c","2"
"route_f440e73143de29528aef69d9","occ_d6a81e674e543b9b6ec72883","1"
"route_f463a5d1829caf06bf0af345","occ_74adab44e9c5391532d8fb0e","1"
"route_f469d5f66584d55f9ea3b402","occ_cd10d72f5df50d3497a435b5","1"
"route_f4b07950d0b07b2cf0d73ac0","occ_997478c0a507cd91b17d2334","1"
"route_f4b07950d0b07b2cf0d73ac0","occ_98ec5ac4d38450d37c2cd312","10"
"route_f4b07950d0b07b2cf0d73ac0","occ_3792e74cf4708c14de551d0d","11"
"route_f4b07950d0b07b2cf0d73ac0","occ_7e7c86ce1727a983504eaaa4","12"
"route_f4b07950d0b07b2cf0d73ac0","occ_8286318208d8a4b46582395d","13"
"route_f4b07950d0b07b2cf0d73ac0","occ_8cb11e7561bf2f99f0cdf845","14"
"route_f4b07950d0b07b2cf0d73ac0","occ_32dbe89fedf687108cf2d639","15"
"route_f4b07950d0b07b2cf0d73ac0","occ_c7a235200f151fab7ef30de4","2"
"route_f4b07950d0b07b2cf0d73ac0","occ_77feeff6e4bd973e9ddcce82","3"
"route_f4b07950d0b07b2cf0d73ac0","occ_512d9536bc126e9a7892a314","4"
"route_f4b07950d0b07b2cf0d73ac0","occ_6dd45db55e088ae4e757c32f","5"
"route_f4b07950d0b07b2cf0d73ac0","occ_003a2352e999d47211a31f43","6"
"route_f4b07950d0b07b2cf0d73ac0","occ_c8eed21984346746e332f0e2","7"
"route_f4b07950d0b07b2cf0d73ac0","occ_6441ac8d193bfbc87ff8a495","8"
"route_f4b07950d0b07b2cf0d73ac0","occ_3e03bd87c19267b5250f7504","9"
"route_f50f98d9fab6ba3e526f4cca","occ_678fb564457705aa101c85f4","1"
"route_f511e6162ed7d8c31c8704ce","occ_c0a68e4f9999108bb7c7d892","1"
"route_f511e6162ed7d8c31c8704ce","occ_0a5248854f79afce64dcdea1","2"
"route_f511e6162ed7d8c31c8704ce","occ_853f8cbe00a620ea5c3109d4","3"
"route_f5298e89b2c655598a087166","occ_7edc65dac55161c8339273f9","1"
"route_f54eb97073ea11c61a04d500","occ_90ebd6090efaebb9528ae27c","1"
"route_f550aef2d8abde127314d83e","occ_34c5e77d2fd3a15380553693","1"
"route_f550aef2d8abde127314d83e","occ_e54d5e7e226ad13063f4b6c2","10"
"route_f550aef2d8abde127314d83e","occ_f856580a8b2f2b2b0ac958f9","2"
"route_f550aef2d8abde127314d83e","occ_80642d3594a3273e988e474b","3"
"route_f550aef2d8abde127314d83e","occ_30ef17d8846c3f2b1fa730dc","4"
"route_f550aef2d8abde127314d83e","occ_fc704a0ca65e3fd9204e3873","5"
"route_f550aef2d8abde127314d83e","occ_ebf5ed97a67479e489405394","6"
"route_f550aef2d8abde127314d83e","occ_8a75f95b945dd98baa6a39b0","7"
"route_f550aef2d8abde127314d83e","occ_8d6d7746c908c9fe92d21e1f","8"
"route_f550aef2d8abde127314d83e","occ_433ee1bebfc976d20da0cff3","9"
"route_f557b0d6d72cac184d881f53","occ_360612c0d3765717b66dba87","1"
"route_f5957c1ad9ec0071f0480cf5","occ_4ab7d848dbf28da2a124cce4","1"
"route_f5c06ab069568734c69a1b5c","occ_c2c696922aa60698e5181aaf","1"
"route_f5c14cfd3c9e6b2d856843ed","occ_aab6fa355906dda5cddb099a","1"
"route_f5d879487a66525094fb858b","occ_d225c26936ccf86ab4637382","1"
"route_f5f8f5b8d1fec24e1d2209bd","occ_09a4f1894a60358af208ebfb","1"
"route_f5f8f5b8d1fec24e1d2209bd","occ_92551c6e6e6465bbfa0c1576","2"
"route_f5f8f5b8d1fec24e1d2209bd","occ_000864d679bb4833dbedf2f5","3"
"route_f5f8f5b8d1fec24e1d2209bd","occ_0cf6e15fa1d874a4796367d0","4"
"route_f5f8f5b8d1fec24e1d2209bd","occ_07655c62906e20f6dd8d6d13","5"
"route_f5f8f5b8d1fec24e1d2209bd","occ_f1a950f408b70b832be8fb25","6"
"route_f5f8f5b8d1fec24e1d2209bd","occ_788b88fe424675c6e21994ea","7"
"route_f684f392d3d8f8b411f7b41a","occ_42ec1b1ef480f12ef2cb36fa","1"
"route_f6933e04994be11af6e84ae7","occ_69dae254178e929b7b4513c4","1"
"route_f69e836c0de3c5a18b87d5f4","occ_82ec0f67b51396aa8461069e","1"
"route_f69e836c0de3c5a18b87d5f4","occ_ce1e7fb6e279e5fc9b9b9976","2"
"route_f69e836c0de3c5a18b87d5f4","occ_f07899574cf291dd4f7319d4","3"
"route_f69e836c0de3c5a18b87d5f4","occ_fd486e5c143190941231d38c","4"
"route_f69e836c0de3c5a18b87d5f4","occ_319c0325d61a8af23853e516","5"
"route_f69e836c0de3c5a18b87d5f4","occ_7df4e80fedf85fb66b14c016","6"
"route_f7011ab8b9a51e7545e95aa4","occ_4106f16112fc351ff53cdba7","1"
"route_f70c13bf35f7d0e1193e11fe","occ_b56a38177239c281711f58e5","1"
"route_f72455b610d2c2817878d068","occ_2c13e2e86c249faae918bad0","1"
"route_f72455b610d2c2817878d068","occ_a515f012c29cad2fd95197df","10"
"route_f72455b610d2c2817878d068","occ_d11f308f906c9027a54c11a1","11"
"route_f72455b610d2c2817878d068","occ_587b444c4122b579b64013ff","12"
"route_f72455b610d2c2817878d068","occ_3d1edb1ce60a5f0b87af0195","13"
"route_f72455b610d2c2817878d068","occ_f71b09adfe07a7c0099390fd","14"
"route_f72455b610d2c2817878d068","occ_cdc445a7da106c18a1ace699","2"
"route_f72455b610d2c2817878d068","occ_c726f82596517ce9745e2ebc","3"
"route_f72455b610d2c2817878d068","occ_2a387e19911321e56b20c910","4"
"route_f72455b610d2c2817878d068","occ_5b04a2c21af2056f4c52746a","5"
"route_f72455b610d2c2817878d068","occ_813e023e88509d5ca7cec2eb","6"
"route_f72455b610d2c2817878d068","occ_a61482c4bdc86de52c4e282c","7"
"route_f72455b610d2c2817878d068","occ_614a91abbc3fe0234d157abc","8"
"route_f72455b610d2c2817878d068","occ_9609bab38683833ae9f4adc3","9"
"route_f73d23740e7be88017310f0d","occ_f5db11e2941a67cdf30c8be7","1"
"route_f756c5c9acc94312d05d9bb7","occ_dc22c1360954d78640bcccb9","1"
"route_f773f0c6e883598fbf024214","occ_36399f7a62a420689d235ce0","1"
"route_f773f0c6e883598fbf024214","occ_22bfd307ace076440bee6dfd","2"
"route_f773f0c6e883598fbf024214","occ_a1493956122eeae12e30b9b5","3"
"route_f773f0c6e883598fbf024214","occ_d2e8ae9efe8705cb93d3455f","4"
"route_f773f0c6e883598fbf024214","occ_8e35872bd622a722d68804d5","5"
"route_f7aee97d46c94c1c5a6b01e3","occ_98aa3a5325c69b3177cdc7bf","1"
"route_f7d4cde31e9b756b3b7afa61","occ_bb1166a3ceea1357ec4b8a70","1"
"route_f81b49a870a32c4dca0a9a22","occ_7729655638ba636c0662d966","1"
"route_f81b49a870a32c4dca0a9a22","occ_0692e634abfeadf460bb72d2","2"
"route_f81b49a870a32c4dca0a9a22","occ_38edf000a49ceca50b0bc169","3"
"route_f81b49a870a32c4dca0a9a22","occ_93dc140701640306ef5b58d4","4"
"route_f81b49a870a32c4dca0a9a22","occ_1ac7463c2d44a092a0e9cf56","5"
"route_f86d41645a67594e44c90585","occ_a25401f368716396fced05dd","1"
"route_f884b2aefd0f1f94ecaab9f6","occ_61ace294651d1a1f98f58955","1"
"route_f887d4af3bec6907c1456cd3","occ_5f7f943b41be1ded2086abb0","1"
"route_f89ceb38326a2f2b56087ded","occ_74c978e8228319bcb3344cd2","1"
"route_f93b2d0f46908e11d48ffb55","occ_a63b7ac9fa07efe73638ebe1","1"
"route_f93b2d0f46908e11d48ffb55","occ_e6fab606839e274b4709b645","10"
"route_f93b2d0f46908e11d48ffb55","occ_bf7f149ed947d9358bcc38ea","11"
"route_f93b2d0f46908e11d48ffb55","occ_7cfbc1ae70767388c9ace188","12"
"route_f93b2d0f46908e11d48ffb55","occ_fdd21794d452607d5b534d7c","13"
"route_f93b2d0f46908e11d48ffb55","occ_35280311de04cb3620cabdc9","14"
"route_f93b2d0f46908e11d48ffb55","occ_c3fcb154c0ead99af6491ce4","15"
"route_f93b2d0f46908e11d48ffb55","occ_6b17ad74d077673c3ac7a976","16"
"route_f93b2d0f46908e11d48ffb55","occ_5f84a9bf376e4a8ded637d2c","17"
"route_f93b2d0f46908e11d48ffb55","occ_9fc92c253ba3f8f99e6190b0","18"
"route_f93b2d0f46908e11d48ffb55","occ_d4df76bb958eccdd9db59cdb","19"
"route_f93b2d0f46908e11d48ffb55","occ_851f11416fbe5bb03f3d7458","2"
"route_f93b2d0f46908e11d48ffb55","occ_e3c643ee83621bdd4e1bc251","20"
"route_f93b2d0f46908e11d48ffb55","occ_9951b41aad099a2b5cd94ee5","21"
"route_f93b2d0f46908e11d48ffb55","occ_ce63828987ae3996bd3d5664","22"
"route_f93b2d0f46908e11d48ffb55","occ_22ba6e0b2c3e57644ed6519f","3"
"route_f93b2d0f46908e11d48ffb55","occ_edc0172f6ede24c65d2d8ab9","4"
"route_f93b2d0f46908e11d48ffb55","occ_cfde9b64e0b1e052a59618f1","5"
"route_f93b2d0f46908e11d48ffb55","occ_1e526f31414b4fff08c8fc1a","6"
"route_f93b2d0f46908e11d48ffb55","occ_81454d6c4bed228f7fc7ee51","7"
"route_f93b2d0f46908e11d48ffb55","occ_5d4bd050e4f1d2076229b0ba","8"
"route_f93b2d0f46908e11d48ffb55","occ_d9f2fe69d949d697b4ed3484","9"
"route_f9614b67bb9348de20dca9b6","occ_6bf01f8af1821748359e823f","1"
"route_f9614b67bb9348de20dca9b6","occ_606683d43bd664ccda994a9c","10"
"route_f9614b67bb9348de20dca9b6","occ_9b4ba1f4ef2c90bf823fbaff","11"
"route_f9614b67bb9348de20dca9b6","occ_43835fbcfdb206592158f63f","12"
"route_f9614b67bb9348de20dca9b6","occ_bd596a2f3764e6869cea077a","13"
"route_f9614b67bb9348de20dca9b6","occ_c654435d2cb623c2447927da","2"
"route_f9614b67bb9348de20dca9b6","occ_14f54fd1d69558b73dda57db","3"
"route_f9614b67bb9348de20dca9b6","occ_c644c2b1de3a2b8bad1733aa","4"
"route_f9614b67bb9348de20dca9b6","occ_19011bf2c4b42c65fecfdbc1","5"
"route_f9614b67bb9348de20dca9b6","occ_1df6375e89206e4a5387f358","6"
"route_f9614b67bb9348de20dca9b6","occ_835648e2999e46e448cb3d79","7"
"route_f9614b67bb9348de20dca9b6","occ_8bb101e35c16238abe8605b1","8"
"route_f9614b67bb9348de20dca9b6","occ_27d50985a3591a7b3d11cf05","9"
"route_f961606c56ac8e447bee7ec4","occ_bd204c9b84717e29d201e838","1"
"route_f9975b573eaf137c02cafd5f","occ_64029b3d8b9aeb8a5e385167","1"
"route_f9975b573eaf137c02cafd5f","occ_a99bceb064d91060c2daf655","10"
"route_f9975b573eaf137c02cafd5f","occ_356f36d49198e51e29ce3b9f","11"
"route_f9975b573eaf137c02cafd5f","occ_f5a768909b899bd4147067af","12"
"route_f9975b573eaf137c02cafd5f","occ_7b105e9b223fe6e9ea2b932f","13"
"route_f9975b573eaf137c02cafd5f","occ_93a7a8583b5e7bf901e0676f","14"
"route_f9975b573eaf137c02cafd5f","occ_d1aa30e3c836636a9c231ac4","15"
"route_f9975b573eaf137c02cafd5f","occ_ae785fc07a0d3bdf411155bb","2"
"route_f9975b573eaf137c02cafd5f","occ_6ab7d2015a3101b605b2c54f","3"
"route_f9975b573eaf137c02cafd5f","occ_865545fc6e8087987f83b863","4"
"route_f9975b573eaf137c02cafd5f","occ_fa3d4cd91f226a474dc25749","5"
"route_f9975b573eaf137c02cafd5f","occ_47a18f26b7888a7d5ed62ae2","6"
"route_f9975b573eaf137c02cafd5f","occ_0e25c9a543e27598b15a8ce5","7"
"route_f9975b573eaf137c02cafd5f","occ_92ef9ab65fa71b9496c997ff","8"
"route_f9975b573eaf137c02cafd5f","occ_be2f93e14f33c06059c4a531","9"
"route_fa4eca6338b89b1ef82fd9a7","occ_170e1dcbdb2ecb81a97630f5","1"
"route_fa876d0d83221a5b24675847","occ_af43323aba117c10e723d54f","1"
"route_fa94d966cee06ca5c923587a","occ_3268ee643fb8792b3442f1ab","1"
"route_fad0e3779d5feba702eef2d5","occ_f5d7dfb330a0d90379e51fce","1"
"route_fb154e32861ed5dd70f96b29","occ_3a58e18a62b6435bf28737c5","1"
"route_fb810a2f9a844cd5635df1dd","occ_4d32c2b00cebe692a32d0836","1"
"route_fbf02ff9edf9e46985a00b9a","occ_0276892793a8bc3e50e20b69","1"
"route_fbf02ff9edf9e46985a00b9a","occ_f129e9935010637622acffc7","10"
"route_fbf02ff9edf9e46985a00b9a","occ_d1b327137e98fb8958e0540e","11"
"route_fbf02ff9edf9e46985a00b9a","occ_bbec8f7d5b18f75576a6044b","12"
"route_fbf02ff9edf9e46985a00b9a","occ_ecbaf64799cd1723b5288997","13"
"route_fbf02ff9edf9e46985a00b9a","occ_ff700cf3435df84ec9ba6c90","14"
"route_fbf02ff9edf9e46985a00b9a","occ_841f8c6e833142d4186db06e","15"
"route_fbf02ff9edf9e46985a00b9a","occ_fc8f4ee38efc8e8c9855cf33","16"
"route_fbf02ff9edf9e46985a00b9a","occ_5c521f53d6e03cf333510be3","17"
"route_fbf02ff9edf9e46985a00b9a","occ_2ce83d83e025d12d16685ec1","18"
"route_fbf02ff9edf9e46985a00b9a","occ_d69b82d2ab502298a6db69e7","19"
"route_fbf02ff9edf9e46985a00b9a","occ_ee9fff451b8d2457c8af8df9","2"
"route_fbf02ff9edf9e46985a00b9a","occ_2725c834e7a2df50ce670ef0","20"
"route_fbf02ff9edf9e46985a00b9a","occ_851186fef2eda3c61eb3659c","21"
"route_fbf02ff9edf9e46985a00b9a","occ_4a4e3f0577a2da5675615ee1","22"
"route_fbf02ff9edf9e46985a00b9a","occ_65f0089ab25cf91889f38060","23"
"route_fbf02ff9edf9e46985a00b9a","occ_a4328782e027d8f97abed9c3","24"
"route_fbf02ff9edf9e46985a00b9a","occ_c341ad6af9332171d7cdc80a","25"
"route_fbf02ff9edf9e46985a00b9a","occ_a27be17ee4a78908bd00da99","26"
"route_fbf02ff9edf9e46985a00b9a","occ_96b830b4fe581715009a5c86","27"
"route_fbf02ff9edf9e46985a00b9a","occ_4c43608c265a61cb58653ae5","28"
"route_fbf02ff9edf9e46985a00b9a","occ_fca0dbe00ec03281da144a0c","29"
"route_fbf02ff9edf9e46985a00b9a","occ_d89a569ccaeebc253498ffb4","3"
"route_fbf02ff9edf9e46985a00b9a","occ_7b4aaae534199c76c7cefc37","30"
"route_fbf02ff9edf9e46985a00b9a","occ_3875de692d8fd87816db8fae","31"
"route_fbf02ff9edf9e46985a00b9a","occ_1763c2cf058ba25f51f03e71","32"
"route_fbf02ff9edf9e46985a00b9a","occ_15d759def9f1965dcbe6c2c3","33"
"route_fbf02ff9edf9e46985a00b9a","occ_07b49b18d8cd85e9e354fe11","4"
"route_fbf02ff9edf9e46985a00b9a","occ_c171b30cc6d09d9ca49de212","5"
"route_fbf02ff9edf9e46985a00b9a","occ_43a4567a9c23499c715528d0","6"
"route_fbf02ff9edf9e46985a00b9a","occ_30d763b9767228fe99c9eebc","7"
"route_fbf02ff9edf9e46985a00b9a","occ_2a40bd2afeff801146aba52a","8"
"route_fbf02ff9edf9e46985a00b9a","occ_5dca2179f8ffcc46adccf9bc","9"
"route_fc170b7668f9964ce9434a2c","occ_dced2f2af9f051f064dd6949","1"
"route_fc1e9945557db354d2845770","occ_a6e5125a1657ae1120c06ab9","1"
"route_fc326b1eda9d8d29c0bf047f","occ_820d0750cf6b52794959faff","1"
"route_fc6a304f99619cb59b390380","occ_38f049f91920f3bcd2a09fed","1"
"route_fc6a304f99619cb59b390380","occ_6508ccd7f8dc3a3661f1e869","2"
"route_fc6a304f99619cb59b390380","occ_fb9b7f12aad5bbd460222ab7","3"
"route_fc6a304f99619cb59b390380","occ_a19e15dc0f6d291356a1c58a","4"
"route_fc6a304f99619cb59b390380","occ_59001e79d793a06187729fa7","5"
"route_fc6a304f99619cb59b390380","occ_10f992ca07000b9c86042dcb","6"
"route_fcdc0c5514598de2ef7049cb","occ_9bf883a5d4208a4a7b0f7a01","1"
"route_fcec0f9dab0c1f367d351593","occ_6668e1c2105be542b2a2b303","1"
"route_fcec0f9dab0c1f367d351593","occ_a9a09ff987668067f8bdfc1d","10"
"route_fcec0f9dab0c1f367d351593","occ_ffbc76364ef096939dc095f3","11"
"route_fcec0f9dab0c1f367d351593","occ_e166103f88b0ae39472744fd","12"
"route_fcec0f9dab0c1f367d351593","occ_166d3087c717d3801d95e8bc","13"
"route_fcec0f9dab0c1f367d351593","occ_74c7f2b3b9d053c2a6689ecb","14"
"route_fcec0f9dab0c1f367d351593","occ_72fa02967cc02d8809c713ca","15"
"route_fcec0f9dab0c1f367d351593","occ_554689bddd519626f949b4a6","16"
"route_fcec0f9dab0c1f367d351593","occ_fd826aa34a2f6b7c18287fb1","17"
"route_fcec0f9dab0c1f367d351593","occ_2dc2a1100c8dedc1388f0d4b","18"
"route_fcec0f9dab0c1f367d351593","occ_fba1b23f3458b2aa65c397da","19"
"route_fcec0f9dab0c1f367d351593","occ_21ea711b7fba68e6903051e3","2"
"route_fcec0f9dab0c1f367d351593","occ_e7f41a295a2bc25836de4c99","20"
"route_fcec0f9dab0c1f367d351593","occ_467d839a8987bffef3204dd1","21"
"route_fcec0f9dab0c1f367d351593","occ_f9def2f24fa0b1c94766cdb1","22"
"route_fcec0f9dab0c1f367d351593","occ_e6a2e9db9bf51d8fc9d24ed3","23"
"route_fcec0f9dab0c1f367d351593","occ_8b4e18d5b52bece55aeb739c","24"
"route_fcec0f9dab0c1f367d351593","occ_db968463b7e0cc16f8655f48","25"
"route_fcec0f9dab0c1f367d351593","occ_f596bfaff30a31069a53b050","26"
"route_fcec0f9dab0c1f367d351593","occ_f65c43e691de55a55c043fc9","27"
"route_fcec0f9dab0c1f367d351593","occ_0aebce543c36c8b926b8b668","28"
"route_fcec0f9dab0c1f367d351593","occ_574c55e8fe912f4ea837d701","3"
"route_fcec0f9dab0c1f367d351593","occ_148a8cd466b62faba203ee9c","4"
"route_fcec0f9dab0c1f367d351593","occ_de5bdd43ccd5f2364dffe8b9","5"
"route_fcec0f9dab0c1f367d351593","occ_bfcd0cfe136516d38a4aba67","6"
"route_fcec0f9dab0c1f367d351593","occ_8b804dbb69e8faa5becae20f","7"
"route_fcec0f9dab0c1f367d351593","occ_7e0b1edf4b8e090e0911c230","8"
"route_fcec0f9dab0c1f367d351593","occ_386be06445b10925f09e52bd","9"
"route_fcfede0fdf83a33daf378621","occ_94d909eff998948442a76c79","1"
"route_fcfefaeecabd722709fd1702","occ_3036054daa8c52a28a284a8f","1"
"route_fd0b9dd0dc014b36d6822f56","occ_5fd38805aca63272b12f628c","1"
"route_fd1573b070c6b5eb1b5db243","occ_2fce95ecbbb59ee0366c2958","1"
"route_fd279952121678a463b35e91","occ_42ee0bd72048e1fd06c47187","1"
"route_fd2edfa2f4260afb7753ec45","occ_bcfdadfb25e3dd55b6339d5f","1"
"route_fd2edfa2f4260afb7753ec45","occ_908fe9f36affe55ffb4289b0","10"
"route_fd2edfa2f4260afb7753ec45","occ_93b11010204e1b91fadf6ffa","11"
"route_fd2edfa2f4260afb7753ec45","occ_490b1f0c9cd4d37fad6c56b5","12"
"route_fd2edfa2f4260afb7753ec45","occ_c6e38bfe3af5f5886fd8774e","2"
"route_fd2edfa2f4260afb7753ec45","occ_8ec0294365b0c22ba07b9cce","3"
"route_fd2edfa2f4260afb7753ec45","occ_012c2b417ce6a6bfd2778f6c","4"
"route_fd2edfa2f4260afb7753ec45","occ_4935d8237a605d283c63a419","5"
"route_fd2edfa2f4260afb7753ec45","occ_ae3290b88fcf302552dcef24","6"
"route_fd2edfa2f4260afb7753ec45","occ_4b0891a0dfff7c063593f61d","7"
"route_fd2edfa2f4260afb7753ec45","occ_f757ba0bcf2414f2bed4763e","8"
"route_fd2edfa2f4260afb7753ec45","occ_3a7be37a530785830e10987f","9"
"route_fd95b0adde9ec85533cdac00","occ_c297f0b12306caff60bacc6f","1"
"route_fd95b0adde9ec85533cdac00","occ_2aacc47c79ce54ac555f2d61","2"
"route_fd95b0adde9ec85533cdac00","occ_fd424f2025a60fa613b6c9f9","3"
"route_fd95b0adde9ec85533cdac00","occ_af46036a99d269d832e58671","4"
"route_fd95b0adde9ec85533cdac00","occ_c2e4913fa2c1da78c2e89191","5"
"route_fd95b0adde9ec85533cdac00","occ_4baec81ae2a133b618fc68ad","6"
"route_fd95b0adde9ec85533cdac00","occ_f15cd52981e6f412c74dcc09","7"
"route_fd95b0adde9ec85533cdac00","occ_de92192f6d0435cd375afa23","8"
"route_fdcc9fcb7e623fb2ce794ed0","occ_9df5cf8398d4de508605cd2a","1"
"route_fddbf668da5940912ea280ff","occ_ea5221a85201a63ab60ccb70","1"
"route_fe2be04f5d775f33caf0e87a","occ_073a673cd0b433caceeed5ba","1"
"route_fe2be04f5d775f33caf0e87a","occ_19a24ad72ebcdddb221c3034","10"
"route_fe2be04f5d775f33caf0e87a","occ_d54136ae80efc6a038e600ac","11"
"route_fe2be04f5d775f33caf0e87a","occ_c6b7aa3d0ff1c55af668a1da","2"
"route_fe2be04f5d775f33caf0e87a","occ_34d44811e8b218fbc70c2d93","3"
"route_fe2be04f5d775f33caf0e87a","occ_08c5497b9a7a7f70ab6e037e","4"
"route_fe2be04f5d775f33caf0e87a","occ_b8c89d1f9d9c97c9d2f9118a","5"
"route_fe2be04f5d775f33caf0e87a","occ_4cfac8ea465df3230ffd5eea","6"
"route_fe2be04f5d775f33caf0e87a","occ_e8f3803db518f737fe2a279d","7"
"route_fe2be04f5d775f33caf0e87a","occ_c82b6f1a7d2265d29270108b","8"
"route_fe2be04f5d775f33caf0e87a","occ_b2ee654fc221e1063bdbb3ea","9"
"route_fe34f50d3dce70d54f8f7529","occ_373f9183d1d53aaf7f273572","1"
"route_fe34f50d3dce70d54f8f7529","occ_4d7dc4c52b09e4318135e1f4","2"
"route_fe34f50d3dce70d54f8f7529","occ_e3415affaa2c12a2dd18fa29","3"
"route_fe34f50d3dce70d54f8f7529","occ_115e0cbc5fff6c59b95dd5ec","4"
"route_fe34f50d3dce70d54f8f7529","occ_90ef8b160fbc263cad1c473d","5"
"route_fe34f50d3dce70d54f8f7529","occ_baba92370b239db448ac2df0","6"
"route_fe34f50d3dce70d54f8f7529","occ_1d56a68f537c5a22b0033d13","7"
"route_fe4ccc58d88c0e18682084f0","occ_a68b023fced6d011d868d140","1"
"route_fe7aab3a4dbc708d55124afc","occ_d7f119f178e3afff832cdce4","1"
"route_fe7aab3a4dbc708d55124afc","occ_dbca0ae49cff1fbd59f27257","10"
"route_fe7aab3a4dbc708d55124afc","occ_e0bf33085220294993cc695a","11"
"route_fe7aab3a4dbc708d55124afc","occ_fe39a5b389b6ce64fb8dea44","12"
"route_fe7aab3a4dbc708d55124afc","occ_3efcf6d9915875a6e0607645","13"
"route_fe7aab3a4dbc708d55124afc","occ_01214b75947467dd9bb3f084","14"
"route_fe7aab3a4dbc708d55124afc","occ_56d9e10692664e1c859f2684","2"
"route_fe7aab3a4dbc708d55124afc","occ_e57ca10f3c31d3c7291efca1","3"
"route_fe7aab3a4dbc708d55124afc","occ_f41872da3345624fef8e7859","4"
"route_fe7aab3a4dbc708d55124afc","occ_9bcbd9c049e7a2d964ce5205","5"
"route_fe7aab3a4dbc708d55124afc","occ_c14d05cda9220ce9be44c8b1","6"
"route_fe7aab3a4dbc708d55124afc","occ_dc85e74809c53f94342559e4","7"
"route_fe7aab3a4dbc708d55124afc","occ_2470251f82c987270355c28b","8"
"route_fe7aab3a4dbc708d55124afc","occ_c74440a47e1268bc45e92c3e","9"
"route_fea53ae2cef0a4e3404c479f","occ_072e5dc347d38dd24b07dffc","1"
"route_fea53ae2cef0a4e3404c479f","occ_378dc7accb26e58900c0f183","2"
"route_fea53ae2cef0a4e3404c479f","occ_c8ed0ec20b395d9e25d3cce8","3"
"route_fea53ae2cef0a4e3404c479f","occ_2623268ecb7eaaa5c3c970cf","4"
"route_feb46ef6adb4d38e599d0234","occ_a7eee189c9a2454f583fb276","1"
"route_fed061e6942300afa5ed26cd","occ_64db64286429550f8f74e269","1"
"route_feed144b8dea20998700f8da","occ_c6c2a33e6cbf1c6b5390f51c","1"
"route_feee007c51b51b0d00805a5a","occ_4cf15c3fa4518c639381b923","1"
"route_feee007c51b51b0d00805a5a","occ_4f18aeca97efbb608771bf43","10"
"route_feee007c51b51b0d00805a5a","occ_16a2f30f03eebaf083ed0b24","11"
"route_feee007c51b51b0d00805a5a","occ_176196d6285615b24155c718","12"
"route_feee007c51b51b0d00805a5a","occ_621aac1065d563e41d48990b","13"
"route_feee007c51b51b0d00805a5a","occ_291b250e531745b1c9f86c87","2"
"route_feee007c51b51b0d00805a5a","occ_5a328f7b80618a2806dfd9e8","3"
"route_feee007c51b51b0d00805a5a","occ_2d6074e3b163e65cd2314e67","4"
"route_feee007c51b51b0d00805a5a","occ_bfef8f1ae49fafd9055fa023","5"
"route_feee007c51b51b0d00805a5a","occ_2cd4af284d61e2920be7c439","6"
"route_feee007c51b51b0d00805a5a","occ_58ae7b18abd8873dbc348429","7"
"route_feee007c51b51b0d00805a5a","occ_92ff31b7573f3442bab22080","8"
"route_feee007c51b51b0d00805a5a","occ_c28962dbf91ed6b7b01e44cb","9"
"route_fef479d99c6597d69759280f","occ_81f9b2f9fba2e9457d033944","1"
"route_fef479d99c6597d69759280f","occ_06f173094b695b3b904b2028","2"
"route_fef479d99c6597d69759280f","occ_38c02c547d52f283313af7ea","3"
"route_fef479d99c6597d69759280f","occ_462287bda9de98f4ed9c90b2","4"
"route_fef479d99c6597d69759280f","occ_86ca8d37c06327811d8399f4","5"
"route_fef479d99c6597d69759280f","occ_b5dd426b3988d6c317e4ea3a","6"
"route_ff24eb9fecddbb7aba9b7959","occ_ebf86a1dfa1c6f3bf1d70acd","1"
"route_ff24eb9fecddbb7aba9b7959","occ_7f528f44e6397761f83c8d40","10"
"route_ff24eb9fecddbb7aba9b7959","occ_c9715eba38bb7e80f7ec6741","11"
"route_ff24eb9fecddbb7aba9b7959","occ_71d3770cac542611a78394e4","12"
"route_ff24eb9fecddbb7aba9b7959","occ_23029226e891d6ae891127b8","2"
"route_ff24eb9fecddbb7aba9b7959","occ_3070efaaafc8c59eafec0a89","3"
"route_ff24eb9fecddbb7aba9b7959","occ_53f404331c3b0a93285590e5","4"
"route_ff24eb9fecddbb7aba9b7959","occ_2108c3806a1d233fd0d44e49","5"
"route_ff24eb9fecddbb7aba9b7959","occ_e64b87efd17b6b052c42bc47","6"
"route_ff24eb9fecddbb7aba9b7959","occ_aee02e155f4084f99ea54a45","7"
"route_ff24eb9fecddbb7aba9b7959","occ_d7e28310aad86191b1235f3b","8"
"route_ff24eb9fecddbb7aba9b7959","occ_37c8b1cb1177dd946d4eaa6c","9"
"route_ff3fa9a943514ca679cbfe9f","occ_7d3eaa97447dd901d0c08958","1"
"route_ff4f9d6434f27897e6e6ae0d","occ_5c211cb0e918fcd1766d4ca9","1"
"route_ff64abd5d1e3ceff422dc604","occ_668df09db394fcdf49332f64","1"
"route_ff721fea48265ade832fb868","occ_0ed3b4ce9a22baf9172630d3","1"
"route_ff721fea48265ade832fb868","occ_a668b9920bf4a7ddff5b8b3e","10"
"route_ff721fea48265ade832fb868","occ_683e096e7c2f75da83b07890","11"
"route_ff721fea48265ade832fb868","occ_5ef4442a3cf2045a0169431c","12"
"route_ff721fea48265ade832fb868","occ_ea0a1d87c014c2ecacdb6185","13"
"route_ff721fea48265ade832fb868","occ_b6d8bcfce354469c9f3b2990","14"
"route_ff721fea48265ade832fb868","occ_62a145c2c83763c92a808cd7","15"
"route_ff721fea48265ade832fb868","occ_b0df84c89920ecdc57348e60","16"
"route_ff721fea48265ade832fb868","occ_af3dd937a4d78de8054718a6","17"
"route_ff721fea48265ade832fb868","occ_be50427a3760222d5dc92613","18"
"route_ff721fea48265ade832fb868","occ_d7b2931a355ddd8685061237","19"
"route_ff721fea48265ade832fb868","occ_73505f779fdc778630cce11b","2"
"route_ff721fea48265ade832fb868","occ_89e38211ce6555dd4b0a4d7a","20"
"route_ff721fea48265ade832fb868","occ_a634a2fa9837361b4c30f707","21"
"route_ff721fea48265ade832fb868","occ_03f416ffb7a79728e4cd457c","22"
"route_ff721fea48265ade832fb868","occ_f7470fd1363b16cd5767236b","23"
"route_ff721fea48265ade832fb868","occ_c48c2b80eb7eec9f2f62b3f7","24"
"route_ff721fea48265ade832fb868","occ_08e7c6af54d1c9a8290c32ab","25"
"route_ff721fea48265ade832fb868","occ_2b730b935947fa86c2b7be38","26"
"route_ff721fea48265ade832fb868","occ_f3c366b8aeae0cc4724b8b77","27"
"route_ff721fea48265ade832fb868","occ_089e18405ce9d2f42faac735","28"
"route_ff721fea48265ade832fb868","occ_15a4c41a1af34623efce5813","29"
"route_ff721fea48265ade832fb868","occ_01a0b1581ac5ecb1b9ea6e22","3"
"route_ff721fea48265ade832fb868","occ_ac14204d6de23a41af012683","30"
"route_ff721fea48265ade832fb868","occ_7d871362392187676876036a","31"
"route_ff721fea48265ade832fb868","occ_c6f72c7e65e6e5ca5b4060d0","32"
"route_ff721fea48265ade832fb868","occ_65e4e8a973eec06416d8b6cd","33"
"route_ff721fea48265ade832fb868","occ_3749335bae32345a1fbf692b","4"
"route_ff721fea48265ade832fb868","occ_b6fb067c5216dd68be892fd9","5"
"route_ff721fea48265ade832fb868","occ_5a61bc6c4a5093d0e2194650","6"
"route_ff721fea48265ade832fb868","occ_4b85bfe91793787becd2f704","7"
"route_ff721fea48265ade832fb868","occ_38d79b285abc31f09176aa45","8"
"route_ff721fea48265ade832fb868","occ_e4d4a976b120e074250d2b0c","9"
"route_ff8db7f6a988a7605e5c96c4","occ_9782b7e8b5b44bb0e9e80b1a","1"
"route_ff989e1ba7495a1d785030a0","occ_3b079805f1744cf781402e63","1"
"route_ffba717ed22941f69a97e6f8","occ_31fdd08dc560edae2fcdd0ab","1"
"route_ffba717ed22941f69a97e6f8","occ_7b60213b2260dfd494bec957","10"
"route_ffba717ed22941f69a97e6f8","occ_6469fffb3e4c0510c44b805b","11"
"route_ffba717ed22941f69a97e6f8","occ_4c623a4152f5740bc9c1149d","12"
"route_ffba717ed22941f69a97e6f8","occ_33806eced3d8d7770f141b72","13"
"route_ffba717ed22941f69a97e6f8","occ_180ac7532e47836fc3ffd318","14"
"route_ffba717ed22941f69a97e6f8","occ_7fa32967e1288a3f10900b91","2"
"route_ffba717ed22941f69a97e6f8","occ_758d43af83ed3faf6b0bd62b","3"
"route_ffba717ed22941f69a97e6f8","occ_e1440374e88d4557ef9b1e89","4"
"route_ffba717ed22941f69a97e6f8","occ_bf9aae860b84410b4f06efac","5"
"route_ffba717ed22941f69a97e6f8","occ_7e9948d6d3738d071923a2bc","6"
"route_ffba717ed22941f69a97e6f8","occ_9cbf4736e4f37b6d1b136bd4","7"
"route_ffba717ed22941f69a97e6f8","occ_7f68e42126525782a70bc768","8"
"route_ffba717ed22941f69a97e6f8","occ_1a3dae633d872b771c92b70a","9"
"route_ffd4833b81320b8dbe6d42a2","occ_7f9fc3913f9cc94a342941b3","1"
"route_ffd4833b81320b8dbe6d42a2","occ_7eee1c1d1e27e856cb470bcd","10"
"route_ffd4833b81320b8dbe6d42a2","occ_94181e5054effb34b52c444a","11"
"route_ffd4833b81320b8dbe6d42a2","occ_77c385a069afa02db70b783e","12"
"route_ffd4833b81320b8dbe6d42a2","occ_6bfe6dc100cfbc15097f3752","13"
"route_ffd4833b81320b8dbe6d42a2","occ_dc926d9db8a4c4a57826b0e6","14"
"route_ffd4833b81320b8dbe6d42a2","occ_cc78f0ef20e4b78b2e1dbf2b","15"
"route_ffd4833b81320b8dbe6d42a2","occ_79812ac13e4716631494dcd3","16"
"route_ffd4833b81320b8dbe6d42a2","occ_e6b13897f98a8bf9e1ba970d","17"
"route_ffd4833b81320b8dbe6d42a2","occ_5e82128cedde8628bf512c97","18"
"route_ffd4833b81320b8dbe6d42a2","occ_3009b14540a7286243235499","19"
"route_ffd4833b81320b8dbe6d42a2","occ_aa7abccf2aacaf64c333e845","2"
"route_ffd4833b81320b8dbe6d42a2","occ_d0d89a18d08687319b32ebde","20"
"route_ffd4833b81320b8dbe6d42a2","occ_c2fb95c01d41ce6eb8d74f71","21"
"route_ffd4833b81320b8dbe6d42a2","occ_c2c96fa46e269b006a81b62a","22"
"route_ffd4833b81320b8dbe6d42a2","occ_15787d6acf983f00a1bb03f6","23"
"route_ffd4833b81320b8dbe6d42a2","occ_47b7281a9fdf2fe75542a01e","24"
"route_ffd4833b81320b8dbe6d42a2","occ_f7e8beef52a6cd6e9c82a1c2","25"
"route_ffd4833b81320b8dbe6d42a2","occ_c3f0b093113f33d4da7df1b7","26"
"route_ffd4833b81320b8dbe6d42a2","occ_3cade53e252769279fa913a4","27"
"route_ffd4833b81320b8dbe6d42a2","occ_cecf354cb27ebc6b0a4e97c2","28"
"route_ffd4833b81320b8dbe6d42a2","occ_cbffcecafb0888835fc14966","29"
"route_ffd4833b81320b8dbe6d42a2","occ_d6f6415202c507577ae494af","3"
"route_ffd4833b81320b8dbe6d42a2","occ_e290624319b21c0fdd8958e3","30"
"route_ffd4833b81320b8dbe6d42a2","occ_1c210bdf945f0ac91e298dfa","31"
"route_ffd4833b81320b8dbe6d42a2","occ_7e76101c4c401af06ab8e291","4"
"route_ffd4833b81320b8dbe6d42a2","occ_59a9d7c3979112da1833f113","5"
"route_ffd4833b81320b8dbe6d42a2","occ_91ded2f358c1d2f61246ea71","6"
"route_ffd4833b81320b8dbe6d42a2","occ_5af53e8a7b873a0244e54625","7"
"route_ffd4833b81320b8dbe6d42a2","occ_35376bd886aed7a07e1caa8a","8"
"route_ffd4833b81320b8dbe6d42a2","occ_63331a30a8f22740a4bdb613","9"
"route_fff29424cf4a9e59205f2135","occ_6c0388e5f9bb65208e03b4ad","1"
